order_id,return_id,customer_id,support_agent_id,scenario_id,scenario_name,label,expected_rules,decision
order_103231,return_303231,customer_1572,agent_019,2,High-value refund approved without evidence,fraud,NO_EVIDENCE;HIGH_VALUE_REFUND,APPROVED
order_102167,return_302167,customer_0805,agent_010,1,Normal refund approval with evidence and reasonable timing,normal,,DECLINED
order_102587,return_302587,customer_1433,agent_015,1,Normal refund approval with evidence and reasonable timing,normal,,APPROVED
order_101680,return_301680,customer_1431,agent_017,1,Normal refund approval with evidence and reasonable timing,normal,,APPROVED
order_104683,return_304683,customer_8003,agent_803,8,Repeated agent-customer approval pattern,fraud,REPEATED_AGENT_CUSTOMER_PAIR,APPROVED
order_101685,return_301685,customer_1662,agent_030,1,Normal refund approval with evidence and reasonable timing,normal,,APPROVED
order_101905,return_301905,customer_0552,agent_009,1,Normal refund approval with evidence and reasonable timing,normal,,APPROVED
order_102416,return_302416,customer_1080,agent_006,1,Normal refund approval with evidence and reasonable timing,normal,,DECLINED
order_103125,return_303125,customer_1986,agent_014,2,High-value refund approved without evidence,fraud,NO_EVIDENCE;HIGH_VALUE_REFUND,APPROVED
order_100451,return_300451,customer_1153,agent_020,1,Normal refund approval with evidence and reasonable timing,normal,,DECLINED
order_102082,return_302082,customer_1123,agent_014,1,Normal refund approval with evidence and reasonable timing,normal,,APPROVED
order_104811,return_304811,customer_9904,agent_902,9,"Suspicious cluster: same agent, frequent customer returns, manual overrides",fraud,SUSPICIOUS_CLUSTER;NO_EVIDENCE;MANUAL_OVERRIDE;HIGH_VALUE_REFUND,APPROVED
order_103500,return_303500,customer_0349,agent_028,3,Full-amount refund approved for expensive order,fraud,FULL_AMOUNT_REFUND;HIGH_VALUE_REFUND,APPROVED
order_103610,return_303610,customer_0636,agent_103,4,Very fast approval by support agent,fraud,FAST_APPROVAL,APPROVED
order_100098,return_300098,customer_0228,agent_014,1,Normal refund approval with evidence and reasonable timing,normal,,DECLINED
order_101447,return_301447,customer_0588,agent_020,1,Normal refund approval with evidence and reasonable timing,normal,,APPROVED
order_104021,return_304021,customer_1120,agent_022,5,Manual override on high-value refund,fraud,MANUAL_OVERRIDE;HIGH_VALUE_REFUND,APPROVED
order_103160,return_303160,customer_1812,agent_030,2,High-value refund approved without evidence,fraud,NO_EVIDENCE;HIGH_VALUE_REFUND,APPROVED
order_103186,return_303186,customer_0285,agent_007,2,High-value refund approved without evidence,fraud,NO_EVIDENCE;HIGH_VALUE_REFUND,APPROVED
order_104131,return_304131,customer_9002,agent_007,6,Customer with frequent refund requests,fraud,CUSTOMER_FREQUENT_RETURNS,APPROVED
order_102297,return_302297,customer_0639,agent_003,1,Normal refund approval with evidence and reasonable timing,normal,,APPROVED
order_103051,return_303051,customer_0252,agent_002,2,High-value refund approved without evidence,fraud,NO_EVIDENCE;HIGH_VALUE_REFUND,APPROVED
order_102200,return_302200,customer_1152,agent_008,1,Normal refund approval with evidence and reasonable timing,normal,,APPROVED
order_101178,return_301178,customer_0921,agent_003,1,Normal refund approval with evidence and reasonable timing,normal,,APPROVED
order_103600,return_303600,customer_1305,agent_102,4,Very fast approval by support agent,fraud,FAST_APPROVAL,APPROVED
order_103039,return_303039,customer_0780,agent_020,2,High-value refund approved without evidence,fraud,NO_EVIDENCE;HIGH_VALUE_REFUND,APPROVED
order_101827,return_301827,customer_1918,agent_030,1,Normal refund approval with evidence and reasonable timing,normal,,APPROVED
order_104330,return_304330,customer_0966,agent_702,7,Support agent with unusually high approval rate,fraud,AGENT_HIGH_APPROVAL_RATE,APPROVED
order_100675,return_300675,customer_1278,agent_015,1,Normal refund approval with evidence and reasonable timing,normal,,DECLINED
order_103527,return_303527,customer_1458,agent_001,3,Full-amount refund approved for expensive order,fraud,FULL_AMOUNT_REFUND;HIGH_VALUE_REFUND,APPROVED
order_104832,return_304832,customer_9902,agent_901,9,"Suspicious cluster: same agent, frequent customer returns, manual overrides",fraud,SUSPICIOUS_CLUSTER;NO_EVIDENCE;MANUAL_OVERRIDE;HIGH_VALUE_REFUND,APPROVED
order_102486,return_302486,customer_0469,agent_023,1,Normal refund approval with evidence and reasonable timing,normal,,APPROVED
order_100663,return_300663,customer_1015,agent_015,1,Normal refund approval with evidence and reasonable timing,normal,,APPROVED
order_100198,return_300198,customer_0158,agent_026,1,Normal refund approval with evidence and reasonable timing,normal,,APPROVED
order_104403,return_304403,customer_0316,agent_703,7,Support agent with unusually high approval rate,fraud,AGENT_HIGH_APPROVAL_RATE,APPROVED
order_104406,return_304406,customer_1476,agent_703,7,Support agent with unusually high approval rate,fraud,AGENT_HIGH_APPROVAL_RATE,APPROVED
order_103059,return_303059,customer_0613,agent_102,2,High-value refund approved without evidence,fraud,NO_EVIDENCE;HIGH_VALUE_REFUND,APPROVED
order_100953,return_300953,customer_0963,agent_009,1,Normal refund approval with evidence and reasonable timing,normal,,APPROVED
order_100633,return_300633,customer_0123,agent_024,1,Normal refund approval with evidence and reasonable timing,normal,,APPROVED
order_104444,return_304444,customer_2000,agent_702,7,Support agent with unusually high approval rate,fraud,AGENT_HIGH_APPROVAL_RATE,APPROVED
order_101271,return_301271,customer_1511,agent_026,1,Normal refund approval with evidence and reasonable timing,normal,,APPROVED
order_101317,return_301317,customer_1018,agent_021,1,Normal refund approval with evidence and reasonable timing,normal,,APPROVED
order_100877,return_300877,customer_0364,agent_001,1,Normal refund approval with evidence and reasonable timing,normal,,DECLINED
order_101708,return_301708,customer_1609,agent_022,1,Normal refund approval with evidence and reasonable timing,normal,,APPROVED
order_104616,return_304616,customer_8002,agent_802,8,Repeated agent-customer approval pattern,fraud,REPEATED_AGENT_CUSTOMER_PAIR,APPROVED
order_104275,return_304275,customer_9002,agent_014,6,Customer with frequent refund requests,fraud,CUSTOMER_FREQUENT_RETURNS,APPROVED
order_102195,return_302195,customer_1700,agent_013,1,Normal refund approval with evidence and reasonable timing,normal,,DECLINED
order_103334,return_303334,customer_1178,agent_010,3,Full-amount refund approved for expensive order,fraud,FULL_AMOUNT_REFUND;HIGH_VALUE_REFUND,APPROVED
order_100390,return_300390,customer_1862,agent_010,1,Normal refund approval with evidence and reasonable timing,normal,,APPROVED
order_103517,return_303517,customer_0321,agent_026,3,Full-amount refund approved for expensive order,fraud,FULL_AMOUNT_REFUND;HIGH_VALUE_REFUND,APPROVED
order_103145,return_303145,customer_0702,agent_018,2,High-value refund approved without evidence,fraud,NO_EVIDENCE;HIGH_VALUE_REFUND,APPROVED
order_104896,return_304896,customer_9901,agent_901,9,"Suspicious cluster: same agent, frequent customer returns, manual overrides",fraud,SUSPICIOUS_CLUSTER;NO_EVIDENCE;MANUAL_OVERRIDE;HIGH_VALUE_REFUND,APPROVED
order_102153,return_302153,customer_0258,agent_011,1,Normal refund approval with evidence and reasonable timing,normal,,APPROVED
order_101847,return_301847,customer_0397,agent_020,1,Normal refund approval with evidence and reasonable timing,normal,,APPROVED
order_103443,return_303443,customer_1460,agent_009,3,Full-amount refund approved for expensive order,fraud,FULL_AMOUNT_REFUND;HIGH_VALUE_REFUND,APPROVED
order_101642,return_301642,customer_0806,agent_028,1,Normal refund approval with evidence and reasonable timing,normal,,APPROVED
order_101534,return_301534,customer_1687,agent_004,1,Normal refund approval with evidence and reasonable timing,normal,,DECLINED
order_100360,return_300360,customer_0477,agent_025,1,Normal refund approval with evidence and reasonable timing,normal,,APPROVED
order_102658,return_302658,customer_1426,agent_029,1,Normal refund approval with evidence and reasonable timing,normal,,DECLINED
order_104736,return_304736,customer_8002,agent_802,8,Repeated agent-customer approval pattern,fraud,REPEATED_AGENT_CUSTOMER_PAIR,APPROVED
order_101004,return_301004,customer_1372,agent_016,1,Normal refund approval with evidence and reasonable timing,normal,,DECLINED
order_104825,return_304825,customer_9905,agent_902,9,"Suspicious cluster: same agent, frequent customer returns, manual overrides",fraud,SUSPICIOUS_CLUSTER;NO_EVIDENCE;MANUAL_OVERRIDE;HIGH_VALUE_REFUND,APPROVED
order_101424,return_301424,customer_1113,agent_023,1,Normal refund approval with evidence and reasonable timing,normal,,DECLINED
order_100404,return_300404,customer_1703,agent_028,1,Normal refund approval with evidence and reasonable timing,normal,,APPROVED
order_103997,return_303997,customer_0626,agent_013,5,Manual override on high-value refund,fraud,MANUAL_OVERRIDE;HIGH_VALUE_REFUND,APPROVED
order_103817,return_303817,customer_1506,agent_018,5,Manual override on high-value refund,fraud,MANUAL_OVERRIDE;HIGH_VALUE_REFUND,APPROVED
order_103813,return_303813,customer_0841,agent_020,5,Manual override on high-value refund,fraud,MANUAL_OVERRIDE;HIGH_VALUE_REFUND,APPROVED
order_104261,return_304261,customer_9004,agent_027,6,Customer with frequent refund requests,fraud,CUSTOMER_FREQUENT_RETURNS,APPROVED
order_104495,return_304495,customer_1141,agent_702,7,Support agent with unusually high approval rate,fraud,AGENT_HIGH_APPROVAL_RATE,APPROVED
order_103257,return_303257,customer_0310,agent_103,3,Full-amount refund approved for expensive order,fraud,FULL_AMOUNT_REFUND;HIGH_VALUE_REFUND,APPROVED
order_103635,return_303635,customer_0380,agent_101,4,Very fast approval by support agent,fraud,FAST_APPROVAL,APPROVED
order_102606,return_302606,customer_0569,agent_008,1,Normal refund approval with evidence and reasonable timing,normal,,APPROVED
order_103462,return_303462,customer_1429,agent_029,3,Full-amount refund approved for expensive order,fraud,FULL_AMOUNT_REFUND;HIGH_VALUE_REFUND,APPROVED
order_103417,return_303417,customer_1056,agent_009,3,Full-amount refund approved for expensive order,fraud,FULL_AMOUNT_REFUND;HIGH_VALUE_REFUND,APPROVED
order_101467,return_301467,customer_0432,agent_006,1,Normal refund approval with evidence and reasonable timing,normal,,APPROVED
order_101778,return_301778,customer_0531,agent_023,1,Normal refund approval with evidence and reasonable timing,normal,,DECLINED
order_100773,return_300773,customer_0729,agent_002,1,Normal refund approval with evidence and reasonable timing,normal,,APPROVED
order_104911,return_304911,customer_9904,agent_902,9,"Suspicious cluster: same agent, frequent customer returns, manual overrides",fraud,SUSPICIOUS_CLUSTER;NO_EVIDENCE;MANUAL_OVERRIDE;HIGH_VALUE_REFUND,APPROVED
order_104466,return_304466,customer_1413,agent_703,7,Support agent with unusually high approval rate,fraud,AGENT_HIGH_APPROVAL_RATE,APPROVED
order_103494,return_303494,customer_1402,agent_021,3,Full-amount refund approved for expensive order,fraud,FULL_AMOUNT_REFUND;HIGH_VALUE_REFUND,APPROVED
order_100927,return_300927,customer_0512,agent_003,1,Normal refund approval with evidence and reasonable timing,normal,,APPROVED
order_102475,return_302475,customer_0170,agent_014,1,Normal refund approval with evidence and reasonable timing,normal,,DECLINED
order_101700,return_301700,customer_1219,agent_020,1,Normal refund approval with evidence and reasonable timing,normal,,DECLINED
order_101565,return_301565,customer_0082,agent_019,1,Normal refund approval with evidence and reasonable timing,normal,,APPROVED
order_103574,return_303574,customer_1049,agent_103,4,Very fast approval by support agent,fraud,FAST_APPROVAL,APPROVED
order_101518,return_301518,customer_1059,agent_006,1,Normal refund approval with evidence and reasonable timing,normal,,APPROVED
order_104704,return_304704,customer_8003,agent_803,8,Repeated agent-customer approval pattern,fraud,REPEATED_AGENT_CUSTOMER_PAIR,APPROVED
order_102521,return_302521,customer_1475,agent_009,1,Normal refund approval with evidence and reasonable timing,normal,,APPROVED
order_103329,return_303329,customer_1525,agent_007,3,Full-amount refund approved for expensive order,fraud,FULL_AMOUNT_REFUND;HIGH_VALUE_REFUND,APPROVED
order_100917,return_300917,customer_0189,agent_008,1,Normal refund approval with evidence and reasonable timing,normal,,DECLINED
order_100232,return_300232,customer_1763,agent_013,1,Normal refund approval with evidence and reasonable timing,normal,,APPROVED
order_104384,return_304384,customer_0377,agent_702,7,Support agent with unusually high approval rate,fraud,AGENT_HIGH_APPROVAL_RATE,APPROVED
order_102721,return_302721,customer_0199,agent_016,1,Normal refund approval with evidence and reasonable timing,normal,,DECLINED
order_100812,return_300812,customer_0374,agent_025,1,Normal refund approval with evidence and reasonable timing,normal,,DECLINED
order_102781,return_302781,customer_0985,agent_006,1,Normal refund approval with evidence and reasonable timing,normal,,APPROVED
order_103921,return_303921,customer_1193,agent_010,5,Manual override on high-value refund,fraud,MANUAL_OVERRIDE;HIGH_VALUE_REFUND,APPROVED
order_100857,return_300857,customer_1620,agent_014,1,Normal refund approval with evidence and reasonable timing,normal,,APPROVED
order_102600,return_302600,customer_0320,agent_029,1,Normal refund approval with evidence and reasonable timing,normal,,APPROVED
order_102945,return_302945,customer_0633,agent_016,1,Normal refund approval with evidence and reasonable timing,normal,,DECLINED
order_100423,return_300423,customer_0766,agent_022,1,Normal refund approval with evidence and reasonable timing,normal,,DECLINED
order_101771,return_301771,customer_0384,agent_014,1,Normal refund approval with evidence and reasonable timing,normal,,DECLINED
order_103150,return_303150,customer_1413,agent_012,2,High-value refund approved without evidence,fraud,NO_EVIDENCE;HIGH_VALUE_REFUND,APPROVED
order_103770,return_303770,customer_0897,agent_102,4,Very fast approval by support agent,fraud,FAST_APPROVAL,APPROVED
order_101946,return_301946,customer_0796,agent_030,1,Normal refund approval with evidence and reasonable timing,normal,,APPROVED
order_100582,return_300582,customer_0634,agent_013,1,Normal refund approval with evidence and reasonable timing,normal,,APPROVED
order_102135,return_302135,customer_0115,agent_023,1,Normal refund approval with evidence and reasonable timing,normal,,APPROVED
order_100708,return_300708,customer_0389,agent_021,1,Normal refund approval with evidence and reasonable timing,normal,,APPROVED
order_102379,return_302379,customer_0401,agent_001,1,Normal refund approval with evidence and reasonable timing,normal,,DECLINED
order_102420,return_302420,customer_1982,agent_019,1,Normal refund approval with evidence and reasonable timing,normal,,APPROVED
order_103621,return_303621,customer_1939,agent_101,4,Very fast approval by support agent,fraud,FAST_APPROVAL,APPROVED
order_103434,return_303434,customer_1157,agent_103,3,Full-amount refund approved for expensive order,fraud,FULL_AMOUNT_REFUND;HIGH_VALUE_REFUND,APPROVED
order_101170,return_301170,customer_1538,agent_024,1,Normal refund approval with evidence and reasonable timing,normal,,DECLINED
order_100444,return_300444,customer_1575,agent_024,1,Normal refund approval with evidence and reasonable timing,normal,,DECLINED
order_102385,return_302385,customer_1132,agent_004,1,Normal refund approval with evidence and reasonable timing,normal,,APPROVED
order_101890,return_301890,customer_0834,agent_001,1,Normal refund approval with evidence and reasonable timing,normal,,APPROVED
order_103237,return_303237,customer_0848,agent_028,2,High-value refund approved without evidence,fraud,NO_EVIDENCE;HIGH_VALUE_REFUND,APPROVED
order_102612,return_302612,customer_1787,agent_015,1,Normal refund approval with evidence and reasonable timing,normal,,DECLINED
order_103577,return_303577,customer_1188,agent_102,4,Very fast approval by support agent,fraud,FAST_APPROVAL,APPROVED
order_100790,return_300790,customer_1044,agent_025,1,Normal refund approval with evidence and reasonable timing,normal,,APPROVED
order_103539,return_303539,customer_1946,agent_102,4,Very fast approval by support agent,fraud,FAST_APPROVAL,APPROVED
order_100742,return_300742,customer_0655,agent_014,1,Normal refund approval with evidence and reasonable timing,normal,,APPROVED
order_100338,return_300338,customer_0801,agent_024,1,Normal refund approval with evidence and reasonable timing,normal,,APPROVED
order_104146,return_304146,customer_9001,agent_001,6,Customer with frequent refund requests,fraud,CUSTOMER_FREQUENT_RETURNS,APPROVED
order_101157,return_301157,customer_0083,agent_011,1,Normal refund approval with evidence and reasonable timing,normal,,APPROVED
order_104780,return_304780,customer_9902,agent_901,9,"Suspicious cluster: same agent, frequent customer returns, manual overrides",fraud,SUSPICIOUS_CLUSTER;NO_EVIDENCE;MANUAL_OVERRIDE;HIGH_VALUE_REFUND,APPROVED
order_102222,return_302222,customer_0114,agent_029,1,Normal refund approval with evidence and reasonable timing,normal,,DECLINED
order_101870,return_301870,customer_1692,agent_015,1,Normal refund approval with evidence and reasonable timing,normal,,APPROVED
order_104086,return_304086,customer_9005,agent_103,6,Customer with frequent refund requests,fraud,CUSTOMER_FREQUENT_RETURNS,APPROVED
order_103684,return_303684,customer_0614,agent_103,4,Very fast approval by support agent,fraud,FAST_APPROVAL,APPROVED
order_103991,return_303991,customer_0361,agent_026,5,Manual override on high-value refund,fraud,MANUAL_OVERRIDE;HIGH_VALUE_REFUND,APPROVED
order_102527,return_302527,customer_1819,agent_025,1,Normal refund approval with evidence and reasonable timing,normal,,APPROVED
order_103831,return_303831,customer_0840,agent_019,5,Manual override on high-value refund,fraud,MANUAL_OVERRIDE;HIGH_VALUE_REFUND,APPROVED
order_100576,return_300576,customer_0280,agent_009,1,Normal refund approval with evidence and reasonable timing,normal,,APPROVED
order_104080,return_304080,customer_0262,agent_017,5,Manual override on high-value refund,fraud,MANUAL_OVERRIDE;HIGH_VALUE_REFUND,APPROVED
order_102020,return_302020,customer_1177,agent_016,1,Normal refund approval with evidence and reasonable timing,normal,,APPROVED
order_102282,return_302282,customer_0501,agent_019,1,Normal refund approval with evidence and reasonable timing,normal,,APPROVED
order_104823,return_304823,customer_9905,agent_902,9,"Suspicious cluster: same agent, frequent customer returns, manual overrides",fraud,SUSPICIOUS_CLUSTER;NO_EVIDENCE;MANUAL_OVERRIDE;HIGH_VALUE_REFUND,APPROVED
order_103595,return_303595,customer_1552,agent_101,4,Very fast approval by support agent,fraud,FAST_APPROVAL,APPROVED
order_101182,return_301182,customer_0644,agent_025,1,Normal refund approval with evidence and reasonable timing,normal,,APPROVED
order_102108,return_302108,customer_1907,agent_006,1,Normal refund approval with evidence and reasonable timing,normal,,DECLINED
order_100880,return_300880,customer_1061,agent_029,1,Normal refund approval with evidence and reasonable timing,normal,,APPROVED
order_100394,return_300394,customer_0141,agent_028,1,Normal refund approval with evidence and reasonable timing,normal,,APPROVED
order_100617,return_300617,customer_0131,agent_018,1,Normal refund approval with evidence and reasonable timing,normal,,APPROVED
order_102810,return_302810,customer_0688,agent_004,1,Normal refund approval with evidence and reasonable timing,normal,,DECLINED
order_103584,return_303584,customer_0929,agent_101,4,Very fast approval by support agent,fraud,FAST_APPROVAL,APPROVED
order_100909,return_300909,customer_0146,agent_028,1,Normal refund approval with evidence and reasonable timing,normal,,APPROVED
order_100527,return_300527,customer_0854,agent_010,1,Normal refund approval with evidence and reasonable timing,normal,,APPROVED
order_100173,return_300173,customer_0944,agent_008,1,Normal refund approval with evidence and reasonable timing,normal,,APPROVED
order_103121,return_303121,customer_0347,agent_101,2,High-value refund approved without evidence,fraud,NO_EVIDENCE;HIGH_VALUE_REFUND,APPROVED
order_102324,return_302324,customer_1604,agent_014,1,Normal refund approval with evidence and reasonable timing,normal,,APPROVED
order_103721,return_303721,customer_0153,agent_101,4,Very fast approval by support agent,fraud,FAST_APPROVAL,APPROVED
order_102441,return_302441,customer_1662,agent_012,1,Normal refund approval with evidence and reasonable timing,normal,,APPROVED
order_104432,return_304432,customer_0993,agent_702,7,Support agent with unusually high approval rate,fraud,AGENT_HIGH_APPROVAL_RATE,APPROVED
order_103538,return_303538,customer_0096,agent_102,4,Very fast approval by support agent,fraud,FAST_APPROVAL,APPROVED
order_102168,return_302168,customer_1804,agent_023,1,Normal refund approval with evidence and reasonable timing,normal,,APPROVED
order_103629,return_303629,customer_1320,agent_103,4,Very fast approval by support agent,fraud,FAST_APPROVAL,APPROVED
order_100207,return_300207,customer_0990,agent_017,1,Normal refund approval with evidence and reasonable timing,normal,,APPROVED
order_101798,return_301798,customer_0133,agent_024,1,Normal refund approval with evidence and reasonable timing,normal,,APPROVED
order_104076,return_304076,customer_0560,agent_017,5,Manual override on high-value refund,fraud,MANUAL_OVERRIDE;HIGH_VALUE_REFUND,APPROVED
order_102096,return_302096,customer_1501,agent_010,1,Normal refund approval with evidence and reasonable timing,normal,,APPROVED
order_102406,return_302406,customer_1402,agent_007,1,Normal refund approval with evidence and reasonable timing,normal,,APPROVED
order_102509,return_302509,customer_1485,agent_011,1,Normal refund approval with evidence and reasonable timing,normal,,APPROVED
order_100616,return_300616,customer_0996,agent_013,1,Normal refund approval with evidence and reasonable timing,normal,,DECLINED
order_103223,return_303223,customer_0952,agent_021,2,High-value refund approved without evidence,fraud,NO_EVIDENCE;HIGH_VALUE_REFUND,APPROVED
order_102274,return_302274,customer_0922,agent_014,1,Normal refund approval with evidence and reasonable timing,normal,,APPROVED
order_104088,return_304088,customer_9007,agent_028,6,Customer with frequent refund requests,fraud,CUSTOMER_FREQUENT_RETURNS,APPROVED
order_104679,return_304679,customer_8002,agent_802,8,Repeated agent-customer approval pattern,fraud,REPEATED_AGENT_CUSTOMER_PAIR,APPROVED
order_101901,return_301901,customer_1938,agent_020,1,Normal refund approval with evidence and reasonable timing,normal,,APPROVED
order_102360,return_302360,customer_0397,agent_025,1,Normal refund approval with evidence and reasonable timing,normal,,APPROVED
order_102425,return_302425,customer_0661,agent_030,1,Normal refund approval with evidence and reasonable timing,normal,,DECLINED
order_100506,return_300506,customer_0338,agent_018,1,Normal refund approval with evidence and reasonable timing,normal,,APPROVED
order_101153,return_301153,customer_0977,agent_013,1,Normal refund approval with evidence and reasonable timing,normal,,DECLINED
order_100966,return_300966,customer_0880,agent_010,1,Normal refund approval with evidence and reasonable timing,normal,,APPROVED
order_101370,return_301370,customer_0298,agent_010,1,Normal refund approval with evidence and reasonable timing,normal,,DECLINED
order_103877,return_303877,customer_1768,agent_018,5,Manual override on high-value refund,fraud,MANUAL_OVERRIDE;HIGH_VALUE_REFUND,APPROVED
order_101867,return_301867,customer_0329,agent_005,1,Normal refund approval with evidence and reasonable timing,normal,,DECLINED
order_102063,return_302063,customer_1416,agent_016,1,Normal refund approval with evidence and reasonable timing,normal,,APPROVED
order_101621,return_301621,customer_0178,agent_012,1,Normal refund approval with evidence and reasonable timing,normal,,APPROVED
order_102744,return_302744,customer_1620,agent_004,1,Normal refund approval with evidence and reasonable timing,normal,,APPROVED
order_101762,return_301762,customer_0296,agent_001,1,Normal refund approval with evidence and reasonable timing,normal,,DECLINED
order_101906,return_301906,customer_1507,agent_001,1,Normal refund approval with evidence and reasonable timing,normal,,APPROVED
order_102720,return_302720,customer_0961,agent_022,1,Normal refund approval with evidence and reasonable timing,normal,,APPROVED
order_104037,return_304037,customer_1774,agent_016,5,Manual override on high-value refund,fraud,MANUAL_OVERRIDE;HIGH_VALUE_REFUND,APPROVED
order_102430,return_302430,customer_1062,agent_029,1,Normal refund approval with evidence and reasonable timing,normal,,APPROVED
order_101140,return_301140,customer_1153,agent_001,1,Normal refund approval with evidence and reasonable timing,normal,,DECLINED
order_101580,return_301580,customer_1697,agent_030,1,Normal refund approval with evidence and reasonable timing,normal,,APPROVED
order_102464,return_302464,customer_1710,agent_017,1,Normal refund approval with evidence and reasonable timing,normal,,APPROVED
order_104289,return_304289,customer_9008,agent_022,6,Customer with frequent refund requests,fraud,CUSTOMER_FREQUENT_RETURNS,APPROVED
order_104484,return_304484,customer_1686,agent_703,7,Support agent with unusually high approval rate,fraud,AGENT_HIGH_APPROVAL_RATE,APPROVED
order_101334,return_301334,customer_0906,agent_020,1,Normal refund approval with evidence and reasonable timing,normal,,DECLINED
order_102733,return_302733,customer_0001,agent_024,1,Normal refund approval with evidence and reasonable timing,normal,,DECLINED
order_102928,return_302928,customer_1960,agent_010,1,Normal refund approval with evidence and reasonable timing,normal,,DECLINED
order_102650,return_302650,customer_1342,agent_028,1,Normal refund approval with evidence and reasonable timing,normal,,APPROVED
order_102068,return_302068,customer_0448,agent_008,1,Normal refund approval with evidence and reasonable timing,normal,,DECLINED
order_103724,return_303724,customer_0430,agent_102,4,Very fast approval by support agent,fraud,FAST_APPROVAL,APPROVED
order_100548,return_300548,customer_0714,agent_016,1,Normal refund approval with evidence and reasonable timing,normal,,DECLINED
order_102710,return_302710,customer_0194,agent_006,1,Normal refund approval with evidence and reasonable timing,normal,,APPROVED
order_101449,return_301449,customer_1106,agent_011,1,Normal refund approval with evidence and reasonable timing,normal,,APPROVED
order_101336,return_301336,customer_0390,agent_023,1,Normal refund approval with evidence and reasonable timing,normal,,DECLINED
order_104636,return_304636,customer_8001,agent_801,8,Repeated agent-customer approval pattern,fraud,REPEATED_AGENT_CUSTOMER_PAIR,APPROVED
order_101738,return_301738,customer_0805,agent_008,1,Normal refund approval with evidence and reasonable timing,normal,,DECLINED
order_103911,return_303911,customer_1742,agent_002,5,Manual override on high-value refund,fraud,MANUAL_OVERRIDE;HIGH_VALUE_REFUND,APPROVED
order_101035,return_301035,customer_1412,agent_010,1,Normal refund approval with evidence and reasonable timing,normal,,APPROVED
order_102484,return_302484,customer_0257,agent_016,1,Normal refund approval with evidence and reasonable timing,normal,,DECLINED
order_100242,return_300242,customer_0755,agent_015,1,Normal refund approval with evidence and reasonable timing,normal,,APPROVED
order_101826,return_301826,customer_1237,agent_012,1,Normal refund approval with evidence and reasonable timing,normal,,APPROVED
order_103886,return_303886,customer_0495,agent_007,5,Manual override on high-value refund,fraud,MANUAL_OVERRIDE;HIGH_VALUE_REFUND,APPROVED
order_100591,return_300591,customer_0884,agent_005,1,Normal refund approval with evidence and reasonable timing,normal,,APPROVED
order_100957,return_300957,customer_1353,agent_011,1,Normal refund approval with evidence and reasonable timing,normal,,DECLINED
order_104334,return_304334,customer_0845,agent_703,7,Support agent with unusually high approval rate,fraud,AGENT_HIGH_APPROVAL_RATE,APPROVED
order_102067,return_302067,customer_0225,agent_022,1,Normal refund approval with evidence and reasonable timing,normal,,DECLINED
order_100890,return_300890,customer_1915,agent_017,1,Normal refund approval with evidence and reasonable timing,normal,,APPROVED
order_103341,return_303341,customer_1355,agent_002,3,Full-amount refund approved for expensive order,fraud,FULL_AMOUNT_REFUND;HIGH_VALUE_REFUND,APPROVED
order_100267,return_300267,customer_1950,agent_009,1,Normal refund approval with evidence and reasonable timing,normal,,APPROVED
order_101031,return_301031,customer_0790,agent_028,1,Normal refund approval with evidence and reasonable timing,normal,,DECLINED
order_103652,return_303652,customer_0811,agent_101,4,Very fast approval by support agent,fraud,FAST_APPROVAL,APPROVED
order_103988,return_303988,customer_0588,agent_008,5,Manual override on high-value refund,fraud,MANUAL_OVERRIDE;HIGH_VALUE_REFUND,APPROVED
order_100334,return_300334,customer_0213,agent_027,1,Normal refund approval with evidence and reasonable timing,normal,,APPROVED
order_101197,return_301197,customer_0291,agent_010,1,Normal refund approval with evidence and reasonable timing,normal,,DECLINED
order_102651,return_302651,customer_0422,agent_024,1,Normal refund approval with evidence and reasonable timing,normal,,APPROVED
order_102453,return_302453,customer_1657,agent_017,1,Normal refund approval with evidence and reasonable timing,normal,,APPROVED
order_102173,return_302173,customer_1892,agent_002,1,Normal refund approval with evidence and reasonable timing,normal,,APPROVED
order_104143,return_304143,customer_9006,agent_019,6,Customer with frequent refund requests,fraud,CUSTOMER_FREQUENT_RETURNS,APPROVED
order_103966,return_303966,customer_0433,agent_008,5,Manual override on high-value refund,fraud,MANUAL_OVERRIDE;HIGH_VALUE_REFUND,APPROVED
order_104494,return_304494,customer_0945,agent_701,7,Support agent with unusually high approval rate,fraud,AGENT_HIGH_APPROVAL_RATE,APPROVED
order_104111,return_304111,customer_9006,agent_011,6,Customer with frequent refund requests,fraud,CUSTOMER_FREQUENT_RETURNS,APPROVED
order_101752,return_301752,customer_1273,agent_002,1,Normal refund approval with evidence and reasonable timing,normal,,DECLINED
order_102944,return_302944,customer_0603,agent_012,1,Normal refund approval with evidence and reasonable timing,normal,,APPROVED
order_104437,return_304437,customer_0155,agent_701,7,Support agent with unusually high approval rate,fraud,AGENT_HIGH_APPROVAL_RATE,APPROVED
order_100094,return_300094,customer_1140,agent_028,1,Normal refund approval with evidence and reasonable timing,normal,,DECLINED
order_101400,return_301400,customer_0732,agent_003,1,Normal refund approval with evidence and reasonable timing,normal,,APPROVED
order_104538,return_304538,customer_1458,agent_703,7,Support agent with unusually high approval rate,fraud,AGENT_HIGH_APPROVAL_RATE,APPROVED
order_103378,return_303378,customer_1957,agent_011,3,Full-amount refund approved for expensive order,fraud,FULL_AMOUNT_REFUND;HIGH_VALUE_REFUND,APPROVED
order_102010,return_302010,customer_0317,agent_004,1,Normal refund approval with evidence and reasonable timing,normal,,DECLINED
order_103147,return_303147,customer_1503,agent_028,2,High-value refund approved without evidence,fraud,NO_EVIDENCE;HIGH_VALUE_REFUND,APPROVED
order_104499,return_304499,customer_0155,agent_703,7,Support agent with unusually high approval rate,fraud,AGENT_HIGH_APPROVAL_RATE,APPROVED
order_101244,return_301244,customer_1614,agent_006,1,Normal refund approval with evidence and reasonable timing,normal,,APPROVED
order_100257,return_300257,customer_1916,agent_012,1,Normal refund approval with evidence and reasonable timing,normal,,APPROVED
order_102756,return_302756,customer_0423,agent_005,1,Normal refund approval with evidence and reasonable timing,normal,,APPROVED
order_102090,return_302090,customer_0318,agent_018,1,Normal refund approval with evidence and reasonable timing,normal,,DECLINED
order_101801,return_301801,customer_0415,agent_002,1,Normal refund approval with evidence and reasonable timing,normal,,APPROVED
order_101703,return_301703,customer_0107,agent_019,1,Normal refund approval with evidence and reasonable timing,normal,,APPROVED
order_102967,return_302967,customer_1077,agent_028,1,Normal refund approval with evidence and reasonable timing,normal,,APPROVED
order_103546,return_303546,customer_1292,agent_103,4,Very fast approval by support agent,fraud,FAST_APPROVAL,APPROVED
order_104797,return_304797,customer_9905,agent_902,9,"Suspicious cluster: same agent, frequent customer returns, manual overrides",fraud,SUSPICIOUS_CLUSTER;NO_EVIDENCE;MANUAL_OVERRIDE;HIGH_VALUE_REFUND,APPROVED
order_100904,return_300904,customer_1843,agent_004,1,Normal refund approval with evidence and reasonable timing,normal,,DECLINED
order_100184,return_300184,customer_1629,agent_024,1,Normal refund approval with evidence and reasonable timing,normal,,APPROVED
order_101276,return_301276,customer_1653,agent_014,1,Normal refund approval with evidence and reasonable timing,normal,,DECLINED
order_100258,return_300258,customer_1155,agent_019,1,Normal refund approval with evidence and reasonable timing,normal,,DECLINED
order_103964,return_303964,customer_1897,agent_002,5,Manual override on high-value refund,fraud,MANUAL_OVERRIDE;HIGH_VALUE_REFUND,APPROVED
order_104237,return_304237,customer_9004,agent_003,6,Customer with frequent refund requests,fraud,CUSTOMER_FREQUENT_RETURNS,APPROVED
order_102362,return_302362,customer_0716,agent_018,1,Normal refund approval with evidence and reasonable timing,normal,,APPROVED
order_103019,return_303019,customer_1318,agent_023,2,High-value refund approved without evidence,fraud,NO_EVIDENCE;HIGH_VALUE_REFUND,APPROVED
order_102463,return_302463,customer_0510,agent_010,1,Normal refund approval with evidence and reasonable timing,normal,,DECLINED
order_102022,return_302022,customer_1864,agent_020,1,Normal refund approval with evidence and reasonable timing,normal,,APPROVED
order_100446,return_300446,customer_1807,agent_008,1,Normal refund approval with evidence and reasonable timing,normal,,DECLINED
order_102072,return_302072,customer_1185,agent_010,1,Normal refund approval with evidence and reasonable timing,normal,,DECLINED
order_100776,return_300776,customer_0736,agent_001,1,Normal refund approval with evidence and reasonable timing,normal,,APPROVED
order_104279,return_304279,customer_9006,agent_030,6,Customer with frequent refund requests,fraud,CUSTOMER_FREQUENT_RETURNS,APPROVED
order_100575,return_300575,customer_0489,agent_013,1,Normal refund approval with evidence and reasonable timing,normal,,DECLINED
order_100682,return_300682,customer_0766,agent_023,1,Normal refund approval with evidence and reasonable timing,normal,,APPROVED
order_102901,return_302901,customer_0782,agent_005,1,Normal refund approval with evidence and reasonable timing,normal,,APPROVED
order_104119,return_304119,customer_9006,agent_101,6,Customer with frequent refund requests,fraud,CUSTOMER_FREQUENT_RETURNS,APPROVED
order_103331,return_303331,customer_0491,agent_006,3,Full-amount refund approved for expensive order,fraud,FULL_AMOUNT_REFUND;HIGH_VALUE_REFUND,APPROVED
order_100054,return_300054,customer_1353,agent_009,1,Normal refund approval with evidence and reasonable timing,normal,,APPROVED
order_100921,return_300921,customer_0161,agent_009,1,Normal refund approval with evidence and reasonable timing,normal,,APPROVED
order_101263,return_301263,customer_1638,agent_014,1,Normal refund approval with evidence and reasonable timing,normal,,APPROVED
order_100457,return_300457,customer_0340,agent_027,1,Normal refund approval with evidence and reasonable timing,normal,,DECLINED
order_102782,return_302782,customer_1201,agent_021,1,Normal refund approval with evidence and reasonable timing,normal,,DECLINED
order_103368,return_303368,customer_0414,agent_018,3,Full-amount refund approved for expensive order,fraud,FULL_AMOUNT_REFUND;HIGH_VALUE_REFUND,APPROVED
order_101918,return_301918,customer_0817,agent_030,1,Normal refund approval with evidence and reasonable timing,normal,,APPROVED
order_100413,return_300413,customer_1118,agent_019,1,Normal refund approval with evidence and reasonable timing,normal,,APPROVED
order_104765,return_304765,customer_9906,agent_902,9,"Suspicious cluster: same agent, frequent customer returns, manual overrides",fraud,SUSPICIOUS_CLUSTER;NO_EVIDENCE;MANUAL_OVERRIDE;HIGH_VALUE_REFUND,APPROVED
order_102262,return_302262,customer_1644,agent_020,1,Normal refund approval with evidence and reasonable timing,normal,,APPROVED
order_100969,return_300969,customer_1481,agent_017,1,Normal refund approval with evidence and reasonable timing,normal,,APPROVED
order_101213,return_301213,customer_0170,agent_003,1,Normal refund approval with evidence and reasonable timing,normal,,APPROVED
order_102943,return_302943,customer_0573,agent_018,1,Normal refund approval with evidence and reasonable timing,normal,,DECLINED
order_101397,return_301397,customer_1210,agent_018,1,Normal refund approval with evidence and reasonable timing,normal,,DECLINED
order_104265,return_304265,customer_9008,agent_014,6,Customer with frequent refund requests,fraud,CUSTOMER_FREQUENT_RETURNS,APPROVED
order_103984,return_303984,customer_0176,agent_029,5,Manual override on high-value refund,fraud,MANUAL_OVERRIDE;HIGH_VALUE_REFUND,APPROVED
order_101278,return_301278,customer_0252,agent_014,1,Normal refund approval with evidence and reasonable timing,normal,,DECLINED
order_102471,return_302471,customer_0927,agent_005,1,Normal refund approval with evidence and reasonable timing,normal,,APPROVED
order_104668,return_304668,customer_8003,agent_803,8,Repeated agent-customer approval pattern,fraud,REPEATED_AGENT_CUSTOMER_PAIR,APPROVED
order_102748,return_302748,customer_1793,agent_019,1,Normal refund approval with evidence and reasonable timing,normal,,APPROVED
order_100376,return_300376,customer_1876,agent_025,1,Normal refund approval with evidence and reasonable timing,normal,,APPROVED
order_103526,return_303526,customer_1468,agent_021,3,Full-amount refund approved for expensive order,fraud,FULL_AMOUNT_REFUND;HIGH_VALUE_REFUND,APPROVED
order_102846,return_302846,customer_0801,agent_008,1,Normal refund approval with evidence and reasonable timing,normal,,APPROVED
order_100923,return_300923,customer_0039,agent_016,1,Normal refund approval with evidence and reasonable timing,normal,,APPROVED
order_102225,return_302225,customer_1118,agent_004,1,Normal refund approval with evidence and reasonable timing,normal,,APPROVED
order_103406,return_303406,customer_0018,agent_024,3,Full-amount refund approved for expensive order,fraud,FULL_AMOUNT_REFUND;HIGH_VALUE_REFUND,APPROVED
order_101624,return_301624,customer_1171,agent_007,1,Normal refund approval with evidence and reasonable timing,normal,,APPROVED
order_102692,return_302692,customer_1502,agent_025,1,Normal refund approval with evidence and reasonable timing,normal,,APPROVED
order_100151,return_300151,customer_0106,agent_024,1,Normal refund approval with evidence and reasonable timing,normal,,APPROVED
order_102272,return_302272,customer_1231,agent_011,1,Normal refund approval with evidence and reasonable timing,normal,,APPROVED
order_104819,return_304819,customer_9906,agent_902,9,"Suspicious cluster: same agent, frequent customer returns, manual overrides",fraud,SUSPICIOUS_CLUSTER;NO_EVIDENCE;MANUAL_OVERRIDE;HIGH_VALUE_REFUND,APPROVED
order_104249,return_304249,customer_9008,agent_021,6,Customer with frequent refund requests,fraud,CUSTOMER_FREQUENT_RETURNS,APPROVED
order_104853,return_304853,customer_9906,agent_902,9,"Suspicious cluster: same agent, frequent customer returns, manual overrides",fraud,SUSPICIOUS_CLUSTER;NO_EVIDENCE;MANUAL_OVERRIDE;HIGH_VALUE_REFUND,APPROVED
order_102402,return_302402,customer_1773,agent_030,1,Normal refund approval with evidence and reasonable timing,normal,,APPROVED
order_102079,return_302079,customer_1740,agent_016,1,Normal refund approval with evidence and reasonable timing,normal,,APPROVED
order_102740,return_302740,customer_1468,agent_005,1,Normal refund approval with evidence and reasonable timing,normal,,APPROVED
order_101260,return_301260,customer_1274,agent_012,1,Normal refund approval with evidence and reasonable timing,normal,,APPROVED
order_104658,return_304658,customer_8002,agent_802,8,Repeated agent-customer approval pattern,fraud,REPEATED_AGENT_CUSTOMER_PAIR,APPROVED
order_104408,return_304408,customer_0513,agent_702,7,Support agent with unusually high approval rate,fraud,AGENT_HIGH_APPROVAL_RATE,APPROVED
order_104703,return_304703,customer_8002,agent_802,8,Repeated agent-customer approval pattern,fraud,REPEATED_AGENT_CUSTOMER_PAIR,APPROVED
order_100514,return_300514,customer_1249,agent_030,1,Normal refund approval with evidence and reasonable timing,normal,,DECLINED
order_101399,return_301399,customer_1507,agent_028,1,Normal refund approval with evidence and reasonable timing,normal,,APPROVED
order_102185,return_302185,customer_1092,agent_018,1,Normal refund approval with evidence and reasonable timing,normal,,APPROVED
order_100039,return_300039,customer_0168,agent_027,1,Normal refund approval with evidence and reasonable timing,normal,,DECLINED
order_102867,return_302867,customer_1123,agent_007,1,Normal refund approval with evidence and reasonable timing,normal,,APPROVED
order_104098,return_304098,customer_9001,agent_005,6,Customer with frequent refund requests,fraud,CUSTOMER_FREQUENT_RETURNS,APPROVED
order_103097,return_303097,customer_0447,agent_014,2,High-value refund approved without evidence,fraud,NO_EVIDENCE;HIGH_VALUE_REFUND,APPROVED
order_102162,return_302162,customer_0234,agent_025,1,Normal refund approval with evidence and reasonable timing,normal,,APPROVED
order_101308,return_301308,customer_0263,agent_023,1,Normal refund approval with evidence and reasonable timing,normal,,DECLINED
order_102995,return_302995,customer_0726,agent_011,2,High-value refund approved without evidence,fraud,NO_EVIDENCE;HIGH_VALUE_REFUND,APPROVED
order_100730,return_300730,customer_1200,agent_001,1,Normal refund approval with evidence and reasonable timing,normal,,APPROVED
order_100864,return_300864,customer_0392,agent_003,1,Normal refund approval with evidence and reasonable timing,normal,,APPROVED
order_104548,return_304548,customer_0604,agent_701,7,Support agent with unusually high approval rate,fraud,AGENT_HIGH_APPROVAL_RATE,APPROVED
order_100406,return_300406,customer_1019,agent_022,1,Normal refund approval with evidence and reasonable timing,normal,,APPROVED
order_101864,return_301864,customer_0589,agent_003,1,Normal refund approval with evidence and reasonable timing,normal,,APPROVED
order_101926,return_301926,customer_1316,agent_007,1,Normal refund approval with evidence and reasonable timing,normal,,APPROVED
order_100962,return_300962,customer_1133,agent_007,1,Normal refund approval with evidence and reasonable timing,normal,,APPROVED
order_100315,return_300315,customer_1556,agent_004,1,Normal refund approval with evidence and reasonable timing,normal,,DECLINED
order_102233,return_302233,customer_0449,agent_018,1,Normal refund approval with evidence and reasonable timing,normal,,APPROVED
order_100058,return_300058,customer_0188,agent_001,1,Normal refund approval with evidence and reasonable timing,normal,,APPROVED
order_102773,return_302773,customer_0567,agent_029,1,Normal refund approval with evidence and reasonable timing,normal,,APPROVED
order_101127,return_301127,customer_1975,agent_012,1,Normal refund approval with evidence and reasonable timing,normal,,APPROVED
order_100422,return_300422,customer_0657,agent_007,1,Normal refund approval with evidence and reasonable timing,normal,,APPROVED
order_102472,return_302472,customer_0959,agent_024,1,Normal refund approval with evidence and reasonable timing,normal,,APPROVED
order_103739,return_303739,customer_0349,agent_102,4,Very fast approval by support agent,fraud,FAST_APPROVAL,APPROVED
order_104416,return_304416,customer_1977,agent_701,7,Support agent with unusually high approval rate,fraud,AGENT_HIGH_APPROVAL_RATE,APPROVED
order_100859,return_300859,customer_1829,agent_019,1,Normal refund approval with evidence and reasonable timing,normal,,DECLINED
order_103213,return_303213,customer_1236,agent_012,2,High-value refund approved without evidence,fraud,NO_EVIDENCE;HIGH_VALUE_REFUND,APPROVED
order_103742,return_303742,customer_0363,agent_103,4,Very fast approval by support agent,fraud,FAST_APPROVAL,APPROVED
order_103026,return_303026,customer_1107,agent_103,2,High-value refund approved without evidence,fraud,NO_EVIDENCE;HIGH_VALUE_REFUND,APPROVED
order_101302,return_301302,customer_1460,agent_026,1,Normal refund approval with evidence and reasonable timing,normal,,APPROVED
order_104719,return_304719,customer_8003,agent_803,8,Repeated agent-customer approval pattern,fraud,REPEATED_AGENT_CUSTOMER_PAIR,APPROVED
order_101225,return_301225,customer_1160,agent_003,1,Normal refund approval with evidence and reasonable timing,normal,,APPROVED
order_100734,return_300734,customer_1406,agent_020,1,Normal refund approval with evidence and reasonable timing,normal,,APPROVED
order_102541,return_302541,customer_1829,agent_020,1,Normal refund approval with evidence and reasonable timing,normal,,DECLINED
order_101681,return_301681,customer_1918,agent_012,1,Normal refund approval with evidence and reasonable timing,normal,,APPROVED
order_103464,return_303464,customer_1351,agent_028,3,Full-amount refund approved for expensive order,fraud,FULL_AMOUNT_REFUND;HIGH_VALUE_REFUND,APPROVED
order_102594,return_302594,customer_1879,agent_025,1,Normal refund approval with evidence and reasonable timing,normal,,APPROVED
order_101128,return_301128,customer_1946,agent_015,1,Normal refund approval with evidence and reasonable timing,normal,,APPROVED
order_102725,return_302725,customer_0912,agent_008,1,Normal refund approval with evidence and reasonable timing,normal,,APPROVED
order_100240,return_300240,customer_1876,agent_014,1,Normal refund approval with evidence and reasonable timing,normal,,APPROVED
order_100640,return_300640,customer_1919,agent_002,1,Normal refund approval with evidence and reasonable timing,normal,,DECLINED
order_101670,return_301670,customer_1369,agent_015,1,Normal refund approval with evidence and reasonable timing,normal,,DECLINED
order_101523,return_301523,customer_0758,agent_001,1,Normal refund approval with evidence and reasonable timing,normal,,DECLINED
order_103521,return_303521,customer_1545,agent_001,3,Full-amount refund approved for expensive order,fraud,FULL_AMOUNT_REFUND;HIGH_VALUE_REFUND,APPROVED
order_103383,return_303383,customer_1586,agent_003,3,Full-amount refund approved for expensive order,fraud,FULL_AMOUNT_REFUND;HIGH_VALUE_REFUND,APPROVED
order_102006,return_302006,customer_1017,agent_014,1,Normal refund approval with evidence and reasonable timing,normal,,DECLINED
order_101303,return_301303,customer_1348,agent_003,1,Normal refund approval with evidence and reasonable timing,normal,,APPROVED
order_104544,return_304544,customer_1528,agent_703,7,Support agent with unusually high approval rate,fraud,AGENT_HIGH_APPROVAL_RATE,APPROVED
order_101525,return_301525,customer_1655,agent_001,1,Normal refund approval with evidence and reasonable timing,normal,,DECLINED
order_102473,return_302473,customer_1058,agent_030,1,Normal refund approval with evidence and reasonable timing,normal,,DECLINED
order_103418,return_303418,customer_1652,agent_021,3,Full-amount refund approved for expensive order,fraud,FULL_AMOUNT_REFUND;HIGH_VALUE_REFUND,APPROVED
order_102738,return_302738,customer_0315,agent_003,1,Normal refund approval with evidence and reasonable timing,normal,,APPROVED
order_101200,return_301200,customer_0982,agent_024,1,Normal refund approval with evidence and reasonable timing,normal,,DECLINED
order_103461,return_303461,customer_0221,agent_021,3,Full-amount refund approved for expensive order,fraud,FULL_AMOUNT_REFUND;HIGH_VALUE_REFUND,APPROVED
order_104159,return_304159,customer_9006,agent_103,6,Customer with frequent refund requests,fraud,CUSTOMER_FREQUENT_RETURNS,APPROVED
order_102093,return_302093,customer_1691,agent_030,1,Normal refund approval with evidence and reasonable timing,normal,,APPROVED
order_100436,return_300436,customer_1899,agent_006,1,Normal refund approval with evidence and reasonable timing,normal,,APPROVED
order_100679,return_300679,customer_0296,agent_004,1,Normal refund approval with evidence and reasonable timing,normal,,APPROVED
order_100013,return_300013,customer_1744,agent_003,1,Normal refund approval with evidence and reasonable timing,normal,,APPROVED
order_103135,return_303135,customer_0382,agent_009,2,High-value refund approved without evidence,fraud,NO_EVIDENCE;HIGH_VALUE_REFUND,APPROVED
order_100122,return_300122,customer_1997,agent_017,1,Normal refund approval with evidence and reasonable timing,normal,,DECLINED
order_104241,return_304241,customer_9008,agent_002,6,Customer with frequent refund requests,fraud,CUSTOMER_FREQUENT_RETURNS,APPROVED
order_103543,return_303543,customer_0631,agent_103,4,Very fast approval by support agent,fraud,FAST_APPROVAL,APPROVED
order_104883,return_304883,customer_9905,agent_902,9,"Suspicious cluster: same agent, frequent customer returns, manual overrides",fraud,SUSPICIOUS_CLUSTER;NO_EVIDENCE;MANUAL_OVERRIDE;HIGH_VALUE_REFUND,APPROVED
order_102198,return_302198,customer_0822,agent_009,1,Normal refund approval with evidence and reasonable timing,normal,,APPROVED
order_100325,return_300325,customer_1632,agent_026,1,Normal refund approval with evidence and reasonable timing,normal,,DECLINED
order_104767,return_304767,customer_9906,agent_902,9,"Suspicious cluster: same agent, frequent customer returns, manual overrides",fraud,SUSPICIOUS_CLUSTER;NO_EVIDENCE;MANUAL_OVERRIDE;HIGH_VALUE_REFUND,APPROVED
order_101504,return_301504,customer_0359,agent_017,1,Normal refund approval with evidence and reasonable timing,normal,,DECLINED
order_102408,return_302408,customer_1102,agent_015,1,Normal refund approval with evidence and reasonable timing,normal,,APPROVED
order_101754,return_301754,customer_0029,agent_010,1,Normal refund approval with evidence and reasonable timing,normal,,APPROVED
order_100223,return_300223,customer_1690,agent_014,1,Normal refund approval with evidence and reasonable timing,normal,,APPROVED
order_103590,return_303590,customer_0823,agent_101,4,Very fast approval by support agent,fraud,FAST_APPROVAL,APPROVED
order_101553,return_301553,customer_0897,agent_006,1,Normal refund approval with evidence and reasonable timing,normal,,APPROVED
order_103204,return_303204,customer_1675,agent_011,2,High-value refund approved without evidence,fraud,NO_EVIDENCE;HIGH_VALUE_REFUND,APPROVED
order_102342,return_302342,customer_1358,agent_025,1,Normal refund approval with evidence and reasonable timing,normal,,APPROVED
order_102112,return_302112,customer_0093,agent_017,1,Normal refund approval with evidence and reasonable timing,normal,,APPROVED
order_101971,return_301971,customer_1032,agent_020,1,Normal refund approval with evidence and reasonable timing,normal,,DECLINED
order_104420,return_304420,customer_1553,agent_702,7,Support agent with unusually high approval rate,fraud,AGENT_HIGH_APPROVAL_RATE,APPROVED
order_104587,return_304587,customer_8003,agent_803,8,Repeated agent-customer approval pattern,fraud,REPEATED_AGENT_CUSTOMER_PAIR,APPROVED
order_100486,return_300486,customer_0902,agent_022,1,Normal refund approval with evidence and reasonable timing,normal,,DECLINED
order_103730,return_303730,customer_0686,agent_102,4,Very fast approval by support agent,fraud,FAST_APPROVAL,APPROVED
order_104585,return_304585,customer_8001,agent_801,8,Repeated agent-customer approval pattern,fraud,REPEATED_AGENT_CUSTOMER_PAIR,APPROVED
order_101960,return_301960,customer_0661,agent_029,1,Normal refund approval with evidence and reasonable timing,normal,,APPROVED
order_102560,return_302560,customer_0488,agent_015,1,Normal refund approval with evidence and reasonable timing,normal,,APPROVED
order_102017,return_302017,customer_0990,agent_029,1,Normal refund approval with evidence and reasonable timing,normal,,DECLINED
order_104590,return_304590,customer_8003,agent_803,8,Repeated agent-customer approval pattern,fraud,REPEATED_AGENT_CUSTOMER_PAIR,APPROVED
order_100830,return_300830,customer_1164,agent_011,1,Normal refund approval with evidence and reasonable timing,normal,,DECLINED
order_104702,return_304702,customer_8001,agent_801,8,Repeated agent-customer approval pattern,fraud,REPEATED_AGENT_CUSTOMER_PAIR,APPROVED
order_103311,return_303311,customer_0124,agent_028,3,Full-amount refund approved for expensive order,fraud,FULL_AMOUNT_REFUND;HIGH_VALUE_REFUND,APPROVED
order_100885,return_300885,customer_0084,agent_015,1,Normal refund approval with evidence and reasonable timing,normal,,APPROVED
order_102446,return_302446,customer_1678,agent_004,1,Normal refund approval with evidence and reasonable timing,normal,,APPROVED
order_103829,return_303829,customer_1943,agent_023,5,Manual override on high-value refund,fraud,MANUAL_OVERRIDE;HIGH_VALUE_REFUND,APPROVED
order_100569,return_300569,customer_1986,agent_012,1,Normal refund approval with evidence and reasonable timing,normal,,APPROVED
order_103745,return_303745,customer_1533,agent_101,4,Very fast approval by support agent,fraud,FAST_APPROVAL,APPROVED
order_103501,return_303501,customer_1126,agent_102,3,Full-amount refund approved for expensive order,fraud,FULL_AMOUNT_REFUND;HIGH_VALUE_REFUND,APPROVED
order_103734,return_303734,customer_1550,agent_103,4,Very fast approval by support agent,fraud,FAST_APPROVAL,APPROVED
order_101940,return_301940,customer_1395,agent_007,1,Normal refund approval with evidence and reasonable timing,normal,,APPROVED
order_101555,return_301555,customer_0898,agent_002,1,Normal refund approval with evidence and reasonable timing,normal,,DECLINED
order_104783,return_304783,customer_9905,agent_902,9,"Suspicious cluster: same agent, frequent customer returns, manual overrides",fraud,SUSPICIOUS_CLUSTER;NO_EVIDENCE;MANUAL_OVERRIDE;HIGH_VALUE_REFUND,APPROVED
order_104581,return_304581,customer_8003,agent_803,8,Repeated agent-customer approval pattern,fraud,REPEATED_AGENT_CUSTOMER_PAIR,APPROVED
order_102048,return_302048,customer_0278,agent_005,1,Normal refund approval with evidence and reasonable timing,normal,,APPROVED
order_104709,return_304709,customer_8002,agent_802,8,Repeated agent-customer approval pattern,fraud,REPEATED_AGENT_CUSTOMER_PAIR,APPROVED
order_100781,return_300781,customer_0247,agent_008,1,Normal refund approval with evidence and reasonable timing,normal,,DECLINED
order_102482,return_302482,customer_1790,agent_015,1,Normal refund approval with evidence and reasonable timing,normal,,APPROVED
order_103030,return_303030,customer_1271,agent_024,2,High-value refund approved without evidence,fraud,NO_EVIDENCE;HIGH_VALUE_REFUND,APPROVED
order_100117,return_300117,customer_1855,agent_015,1,Normal refund approval with evidence and reasonable timing,normal,,DECLINED
order_102459,return_302459,customer_0432,agent_015,1,Normal refund approval with evidence and reasonable timing,normal,,APPROVED
order_104445,return_304445,customer_0179,agent_703,7,Support agent with unusually high approval rate,fraud,AGENT_HIGH_APPROVAL_RATE,APPROVED
order_104785,return_304785,customer_9904,agent_902,9,"Suspicious cluster: same agent, frequent customer returns, manual overrides",fraud,SUSPICIOUS_CLUSTER;NO_EVIDENCE;MANUAL_OVERRIDE;HIGH_VALUE_REFUND,APPROVED
order_104475,return_304475,customer_0711,agent_703,7,Support agent with unusually high approval rate,fraud,AGENT_HIGH_APPROVAL_RATE,APPROVED
order_102991,return_302991,customer_0070,agent_025,2,High-value refund approved without evidence,fraud,NO_EVIDENCE;HIGH_VALUE_REFUND,APPROVED
order_103087,return_303087,customer_1750,agent_007,2,High-value refund approved without evidence,fraud,NO_EVIDENCE;HIGH_VALUE_REFUND,APPROVED
order_103112,return_303112,customer_1540,agent_014,2,High-value refund approved without evidence,fraud,NO_EVIDENCE;HIGH_VALUE_REFUND,APPROVED
order_101380,return_301380,customer_1937,agent_002,1,Normal refund approval with evidence and reasonable timing,normal,,APPROVED
order_102133,return_302133,customer_1866,agent_010,1,Normal refund approval with evidence and reasonable timing,normal,,DECLINED
order_103014,return_303014,customer_0063,agent_013,2,High-value refund approved without evidence,fraud,NO_EVIDENCE;HIGH_VALUE_REFUND,APPROVED
order_102241,return_302241,customer_1052,agent_005,1,Normal refund approval with evidence and reasonable timing,normal,,APPROVED
order_103841,return_303841,customer_0446,agent_102,5,Manual override on high-value refund,fraud,MANUAL_OVERRIDE;HIGH_VALUE_REFUND,APPROVED
order_104257,return_304257,customer_9008,agent_030,6,Customer with frequent refund requests,fraud,CUSTOMER_FREQUENT_RETURNS,APPROVED
order_101803,return_301803,customer_1535,agent_025,1,Normal refund approval with evidence and reasonable timing,normal,,DECLINED
order_104483,return_304483,customer_0086,agent_702,7,Support agent with unusually high approval rate,fraud,AGENT_HIGH_APPROVAL_RATE,APPROVED
order_104429,return_304429,customer_0029,agent_702,7,Support agent with unusually high approval rate,fraud,AGENT_HIGH_APPROVAL_RATE,APPROVED
order_103876,return_303876,customer_0584,agent_013,5,Manual override on high-value refund,fraud,MANUAL_OVERRIDE;HIGH_VALUE_REFUND,APPROVED
order_103548,return_303548,customer_0618,agent_103,4,Very fast approval by support agent,fraud,FAST_APPROVAL,APPROVED
order_103869,return_303869,customer_1643,agent_021,5,Manual override on high-value refund,fraud,MANUAL_OVERRIDE;HIGH_VALUE_REFUND,APPROVED
order_102172,return_302172,customer_1319,agent_017,1,Normal refund approval with evidence and reasonable timing,normal,,APPROVED
order_102186,return_302186,customer_0553,agent_009,1,Normal refund approval with evidence and reasonable timing,normal,,APPROVED
order_100765,return_300765,customer_1214,agent_016,1,Normal refund approval with evidence and reasonable timing,normal,,APPROVED
order_103889,return_303889,customer_1222,agent_011,5,Manual override on high-value refund,fraud,MANUAL_OVERRIDE;HIGH_VALUE_REFUND,APPROVED
order_100510,return_300510,customer_0109,agent_009,1,Normal refund approval with evidence and reasonable timing,normal,,DECLINED
order_101574,return_301574,customer_1931,agent_020,1,Normal refund approval with evidence and reasonable timing,normal,,APPROVED
order_104239,return_304239,customer_9006,agent_103,6,Customer with frequent refund requests,fraud,CUSTOMER_FREQUENT_RETURNS,APPROVED
order_100299,return_300299,customer_0253,agent_006,1,Normal refund approval with evidence and reasonable timing,normal,,DECLINED
order_104124,return_304124,customer_9003,agent_028,6,Customer with frequent refund requests,fraud,CUSTOMER_FREQUENT_RETURNS,APPROVED
order_100008,return_300008,customer_1607,agent_008,1,Normal refund approval with evidence and reasonable timing,normal,,APPROVED
order_103940,return_303940,customer_0075,agent_102,5,Manual override on high-value refund,fraud,MANUAL_OVERRIDE;HIGH_VALUE_REFUND,APPROVED
order_103853,return_303853,customer_1154,agent_028,5,Manual override on high-value refund,fraud,MANUAL_OVERRIDE;HIGH_VALUE_REFUND,APPROVED
order_102468,return_302468,customer_1066,agent_008,1,Normal refund approval with evidence and reasonable timing,normal,,APPROVED
order_104645,return_304645,customer_8001,agent_801,8,Repeated agent-customer approval pattern,fraud,REPEATED_AGENT_CUSTOMER_PAIR,APPROVED
order_104741,return_304741,customer_8001,agent_801,8,Repeated agent-customer approval pattern,fraud,REPEATED_AGENT_CUSTOMER_PAIR,APPROVED
order_102170,return_302170,customer_0656,agent_008,1,Normal refund approval with evidence and reasonable timing,normal,,APPROVED
order_100471,return_300471,customer_0912,agent_027,1,Normal refund approval with evidence and reasonable timing,normal,,APPROVED
order_102975,return_302975,customer_1081,agent_019,2,High-value refund approved without evidence,fraud,NO_EVIDENCE;HIGH_VALUE_REFUND,APPROVED
order_101845,return_301845,customer_0355,agent_007,1,Normal refund approval with evidence and reasonable timing,normal,,APPROVED
order_102102,return_302102,customer_0652,agent_013,1,Normal refund approval with evidence and reasonable timing,normal,,APPROVED
order_102874,return_302874,customer_0668,agent_015,1,Normal refund approval with evidence and reasonable timing,normal,,APPROVED
order_104190,return_304190,customer_9005,agent_022,6,Customer with frequent refund requests,fraud,CUSTOMER_FREQUENT_RETURNS,APPROVED
order_103335,return_303335,customer_0784,agent_028,3,Full-amount refund approved for expensive order,fraud,FULL_AMOUNT_REFUND;HIGH_VALUE_REFUND,APPROVED
order_100281,return_300281,customer_1621,agent_017,1,Normal refund approval with evidence and reasonable timing,normal,,APPROVED
order_100396,return_300396,customer_0639,agent_014,1,Normal refund approval with evidence and reasonable timing,normal,,DECLINED
order_101342,return_301342,customer_1266,agent_015,1,Normal refund approval with evidence and reasonable timing,normal,,DECLINED
order_102417,return_302417,customer_0610,agent_012,1,Normal refund approval with evidence and reasonable timing,normal,,APPROVED
order_100922,return_300922,customer_1566,agent_021,1,Normal refund approval with evidence and reasonable timing,normal,,APPROVED
order_102142,return_302142,customer_1798,agent_018,1,Normal refund approval with evidence and reasonable timing,normal,,APPROVED
order_101298,return_301298,customer_1661,agent_020,1,Normal refund approval with evidence and reasonable timing,normal,,APPROVED
order_103480,return_303480,customer_0116,agent_005,3,Full-amount refund approved for expensive order,fraud,FULL_AMOUNT_REFUND;HIGH_VALUE_REFUND,APPROVED
order_100667,return_300667,customer_1996,agent_003,1,Normal refund approval with evidence and reasonable timing,normal,,DECLINED
order_101514,return_301514,customer_1104,agent_028,1,Normal refund approval with evidence and reasonable timing,normal,,APPROVED
order_100235,return_300235,customer_1431,agent_010,1,Normal refund approval with evidence and reasonable timing,normal,,APPROVED
order_103797,return_303797,customer_0865,agent_103,4,Very fast approval by support agent,fraud,FAST_APPROVAL,APPROVED
order_101980,return_301980,customer_1736,agent_003,1,Normal refund approval with evidence and reasonable timing,normal,,DECLINED
order_103874,return_303874,customer_0112,agent_028,5,Manual override on high-value refund,fraud,MANUAL_OVERRIDE;HIGH_VALUE_REFUND,APPROVED
order_100744,return_300744,customer_1411,agent_017,1,Normal refund approval with evidence and reasonable timing,normal,,APPROVED
order_102466,return_302466,customer_1746,agent_001,1,Normal refund approval with evidence and reasonable timing,normal,,DECLINED
order_101579,return_301579,customer_1841,agent_002,1,Normal refund approval with evidence and reasonable timing,normal,,APPROVED
order_104103,return_304103,customer_9006,agent_101,6,Customer with frequent refund requests,fraud,CUSTOMER_FREQUENT_RETURNS,APPROVED
order_102699,return_302699,customer_0953,agent_009,1,Normal refund approval with evidence and reasonable timing,normal,,APPROVED
order_100408,return_300408,customer_1241,agent_008,1,Normal refund approval with evidence and reasonable timing,normal,,APPROVED
order_104301,return_304301,customer_9004,agent_022,6,Customer with frequent refund requests,fraud,CUSTOMER_FREQUENT_RETURNS,APPROVED
order_102315,return_302315,customer_1995,agent_024,1,Normal refund approval with evidence and reasonable timing,normal,,DECLINED
order_102654,return_302654,customer_1579,agent_011,1,Normal refund approval with evidence and reasonable timing,normal,,DECLINED
order_102440,return_302440,customer_1922,agent_022,1,Normal refund approval with evidence and reasonable timing,normal,,APPROVED
order_101268,return_301268,customer_0819,agent_024,1,Normal refund approval with evidence and reasonable timing,normal,,APPROVED
order_103178,return_303178,customer_1663,agent_102,2,High-value refund approved without evidence,fraud,NO_EVIDENCE;HIGH_VALUE_REFUND,APPROVED
order_104508,return_304508,customer_0732,agent_703,7,Support agent with unusually high approval rate,fraud,AGENT_HIGH_APPROVAL_RATE,APPROVED
order_104941,return_304941,customer_9906,agent_902,9,"Suspicious cluster: same agent, frequent customer returns, manual overrides",fraud,SUSPICIOUS_CLUSTER;NO_EVIDENCE;MANUAL_OVERRIDE;HIGH_VALUE_REFUND,APPROVED
order_104598,return_304598,customer_8002,agent_802,8,Repeated agent-customer approval pattern,fraud,REPEATED_AGENT_CUSTOMER_PAIR,APPROVED
order_103753,return_303753,customer_1586,agent_103,4,Very fast approval by support agent,fraud,FAST_APPROVAL,APPROVED
order_103676,return_303676,customer_1624,agent_101,4,Very fast approval by support agent,fraud,FAST_APPROVAL,APPROVED
order_103646,return_303646,customer_1609,agent_101,4,Very fast approval by support agent,fraud,FAST_APPROVAL,APPROVED
order_104476,return_304476,customer_1243,agent_701,7,Support agent with unusually high approval rate,fraud,AGENT_HIGH_APPROVAL_RATE,APPROVED
order_100628,return_300628,customer_0645,agent_011,1,Normal refund approval with evidence and reasonable timing,normal,,APPROVED
order_102169,return_302169,customer_0050,agent_019,1,Normal refund approval with evidence and reasonable timing,normal,,APPROVED
order_104296,return_304296,customer_9007,agent_030,6,Customer with frequent refund requests,fraud,CUSTOMER_FREQUENT_RETURNS,APPROVED
order_103309,return_303309,customer_0588,agent_021,3,Full-amount refund approved for expensive order,fraud,FULL_AMOUNT_REFUND;HIGH_VALUE_REFUND,APPROVED
order_102987,return_302987,customer_0759,agent_013,2,High-value refund approved without evidence,fraud,NO_EVIDENCE;HIGH_VALUE_REFUND,APPROVED
order_102970,return_302970,customer_0991,agent_014,1,Normal refund approval with evidence and reasonable timing,normal,,APPROVED
order_104773,return_304773,customer_9906,agent_902,9,"Suspicious cluster: same agent, frequent customer returns, manual overrides",fraud,SUSPICIOUS_CLUSTER;NO_EVIDENCE;MANUAL_OVERRIDE;HIGH_VALUE_REFUND,APPROVED
order_101564,return_301564,customer_0126,agent_019,1,Normal refund approval with evidence and reasonable timing,normal,,DECLINED
order_101750,return_301750,customer_1782,agent_028,1,Normal refund approval with evidence and reasonable timing,normal,,DECLINED
order_103942,return_303942,customer_1455,agent_024,5,Manual override on high-value refund,fraud,MANUAL_OVERRIDE;HIGH_VALUE_REFUND,APPROVED
order_102256,return_302256,customer_0221,agent_023,1,Normal refund approval with evidence and reasonable timing,normal,,APPROVED
order_101290,return_301290,customer_0874,agent_029,1,Normal refund approval with evidence and reasonable timing,normal,,DECLINED
order_103258,return_303258,customer_0846,agent_022,3,Full-amount refund approved for expensive order,fraud,FULL_AMOUNT_REFUND;HIGH_VALUE_REFUND,APPROVED
order_100120,return_300120,customer_1926,agent_018,1,Normal refund approval with evidence and reasonable timing,normal,,APPROVED
order_100805,return_300805,customer_0005,agent_026,1,Normal refund approval with evidence and reasonable timing,normal,,APPROVED
order_103455,return_303455,customer_0596,agent_021,3,Full-amount refund approved for expensive order,fraud,FULL_AMOUNT_REFUND;HIGH_VALUE_REFUND,APPROVED
order_102856,return_302856,customer_1138,agent_028,1,Normal refund approval with evidence and reasonable timing,normal,,DECLINED
order_103124,return_303124,customer_0391,agent_002,2,High-value refund approved without evidence,fraud,NO_EVIDENCE;HIGH_VALUE_REFUND,APPROVED
order_102371,return_302371,customer_1996,agent_006,1,Normal refund approval with evidence and reasonable timing,normal,,APPROVED
order_100095,return_300095,customer_0370,agent_001,1,Normal refund approval with evidence and reasonable timing,normal,,APPROVED
order_100900,return_300900,customer_0019,agent_009,1,Normal refund approval with evidence and reasonable timing,normal,,APPROVED
order_101132,return_301132,customer_1426,agent_002,1,Normal refund approval with evidence and reasonable timing,normal,,APPROVED
order_102858,return_302858,customer_1850,agent_006,1,Normal refund approval with evidence and reasonable timing,normal,,DECLINED
order_101420,return_301420,customer_1326,agent_019,1,Normal refund approval with evidence and reasonable timing,normal,,APPROVED
order_102958,return_302958,customer_1136,agent_019,1,Normal refund approval with evidence and reasonable timing,normal,,APPROVED
order_103986,return_303986,customer_0441,agent_016,5,Manual override on high-value refund,fraud,MANUAL_OVERRIDE;HIGH_VALUE_REFUND,APPROVED
order_102309,return_302309,customer_1091,agent_010,1,Normal refund approval with evidence and reasonable timing,normal,,DECLINED
order_103607,return_303607,customer_0978,agent_103,4,Very fast approval by support agent,fraud,FAST_APPROVAL,APPROVED
order_103047,return_303047,customer_0595,agent_028,2,High-value refund approved without evidence,fraud,NO_EVIDENCE;HIGH_VALUE_REFUND,APPROVED
order_102656,return_302656,customer_1414,agent_007,1,Normal refund approval with evidence and reasonable timing,normal,,APPROVED
order_104717,return_304717,customer_8001,agent_801,8,Repeated agent-customer approval pattern,fraud,REPEATED_AGENT_CUSTOMER_PAIR,APPROVED
order_101199,return_301199,customer_0134,agent_007,1,Normal refund approval with evidence and reasonable timing,normal,,APPROVED
order_104390,return_304390,customer_1457,agent_702,7,Support agent with unusually high approval rate,fraud,AGENT_HIGH_APPROVAL_RATE,APPROVED
order_101367,return_301367,customer_0210,agent_002,1,Normal refund approval with evidence and reasonable timing,normal,,APPROVED
order_104317,return_304317,customer_9004,agent_102,6,Customer with frequent refund requests,fraud,CUSTOMER_FREQUENT_RETURNS,APPROVED
order_100884,return_300884,customer_1899,agent_016,1,Normal refund approval with evidence and reasonable timing,normal,,DECLINED
order_100550,return_300550,customer_0884,agent_025,1,Normal refund approval with evidence and reasonable timing,normal,,APPROVED
order_100566,return_300566,customer_0877,agent_004,1,Normal refund approval with evidence and reasonable timing,normal,,DECLINED
order_100135,return_300135,customer_1623,agent_007,1,Normal refund approval with evidence and reasonable timing,normal,,APPROVED
order_103880,return_303880,customer_0026,agent_103,5,Manual override on high-value refund,fraud,MANUAL_OVERRIDE;HIGH_VALUE_REFUND,APPROVED
order_104324,return_304324,customer_0552,agent_702,7,Support agent with unusually high approval rate,fraud,AGENT_HIGH_APPROVAL_RATE,APPROVED
order_102755,return_302755,customer_1333,agent_016,1,Normal refund approval with evidence and reasonable timing,normal,,DECLINED
order_101881,return_301881,customer_0852,agent_029,1,Normal refund approval with evidence and reasonable timing,normal,,APPROVED
order_103832,return_303832,customer_0356,agent_029,5,Manual override on high-value refund,fraud,MANUAL_OVERRIDE;HIGH_VALUE_REFUND,APPROVED
order_100371,return_300371,customer_0499,agent_025,1,Normal refund approval with evidence and reasonable timing,normal,,APPROVED
order_102919,return_302919,customer_1562,agent_021,1,Normal refund approval with evidence and reasonable timing,normal,,APPROVED
order_100425,return_300425,customer_1194,agent_013,1,Normal refund approval with evidence and reasonable timing,normal,,APPROVED
order_104057,return_304057,customer_0901,agent_026,5,Manual override on high-value refund,fraud,MANUAL_OVERRIDE;HIGH_VALUE_REFUND,APPROVED
order_103754,return_303754,customer_1146,agent_102,4,Very fast approval by support agent,fraud,FAST_APPROVAL,APPROVED
order_101481,return_301481,customer_1258,agent_008,1,Normal refund approval with evidence and reasonable timing,normal,,APPROVED
order_104821,return_304821,customer_9905,agent_902,9,"Suspicious cluster: same agent, frequent customer returns, manual overrides",fraud,SUSPICIOUS_CLUSTER;NO_EVIDENCE;MANUAL_OVERRIDE;HIGH_VALUE_REFUND,APPROVED
order_101594,return_301594,customer_1156,agent_012,1,Normal refund approval with evidence and reasonable timing,normal,,DECLINED
order_100855,return_300855,customer_1222,agent_014,1,Normal refund approval with evidence and reasonable timing,normal,,DECLINED
order_104663,return_304663,customer_8001,agent_801,8,Repeated agent-customer approval pattern,fraud,REPEATED_AGENT_CUSTOMER_PAIR,APPROVED
order_101647,return_301647,customer_1543,agent_013,1,Normal refund approval with evidence and reasonable timing,normal,,APPROVED
order_101284,return_301284,customer_1211,agent_024,1,Normal refund approval with evidence and reasonable timing,normal,,APPROVED
order_101865,return_301865,customer_0001,agent_013,1,Normal refund approval with evidence and reasonable timing,normal,,DECLINED
order_101224,return_301224,customer_0795,agent_006,1,Normal refund approval with evidence and reasonable timing,normal,,APPROVED
order_104012,return_304012,customer_0381,agent_029,5,Manual override on high-value refund,fraud,MANUAL_OVERRIDE;HIGH_VALUE_REFUND,APPROVED
order_104854,return_304854,customer_9901,agent_901,9,"Suspicious cluster: same agent, frequent customer returns, manual overrides",fraud,SUSPICIOUS_CLUSTER;NO_EVIDENCE;MANUAL_OVERRIDE;HIGH_VALUE_REFUND,APPROVED
order_103184,return_303184,customer_0634,agent_027,2,High-value refund approved without evidence,fraud,NO_EVIDENCE;HIGH_VALUE_REFUND,APPROVED
order_102947,return_302947,customer_0407,agent_023,1,Normal refund approval with evidence and reasonable timing,normal,,APPROVED
order_102774,return_302774,customer_0604,agent_008,1,Normal refund approval with evidence and reasonable timing,normal,,APPROVED
order_100004,return_300004,customer_1903,agent_004,1,Normal refund approval with evidence and reasonable timing,normal,,APPROVED
order_101573,return_301573,customer_1452,agent_002,1,Normal refund approval with evidence and reasonable timing,normal,,APPROVED
order_104225,return_304225,customer_9008,agent_012,6,Customer with frequent refund requests,fraud,CUSTOMER_FREQUENT_RETURNS,APPROVED
order_101227,return_301227,customer_1786,agent_021,1,Normal refund approval with evidence and reasonable timing,normal,,APPROVED
order_102520,return_302520,customer_0933,agent_024,1,Normal refund approval with evidence and reasonable timing,normal,,DECLINED
order_104150,return_304150,customer_9005,agent_030,6,Customer with frequent refund requests,fraud,CUSTOMER_FREQUENT_RETURNS,APPROVED
order_104566,return_304566,customer_8003,agent_803,8,Repeated agent-customer approval pattern,fraud,REPEATED_AGENT_CUSTOMER_PAIR,APPROVED
order_102251,return_302251,customer_1743,agent_016,1,Normal refund approval with evidence and reasonable timing,normal,,APPROVED
order_104781,return_304781,customer_9904,agent_902,9,"Suspicious cluster: same agent, frequent customer returns, manual overrides",fraud,SUSPICIOUS_CLUSTER;NO_EVIDENCE;MANUAL_OVERRIDE;HIGH_VALUE_REFUND,APPROVED
order_104846,return_304846,customer_9903,agent_901,9,"Suspicious cluster: same agent, frequent customer returns, manual overrides",fraud,SUSPICIOUS_CLUSTER;NO_EVIDENCE;MANUAL_OVERRIDE;HIGH_VALUE_REFUND,APPROVED
order_100901,return_300901,customer_1344,agent_012,1,Normal refund approval with evidence and reasonable timing,normal,,APPROVED
order_103990,return_303990,customer_0626,agent_023,5,Manual override on high-value refund,fraud,MANUAL_OVERRIDE;HIGH_VALUE_REFUND,APPROVED
order_104009,return_304009,customer_1424,agent_011,5,Manual override on high-value refund,fraud,MANUAL_OVERRIDE;HIGH_VALUE_REFUND,APPROVED
order_101111,return_301111,customer_0894,agent_019,1,Normal refund approval with evidence and reasonable timing,normal,,APPROVED
order_104454,return_304454,customer_1499,agent_703,7,Support agent with unusually high approval rate,fraud,AGENT_HIGH_APPROVAL_RATE,APPROVED
order_101057,return_301057,customer_0503,agent_015,1,Normal refund approval with evidence and reasonable timing,normal,,APPROVED
order_101814,return_301814,customer_0281,agent_019,1,Normal refund approval with evidence and reasonable timing,normal,,APPROVED
order_100549,return_300549,customer_1755,agent_005,1,Normal refund approval with evidence and reasonable timing,normal,,APPROVED
order_104857,return_304857,customer_9905,agent_902,9,"Suspicious cluster: same agent, frequent customer returns, manual overrides",fraud,SUSPICIOUS_CLUSTER;NO_EVIDENCE;MANUAL_OVERRIDE;HIGH_VALUE_REFUND,APPROVED
order_101209,return_301209,customer_1691,agent_010,1,Normal refund approval with evidence and reasonable timing,normal,,APPROVED
order_102907,return_302907,customer_0418,agent_010,1,Normal refund approval with evidence and reasonable timing,normal,,APPROVED
order_103153,return_303153,customer_1704,agent_005,2,High-value refund approved without evidence,fraud,NO_EVIDENCE;HIGH_VALUE_REFUND,APPROVED
order_102653,return_302653,customer_0464,agent_005,1,Normal refund approval with evidence and reasonable timing,normal,,APPROVED
order_103615,return_303615,customer_0897,agent_103,4,Very fast approval by support agent,fraud,FAST_APPROVAL,APPROVED
order_103565,return_303565,customer_1077,agent_103,4,Very fast approval by support agent,fraud,FAST_APPROVAL,APPROVED
order_102948,return_302948,customer_1935,agent_012,1,Normal refund approval with evidence and reasonable timing,normal,,DECLINED
order_100789,return_300789,customer_0094,agent_010,1,Normal refund approval with evidence and reasonable timing,normal,,APPROVED
order_101164,return_301164,customer_1040,agent_006,1,Normal refund approval with evidence and reasonable timing,normal,,APPROVED
order_101804,return_301804,customer_1192,agent_004,1,Normal refund approval with evidence and reasonable timing,normal,,DECLINED
order_102788,return_302788,customer_1002,agent_006,1,Normal refund approval with evidence and reasonable timing,normal,,APPROVED
order_104608,return_304608,customer_8003,agent_803,8,Repeated agent-customer approval pattern,fraud,REPEATED_AGENT_CUSTOMER_PAIR,APPROVED
order_100263,return_300263,customer_1234,agent_006,1,Normal refund approval with evidence and reasonable timing,normal,,APPROVED
order_103837,return_303837,customer_0042,agent_030,5,Manual override on high-value refund,fraud,MANUAL_OVERRIDE;HIGH_VALUE_REFUND,APPROVED
order_103643,return_303643,customer_1194,agent_103,4,Very fast approval by support agent,fraud,FAST_APPROVAL,APPROVED
order_102598,return_302598,customer_0513,agent_018,1,Normal refund approval with evidence and reasonable timing,normal,,APPROVED
order_103040,return_303040,customer_1430,agent_014,2,High-value refund approved without evidence,fraud,NO_EVIDENCE;HIGH_VALUE_REFUND,APPROVED
order_102372,return_302372,customer_1564,agent_028,1,Normal refund approval with evidence and reasonable timing,normal,,APPROVED
order_103182,return_303182,customer_0787,agent_101,2,High-value refund approved without evidence,fraud,NO_EVIDENCE;HIGH_VALUE_REFUND,APPROVED
order_103065,return_303065,customer_0315,agent_024,2,High-value refund approved without evidence,fraud,NO_EVIDENCE;HIGH_VALUE_REFUND,APPROVED
order_102633,return_302633,customer_1716,agent_009,1,Normal refund approval with evidence and reasonable timing,normal,,APPROVED
order_100950,return_300950,customer_0178,agent_009,1,Normal refund approval with evidence and reasonable timing,normal,,APPROVED
order_103267,return_303267,customer_1638,agent_103,3,Full-amount refund approved for expensive order,fraud,FULL_AMOUNT_REFUND;HIGH_VALUE_REFUND,APPROVED
order_103943,return_303943,customer_0501,agent_018,5,Manual override on high-value refund,fraud,MANUAL_OVERRIDE;HIGH_VALUE_REFUND,APPROVED
order_100192,return_300192,customer_1515,agent_025,1,Normal refund approval with evidence and reasonable timing,normal,,APPROVED
order_100942,return_300942,customer_1141,agent_023,1,Normal refund approval with evidence and reasonable timing,normal,,DECLINED
order_103861,return_303861,customer_1468,agent_001,5,Manual override on high-value refund,fraud,MANUAL_OVERRIDE;HIGH_VALUE_REFUND,APPROVED
order_104903,return_304903,customer_9904,agent_902,9,"Suspicious cluster: same agent, frequent customer returns, manual overrides",fraud,SUSPICIOUS_CLUSTER;NO_EVIDENCE;MANUAL_OVERRIDE;HIGH_VALUE_REFUND,APPROVED
order_103052,return_303052,customer_1599,agent_018,2,High-value refund approved without evidence,fraud,NO_EVIDENCE;HIGH_VALUE_REFUND,APPROVED
order_101843,return_301843,customer_1118,agent_002,1,Normal refund approval with evidence and reasonable timing,normal,,DECLINED
order_100520,return_300520,customer_1581,agent_015,1,Normal refund approval with evidence and reasonable timing,normal,,DECLINED
order_103631,return_303631,customer_1518,agent_103,4,Very fast approval by support agent,fraud,FAST_APPROVAL,APPROVED
order_104133,return_304133,customer_9004,agent_026,6,Customer with frequent refund requests,fraud,CUSTOMER_FREQUENT_RETURNS,APPROVED
order_101896,return_301896,customer_1589,agent_024,1,Normal refund approval with evidence and reasonable timing,normal,,APPROVED
order_103660,return_303660,customer_0524,agent_101,4,Very fast approval by support agent,fraud,FAST_APPROVAL,APPROVED
order_100068,return_300068,customer_0206,agent_028,1,Normal refund approval with evidence and reasonable timing,normal,,APPROVED
order_102248,return_302248,customer_1400,agent_026,1,Normal refund approval with evidence and reasonable timing,normal,,DECLINED
order_101490,return_301490,customer_1731,agent_002,1,Normal refund approval with evidence and reasonable timing,normal,,DECLINED
order_103677,return_303677,customer_0632,agent_102,4,Very fast approval by support agent,fraud,FAST_APPROVAL,APPROVED
order_100102,return_300102,customer_0217,agent_028,1,Normal refund approval with evidence and reasonable timing,normal,,APPROVED
order_103244,return_303244,customer_0385,agent_014,2,High-value refund approved without evidence,fraud,NO_EVIDENCE;HIGH_VALUE_REFUND,APPROVED
order_100786,return_300786,customer_1521,agent_021,1,Normal refund approval with evidence and reasonable timing,normal,,DECLINED
order_104087,return_304087,customer_9006,agent_101,6,Customer with frequent refund requests,fraud,CUSTOMER_FREQUENT_RETURNS,APPROVED
order_101528,return_301528,customer_1353,agent_022,1,Normal refund approval with evidence and reasonable timing,normal,,APPROVED
order_103928,return_303928,customer_0436,agent_102,5,Manual override on high-value refund,fraud,MANUAL_OVERRIDE;HIGH_VALUE_REFUND,APPROVED
order_101257,return_301257,customer_0503,agent_002,1,Normal refund approval with evidence and reasonable timing,normal,,APPROVED
order_103144,return_303144,customer_0580,agent_022,2,High-value refund approved without evidence,fraud,NO_EVIDENCE;HIGH_VALUE_REFUND,APPROVED
order_102942,return_302942,customer_1443,agent_014,1,Normal refund approval with evidence and reasonable timing,normal,,APPROVED
order_102005,return_302005,customer_1307,agent_021,1,Normal refund approval with evidence and reasonable timing,normal,,DECLINED
order_100006,return_300006,customer_1843,agent_015,1,Normal refund approval with evidence and reasonable timing,normal,,APPROVED
order_103839,return_303839,customer_1706,agent_101,5,Manual override on high-value refund,fraud,MANUAL_OVERRIDE;HIGH_VALUE_REFUND,APPROVED
order_100701,return_300701,customer_1548,agent_003,1,Normal refund approval with evidence and reasonable timing,normal,,APPROVED
order_100476,return_300476,customer_1138,agent_007,1,Normal refund approval with evidence and reasonable timing,normal,,APPROVED
order_101977,return_301977,customer_1527,agent_005,1,Normal refund approval with evidence and reasonable timing,normal,,APPROVED
order_103627,return_303627,customer_1581,agent_101,4,Very fast approval by support agent,fraud,FAST_APPROVAL,APPROVED
order_100833,return_300833,customer_1411,agent_018,1,Normal refund approval with evidence and reasonable timing,normal,,DECLINED
order_101061,return_301061,customer_0231,agent_025,1,Normal refund approval with evidence and reasonable timing,normal,,APPROVED
order_101108,return_301108,customer_0536,agent_024,1,Normal refund approval with evidence and reasonable timing,normal,,APPROVED
order_103522,return_303522,customer_1249,agent_026,3,Full-amount refund approved for expensive order,fraud,FULL_AMOUNT_REFUND;HIGH_VALUE_REFUND,APPROVED
order_104878,return_304878,customer_9902,agent_901,9,"Suspicious cluster: same agent, frequent customer returns, manual overrides",fraud,SUSPICIOUS_CLUSTER;NO_EVIDENCE;MANUAL_OVERRIDE;HIGH_VALUE_REFUND,APPROVED
order_104371,return_304371,customer_0814,agent_701,7,Support agent with unusually high approval rate,fraud,AGENT_HIGH_APPROVAL_RATE,APPROVED
order_101041,return_301041,customer_1361,agent_012,1,Normal refund approval with evidence and reasonable timing,normal,,APPROVED
order_103731,return_303731,customer_0700,agent_101,4,Very fast approval by support agent,fraud,FAST_APPROVAL,APPROVED
order_104670,return_304670,customer_8002,agent_802,8,Repeated agent-customer approval pattern,fraud,REPEATED_AGENT_CUSTOMER_PAIR,APPROVED
order_103675,return_303675,customer_0395,agent_102,4,Very fast approval by support agent,fraud,FAST_APPROVAL,APPROVED
order_100116,return_300116,customer_0513,agent_028,1,Normal refund approval with evidence and reasonable timing,normal,,DECLINED
order_102575,return_302575,customer_1122,agent_029,1,Normal refund approval with evidence and reasonable timing,normal,,APPROVED
order_101672,return_301672,customer_1744,agent_025,1,Normal refund approval with evidence and reasonable timing,normal,,DECLINED
order_104925,return_304925,customer_9904,agent_902,9,"Suspicious cluster: same agent, frequent customer returns, manual overrides",fraud,SUSPICIOUS_CLUSTER;NO_EVIDENCE;MANUAL_OVERRIDE;HIGH_VALUE_REFUND,APPROVED
order_100799,return_300799,customer_0293,agent_009,1,Normal refund approval with evidence and reasonable timing,normal,,APPROVED
order_101020,return_301020,customer_1429,agent_018,1,Normal refund approval with evidence and reasonable timing,normal,,DECLINED
order_101469,return_301469,customer_0113,agent_014,1,Normal refund approval with evidence and reasonable timing,normal,,DECLINED
order_104885,return_304885,customer_9906,agent_902,9,"Suspicious cluster: same agent, frequent customer returns, manual overrides",fraud,SUSPICIOUS_CLUSTER;NO_EVIDENCE;MANUAL_OVERRIDE;HIGH_VALUE_REFUND,APPROVED
order_103321,return_303321,customer_1256,agent_005,3,Full-amount refund approved for expensive order,fraud,FULL_AMOUNT_REFUND;HIGH_VALUE_REFUND,APPROVED
order_103555,return_303555,customer_0193,agent_101,4,Very fast approval by support agent,fraud,FAST_APPROVAL,APPROVED
order_104649,return_304649,customer_8002,agent_802,8,Repeated agent-customer approval pattern,fraud,REPEATED_AGENT_CUSTOMER_PAIR,APPROVED
order_100028,return_300028,customer_1610,agent_014,1,Normal refund approval with evidence and reasonable timing,normal,,APPROVED
order_102086,return_302086,customer_0273,agent_013,1,Normal refund approval with evidence and reasonable timing,normal,,APPROVED
order_100689,return_300689,customer_1482,agent_008,1,Normal refund approval with evidence and reasonable timing,normal,,DECLINED
order_103460,return_303460,customer_1368,agent_103,3,Full-amount refund approved for expensive order,fraud,FULL_AMOUNT_REFUND;HIGH_VALUE_REFUND,APPROVED
order_100088,return_300088,customer_1975,agent_021,1,Normal refund approval with evidence and reasonable timing,normal,,APPROVED
order_101332,return_301332,customer_0369,agent_017,1,Normal refund approval with evidence and reasonable timing,normal,,DECLINED
order_100871,return_300871,customer_0034,agent_008,1,Normal refund approval with evidence and reasonable timing,normal,,APPROVED
order_103694,return_303694,customer_1895,agent_102,4,Very fast approval by support agent,fraud,FAST_APPROVAL,APPROVED
order_101600,return_301600,customer_1094,agent_001,1,Normal refund approval with evidence and reasonable timing,normal,,APPROVED
order_103668,return_303668,customer_0645,agent_102,4,Very fast approval by support agent,fraud,FAST_APPROVAL,APPROVED
order_101667,return_301667,customer_0379,agent_009,1,Normal refund approval with evidence and reasonable timing,normal,,APPROVED
order_100587,return_300587,customer_1924,agent_026,1,Normal refund approval with evidence and reasonable timing,normal,,APPROVED
order_104245,return_304245,customer_9004,agent_010,6,Customer with frequent refund requests,fraud,CUSTOMER_FREQUENT_RETURNS,APPROVED
order_101470,return_301470,customer_1438,agent_022,1,Normal refund approval with evidence and reasonable timing,normal,,DECLINED
order_103667,return_303667,customer_0669,agent_103,4,Very fast approval by support agent,fraud,FAST_APPROVAL,APPROVED
order_103715,return_303715,customer_1498,agent_103,4,Very fast approval by support agent,fraud,FAST_APPROVAL,APPROVED
order_102603,return_302603,customer_0934,agent_030,1,Normal refund approval with evidence and reasonable timing,normal,,APPROVED
order_100498,return_300498,customer_0736,agent_030,1,Normal refund approval with evidence and reasonable timing,normal,,DECLINED
order_103458,return_303458,customer_1153,agent_019,3,Full-amount refund approved for expensive order,fraud,FULL_AMOUNT_REFUND;HIGH_VALUE_REFUND,APPROVED
order_104833,return_304833,customer_9906,agent_902,9,"Suspicious cluster: same agent, frequent customer returns, manual overrides",fraud,SUSPICIOUS_CLUSTER;NO_EVIDENCE;MANUAL_OVERRIDE;HIGH_VALUE_REFUND,APPROVED
order_104623,return_304623,customer_8003,agent_803,8,Repeated agent-customer approval pattern,fraud,REPEATED_AGENT_CUSTOMER_PAIR,APPROVED
order_103934,return_303934,customer_1012,agent_012,5,Manual override on high-value refund,fraud,MANUAL_OVERRIDE;HIGH_VALUE_REFUND,APPROVED
order_101012,return_301012,customer_0915,agent_001,1,Normal refund approval with evidence and reasonable timing,normal,,APPROVED
order_104085,return_304085,customer_9004,agent_015,6,Customer with frequent refund requests,fraud,CUSTOMER_FREQUENT_RETURNS,APPROVED
order_101775,return_301775,customer_1183,agent_025,1,Normal refund approval with evidence and reasonable timing,normal,,APPROVED
order_100196,return_300196,customer_0054,agent_004,1,Normal refund approval with evidence and reasonable timing,normal,,DECLINED
order_104936,return_304936,customer_9901,agent_901,9,"Suspicious cluster: same agent, frequent customer returns, manual overrides",fraud,SUSPICIOUS_CLUSTER;NO_EVIDENCE;MANUAL_OVERRIDE;HIGH_VALUE_REFUND,APPROVED
order_102295,return_302295,customer_1169,agent_028,1,Normal refund approval with evidence and reasonable timing,normal,,DECLINED
order_100445,return_300445,customer_1022,agent_028,1,Normal refund approval with evidence and reasonable timing,normal,,APPROVED
order_102209,return_302209,customer_1047,agent_004,1,Normal refund approval with evidence and reasonable timing,normal,,APPROVED
order_104689,return_304689,customer_8003,agent_803,8,Repeated agent-customer approval pattern,fraud,REPEATED_AGENT_CUSTOMER_PAIR,APPROVED
order_102395,return_302395,customer_0574,agent_013,1,Normal refund approval with evidence and reasonable timing,normal,,DECLINED
order_100233,return_300233,customer_1890,agent_002,1,Normal refund approval with evidence and reasonable timing,normal,,DECLINED
order_103444,return_303444,customer_1519,agent_103,3,Full-amount refund approved for expensive order,fraud,FULL_AMOUNT_REFUND;HIGH_VALUE_REFUND,APPROVED
order_102960,return_302960,customer_0976,agent_017,1,Normal refund approval with evidence and reasonable timing,normal,,APPROVED
order_104674,return_304674,customer_8003,agent_803,8,Repeated agent-customer approval pattern,fraud,REPEATED_AGENT_CUSTOMER_PAIR,APPROVED
order_102939,return_302939,customer_1068,agent_003,1,Normal refund approval with evidence and reasonable timing,normal,,DECLINED
order_100387,return_300387,customer_1800,agent_030,1,Normal refund approval with evidence and reasonable timing,normal,,APPROVED
order_103778,return_303778,customer_0883,agent_102,4,Very fast approval by support agent,fraud,FAST_APPROVAL,APPROVED
order_103681,return_303681,customer_1035,agent_102,4,Very fast approval by support agent,fraud,FAST_APPROVAL,APPROVED
order_102349,return_302349,customer_0979,agent_013,1,Normal refund approval with evidence and reasonable timing,normal,,APPROVED
order_101552,return_301552,customer_1469,agent_013,1,Normal refund approval with evidence and reasonable timing,normal,,DECLINED
order_100374,return_300374,customer_0496,agent_024,1,Normal refund approval with evidence and reasonable timing,normal,,APPROVED
order_103746,return_303746,customer_0661,agent_101,4,Very fast approval by support agent,fraud,FAST_APPROVAL,APPROVED
order_103487,return_303487,customer_1730,agent_028,3,Full-amount refund approved for expensive order,fraud,FULL_AMOUNT_REFUND;HIGH_VALUE_REFUND,APPROVED
order_102319,return_302319,customer_1267,agent_027,1,Normal refund approval with evidence and reasonable timing,normal,,APPROVED
order_104955,return_304955,customer_9906,agent_902,9,"Suspicious cluster: same agent, frequent customer returns, manual overrides",fraud,SUSPICIOUS_CLUSTER;NO_EVIDENCE;MANUAL_OVERRIDE;HIGH_VALUE_REFUND,APPROVED
order_101439,return_301439,customer_0168,agent_021,1,Normal refund approval with evidence and reasonable timing,normal,,APPROVED
order_103081,return_303081,customer_0009,agent_030,2,High-value refund approved without evidence,fraud,NO_EVIDENCE;HIGH_VALUE_REFUND,APPROVED
order_101785,return_301785,customer_1233,agent_015,1,Normal refund approval with evidence and reasonable timing,normal,,APPROVED
order_104803,return_304803,customer_9905,agent_902,9,"Suspicious cluster: same agent, frequent customer returns, manual overrides",fraud,SUSPICIOUS_CLUSTER;NO_EVIDENCE;MANUAL_OVERRIDE;HIGH_VALUE_REFUND,APPROVED
order_103474,return_303474,customer_0656,agent_025,3,Full-amount refund approved for expensive order,fraud,FULL_AMOUNT_REFUND;HIGH_VALUE_REFUND,APPROVED
order_101160,return_301160,customer_1661,agent_001,1,Normal refund approval with evidence and reasonable timing,normal,,APPROVED
order_100091,return_300091,customer_0852,agent_013,1,Normal refund approval with evidence and reasonable timing,normal,,APPROVED
order_103658,return_303658,customer_1824,agent_103,4,Very fast approval by support agent,fraud,FAST_APPROVAL,APPROVED
order_100785,return_300785,customer_1519,agent_012,1,Normal refund approval with evidence and reasonable timing,normal,,APPROVED
order_102847,return_302847,customer_1119,agent_017,1,Normal refund approval with evidence and reasonable timing,normal,,APPROVED
order_102643,return_302643,customer_0280,agent_003,1,Normal refund approval with evidence and reasonable timing,normal,,APPROVED
order_100646,return_300646,customer_0093,agent_019,1,Normal refund approval with evidence and reasonable timing,normal,,APPROVED
order_104269,return_304269,customer_9004,agent_102,6,Customer with frequent refund requests,fraud,CUSTOMER_FREQUENT_RETURNS,APPROVED
order_101786,return_301786,customer_1801,agent_024,1,Normal refund approval with evidence and reasonable timing,normal,,APPROVED
order_100364,return_300364,customer_0821,agent_017,1,Normal refund approval with evidence and reasonable timing,normal,,DECLINED
order_100767,return_300767,customer_1302,agent_010,1,Normal refund approval with evidence and reasonable timing,normal,,APPROVED
order_102617,return_302617,customer_0092,agent_005,1,Normal refund approval with evidence and reasonable timing,normal,,APPROVED
order_103318,return_303318,customer_1632,agent_013,3,Full-amount refund approved for expensive order,fraud,FULL_AMOUNT_REFUND;HIGH_VALUE_REFUND,APPROVED
order_103324,return_303324,customer_0874,agent_024,3,Full-amount refund approved for expensive order,fraud,FULL_AMOUNT_REFUND;HIGH_VALUE_REFUND,APPROVED
order_102480,return_302480,customer_0996,agent_024,1,Normal refund approval with evidence and reasonable timing,normal,,APPROVED
order_104904,return_304904,customer_9902,agent_901,9,"Suspicious cluster: same agent, frequent customer returns, manual overrides",fraud,SUSPICIOUS_CLUSTER;NO_EVIDENCE;MANUAL_OVERRIDE;HIGH_VALUE_REFUND,APPROVED
order_104489,return_304489,customer_1150,agent_702,7,Support agent with unusually high approval rate,fraud,AGENT_HIGH_APPROVAL_RATE,APPROVED
order_103216,return_303216,customer_0033,agent_028,2,High-value refund approved without evidence,fraud,NO_EVIDENCE;HIGH_VALUE_REFUND,APPROVED
order_101524,return_301524,customer_1369,agent_029,1,Normal refund approval with evidence and reasonable timing,normal,,DECLINED
order_103540,return_303540,customer_0177,agent_102,4,Very fast approval by support agent,fraud,FAST_APPROVAL,APPROVED
order_100367,return_300367,customer_1606,agent_002,1,Normal refund approval with evidence and reasonable timing,normal,,APPROVED
order_104206,return_304206,customer_9005,agent_101,6,Customer with frequent refund requests,fraud,CUSTOMER_FREQUENT_RETURNS,APPROVED
order_100827,return_300827,customer_0317,agent_001,1,Normal refund approval with evidence and reasonable timing,normal,,APPROVED
order_104122,return_304122,customer_9001,agent_015,6,Customer with frequent refund requests,fraud,CUSTOMER_FREQUENT_RETURNS,APPROVED
order_101339,return_301339,customer_1039,agent_002,1,Normal refund approval with evidence and reasonable timing,normal,,APPROVED
order_101936,return_301936,customer_1991,agent_021,1,Normal refund approval with evidence and reasonable timing,normal,,APPROVED
order_104876,return_304876,customer_9902,agent_901,9,"Suspicious cluster: same agent, frequent customer returns, manual overrides",fraud,SUSPICIOUS_CLUSTER;NO_EVIDENCE;MANUAL_OVERRIDE;HIGH_VALUE_REFUND,APPROVED
order_104109,return_304109,customer_9004,agent_022,6,Customer with frequent refund requests,fraud,CUSTOMER_FREQUENT_RETURNS,APPROVED
order_102678,return_302678,customer_0333,agent_027,1,Normal refund approval with evidence and reasonable timing,normal,,APPROVED
order_103894,return_303894,customer_0749,agent_003,5,Manual override on high-value refund,fraud,MANUAL_OVERRIDE;HIGH_VALUE_REFUND,APPROVED
order_100357,return_300357,customer_0860,agent_022,1,Normal refund approval with evidence and reasonable timing,normal,,DECLINED
order_103409,return_303409,customer_1328,agent_002,3,Full-amount refund approved for expensive order,fraud,FULL_AMOUNT_REFUND;HIGH_VALUE_REFUND,APPROVED
order_104729,return_304729,customer_8001,agent_801,8,Repeated agent-customer approval pattern,fraud,REPEATED_AGENT_CUSTOMER_PAIR,APPROVED
order_101613,return_301613,customer_1321,agent_012,1,Normal refund approval with evidence and reasonable timing,normal,,DECLINED
order_102478,return_302478,customer_0540,agent_030,1,Normal refund approval with evidence and reasonable timing,normal,,APPROVED
order_104294,return_304294,customer_9005,agent_021,6,Customer with frequent refund requests,fraud,CUSTOMER_FREQUENT_RETURNS,APPROVED
order_101427,return_301427,customer_1994,agent_024,1,Normal refund approval with evidence and reasonable timing,normal,,APPROVED
order_101333,return_301333,customer_0192,agent_018,1,Normal refund approval with evidence and reasonable timing,normal,,APPROVED
order_104569,return_304569,customer_8003,agent_803,8,Repeated agent-customer approval pattern,fraud,REPEATED_AGENT_CUSTOMER_PAIR,APPROVED
order_104280,return_304280,customer_9007,agent_002,6,Customer with frequent refund requests,fraud,CUSTOMER_FREQUENT_RETURNS,APPROVED
order_102009,return_302009,customer_0488,agent_005,1,Normal refund approval with evidence and reasonable timing,normal,,DECLINED
order_101375,return_301375,customer_0062,agent_011,1,Normal refund approval with evidence and reasonable timing,normal,,APPROVED
order_101850,return_301850,customer_0406,agent_013,1,Normal refund approval with evidence and reasonable timing,normal,,APPROVED
order_101220,return_301220,customer_0539,agent_003,1,Normal refund approval with evidence and reasonable timing,normal,,APPROVED
order_103609,return_303609,customer_0909,agent_101,4,Very fast approval by support agent,fraud,FAST_APPROVAL,APPROVED
order_101330,return_301330,customer_1242,agent_009,1,Normal refund approval with evidence and reasonable timing,normal,,APPROVED
order_100906,return_300906,customer_0518,agent_007,1,Normal refund approval with evidence and reasonable timing,normal,,APPROVED
order_100473,return_300473,customer_0422,agent_007,1,Normal refund approval with evidence and reasonable timing,normal,,DECLINED
order_101515,return_301515,customer_1186,agent_016,1,Normal refund approval with evidence and reasonable timing,normal,,DECLINED
order_102164,return_302164,customer_0934,agent_020,1,Normal refund approval with evidence and reasonable timing,normal,,APPROVED
order_101093,return_301093,customer_0956,agent_021,1,Normal refund approval with evidence and reasonable timing,normal,,DECLINED
order_101441,return_301441,customer_0117,agent_007,1,Normal refund approval with evidence and reasonable timing,normal,,APPROVED
order_101761,return_301761,customer_0111,agent_014,1,Normal refund approval with evidence and reasonable timing,normal,,APPROVED
order_100839,return_300839,customer_0584,agent_013,1,Normal refund approval with evidence and reasonable timing,normal,,APPROVED
order_100083,return_300083,customer_1405,agent_004,1,Normal refund approval with evidence and reasonable timing,normal,,APPROVED
order_101893,return_301893,customer_0538,agent_020,1,Normal refund approval with evidence and reasonable timing,normal,,APPROVED
order_102951,return_302951,customer_0482,agent_001,1,Normal refund approval with evidence and reasonable timing,normal,,APPROVED
order_100677,return_300677,customer_0449,agent_006,1,Normal refund approval with evidence and reasonable timing,normal,,APPROVED
order_103936,return_303936,customer_0211,agent_026,5,Manual override on high-value refund,fraud,MANUAL_OVERRIDE;HIGH_VALUE_REFUND,APPROVED
order_103371,return_303371,customer_1838,agent_101,3,Full-amount refund approved for expensive order,fraud,FULL_AMOUNT_REFUND;HIGH_VALUE_REFUND,APPROVED
order_103005,return_303005,customer_1891,agent_018,2,High-value refund approved without evidence,fraud,NO_EVIDENCE;HIGH_VALUE_REFUND,APPROVED
order_101270,return_301270,customer_0881,agent_013,1,Normal refund approval with evidence and reasonable timing,normal,,APPROVED
order_103711,return_303711,customer_0194,agent_103,4,Very fast approval by support agent,fraud,FAST_APPROVAL,APPROVED
order_102682,return_302682,customer_1351,agent_004,1,Normal refund approval with evidence and reasonable timing,normal,,APPROVED
order_104648,return_304648,customer_8001,agent_801,8,Repeated agent-customer approval pattern,fraud,REPEATED_AGENT_CUSTOMER_PAIR,APPROVED
order_101101,return_301101,customer_1671,agent_025,1,Normal refund approval with evidence and reasonable timing,normal,,APPROVED
order_100878,return_300878,customer_0225,agent_016,1,Normal refund approval with evidence and reasonable timing,normal,,APPROVED
order_101435,return_301435,customer_1450,agent_016,1,Normal refund approval with evidence and reasonable timing,normal,,APPROVED
order_100624,return_300624,customer_0343,agent_004,1,Normal refund approval with evidence and reasonable timing,normal,,APPROVED
order_102211,return_302211,customer_0676,agent_023,1,Normal refund approval with evidence and reasonable timing,normal,,DECLINED
order_101363,return_301363,customer_0815,agent_013,1,Normal refund approval with evidence and reasonable timing,normal,,APPROVED
order_102327,return_302327,customer_0422,agent_003,1,Normal refund approval with evidence and reasonable timing,normal,,APPROVED
order_100049,return_300049,customer_1414,agent_025,1,Normal refund approval with evidence and reasonable timing,normal,,APPROVED
order_100053,return_300053,customer_1071,agent_025,1,Normal refund approval with evidence and reasonable timing,normal,,APPROVED
order_103796,return_303796,customer_1876,agent_103,4,Very fast approval by support agent,fraud,FAST_APPROVAL,APPROVED
order_100944,return_300944,customer_0016,agent_029,1,Normal refund approval with evidence and reasonable timing,normal,,APPROVED
order_103459,return_303459,customer_1127,agent_009,3,Full-amount refund approved for expensive order,fraud,FULL_AMOUNT_REFUND;HIGH_VALUE_REFUND,APPROVED
order_101834,return_301834,customer_1755,agent_019,1,Normal refund approval with evidence and reasonable timing,normal,,DECLINED
order_101249,return_301249,customer_1123,agent_010,1,Normal refund approval with evidence and reasonable timing,normal,,APPROVED
order_100341,return_300341,customer_0596,agent_003,1,Normal refund approval with evidence and reasonable timing,normal,,APPROVED
order_103119,return_303119,customer_0853,agent_017,2,High-value refund approved without evidence,fraud,NO_EVIDENCE;HIGH_VALUE_REFUND,APPROVED
order_102014,return_302014,customer_0914,agent_023,1,Normal refund approval with evidence and reasonable timing,normal,,APPROVED
order_101069,return_301069,customer_1638,agent_003,1,Normal refund approval with evidence and reasonable timing,normal,,DECLINED
order_104900,return_304900,customer_9902,agent_901,9,"Suspicious cluster: same agent, frequent customer returns, manual overrides",fraud,SUSPICIOUS_CLUSTER;NO_EVIDENCE;MANUAL_OVERRIDE;HIGH_VALUE_REFUND,APPROVED
order_103849,return_303849,customer_0915,agent_021,5,Manual override on high-value refund,fraud,MANUAL_OVERRIDE;HIGH_VALUE_REFUND,APPROVED
order_102706,return_302706,customer_0034,agent_018,1,Normal refund approval with evidence and reasonable timing,normal,,APPROVED
order_102863,return_302863,customer_0519,agent_026,1,Normal refund approval with evidence and reasonable timing,normal,,DECLINED
order_101737,return_301737,customer_1333,agent_003,1,Normal refund approval with evidence and reasonable timing,normal,,APPROVED
order_102792,return_302792,customer_0321,agent_020,1,Normal refund approval with evidence and reasonable timing,normal,,APPROVED
order_102276,return_302276,customer_1699,agent_016,1,Normal refund approval with evidence and reasonable timing,normal,,DECLINED
order_100735,return_300735,customer_1243,agent_008,1,Normal refund approval with evidence and reasonable timing,normal,,APPROVED
order_103428,return_303428,customer_1899,agent_004,3,Full-amount refund approved for expensive order,fraud,FULL_AMOUNT_REFUND;HIGH_VALUE_REFUND,APPROVED
order_101483,return_301483,customer_0437,agent_008,1,Normal refund approval with evidence and reasonable timing,normal,,APPROVED
order_101077,return_301077,customer_1010,agent_016,1,Normal refund approval with evidence and reasonable timing,normal,,APPROVED
order_103851,return_303851,customer_0675,agent_014,5,Manual override on high-value refund,fraud,MANUAL_OVERRIDE;HIGH_VALUE_REFUND,APPROVED
order_103816,return_303816,customer_1916,agent_021,5,Manual override on high-value refund,fraud,MANUAL_OVERRIDE;HIGH_VALUE_REFUND,APPROVED
order_102032,return_302032,customer_0149,agent_002,1,Normal refund approval with evidence and reasonable timing,normal,,APPROVED
order_101274,return_301274,customer_1714,agent_020,1,Normal refund approval with evidence and reasonable timing,normal,,APPROVED
order_100112,return_300112,customer_0633,agent_012,1,Normal refund approval with evidence and reasonable timing,normal,,APPROVED
order_104671,return_304671,customer_8003,agent_803,8,Repeated agent-customer approval pattern,fraud,REPEATED_AGENT_CUSTOMER_PAIR,APPROVED
order_103123,return_303123,customer_1107,agent_018,2,High-value refund approved without evidence,fraud,NO_EVIDENCE;HIGH_VALUE_REFUND,APPROVED
order_104093,return_304093,customer_9004,agent_003,6,Customer with frequent refund requests,fraud,CUSTOMER_FREQUENT_RETURNS,APPROVED
order_100544,return_300544,customer_0740,agent_009,1,Normal refund approval with evidence and reasonable timing,normal,,APPROVED
order_102737,return_302737,customer_1712,agent_025,1,Normal refund approval with evidence and reasonable timing,normal,,DECLINED
order_102157,return_302157,customer_0595,agent_022,1,Normal refund approval with evidence and reasonable timing,normal,,APPROVED
order_101679,return_301679,customer_0965,agent_003,1,Normal refund approval with evidence and reasonable timing,normal,,APPROVED
order_103728,return_303728,customer_1298,agent_101,4,Very fast approval by support agent,fraud,FAST_APPROVAL,APPROVED
order_104728,return_304728,customer_8003,agent_803,8,Repeated agent-customer approval pattern,fraud,REPEATED_AGENT_CUSTOMER_PAIR,APPROVED
order_102433,return_302433,customer_0068,agent_030,1,Normal refund approval with evidence and reasonable timing,normal,,APPROVED
order_101957,return_301957,customer_1210,agent_008,1,Normal refund approval with evidence and reasonable timing,normal,,APPROVED
order_104894,return_304894,customer_9903,agent_901,9,"Suspicious cluster: same agent, frequent customer returns, manual overrides",fraud,SUSPICIOUS_CLUSTER;NO_EVIDENCE;MANUAL_OVERRIDE;HIGH_VALUE_REFUND,APPROVED
order_102556,return_302556,customer_1078,agent_016,1,Normal refund approval with evidence and reasonable timing,normal,,DECLINED
order_101638,return_301638,customer_0673,agent_019,1,Normal refund approval with evidence and reasonable timing,normal,,DECLINED
order_104606,return_304606,customer_8001,agent_801,8,Repeated agent-customer approval pattern,fraud,REPEATED_AGENT_CUSTOMER_PAIR,APPROVED
order_104205,return_304205,customer_9004,agent_011,6,Customer with frequent refund requests,fraud,CUSTOMER_FREQUENT_RETURNS,APPROVED
order_103096,return_303096,customer_1888,agent_103,2,High-value refund approved without evidence,fraud,NO_EVIDENCE;HIGH_VALUE_REFUND,APPROVED
order_102910,return_302910,customer_0646,agent_018,1,Normal refund approval with evidence and reasonable timing,normal,,APPROVED
order_101831,return_301831,customer_1715,agent_024,1,Normal refund approval with evidence and reasonable timing,normal,,APPROVED
order_103299,return_303299,customer_1129,agent_020,3,Full-amount refund approved for expensive order,fraud,FULL_AMOUNT_REFUND;HIGH_VALUE_REFUND,APPROVED
order_101327,return_301327,customer_1409,agent_005,1,Normal refund approval with evidence and reasonable timing,normal,,APPROVED
order_102543,return_302543,customer_1452,agent_001,1,Normal refund approval with evidence and reasonable timing,normal,,APPROVED
order_100386,return_300386,customer_1750,agent_006,1,Normal refund approval with evidence and reasonable timing,normal,,DECLINED
order_102625,return_302625,customer_1488,agent_020,1,Normal refund approval with evidence and reasonable timing,normal,,DECLINED
order_103063,return_303063,customer_0490,agent_013,2,High-value refund approved without evidence,fraud,NO_EVIDENCE;HIGH_VALUE_REFUND,APPROVED
order_100503,return_300503,customer_0353,agent_001,1,Normal refund approval with evidence and reasonable timing,normal,,APPROVED
order_104553,return_304553,customer_1299,agent_703,7,Support agent with unusually high approval rate,fraud,AGENT_HIGH_APPROVAL_RATE,APPROVED
order_101445,return_301445,customer_0395,agent_019,1,Normal refund approval with evidence and reasonable timing,normal,,APPROVED
order_100557,return_300557,customer_1007,agent_022,1,Normal refund approval with evidence and reasonable timing,normal,,DECLINED
order_104130,return_304130,customer_9001,agent_020,6,Customer with frequent refund requests,fraud,CUSTOMER_FREQUENT_RETURNS,APPROVED
order_104054,return_304054,customer_0001,agent_024,5,Manual override on high-value refund,fraud,MANUAL_OVERRIDE;HIGH_VALUE_REFUND,APPROVED
order_102367,return_302367,customer_1002,agent_002,1,Normal refund approval with evidence and reasonable timing,normal,,APPROVED
order_103901,return_303901,customer_1595,agent_022,5,Manual override on high-value refund,fraud,MANUAL_OVERRIDE;HIGH_VALUE_REFUND,APPROVED
order_104793,return_304793,customer_9906,agent_902,9,"Suspicious cluster: same agent, frequent customer returns, manual overrides",fraud,SUSPICIOUS_CLUSTER;NO_EVIDENCE;MANUAL_OVERRIDE;HIGH_VALUE_REFUND,APPROVED
order_103808,return_303808,customer_0203,agent_018,5,Manual override on high-value refund,fraud,MANUAL_OVERRIDE;HIGH_VALUE_REFUND,APPROVED
order_104555,return_304555,customer_0503,agent_702,7,Support agent with unusually high approval rate,fraud,AGENT_HIGH_APPROVAL_RATE,APPROVED
order_102213,return_302213,customer_0298,agent_002,1,Normal refund approval with evidence and reasonable timing,normal,,APPROVED
order_103566,return_303566,customer_1360,agent_101,4,Very fast approval by support agent,fraud,FAST_APPROVAL,APPROVED
order_103982,return_303982,customer_0669,agent_006,5,Manual override on high-value refund,fraud,MANUAL_OVERRIDE;HIGH_VALUE_REFUND,APPROVED
order_101273,return_301273,customer_0080,agent_004,1,Normal refund approval with evidence and reasonable timing,normal,,APPROVED
order_104404,return_304404,customer_0771,agent_701,7,Support agent with unusually high approval rate,fraud,AGENT_HIGH_APPROVAL_RATE,APPROVED
order_103084,return_303084,customer_0462,agent_009,2,High-value refund approved without evidence,fraud,NO_EVIDENCE;HIGH_VALUE_REFUND,APPROVED
order_104448,return_304448,customer_1172,agent_703,7,Support agent with unusually high approval rate,fraud,AGENT_HIGH_APPROVAL_RATE,APPROVED
order_103848,return_303848,customer_1239,agent_011,5,Manual override on high-value refund,fraud,MANUAL_OVERRIDE;HIGH_VALUE_REFUND,APPROVED
order_102275,return_302275,customer_1734,agent_003,1,Normal refund approval with evidence and reasonable timing,normal,,APPROVED
order_102769,return_302769,customer_1282,agent_002,1,Normal refund approval with evidence and reasonable timing,normal,,DECLINED
order_103884,return_303884,customer_0571,agent_027,5,Manual override on high-value refund,fraud,MANUAL_OVERRIDE;HIGH_VALUE_REFUND,APPROVED
order_104745,return_304745,customer_8002,agent_802,8,Repeated agent-customer approval pattern,fraud,REPEATED_AGENT_CUSTOMER_PAIR,APPROVED
order_104321,return_304321,customer_1131,agent_702,7,Support agent with unusually high approval rate,fraud,AGENT_HIGH_APPROVAL_RATE,APPROVED
order_102071,return_302071,customer_1492,agent_003,1,Normal refund approval with evidence and reasonable timing,normal,,APPROVED
order_102145,return_302145,customer_0226,agent_015,1,Normal refund approval with evidence and reasonable timing,normal,,APPROVED
order_104519,return_304519,customer_1443,agent_702,7,Support agent with unusually high approval rate,fraud,AGENT_HIGH_APPROVAL_RATE,APPROVED
order_104449,return_304449,customer_1818,agent_701,7,Support agent with unusually high approval rate,fraud,AGENT_HIGH_APPROVAL_RATE,APPROVED
order_100030,return_300030,customer_0849,agent_015,1,Normal refund approval with evidence and reasonable timing,normal,,APPROVED
order_103028,return_303028,customer_1239,agent_017,2,High-value refund approved without evidence,fraud,NO_EVIDENCE;HIGH_VALUE_REFUND,APPROVED
order_104467,return_304467,customer_0928,agent_701,7,Support agent with unusually high approval rate,fraud,AGENT_HIGH_APPROVAL_RATE,APPROVED
order_100737,return_300737,customer_0957,agent_028,1,Normal refund approval with evidence and reasonable timing,normal,,DECLINED
order_102469,return_302469,customer_0163,agent_019,1,Normal refund approval with evidence and reasonable timing,normal,,APPROVED
order_102363,return_302363,customer_0392,agent_001,1,Normal refund approval with evidence and reasonable timing,normal,,APPROVED
order_100437,return_300437,customer_0641,agent_024,1,Normal refund approval with evidence and reasonable timing,normal,,APPROVED
order_104463,return_304463,customer_1750,agent_703,7,Support agent with unusually high approval rate,fraud,AGENT_HIGH_APPROVAL_RATE,APPROVED
order_104509,return_304509,customer_0426,agent_701,7,Support agent with unusually high approval rate,fraud,AGENT_HIGH_APPROVAL_RATE,APPROVED
order_100665,return_300665,customer_1283,agent_003,1,Normal refund approval with evidence and reasonable timing,normal,,APPROVED
order_103572,return_303572,customer_0155,agent_101,4,Very fast approval by support agent,fraud,FAST_APPROVAL,APPROVED
order_103027,return_303027,customer_0095,agent_018,2,High-value refund approved without evidence,fraud,NO_EVIDENCE;HIGH_VALUE_REFUND,APPROVED
order_104363,return_304363,customer_0391,agent_702,7,Support agent with unusually high approval rate,fraud,AGENT_HIGH_APPROVAL_RATE,APPROVED
order_101294,return_301294,customer_1670,agent_017,1,Normal refund approval with evidence and reasonable timing,normal,,DECLINED
order_103710,return_303710,customer_0616,agent_103,4,Very fast approval by support agent,fraud,FAST_APPROVAL,APPROVED
order_103359,return_303359,customer_1629,agent_019,3,Full-amount refund approved for expensive order,fraud,FULL_AMOUNT_REFUND;HIGH_VALUE_REFUND,APPROVED
order_102549,return_302549,customer_1698,agent_029,1,Normal refund approval with evidence and reasonable timing,normal,,DECLINED
order_100449,return_300449,customer_0965,agent_010,1,Normal refund approval with evidence and reasonable timing,normal,,APPROVED
order_103289,return_303289,customer_1303,agent_015,3,Full-amount refund approved for expensive order,fraud,FULL_AMOUNT_REFUND;HIGH_VALUE_REFUND,APPROVED
order_104176,return_304176,customer_9007,agent_014,6,Customer with frequent refund requests,fraud,CUSTOMER_FREQUENT_RETURNS,APPROVED
order_101161,return_301161,customer_0028,agent_024,1,Normal refund approval with evidence and reasonable timing,normal,,APPROVED
order_104292,return_304292,customer_9003,agent_015,6,Customer with frequent refund requests,fraud,CUSTOMER_FREQUENT_RETURNS,APPROVED
order_101788,return_301788,customer_0626,agent_029,1,Normal refund approval with evidence and reasonable timing,normal,,APPROVED
order_100002,return_300002,customer_0602,agent_004,1,Normal refund approval with evidence and reasonable timing,normal,,DECLINED
order_101304,return_301304,customer_1110,agent_013,1,Normal refund approval with evidence and reasonable timing,normal,,DECLINED
order_104246,return_304246,customer_9005,agent_101,6,Customer with frequent refund requests,fraud,CUSTOMER_FREQUENT_RETURNS,APPROVED
order_103447,return_303447,customer_0517,agent_012,3,Full-amount refund approved for expensive order,fraud,FULL_AMOUNT_REFUND;HIGH_VALUE_REFUND,APPROVED
order_103782,return_303782,customer_1665,agent_101,4,Very fast approval by support agent,fraud,FAST_APPROVAL,APPROVED
order_101599,return_301599,customer_0649,agent_025,1,Normal refund approval with evidence and reasonable timing,normal,,APPROVED
order_101395,return_301395,customer_1381,agent_011,1,Normal refund approval with evidence and reasonable timing,normal,,APPROVED
order_100794,return_300794,customer_1282,agent_002,1,Normal refund approval with evidence and reasonable timing,normal,,DECLINED
order_104333,return_304333,customer_0616,agent_702,7,Support agent with unusually high approval rate,fraud,AGENT_HIGH_APPROVAL_RATE,APPROVED
order_101784,return_301784,customer_1407,agent_004,1,Normal refund approval with evidence and reasonable timing,normal,,DECLINED
order_101576,return_301576,customer_1937,agent_022,1,Normal refund approval with evidence and reasonable timing,normal,,APPROVED
order_101668,return_301668,customer_0172,agent_018,1,Normal refund approval with evidence and reasonable timing,normal,,APPROVED
order_103243,return_303243,customer_1808,agent_027,2,High-value refund approved without evidence,fraud,NO_EVIDENCE;HIGH_VALUE_REFUND,APPROVED
order_102741,return_302741,customer_0122,agent_030,1,Normal refund approval with evidence and reasonable timing,normal,,DECLINED
order_100547,return_300547,customer_1413,agent_020,1,Normal refund approval with evidence and reasonable timing,normal,,APPROVED
order_102202,return_302202,customer_0459,agent_027,1,Normal refund approval with evidence and reasonable timing,normal,,APPROVED
order_100956,return_300956,customer_0449,agent_004,1,Normal refund approval with evidence and reasonable timing,normal,,APPROVED
order_103136,return_303136,customer_1490,agent_001,2,High-value refund approved without evidence,fraud,NO_EVIDENCE;HIGH_VALUE_REFUND,APPROVED
order_100856,return_300856,customer_0070,agent_029,1,Normal refund approval with evidence and reasonable timing,normal,,APPROVED
order_103129,return_303129,customer_1875,agent_012,2,High-value refund approved without evidence,fraud,NO_EVIDENCE;HIGH_VALUE_REFUND,APPROVED
order_103765,return_303765,customer_0049,agent_101,4,Very fast approval by support agent,fraud,FAST_APPROVAL,APPROVED
order_101871,return_301871,customer_1460,agent_010,1,Normal refund approval with evidence and reasonable timing,normal,,APPROVED
order_102955,return_302955,customer_0843,agent_002,1,Normal refund approval with evidence and reasonable timing,normal,,APPROVED
order_104326,return_304326,customer_1338,agent_701,7,Support agent with unusually high approval rate,fraud,AGENT_HIGH_APPROVAL_RATE,APPROVED
order_104534,return_304534,customer_0824,agent_702,7,Support agent with unusually high approval rate,fraud,AGENT_HIGH_APPROVAL_RATE,APPROVED
order_104433,return_304433,customer_0481,agent_703,7,Support agent with unusually high approval rate,fraud,AGENT_HIGH_APPROVAL_RATE,APPROVED
order_100399,return_300399,customer_1920,agent_024,1,Normal refund approval with evidence and reasonable timing,normal,,APPROVED
order_101744,return_301744,customer_0356,agent_019,1,Normal refund approval with evidence and reasonable timing,normal,,DECLINED
order_103636,return_303636,customer_1827,agent_103,4,Very fast approval by support agent,fraud,FAST_APPROVAL,APPROVED
order_100782,return_300782,customer_0628,agent_017,1,Normal refund approval with evidence and reasonable timing,normal,,APPROVED
order_103737,return_303737,customer_1513,agent_102,4,Very fast approval by support agent,fraud,FAST_APPROVAL,APPROVED
order_101206,return_301206,customer_1179,agent_004,1,Normal refund approval with evidence and reasonable timing,normal,,APPROVED
order_102449,return_302449,customer_1522,agent_023,1,Normal refund approval with evidence and reasonable timing,normal,,APPROVED
order_103133,return_303133,customer_1770,agent_016,2,High-value refund approved without evidence,fraud,NO_EVIDENCE;HIGH_VALUE_REFUND,APPROVED
order_104029,return_304029,customer_0014,agent_019,5,Manual override on high-value refund,fraud,MANUAL_OVERRIDE;HIGH_VALUE_REFUND,APPROVED
order_100308,return_300308,customer_1252,agent_006,1,Normal refund approval with evidence and reasonable timing,normal,,APPROVED
order_104766,return_304766,customer_9901,agent_901,9,"Suspicious cluster: same agent, frequent customer returns, manual overrides",fraud,SUSPICIOUS_CLUSTER;NO_EVIDENCE;MANUAL_OVERRIDE;HIGH_VALUE_REFUND,APPROVED
order_103690,return_303690,customer_0259,agent_102,4,Very fast approval by support agent,fraud,FAST_APPROVAL,APPROVED
order_101617,return_301617,customer_1344,agent_012,1,Normal refund approval with evidence and reasonable timing,normal,,APPROVED
order_104492,return_304492,customer_1538,agent_702,7,Support agent with unusually high approval rate,fraud,AGENT_HIGH_APPROVAL_RATE,APPROVED
order_102029,return_302029,customer_0311,agent_026,1,Normal refund approval with evidence and reasonable timing,normal,,DECLINED
order_101221,return_301221,customer_0403,agent_022,1,Normal refund approval with evidence and reasonable timing,normal,,APPROVED
order_102980,return_302980,customer_0690,agent_010,2,High-value refund approved without evidence,fraud,NO_EVIDENCE;HIGH_VALUE_REFUND,APPROVED
order_102895,return_302895,customer_0058,agent_014,1,Normal refund approval with evidence and reasonable timing,normal,,DECLINED
order_103219,return_303219,customer_0120,agent_023,2,High-value refund approved without evidence,fraud,NO_EVIDENCE;HIGH_VALUE_REFUND,APPROVED
order_101684,return_301684,customer_1829,agent_020,1,Normal refund approval with evidence and reasonable timing,normal,,APPROVED
order_102504,return_302504,customer_1708,agent_020,1,Normal refund approval with evidence and reasonable timing,normal,,DECLINED
order_102097,return_302097,customer_0706,agent_025,1,Normal refund approval with evidence and reasonable timing,normal,,DECLINED
order_102593,return_302593,customer_0910,agent_028,1,Normal refund approval with evidence and reasonable timing,normal,,APPROVED
order_101138,return_301138,customer_1785,agent_001,1,Normal refund approval with evidence and reasonable timing,normal,,APPROVED
order_101733,return_301733,customer_0249,agent_012,1,Normal refund approval with evidence and reasonable timing,normal,,APPROVED
order_104949,return_304949,customer_9906,agent_902,9,"Suspicious cluster: same agent, frequent customer returns, manual overrides",fraud,SUSPICIOUS_CLUSTER;NO_EVIDENCE;MANUAL_OVERRIDE;HIGH_VALUE_REFUND,APPROVED
order_103479,return_303479,customer_0127,agent_014,3,Full-amount refund approved for expensive order,fraud,FULL_AMOUNT_REFUND;HIGH_VALUE_REFUND,APPROVED
order_103283,return_303283,customer_0103,agent_016,3,Full-amount refund approved for expensive order,fraud,FULL_AMOUNT_REFUND;HIGH_VALUE_REFUND,APPROVED
order_101586,return_301586,customer_0854,agent_019,1,Normal refund approval with evidence and reasonable timing,normal,,APPROVED
order_101067,return_301067,customer_1777,agent_015,1,Normal refund approval with evidence and reasonable timing,normal,,APPROVED
order_101022,return_301022,customer_1994,agent_025,1,Normal refund approval with evidence and reasonable timing,normal,,APPROVED
order_100848,return_300848,customer_0106,agent_022,1,Normal refund approval with evidence and reasonable timing,normal,,DECLINED
order_100491,return_300491,customer_0581,agent_024,1,Normal refund approval with evidence and reasonable timing,normal,,APPROVED
order_103900,return_303900,customer_0188,agent_018,5,Manual override on high-value refund,fraud,MANUAL_OVERRIDE;HIGH_VALUE_REFUND,APPROVED
order_102983,return_302983,customer_1372,agent_024,2,High-value refund approved without evidence,fraud,NO_EVIDENCE;HIGH_VALUE_REFUND,APPROVED
order_101374,return_301374,customer_1838,agent_022,1,Normal refund approval with evidence and reasonable timing,normal,,APPROVED
order_102968,return_302968,customer_0287,agent_025,1,Normal refund approval with evidence and reasonable timing,normal,,APPROVED
order_101497,return_301497,customer_1296,agent_013,1,Normal refund approval with evidence and reasonable timing,normal,,APPROVED
order_104815,return_304815,customer_9905,agent_902,9,"Suspicious cluster: same agent, frequent customer returns, manual overrides",fraud,SUSPICIOUS_CLUSTER;NO_EVIDENCE;MANUAL_OVERRIDE;HIGH_VALUE_REFUND,APPROVED
order_101606,return_301606,customer_0382,agent_010,1,Normal refund approval with evidence and reasonable timing,normal,,APPROVED
order_103022,return_303022,customer_0025,agent_019,2,High-value refund approved without evidence,fraud,NO_EVIDENCE;HIGH_VALUE_REFUND,APPROVED
order_104929,return_304929,customer_9904,agent_902,9,"Suspicious cluster: same agent, frequent customer returns, manual overrides",fraud,SUSPICIOUS_CLUSTER;NO_EVIDENCE;MANUAL_OVERRIDE;HIGH_VALUE_REFUND,APPROVED
order_103616,return_303616,customer_0354,agent_102,4,Very fast approval by support agent,fraud,FAST_APPROVAL,APPROVED
order_101816,return_301816,customer_1368,agent_008,1,Normal refund approval with evidence and reasonable timing,normal,,APPROVED
order_103989,return_303989,customer_1621,agent_017,5,Manual override on high-value refund,fraud,MANUAL_OVERRIDE;HIGH_VALUE_REFUND,APPROVED
order_100301,return_300301,customer_1356,agent_014,1,Normal refund approval with evidence and reasonable timing,normal,,DECLINED
order_104884,return_304884,customer_9902,agent_901,9,"Suspicious cluster: same agent, frequent customer returns, manual overrides",fraud,SUSPICIOUS_CLUSTER;NO_EVIDENCE;MANUAL_OVERRIDE;HIGH_VALUE_REFUND,APPROVED
order_102731,return_302731,customer_0838,agent_026,1,Normal refund approval with evidence and reasonable timing,normal,,DECLINED
order_103050,return_303050,customer_1641,agent_015,2,High-value refund approved without evidence,fraud,NO_EVIDENCE;HIGH_VALUE_REFUND,APPROVED
order_103587,return_303587,customer_0352,agent_103,4,Very fast approval by support agent,fraud,FAST_APPROVAL,APPROVED
order_102080,return_302080,customer_1259,agent_010,1,Normal refund approval with evidence and reasonable timing,normal,,DECLINED
order_100598,return_300598,customer_1834,agent_004,1,Normal refund approval with evidence and reasonable timing,normal,,DECLINED
order_101066,return_301066,customer_0621,agent_007,1,Normal refund approval with evidence and reasonable timing,normal,,DECLINED
order_101234,return_301234,customer_0504,agent_012,1,Normal refund approval with evidence and reasonable timing,normal,,APPROVED
order_102500,return_302500,customer_0749,agent_001,1,Normal refund approval with evidence and reasonable timing,normal,,APPROVED
order_102753,return_302753,customer_1857,agent_019,1,Normal refund approval with evidence and reasonable timing,normal,,APPROVED
order_102317,return_302317,customer_0121,agent_001,1,Normal refund approval with evidence and reasonable timing,normal,,DECLINED
order_104631,return_304631,customer_8002,agent_802,8,Repeated agent-customer approval pattern,fraud,REPEATED_AGENT_CUSTOMER_PAIR,APPROVED
order_103426,return_303426,customer_1984,agent_028,3,Full-amount refund approved for expensive order,fraud,FULL_AMOUNT_REFUND;HIGH_VALUE_REFUND,APPROVED
order_100226,return_300226,customer_0195,agent_023,1,Normal refund approval with evidence and reasonable timing,normal,,APPROVED
order_103533,return_303533,customer_1887,agent_101,4,Very fast approval by support agent,fraud,FAST_APPROVAL,APPROVED
order_104318,return_304318,customer_9005,agent_014,6,Customer with frequent refund requests,fraud,CUSTOMER_FREQUENT_RETURNS,APPROVED
order_102003,return_302003,customer_1124,agent_020,1,Normal refund approval with evidence and reasonable timing,normal,,APPROVED
order_100554,return_300554,customer_1962,agent_022,1,Normal refund approval with evidence and reasonable timing,normal,,APPROVED
order_101527,return_301527,customer_0796,agent_006,1,Normal refund approval with evidence and reasonable timing,normal,,APPROVED
order_102306,return_302306,customer_0652,agent_025,1,Normal refund approval with evidence and reasonable timing,normal,,APPROVED
order_101010,return_301010,customer_1450,agent_030,1,Normal refund approval with evidence and reasonable timing,normal,,DECLINED
order_104661,return_304661,customer_8002,agent_802,8,Repeated agent-customer approval pattern,fraud,REPEATED_AGENT_CUSTOMER_PAIR,APPROVED
order_103820,return_303820,customer_1368,agent_029,5,Manual override on high-value refund,fraud,MANUAL_OVERRIDE;HIGH_VALUE_REFUND,APPROVED
order_103342,return_303342,customer_1108,agent_029,3,Full-amount refund approved for expensive order,fraud,FULL_AMOUNT_REFUND;HIGH_VALUE_REFUND,APPROVED
order_100137,return_300137,customer_0263,agent_012,1,Normal refund approval with evidence and reasonable timing,normal,,APPROVED
order_101807,return_301807,customer_0317,agent_027,1,Normal refund approval with evidence and reasonable timing,normal,,DECLINED
order_103930,return_303930,customer_1050,agent_102,5,Manual override on high-value refund,fraud,MANUAL_OVERRIDE;HIGH_VALUE_REFUND,APPROVED
order_100497,return_300497,customer_1729,agent_013,1,Normal refund approval with evidence and reasonable timing,normal,,APPROVED
order_103156,return_303156,customer_0505,agent_020,2,High-value refund approved without evidence,fraud,NO_EVIDENCE;HIGH_VALUE_REFUND,APPROVED
order_104532,return_304532,customer_0674,agent_703,7,Support agent with unusually high approval rate,fraud,AGENT_HIGH_APPROVAL_RATE,APPROVED
order_101443,return_301443,customer_0236,agent_002,1,Normal refund approval with evidence and reasonable timing,normal,,APPROVED
order_104676,return_304676,customer_8002,agent_802,8,Repeated agent-customer approval pattern,fraud,REPEATED_AGENT_CUSTOMER_PAIR,APPROVED
order_103172,return_303172,customer_0581,agent_014,2,High-value refund approved without evidence,fraud,NO_EVIDENCE;HIGH_VALUE_REFUND,APPROVED
order_102729,return_302729,customer_0002,agent_014,1,Normal refund approval with evidence and reasonable timing,normal,,APPROVED
order_100738,return_300738,customer_1903,agent_006,1,Normal refund approval with evidence and reasonable timing,normal,,APPROVED
order_100504,return_300504,customer_1637,agent_020,1,Normal refund approval with evidence and reasonable timing,normal,,APPROVED
order_104247,return_304247,customer_9006,agent_021,6,Customer with frequent refund requests,fraud,CUSTOMER_FREQUENT_RETURNS,APPROVED
order_102302,return_302302,customer_1131,agent_007,1,Normal refund approval with evidence and reasonable timing,normal,,APPROVED
order_103056,return_303056,customer_0985,agent_028,2,High-value refund approved without evidence,fraud,NO_EVIDENCE;HIGH_VALUE_REFUND,APPROVED
order_102109,return_302109,customer_0377,agent_013,1,Normal refund approval with evidence and reasonable timing,normal,,APPROVED
order_102422,return_302422,customer_0205,agent_023,1,Normal refund approval with evidence and reasonable timing,normal,,APPROVED
order_101919,return_301919,customer_0616,agent_007,1,Normal refund approval with evidence and reasonable timing,normal,,APPROVED
order_104347,return_304347,customer_0401,agent_701,7,Support agent with unusually high approval rate,fraud,AGENT_HIGH_APPROVAL_RATE,APPROVED
order_100660,return_300660,customer_1025,agent_019,1,Normal refund approval with evidence and reasonable timing,normal,,APPROVED
order_100318,return_300318,customer_0100,agent_024,1,Normal refund approval with evidence and reasonable timing,normal,,DECLINED
order_104238,return_304238,customer_9005,agent_019,6,Customer with frequent refund requests,fraud,CUSTOMER_FREQUENT_RETURNS,APPROVED
order_103074,return_303074,customer_1957,agent_009,2,High-value refund approved without evidence,fraud,NO_EVIDENCE;HIGH_VALUE_REFUND,APPROVED
order_104687,return_304687,customer_8001,agent_801,8,Repeated agent-customer approval pattern,fraud,REPEATED_AGENT_CUSTOMER_PAIR,APPROVED
order_104042,return_304042,customer_0778,agent_026,5,Manual override on high-value refund,fraud,MANUAL_OVERRIDE;HIGH_VALUE_REFUND,APPROVED
order_102700,return_302700,customer_1482,agent_013,1,Normal refund approval with evidence and reasonable timing,normal,,APPROVED
order_103645,return_303645,customer_1458,agent_103,4,Very fast approval by support agent,fraud,FAST_APPROVAL,APPROVED
order_102407,return_302407,customer_1738,agent_027,1,Normal refund approval with evidence and reasonable timing,normal,,APPROVED
order_102507,return_302507,customer_1174,agent_027,1,Normal refund approval with evidence and reasonable timing,normal,,DECLINED
order_102826,return_302826,customer_0241,agent_001,1,Normal refund approval with evidence and reasonable timing,normal,,APPROVED
order_103653,return_303653,customer_1881,agent_101,4,Very fast approval by support agent,fraud,FAST_APPROVAL,APPROVED
order_101610,return_301610,customer_1070,agent_029,1,Normal refund approval with evidence and reasonable timing,normal,,DECLINED
order_100245,return_300245,customer_1996,agent_015,1,Normal refund approval with evidence and reasonable timing,normal,,APPROVED
order_102119,return_302119,customer_1683,agent_003,1,Normal refund approval with evidence and reasonable timing,normal,,APPROVED
order_100798,return_300798,customer_1489,agent_005,1,Normal refund approval with evidence and reasonable timing,normal,,APPROVED
order_102321,return_302321,customer_1441,agent_002,1,Normal refund approval with evidence and reasonable timing,normal,,DECLINED
order_100290,return_300290,customer_1927,agent_030,1,Normal refund approval with evidence and reasonable timing,normal,,DECLINED
order_104266,return_304266,customer_9001,agent_028,6,Customer with frequent refund requests,fraud,CUSTOMER_FREQUENT_RETURNS,APPROVED
order_100852,return_300852,customer_1061,agent_001,1,Normal refund approval with evidence and reasonable timing,normal,,APPROVED
order_100236,return_300236,customer_0026,agent_004,1,Normal refund approval with evidence and reasonable timing,normal,,DECLINED
order_101017,return_301017,customer_1028,agent_009,1,Normal refund approval with evidence and reasonable timing,normal,,APPROVED
order_101654,return_301654,customer_1191,agent_026,1,Normal refund approval with evidence and reasonable timing,normal,,APPROVED
order_101398,return_301398,customer_1417,agent_020,1,Normal refund approval with evidence and reasonable timing,normal,,DECLINED
order_104132,return_304132,customer_9003,agent_029,6,Customer with frequent refund requests,fraud,CUSTOMER_FREQUENT_RETURNS,APPROVED
order_100865,return_300865,customer_0154,agent_010,1,Normal refund approval with evidence and reasonable timing,normal,,APPROVED
order_100015,return_300015,customer_1540,agent_030,1,Normal refund approval with evidence and reasonable timing,normal,,APPROVED
order_104469,return_304469,customer_1207,agent_703,7,Support agent with unusually high approval rate,fraud,AGENT_HIGH_APPROVAL_RATE,APPROVED
order_100604,return_300604,customer_1326,agent_010,1,Normal refund approval with evidence and reasonable timing,normal,,APPROVED
order_103757,return_303757,customer_1789,agent_102,4,Very fast approval by support agent,fraud,FAST_APPROVAL,APPROVED
order_101608,return_301608,customer_0801,agent_025,1,Normal refund approval with evidence and reasonable timing,normal,,APPROVED
order_104468,return_304468,customer_1849,agent_702,7,Support agent with unusually high approval rate,fraud,AGENT_HIGH_APPROVAL_RATE,APPROVED
order_102062,return_302062,customer_1837,agent_013,1,Normal refund approval with evidence and reasonable timing,normal,,APPROVED
order_103502,return_303502,customer_0018,agent_008,3,Full-amount refund approved for expensive order,fraud,FULL_AMOUNT_REFUND;HIGH_VALUE_REFUND,APPROVED
order_103843,return_303843,customer_1909,agent_014,5,Manual override on high-value refund,fraud,MANUAL_OVERRIDE;HIGH_VALUE_REFUND,APPROVED
order_104095,return_304095,customer_9006,agent_012,6,Customer with frequent refund requests,fraud,CUSTOMER_FREQUENT_RETURNS,APPROVED
order_104792,return_304792,customer_9903,agent_901,9,"Suspicious cluster: same agent, frequent customer returns, manual overrides",fraud,SUSPICIOUS_CLUSTER;NO_EVIDENCE;MANUAL_OVERRIDE;HIGH_VALUE_REFUND,APPROVED
order_103025,return_303025,customer_0845,agent_029,2,High-value refund approved without evidence,fraud,NO_EVIDENCE;HIGH_VALUE_REFUND,APPROVED
order_104209,return_304209,customer_9008,agent_019,6,Customer with frequent refund requests,fraud,CUSTOMER_FREQUENT_RETURNS,APPROVED
order_103935,return_303935,customer_1756,agent_011,5,Manual override on high-value refund,fraud,MANUAL_OVERRIDE;HIGH_VALUE_REFUND,APPROVED
order_104462,return_304462,customer_1625,agent_702,7,Support agent with unusually high approval rate,fraud,AGENT_HIGH_APPROVAL_RATE,APPROVED
order_100067,return_300067,customer_1526,agent_011,1,Normal refund approval with evidence and reasonable timing,normal,,DECLINED
order_101360,return_301360,customer_0151,agent_005,1,Normal refund approval with evidence and reasonable timing,normal,,APPROVED
order_103006,return_303006,customer_0252,agent_025,2,High-value refund approved without evidence,fraud,NO_EVIDENCE;HIGH_VALUE_REFUND,APPROVED
order_103360,return_303360,customer_1217,agent_013,3,Full-amount refund approved for expensive order,fraud,FULL_AMOUNT_REFUND;HIGH_VALUE_REFUND,APPROVED
order_102320,return_302320,customer_1165,agent_012,1,Normal refund approval with evidence and reasonable timing,normal,,DECLINED
order_102330,return_302330,customer_0151,agent_010,1,Normal refund approval with evidence and reasonable timing,normal,,DECLINED
order_102131,return_302131,customer_0655,agent_024,1,Normal refund approval with evidence and reasonable timing,normal,,APPROVED
order_104288,return_304288,customer_9007,agent_029,6,Customer with frequent refund requests,fraud,CUSTOMER_FREQUENT_RETURNS,APPROVED
order_103352,return_303352,customer_1682,agent_027,3,Full-amount refund approved for expensive order,fraud,FULL_AMOUNT_REFUND;HIGH_VALUE_REFUND,APPROVED
order_100586,return_300586,customer_1313,agent_026,1,Normal refund approval with evidence and reasonable timing,normal,,APPROVED
order_101704,return_301704,customer_1537,agent_021,1,Normal refund approval with evidence and reasonable timing,normal,,APPROVED
order_101998,return_301998,customer_0872,agent_029,1,Normal refund approval with evidence and reasonable timing,normal,,DECLINED
order_102331,return_302331,customer_0735,agent_019,1,Normal refund approval with evidence and reasonable timing,normal,,APPROVED
order_102956,return_302956,customer_0689,agent_008,1,Normal refund approval with evidence and reasonable timing,normal,,APPROVED
order_101252,return_301252,customer_0504,agent_015,1,Normal refund approval with evidence and reasonable timing,normal,,APPROVED
order_101622,return_301622,customer_1477,agent_019,1,Normal refund approval with evidence and reasonable timing,normal,,APPROVED
order_102125,return_302125,customer_1135,agent_022,1,Normal refund approval with evidence and reasonable timing,normal,,DECLINED
order_103661,return_303661,customer_0433,agent_101,4,Very fast approval by support agent,fraud,FAST_APPROVAL,APPROVED
order_100124,return_300124,customer_1119,agent_012,1,Normal refund approval with evidence and reasonable timing,normal,,APPROVED
order_102918,return_302918,customer_1169,agent_030,1,Normal refund approval with evidence and reasonable timing,normal,,APPROVED
order_104917,return_304917,customer_9904,agent_902,9,"Suspicious cluster: same agent, frequent customer returns, manual overrides",fraud,SUSPICIOUS_CLUSTER;NO_EVIDENCE;MANUAL_OVERRIDE;HIGH_VALUE_REFUND,APPROVED
order_103788,return_303788,customer_0956,agent_102,4,Very fast approval by support agent,fraud,FAST_APPROVAL,APPROVED
order_101088,return_301088,customer_0154,agent_001,1,Normal refund approval with evidence and reasonable timing,normal,,DECLINED
order_102136,return_302136,customer_1291,agent_014,1,Normal refund approval with evidence and reasonable timing,normal,,DECLINED
order_101184,return_301184,customer_0580,agent_021,1,Normal refund approval with evidence and reasonable timing,normal,,APPROVED
order_103792,return_303792,customer_0865,agent_102,4,Very fast approval by support agent,fraud,FAST_APPROVAL,APPROVED
order_104204,return_304204,customer_9003,agent_003,6,Customer with frequent refund requests,fraud,CUSTOMER_FREQUENT_RETURNS,APPROVED
order_103049,return_303049,customer_1172,agent_027,2,High-value refund approved without evidence,fraud,NO_EVIDENCE;HIGH_VALUE_REFUND,APPROVED
order_101809,return_301809,customer_1607,agent_012,1,Normal refund approval with evidence and reasonable timing,normal,,APPROVED
order_101818,return_301818,customer_1567,agent_024,1,Normal refund approval with evidence and reasonable timing,normal,,APPROVED
order_102115,return_302115,customer_1490,agent_001,1,Normal refund approval with evidence and reasonable timing,normal,,APPROVED
order_100359,return_300359,customer_0988,agent_026,1,Normal refund approval with evidence and reasonable timing,normal,,DECLINED
order_103190,return_303190,customer_0586,agent_003,2,High-value refund approved without evidence,fraud,NO_EVIDENCE;HIGH_VALUE_REFUND,APPROVED
order_102189,return_302189,customer_0432,agent_020,1,Normal refund approval with evidence and reasonable timing,normal,,APPROVED
order_103801,return_303801,customer_0343,agent_101,4,Very fast approval by support agent,fraud,FAST_APPROVAL,APPROVED
order_100713,return_300713,customer_0768,agent_005,1,Normal refund approval with evidence and reasonable timing,normal,,DECLINED
order_103347,return_303347,customer_1743,agent_022,3,Full-amount refund approved for expensive order,fraud,FULL_AMOUNT_REFUND;HIGH_VALUE_REFUND,APPROVED
order_104575,return_304575,customer_8003,agent_803,8,Repeated agent-customer approval pattern,fraud,REPEATED_AGENT_CUSTOMER_PAIR,APPROVED
order_101492,return_301492,customer_1055,agent_004,1,Normal refund approval with evidence and reasonable timing,normal,,APPROVED
order_100279,return_300279,customer_0692,agent_001,1,Normal refund approval with evidence and reasonable timing,normal,,APPROVED
order_104165,return_304165,customer_9004,agent_001,6,Customer with frequent refund requests,fraud,CUSTOMER_FREQUENT_RETURNS,APPROVED
order_102979,return_302979,customer_1627,agent_101,2,High-value refund approved without evidence,fraud,NO_EVIDENCE;HIGH_VALUE_REFUND,APPROVED
order_100148,return_300148,customer_1025,agent_013,1,Normal refund approval with evidence and reasonable timing,normal,,DECLINED
order_104586,return_304586,customer_8002,agent_802,8,Repeated agent-customer approval pattern,fraud,REPEATED_AGENT_CUSTOMER_PAIR,APPROVED
order_100710,return_300710,customer_1460,agent_004,1,Normal refund approval with evidence and reasonable timing,normal,,APPROVED
order_101203,return_301203,customer_0599,agent_025,1,Normal refund approval with evidence and reasonable timing,normal,,APPROVED
order_100775,return_300775,customer_0613,agent_012,1,Normal refund approval with evidence and reasonable timing,normal,,APPROVED
order_104049,return_304049,customer_0572,agent_019,5,Manual override on high-value refund,fraud,MANUAL_OVERRIDE;HIGH_VALUE_REFUND,APPROVED
order_101152,return_301152,customer_0576,agent_023,1,Normal refund approval with evidence and reasonable timing,normal,,DECLINED
order_103220,return_303220,customer_1479,agent_017,2,High-value refund approved without evidence,fraud,NO_EVIDENCE;HIGH_VALUE_REFUND,APPROVED
order_104681,return_304681,customer_8001,agent_801,8,Repeated agent-customer approval pattern,fraud,REPEATED_AGENT_CUSTOMER_PAIR,APPROVED
order_103269,return_303269,customer_1719,agent_023,3,Full-amount refund approved for expensive order,fraud,FULL_AMOUNT_REFUND;HIGH_VALUE_REFUND,APPROVED
order_104036,return_304036,customer_0627,agent_013,5,Manual override on high-value refund,fraud,MANUAL_OVERRIDE;HIGH_VALUE_REFUND,APPROVED
order_103361,return_303361,customer_1190,agent_001,3,Full-amount refund approved for expensive order,fraud,FULL_AMOUNT_REFUND;HIGH_VALUE_REFUND,APPROVED
order_100219,return_300219,customer_0576,agent_018,1,Normal refund approval with evidence and reasonable timing,normal,,APPROVED
order_104536,return_304536,customer_0127,agent_701,7,Support agent with unusually high approval rate,fraud,AGENT_HIGH_APPROVAL_RATE,APPROVED
order_103807,return_303807,customer_1244,agent_030,5,Manual override on high-value refund,fraud,MANUAL_OVERRIDE;HIGH_VALUE_REFUND,APPROVED
order_102694,return_302694,customer_0840,agent_020,1,Normal refund approval with evidence and reasonable timing,normal,,DECLINED
order_100626,return_300626,customer_0175,agent_006,1,Normal refund approval with evidence and reasonable timing,normal,,APPROVED
order_102830,return_302830,customer_1078,agent_008,1,Normal refund approval with evidence and reasonable timing,normal,,APPROVED
order_104141,return_304141,customer_9004,agent_017,6,Customer with frequent refund requests,fraud,CUSTOMER_FREQUENT_RETURNS,APPROVED
order_100347,return_300347,customer_0813,agent_003,1,Normal refund approval with evidence and reasonable timing,normal,,DECLINED
order_104834,return_304834,customer_9902,agent_901,9,"Suspicious cluster: same agent, frequent customer returns, manual overrides",fraud,SUSPICIOUS_CLUSTER;NO_EVIDENCE;MANUAL_OVERRIDE;HIGH_VALUE_REFUND,APPROVED
order_100899,return_300899,customer_0247,agent_015,1,Normal refund approval with evidence and reasonable timing,normal,,APPROVED
order_101229,return_301229,customer_0632,agent_030,1,Normal refund approval with evidence and reasonable timing,normal,,DECLINED
order_101531,return_301531,customer_0945,agent_026,1,Normal refund approval with evidence and reasonable timing,normal,,APPROVED
order_104723,return_304723,customer_8001,agent_801,8,Repeated agent-customer approval pattern,fraud,REPEATED_AGENT_CUSTOMER_PAIR,APPROVED
order_102892,return_302892,customer_1330,agent_019,1,Normal refund approval with evidence and reasonable timing,normal,,DECLINED
order_104776,return_304776,customer_9901,agent_901,9,"Suspicious cluster: same agent, frequent customer returns, manual overrides",fraud,SUSPICIOUS_CLUSTER;NO_EVIDENCE;MANUAL_OVERRIDE;HIGH_VALUE_REFUND,APPROVED
order_100152,return_300152,customer_0039,agent_007,1,Normal refund approval with evidence and reasonable timing,normal,,APPROVED
order_101144,return_301144,customer_0863,agent_013,1,Normal refund approval with evidence and reasonable timing,normal,,DECLINED
order_104525,return_304525,customer_1889,agent_702,7,Support agent with unusually high approval rate,fraud,AGENT_HIGH_APPROVAL_RATE,APPROVED
order_103634,return_303634,customer_1368,agent_101,4,Very fast approval by support agent,fraud,FAST_APPROVAL,APPROVED
order_102269,return_302269,customer_0891,agent_017,1,Normal refund approval with evidence and reasonable timing,normal,,APPROVED
order_100246,return_300246,customer_1743,agent_009,1,Normal refund approval with evidence and reasonable timing,normal,,APPROVED
order_104174,return_304174,customer_9005,agent_017,6,Customer with frequent refund requests,fraud,CUSTOMER_FREQUENT_RETURNS,APPROVED
order_101026,return_301026,customer_0353,agent_021,1,Normal refund approval with evidence and reasonable timing,normal,,APPROVED
order_100353,return_300353,customer_0981,agent_022,1,Normal refund approval with evidence and reasonable timing,normal,,APPROVED
order_101732,return_301732,customer_1179,agent_004,1,Normal refund approval with evidence and reasonable timing,normal,,DECLINED
order_102176,return_302176,customer_1905,agent_016,1,Normal refund approval with evidence and reasonable timing,normal,,DECLINED
order_104651,return_304651,customer_8001,agent_801,8,Repeated agent-customer approval pattern,fraud,REPEATED_AGENT_CUSTOMER_PAIR,APPROVED
order_102088,return_302088,customer_1984,agent_001,1,Normal refund approval with evidence and reasonable timing,normal,,APPROVED
order_100898,return_300898,customer_0205,agent_022,1,Normal refund approval with evidence and reasonable timing,normal,,APPROVED
order_101781,return_301781,customer_1886,agent_005,1,Normal refund approval with evidence and reasonable timing,normal,,DECLINED
order_102745,return_302745,customer_0221,agent_021,1,Normal refund approval with evidence and reasonable timing,normal,,DECLINED
order_102284,return_302284,customer_1779,agent_030,1,Normal refund approval with evidence and reasonable timing,normal,,APPROVED
order_100323,return_300323,customer_0219,agent_017,1,Normal refund approval with evidence and reasonable timing,normal,,APPROVED
order_100227,return_300227,customer_0146,agent_016,1,Normal refund approval with evidence and reasonable timing,normal,,APPROVED
order_104777,return_304777,customer_9906,agent_902,9,"Suspicious cluster: same agent, frequent customer returns, manual overrides",fraud,SUSPICIOUS_CLUSTER;NO_EVIDENCE;MANUAL_OVERRIDE;HIGH_VALUE_REFUND,APPROVED
order_101243,return_301243,customer_1618,agent_014,1,Normal refund approval with evidence and reasonable timing,normal,,APPROVED
order_100947,return_300947,customer_0997,agent_009,1,Normal refund approval with evidence and reasonable timing,normal,,DECLINED
order_100459,return_300459,customer_0052,agent_017,1,Normal refund approval with evidence and reasonable timing,normal,,APPROVED
order_104450,return_304450,customer_1565,agent_702,7,Support agent with unusually high approval rate,fraud,AGENT_HIGH_APPROVAL_RATE,APPROVED
order_104278,return_304278,customer_9005,agent_018,6,Customer with frequent refund requests,fraud,CUSTOMER_FREQUENT_RETURNS,APPROVED
order_103617,return_303617,customer_1931,agent_102,4,Very fast approval by support agent,fraud,FAST_APPROVAL,APPROVED
order_100118,return_300118,customer_0483,agent_012,1,Normal refund approval with evidence and reasonable timing,normal,,APPROVED
order_100639,return_300639,customer_0757,agent_004,1,Normal refund approval with evidence and reasonable timing,normal,,APPROVED
order_102089,return_302089,customer_0346,agent_014,1,Normal refund approval with evidence and reasonable timing,normal,,DECLINED
order_102156,return_302156,customer_1598,agent_001,1,Normal refund approval with evidence and reasonable timing,normal,,APPROVED
order_100147,return_300147,customer_1691,agent_009,1,Normal refund approval with evidence and reasonable timing,normal,,DECLINED
order_101614,return_301614,customer_1449,agent_030,1,Normal refund approval with evidence and reasonable timing,normal,,APPROVED
order_101637,return_301637,customer_0464,agent_010,1,Normal refund approval with evidence and reasonable timing,normal,,APPROVED
order_101849,return_301849,customer_1598,agent_015,1,Normal refund approval with evidence and reasonable timing,normal,,DECLINED
order_104409,return_304409,customer_1530,agent_703,7,Support agent with unusually high approval rate,fraud,AGENT_HIGH_APPROVAL_RATE,APPROVED
order_103033,return_303033,customer_1517,agent_014,2,High-value refund approved without evidence,fraud,NO_EVIDENCE;HIGH_VALUE_REFUND,APPROVED
order_102123,return_302123,customer_1861,agent_025,1,Normal refund approval with evidence and reasonable timing,normal,,APPROVED
order_100973,return_300973,customer_0241,agent_010,1,Normal refund approval with evidence and reasonable timing,normal,,DECLINED
order_104593,return_304593,customer_8003,agent_803,8,Repeated agent-customer approval pattern,fraud,REPEATED_AGENT_CUSTOMER_PAIR,APPROVED
order_102060,return_302060,customer_1124,agent_014,1,Normal refund approval with evidence and reasonable timing,normal,,APPROVED
order_100293,return_300293,customer_0612,agent_017,1,Normal refund approval with evidence and reasonable timing,normal,,DECLINED
order_102687,return_302687,customer_1146,agent_010,1,Normal refund approval with evidence and reasonable timing,normal,,APPROVED
order_101293,return_301293,customer_0388,agent_026,1,Normal refund approval with evidence and reasonable timing,normal,,DECLINED
order_104295,return_304295,customer_9006,agent_013,6,Customer with frequent refund requests,fraud,CUSTOMER_FREQUENT_RETURNS,APPROVED
order_100529,return_300529,customer_0271,agent_019,1,Normal refund approval with evidence and reasonable timing,normal,,APPROVED
order_103388,return_303388,customer_1865,agent_101,3,Full-amount refund approved for expensive order,fraud,FULL_AMOUNT_REFUND;HIGH_VALUE_REFUND,APPROVED
order_103717,return_303717,customer_0626,agent_102,4,Very fast approval by support agent,fraud,FAST_APPROVAL,APPROVED
order_100968,return_300968,customer_0295,agent_011,1,Normal refund approval with evidence and reasonable timing,normal,,APPROVED
order_103740,return_303740,customer_1856,agent_103,4,Very fast approval by support agent,fraud,FAST_APPROVAL,APPROVED
order_102807,return_302807,customer_0721,agent_003,1,Normal refund approval with evidence and reasonable timing,normal,,DECLINED
order_104058,return_304058,customer_1621,agent_015,5,Manual override on high-value refund,fraud,MANUAL_OVERRIDE;HIGH_VALUE_REFUND,APPROVED
order_103208,return_303208,customer_1464,agent_017,2,High-value refund approved without evidence,fraud,NO_EVIDENCE;HIGH_VALUE_REFUND,APPROVED
order_104839,return_304839,customer_9905,agent_902,9,"Suspicious cluster: same agent, frequent customer returns, manual overrides",fraud,SUSPICIOUS_CLUSTER;NO_EVIDENCE;MANUAL_OVERRIDE;HIGH_VALUE_REFUND,APPROVED
order_104680,return_304680,customer_8003,agent_803,8,Repeated agent-customer approval pattern,fraud,REPEATED_AGENT_CUSTOMER_PAIR,APPROVED
order_100981,return_300981,customer_1718,agent_010,1,Normal refund approval with evidence and reasonable timing,normal,,DECLINED
order_101135,return_301135,customer_0078,agent_008,1,Normal refund approval with evidence and reasonable timing,normal,,DECLINED
order_103435,return_303435,customer_0402,agent_024,3,Full-amount refund approved for expensive order,fraud,FULL_AMOUNT_REFUND;HIGH_VALUE_REFUND,APPROVED
order_104879,return_304879,customer_9905,agent_902,9,"Suspicious cluster: same agent, frequent customer returns, manual overrides",fraud,SUSPICIOUS_CLUSTER;NO_EVIDENCE;MANUAL_OVERRIDE;HIGH_VALUE_REFUND,APPROVED
order_103956,return_303956,customer_1541,agent_022,5,Manual override on high-value refund,fraud,MANUAL_OVERRIDE;HIGH_VALUE_REFUND,APPROVED
order_100613,return_300613,customer_1329,agent_016,1,Normal refund approval with evidence and reasonable timing,normal,,DECLINED
order_101651,return_301651,customer_0904,agent_015,1,Normal refund approval with evidence and reasonable timing,normal,,APPROVED
order_104218,return_304218,customer_9001,agent_103,6,Customer with frequent refund requests,fraud,CUSTOMER_FREQUENT_RETURNS,APPROVED
order_104543,return_304543,customer_0906,agent_702,7,Support agent with unusually high approval rate,fraud,AGENT_HIGH_APPROVAL_RATE,APPROVED
order_102573,return_302573,customer_1742,agent_001,1,Normal refund approval with evidence and reasonable timing,normal,,APPROVED
order_102166,return_302166,customer_0320,agent_026,1,Normal refund approval with evidence and reasonable timing,normal,,DECLINED
order_100479,return_300479,customer_1119,agent_030,1,Normal refund approval with evidence and reasonable timing,normal,,APPROVED
order_100487,return_300487,customer_0976,agent_013,1,Normal refund approval with evidence and reasonable timing,normal,,APPROVED
order_100507,return_300507,customer_0015,agent_001,1,Normal refund approval with evidence and reasonable timing,normal,,DECLINED
order_100829,return_300829,customer_0702,agent_011,1,Normal refund approval with evidence and reasonable timing,normal,,APPROVED
order_102698,return_302698,customer_1544,agent_015,1,Normal refund approval with evidence and reasonable timing,normal,,APPROVED
order_101898,return_301898,customer_1769,agent_019,1,Normal refund approval with evidence and reasonable timing,normal,,APPROVED
order_102702,return_302702,customer_0073,agent_004,1,Normal refund approval with evidence and reasonable timing,normal,,DECLINED
order_101090,return_301090,customer_0464,agent_003,1,Normal refund approval with evidence and reasonable timing,normal,,APPROVED
order_102216,return_302216,customer_1338,agent_022,1,Normal refund approval with evidence and reasonable timing,normal,,APPROVED
order_100424,return_300424,customer_0922,agent_010,1,Normal refund approval with evidence and reasonable timing,normal,,APPROVED
order_103518,return_303518,customer_0667,agent_102,3,Full-amount refund approved for expensive order,fraud,FULL_AMOUNT_REFUND;HIGH_VALUE_REFUND,APPROVED
order_100532,return_300532,customer_1106,agent_015,1,Normal refund approval with evidence and reasonable timing,normal,,APPROVED
order_101009,return_301009,customer_0687,agent_023,1,Normal refund approval with evidence and reasonable timing,normal,,APPROVED
order_104067,return_304067,customer_1698,agent_013,5,Manual override on high-value refund,fraud,MANUAL_OVERRIDE;HIGH_VALUE_REFUND,APPROVED
order_100819,return_300819,customer_0729,agent_024,1,Normal refund approval with evidence and reasonable timing,normal,,APPROVED
order_102645,return_302645,customer_0361,agent_023,1,Normal refund approval with evidence and reasonable timing,normal,,APPROVED
order_101996,return_301996,customer_1087,agent_030,1,Normal refund approval with evidence and reasonable timing,normal,,APPROVED
order_100418,return_300418,customer_1593,agent_021,1,Normal refund approval with evidence and reasonable timing,normal,,APPROVED
order_102074,return_302074,customer_0598,agent_008,1,Normal refund approval with evidence and reasonable timing,normal,,APPROVED
order_104353,return_304353,customer_0903,agent_701,7,Support agent with unusually high approval rate,fraud,AGENT_HIGH_APPROVAL_RATE,APPROVED
order_103562,return_303562,customer_0790,agent_102,4,Very fast approval by support agent,fraud,FAST_APPROVAL,APPROVED
order_100303,return_300303,customer_1865,agent_016,1,Normal refund approval with evidence and reasonable timing,normal,,APPROVED
order_101856,return_301856,customer_1211,agent_030,1,Normal refund approval with evidence and reasonable timing,normal,,DECLINED
order_100977,return_300977,customer_1494,agent_019,1,Normal refund approval with evidence and reasonable timing,normal,,APPROVED
order_102911,return_302911,customer_0615,agent_001,1,Normal refund approval with evidence and reasonable timing,normal,,APPROVED
order_101791,return_301791,customer_0928,agent_013,1,Normal refund approval with evidence and reasonable timing,normal,,APPROVED
order_101187,return_301187,customer_1321,agent_002,1,Normal refund approval with evidence and reasonable timing,normal,,DECLINED
order_102840,return_302840,customer_0062,agent_029,1,Normal refund approval with evidence and reasonable timing,normal,,APPROVED
order_104169,return_304169,customer_9008,agent_020,6,Customer with frequent refund requests,fraud,CUSTOMER_FREQUENT_RETURNS,APPROVED
order_100530,return_300530,customer_1959,agent_015,1,Normal refund approval with evidence and reasonable timing,normal,,APPROVED
order_104564,return_304564,customer_8001,agent_801,8,Repeated agent-customer approval pattern,fraud,REPEATED_AGENT_CUSTOMER_PAIR,APPROVED
order_102564,return_302564,customer_0303,agent_021,1,Normal refund approval with evidence and reasonable timing,normal,,DECLINED
order_104737,return_304737,customer_8003,agent_803,8,Repeated agent-customer approval pattern,fraud,REPEATED_AGENT_CUSTOMER_PAIR,APPROVED
order_103108,return_303108,customer_0095,agent_004,2,High-value refund approved without evidence,fraud,NO_EVIDENCE;HIGH_VALUE_REFUND,APPROVED
order_103602,return_303602,customer_0373,agent_102,4,Very fast approval by support agent,fraud,FAST_APPROVAL,APPROVED
order_103598,return_303598,customer_0240,agent_102,4,Very fast approval by support agent,fraud,FAST_APPROVAL,APPROVED
order_101983,return_301983,customer_1588,agent_019,1,Normal refund approval with evidence and reasonable timing,normal,,APPROVED
order_103312,return_303312,customer_1410,agent_023,3,Full-amount refund approved for expensive order,fraud,FULL_AMOUNT_REFUND;HIGH_VALUE_REFUND,APPROVED
order_103037,return_303037,customer_1825,agent_102,2,High-value refund approved without evidence,fraud,NO_EVIDENCE;HIGH_VALUE_REFUND,APPROVED
order_103263,return_303263,customer_1411,agent_014,3,Full-amount refund approved for expensive order,fraud,FULL_AMOUNT_REFUND;HIGH_VALUE_REFUND,APPROVED
order_104753,return_304753,customer_8001,agent_801,8,Repeated agent-customer approval pattern,fraud,REPEATED_AGENT_CUSTOMER_PAIR,APPROVED
order_101623,return_301623,customer_0891,agent_006,1,Normal refund approval with evidence and reasonable timing,normal,,DECLINED
order_104721,return_304721,customer_8002,agent_802,8,Repeated agent-customer approval pattern,fraud,REPEATED_AGENT_CUSTOMER_PAIR,APPROVED
order_103203,return_303203,customer_1793,agent_021,2,High-value refund approved without evidence,fraud,NO_EVIDENCE;HIGH_VALUE_REFUND,APPROVED
order_103472,return_303472,customer_1345,agent_025,3,Full-amount refund approved for expensive order,fraud,FULL_AMOUNT_REFUND;HIGH_VALUE_REFUND,APPROVED
order_104253,return_304253,customer_9004,agent_029,6,Customer with frequent refund requests,fraud,CUSTOMER_FREQUENT_RETURNS,APPROVED
order_103630,return_303630,customer_1169,agent_101,4,Very fast approval by support agent,fraud,FAST_APPROVAL,APPROVED
order_102344,return_302344,customer_0820,agent_013,1,Normal refund approval with evidence and reasonable timing,normal,,APPROVED
order_101612,return_301612,customer_1966,agent_026,1,Normal refund approval with evidence and reasonable timing,normal,,DECLINED
order_100688,return_300688,customer_1685,agent_010,1,Normal refund approval with evidence and reasonable timing,normal,,DECLINED
order_100202,return_300202,customer_1419,agent_027,1,Normal refund approval with evidence and reasonable timing,normal,,APPROVED
order_101673,return_301673,customer_1946,agent_004,1,Normal refund approval with evidence and reasonable timing,normal,,APPROVED
order_100795,return_300795,customer_0528,agent_021,1,Normal refund approval with evidence and reasonable timing,normal,,DECLINED
order_100065,return_300065,customer_1583,agent_009,1,Normal refund approval with evidence and reasonable timing,normal,,APPROVED
order_101505,return_301505,customer_0626,agent_009,1,Normal refund approval with evidence and reasonable timing,normal,,APPROVED
order_100063,return_300063,customer_0325,agent_023,1,Normal refund approval with evidence and reasonable timing,normal,,APPROVED
order_103830,return_303830,customer_1566,agent_030,5,Manual override on high-value refund,fraud,MANUAL_OVERRIDE;HIGH_VALUE_REFUND,APPROVED
order_101900,return_301900,customer_1802,agent_015,1,Normal refund approval with evidence and reasonable timing,normal,,APPROVED
order_101086,return_301086,customer_1421,agent_008,1,Normal refund approval with evidence and reasonable timing,normal,,APPROVED
order_104859,return_304859,customer_9904,agent_902,9,"Suspicious cluster: same agent, frequent customer returns, manual overrides",fraud,SUSPICIOUS_CLUSTER;NO_EVIDENCE;MANUAL_OVERRIDE;HIGH_VALUE_REFUND,APPROVED
order_104010,return_304010,customer_0174,agent_018,5,Manual override on high-value refund,fraud,MANUAL_OVERRIDE;HIGH_VALUE_REFUND,APPROVED
order_102423,return_302423,customer_0151,agent_012,1,Normal refund approval with evidence and reasonable timing,normal,,APPROVED
order_103756,return_303756,customer_0898,agent_103,4,Very fast approval by support agent,fraud,FAST_APPROVAL,APPROVED
order_103983,return_303983,customer_0919,agent_015,5,Manual override on high-value refund,fraud,MANUAL_OVERRIDE;HIGH_VALUE_REFUND,APPROVED
order_103872,return_303872,customer_1006,agent_011,5,Manual override on high-value refund,fraud,MANUAL_OVERRIDE;HIGH_VALUE_REFUND,APPROVED
order_103996,return_303996,customer_0192,agent_006,5,Manual override on high-value refund,fraud,MANUAL_OVERRIDE;HIGH_VALUE_REFUND,APPROVED
order_100454,return_300454,customer_0360,agent_027,1,Normal refund approval with evidence and reasonable timing,normal,,APPROVED
order_103685,return_303685,customer_1115,agent_102,4,Very fast approval by support agent,fraud,FAST_APPROVAL,APPROVED
order_101072,return_301072,customer_1644,agent_020,1,Normal refund approval with evidence and reasonable timing,normal,,DECLINED
order_101344,return_301344,customer_1804,agent_016,1,Normal refund approval with evidence and reasonable timing,normal,,DECLINED
order_101036,return_301036,customer_0743,agent_019,1,Normal refund approval with evidence and reasonable timing,normal,,APPROVED
order_100401,return_300401,customer_0184,agent_025,1,Normal refund approval with evidence and reasonable timing,normal,,APPROVED
order_104893,return_304893,customer_9905,agent_902,9,"Suspicious cluster: same agent, frequent customer returns, manual overrides",fraud,SUSPICIOUS_CLUSTER;NO_EVIDENCE;MANUAL_OVERRIDE;HIGH_VALUE_REFUND,APPROVED
order_104259,return_304259,customer_9002,agent_004,6,Customer with frequent refund requests,fraud,CUSTOMER_FREQUENT_RETURNS,APPROVED
order_101662,return_301662,customer_0209,agent_016,1,Normal refund approval with evidence and reasonable timing,normal,,APPROVED
order_100302,return_300302,customer_0218,agent_026,1,Normal refund approval with evidence and reasonable timing,normal,,DECLINED
order_102959,return_302959,customer_0952,agent_016,1,Normal refund approval with evidence and reasonable timing,normal,,APPROVED
order_104551,return_304551,customer_1067,agent_701,7,Support agent with unusually high approval rate,fraud,AGENT_HIGH_APPROVAL_RATE,APPROVED
order_100012,return_300012,customer_0446,agent_010,1,Normal refund approval with evidence and reasonable timing,normal,,DECLINED
order_103486,return_303486,customer_0801,agent_014,3,Full-amount refund approved for expensive order,fraud,FULL_AMOUNT_REFUND;HIGH_VALUE_REFUND,APPROVED
order_104183,return_304183,customer_9006,agent_021,6,Customer with frequent refund requests,fraud,CUSTOMER_FREQUENT_RETURNS,APPROVED
order_102637,return_302637,customer_1514,agent_005,1,Normal refund approval with evidence and reasonable timing,normal,,DECLINED
order_100755,return_300755,customer_1766,agent_006,1,Normal refund approval with evidence and reasonable timing,normal,,DECLINED
order_104510,return_304510,customer_0357,agent_702,7,Support agent with unusually high approval rate,fraud,AGENT_HIGH_APPROVAL_RATE,APPROVED
order_100363,return_300363,customer_0629,agent_009,1,Normal refund approval with evidence and reasonable timing,normal,,APPROVED
order_104286,return_304286,customer_9005,agent_011,6,Customer with frequent refund requests,fraud,CUSTOMER_FREQUENT_RETURNS,APPROVED
order_100441,return_300441,customer_0367,agent_001,1,Normal refund approval with evidence and reasonable timing,normal,,DECLINED
order_101978,return_301978,customer_1262,agent_011,1,Normal refund approval with evidence and reasonable timing,normal,,APPROVED
order_104901,return_304901,customer_9904,agent_902,9,"Suspicious cluster: same agent, frequent customer returns, manual overrides",fraud,SUSPICIOUS_CLUSTER;NO_EVIDENCE;MANUAL_OVERRIDE;HIGH_VALUE_REFUND,APPROVED
order_102470,return_302470,customer_0556,agent_011,1,Normal refund approval with evidence and reasonable timing,normal,,APPROVED
order_101941,return_301941,customer_0818,agent_026,1,Normal refund approval with evidence and reasonable timing,normal,,DECLINED
order_103105,return_303105,customer_1306,agent_026,2,High-value refund approved without evidence,fraud,NO_EVIDENCE;HIGH_VALUE_REFUND,APPROVED
order_102823,return_302823,customer_1283,agent_015,1,Normal refund approval with evidence and reasonable timing,normal,,DECLINED
order_101569,return_301569,customer_0947,agent_009,1,Normal refund approval with evidence and reasonable timing,normal,,APPROVED
order_103227,return_303227,customer_0979,agent_004,2,High-value refund approved without evidence,fraud,NO_EVIDENCE;HIGH_VALUE_REFUND,APPROVED
order_101863,return_301863,customer_0353,agent_015,1,Normal refund approval with evidence and reasonable timing,normal,,DECLINED
order_104794,return_304794,customer_9901,agent_901,9,"Suspicious cluster: same agent, frequent customer returns, manual overrides",fraud,SUSPICIOUS_CLUSTER;NO_EVIDENCE;MANUAL_OVERRIDE;HIGH_VALUE_REFUND,APPROVED
order_104591,return_304591,customer_8001,agent_801,8,Repeated agent-customer approval pattern,fraud,REPEATED_AGENT_CUSTOMER_PAIR,APPROVED
order_103032,return_303032,customer_0444,agent_029,2,High-value refund approved without evidence,fraud,NO_EVIDENCE;HIGH_VALUE_REFUND,APPROVED
order_102611,return_302611,customer_0437,agent_002,1,Normal refund approval with evidence and reasonable timing,normal,,DECLINED
order_101171,return_301171,customer_1215,agent_005,1,Normal refund approval with evidence and reasonable timing,normal,,APPROVED
order_102481,return_302481,customer_0213,agent_017,1,Normal refund approval with evidence and reasonable timing,normal,,APPROVED
order_100431,return_300431,customer_0283,agent_028,1,Normal refund approval with evidence and reasonable timing,normal,,APPROVED
order_103523,return_303523,customer_1413,agent_015,3,Full-amount refund approved for expensive order,fraud,FULL_AMOUNT_REFUND;HIGH_VALUE_REFUND,APPROVED
order_104327,return_304327,customer_0641,agent_702,7,Support agent with unusually high approval rate,fraud,AGENT_HIGH_APPROVAL_RATE,APPROVED
order_100603,return_300603,customer_1950,agent_018,1,Normal refund approval with evidence and reasonable timing,normal,,APPROVED
order_101697,return_301697,customer_1239,agent_026,1,Normal refund approval with evidence and reasonable timing,normal,,DECLINED
order_102147,return_302147,customer_1165,agent_003,1,Normal refund approval with evidence and reasonable timing,normal,,APPROVED
order_100329,return_300329,customer_1618,agent_016,1,Normal refund approval with evidence and reasonable timing,normal,,APPROVED
order_100018,return_300018,customer_1855,agent_009,1,Normal refund approval with evidence and reasonable timing,normal,,DECLINED
order_103802,return_303802,customer_0517,agent_103,4,Very fast approval by support agent,fraud,FAST_APPROVAL,APPROVED
order_104840,return_304840,customer_9901,agent_901,9,"Suspicious cluster: same agent, frequent customer returns, manual overrides",fraud,SUSPICIOUS_CLUSTER;NO_EVIDENCE;MANUAL_OVERRIDE;HIGH_VALUE_REFUND,APPROVED
order_100597,return_300597,customer_1748,agent_018,1,Normal refund approval with evidence and reasonable timing,normal,,APPROVED
order_103254,return_303254,customer_0611,agent_005,3,Full-amount refund approved for expensive order,fraud,FULL_AMOUNT_REFUND;HIGH_VALUE_REFUND,APPROVED
order_104470,return_304470,customer_1498,agent_701,7,Support agent with unusually high approval rate,fraud,AGENT_HIGH_APPROVAL_RATE,APPROVED
order_102413,return_302413,customer_1976,agent_013,1,Normal refund approval with evidence and reasonable timing,normal,,APPROVED
order_101516,return_301516,customer_1974,agent_024,1,Normal refund approval with evidence and reasonable timing,normal,,DECLINED
order_100816,return_300816,customer_0761,agent_026,1,Normal refund approval with evidence and reasonable timing,normal,,APPROVED
order_100838,return_300838,customer_1111,agent_027,1,Normal refund approval with evidence and reasonable timing,normal,,DECLINED
order_103376,return_303376,customer_0227,agent_029,3,Full-amount refund approved for expensive order,fraud,FULL_AMOUNT_REFUND;HIGH_VALUE_REFUND,APPROVED
order_101648,return_301648,customer_0077,agent_007,1,Normal refund approval with evidence and reasonable timing,normal,,APPROVED
order_101383,return_301383,customer_0281,agent_020,1,Normal refund approval with evidence and reasonable timing,normal,,DECLINED
order_101517,return_301517,customer_1164,agent_008,1,Normal refund approval with evidence and reasonable timing,normal,,APPROVED
order_101839,return_301839,customer_0223,agent_011,1,Normal refund approval with evidence and reasonable timing,normal,,APPROVED
order_101848,return_301848,customer_1156,agent_012,1,Normal refund approval with evidence and reasonable timing,normal,,APPROVED
order_101581,return_301581,customer_0184,agent_020,1,Normal refund approval with evidence and reasonable timing,normal,,DECLINED
order_101832,return_301832,customer_0760,agent_027,1,Normal refund approval with evidence and reasonable timing,normal,,DECLINED
order_100619,return_300619,customer_1457,agent_024,1,Normal refund approval with evidence and reasonable timing,normal,,APPROVED
order_103401,return_303401,customer_0009,agent_021,3,Full-amount refund approved for expensive order,fraud,FULL_AMOUNT_REFUND;HIGH_VALUE_REFUND,APPROVED
order_101562,return_301562,customer_0461,agent_028,1,Normal refund approval with evidence and reasonable timing,normal,,DECLINED
order_103397,return_303397,customer_1692,agent_022,3,Full-amount refund approved for expensive order,fraud,FULL_AMOUNT_REFUND;HIGH_VALUE_REFUND,APPROVED
order_103953,return_303953,customer_0043,agent_030,5,Manual override on high-value refund,fraud,MANUAL_OVERRIDE;HIGH_VALUE_REFUND,APPROVED
order_103857,return_303857,customer_0399,agent_103,5,Manual override on high-value refund,fraud,MANUAL_OVERRIDE;HIGH_VALUE_REFUND,APPROVED
order_101644,return_301644,customer_0174,agent_008,1,Normal refund approval with evidence and reasonable timing,normal,,APPROVED
order_103114,return_303114,customer_0634,agent_001,2,High-value refund approved without evidence,fraud,NO_EVIDENCE;HIGH_VALUE_REFUND,APPROVED
order_101451,return_301451,customer_1766,agent_014,1,Normal refund approval with evidence and reasonable timing,normal,,DECLINED
order_103315,return_303315,customer_0226,agent_030,3,Full-amount refund approved for expensive order,fraud,FULL_AMOUNT_REFUND;HIGH_VALUE_REFUND,APPROVED
order_102636,return_302636,customer_0235,agent_015,1,Normal refund approval with evidence and reasonable timing,normal,,DECLINED
order_102535,return_302535,customer_1174,agent_020,1,Normal refund approval with evidence and reasonable timing,normal,,DECLINED
order_100584,return_300584,customer_0165,agent_028,1,Normal refund approval with evidence and reasonable timing,normal,,APPROVED
order_103164,return_303164,customer_1435,agent_013,2,High-value refund approved without evidence,fraud,NO_EVIDENCE;HIGH_VALUE_REFUND,APPROVED
order_103954,return_303954,customer_0402,agent_103,5,Manual override on high-value refund,fraud,MANUAL_OVERRIDE;HIGH_VALUE_REFUND,APPROVED
order_101324,return_301324,customer_1032,agent_003,1,Normal refund approval with evidence and reasonable timing,normal,,APPROVED
order_102377,return_302377,customer_0617,agent_017,1,Normal refund approval with evidence and reasonable timing,normal,,DECLINED
order_100993,return_300993,customer_0605,agent_006,1,Normal refund approval with evidence and reasonable timing,normal,,APPROVED
order_101755,return_301755,customer_0784,agent_010,1,Normal refund approval with evidence and reasonable timing,normal,,APPROVED
order_101507,return_301507,customer_0602,agent_022,1,Normal refund approval with evidence and reasonable timing,normal,,APPROVED
order_101468,return_301468,customer_1810,agent_006,1,Normal refund approval with evidence and reasonable timing,normal,,APPROVED
order_100946,return_300946,customer_1936,agent_027,1,Normal refund approval with evidence and reasonable timing,normal,,APPROVED
order_104412,return_304412,customer_1618,agent_703,7,Support agent with unusually high approval rate,fraud,AGENT_HIGH_APPROVAL_RATE,APPROVED
order_103937,return_303937,customer_0371,agent_005,5,Manual override on high-value refund,fraud,MANUAL_OVERRIDE;HIGH_VALUE_REFUND,APPROVED
order_104149,return_304149,customer_9004,agent_013,6,Customer with frequent refund requests,fraud,CUSTOMER_FREQUENT_RETURNS,APPROVED
order_100727,return_300727,customer_0345,agent_001,1,Normal refund approval with evidence and reasonable timing,normal,,APPROVED
order_103735,return_303735,customer_0307,agent_103,4,Very fast approval by support agent,fraud,FAST_APPROVAL,APPROVED
order_101711,return_301711,customer_0555,agent_025,1,Normal refund approval with evidence and reasonable timing,normal,,APPROVED
order_104308,return_304308,customer_9003,agent_016,6,Customer with frequent refund requests,fraud,CUSTOMER_FREQUENT_RETURNS,APPROVED
order_104198,return_304198,customer_9005,agent_015,6,Customer with frequent refund requests,fraud,CUSTOMER_FREQUENT_RETURNS,APPROVED
order_100971,return_300971,customer_1515,agent_028,1,Normal refund approval with evidence and reasonable timing,normal,,DECLINED
order_104482,return_304482,customer_1864,agent_701,7,Support agent with unusually high approval rate,fraud,AGENT_HIGH_APPROVAL_RATE,APPROVED
order_102660,return_302660,customer_0231,agent_028,1,Normal refund approval with evidence and reasonable timing,normal,,DECLINED
order_104502,return_304502,customer_0615,agent_703,7,Support agent with unusually high approval rate,fraud,AGENT_HIGH_APPROVAL_RATE,APPROVED
order_101280,return_301280,customer_0670,agent_027,1,Normal refund approval with evidence and reasonable timing,normal,,DECLINED
order_103180,return_303180,customer_0100,agent_012,2,High-value refund approved without evidence,fraud,NO_EVIDENCE;HIGH_VALUE_REFUND,APPROVED
order_102128,return_302128,customer_1906,agent_011,1,Normal refund approval with evidence and reasonable timing,normal,,APPROVED
order_104030,return_304030,customer_0163,agent_005,5,Manual override on high-value refund,fraud,MANUAL_OVERRIDE;HIGH_VALUE_REFUND,APPROVED
order_103075,return_303075,customer_1842,agent_005,2,High-value refund approved without evidence,fraud,NO_EVIDENCE;HIGH_VALUE_REFUND,APPROVED
order_101272,return_301272,customer_0274,agent_002,1,Normal refund approval with evidence and reasonable timing,normal,,DECLINED
order_103531,return_303531,customer_1141,agent_101,4,Very fast approval by support agent,fraud,FAST_APPROVAL,APPROVED
order_104456,return_304456,customer_0534,agent_702,7,Support agent with unusually high approval rate,fraud,AGENT_HIGH_APPROVAL_RATE,APPROVED
order_100305,return_300305,customer_1642,agent_012,1,Normal refund approval with evidence and reasonable timing,normal,,DECLINED
order_100664,return_300664,customer_0168,agent_011,1,Normal refund approval with evidence and reasonable timing,normal,,APPROVED
order_103962,return_303962,customer_0877,agent_019,5,Manual override on high-value refund,fraud,MANUAL_OVERRIDE;HIGH_VALUE_REFUND,APPROVED
order_101155,return_301155,customer_1457,agent_010,1,Normal refund approval with evidence and reasonable timing,normal,,DECLINED
order_103348,return_303348,customer_0605,agent_015,3,Full-amount refund approved for expensive order,fraud,FULL_AMOUNT_REFUND;HIGH_VALUE_REFUND,APPROVED
order_101503,return_301503,customer_0467,agent_011,1,Normal refund approval with evidence and reasonable timing,normal,,DECLINED
order_104734,return_304734,customer_8003,agent_803,8,Repeated agent-customer approval pattern,fraud,REPEATED_AGENT_CUSTOMER_PAIR,APPROVED
order_101567,return_301567,customer_1113,agent_026,1,Normal refund approval with evidence and reasonable timing,normal,,APPROVED
order_102386,return_302386,customer_0242,agent_006,1,Normal refund approval with evidence and reasonable timing,normal,,APPROVED
order_102688,return_302688,customer_0685,agent_006,1,Normal refund approval with evidence and reasonable timing,normal,,DECLINED
order_100010,return_300010,customer_1655,agent_015,1,Normal refund approval with evidence and reasonable timing,normal,,DECLINED
order_102437,return_302437,customer_1421,agent_030,1,Normal refund approval with evidence and reasonable timing,normal,,DECLINED
order_104633,return_304633,customer_8001,agent_801,8,Repeated agent-customer approval pattern,fraud,REPEATED_AGENT_CUSTOMER_PAIR,APPROVED
order_102239,return_302239,customer_0706,agent_025,1,Normal refund approval with evidence and reasonable timing,normal,,APPROVED
order_103128,return_303128,customer_0010,agent_014,2,High-value refund approved without evidence,fraud,NO_EVIDENCE;HIGH_VALUE_REFUND,APPROVED
order_104613,return_304613,customer_8002,agent_802,8,Repeated agent-customer approval pattern,fraud,REPEATED_AGENT_CUSTOMER_PAIR,APPROVED
order_103852,return_303852,customer_1644,agent_024,5,Manual override on high-value refund,fraud,MANUAL_OVERRIDE;HIGH_VALUE_REFUND,APPROVED
order_100594,return_300594,customer_0520,agent_001,1,Normal refund approval with evidence and reasonable timing,normal,,APPROVED
order_100974,return_300974,customer_0419,agent_022,1,Normal refund approval with evidence and reasonable timing,normal,,DECLINED
order_103791,return_303791,customer_1205,agent_101,4,Very fast approval by support agent,fraud,FAST_APPROVAL,APPROVED
order_102307,return_302307,customer_0672,agent_020,1,Normal refund approval with evidence and reasonable timing,normal,,DECLINED
order_103855,return_303855,customer_1016,agent_001,5,Manual override on high-value refund,fraud,MANUAL_OVERRIDE;HIGH_VALUE_REFUND,APPROVED
order_104129,return_304129,customer_9008,agent_101,6,Customer with frequent refund requests,fraud,CUSTOMER_FREQUENT_RETURNS,APPROVED
order_103343,return_303343,customer_1558,agent_017,3,Full-amount refund approved for expensive order,fraud,FULL_AMOUNT_REFUND;HIGH_VALUE_REFUND,APPROVED
order_104255,return_304255,customer_9006,agent_026,6,Customer with frequent refund requests,fraud,CUSTOMER_FREQUENT_RETURNS,APPROVED
order_102329,return_302329,customer_0675,agent_007,1,Normal refund approval with evidence and reasonable timing,normal,,DECLINED
order_100294,return_300294,customer_0166,agent_025,1,Normal refund approval with evidence and reasonable timing,normal,,APPROVED
order_101882,return_301882,customer_1422,agent_029,1,Normal refund approval with evidence and reasonable timing,normal,,APPROVED
order_103193,return_303193,customer_1544,agent_101,2,High-value refund approved without evidence,fraud,NO_EVIDENCE;HIGH_VALUE_REFUND,APPROVED
order_100568,return_300568,customer_1169,agent_013,1,Normal refund approval with evidence and reasonable timing,normal,,APPROVED
order_103163,return_303163,customer_1029,agent_101,2,High-value refund approved without evidence,fraud,NO_EVIDENCE;HIGH_VALUE_REFUND,APPROVED
order_104226,return_304226,customer_9001,agent_020,6,Customer with frequent refund requests,fraud,CUSTOMER_FREQUENT_RETURNS,APPROVED
order_101551,return_301551,customer_1231,agent_004,1,Normal refund approval with evidence and reasonable timing,normal,,APPROVED
order_102318,return_302318,customer_0855,agent_005,1,Normal refund approval with evidence and reasonable timing,normal,,APPROVED
order_102849,return_302849,customer_1024,agent_008,1,Normal refund approval with evidence and reasonable timing,normal,,APPROVED
order_103292,return_303292,customer_1232,agent_013,3,Full-amount refund approved for expensive order,fraud,FULL_AMOUNT_REFUND;HIGH_VALUE_REFUND,APPROVED
order_104806,return_304806,customer_9902,agent_901,9,"Suspicious cluster: same agent, frequent customer returns, manual overrides",fraud,SUSPICIOUS_CLUSTER;NO_EVIDENCE;MANUAL_OVERRIDE;HIGH_VALUE_REFUND,APPROVED
order_104947,return_304947,customer_9906,agent_902,9,"Suspicious cluster: same agent, frequent customer returns, manual overrides",fraud,SUSPICIOUS_CLUSTER;NO_EVIDENCE;MANUAL_OVERRIDE;HIGH_VALUE_REFUND,APPROVED
order_104151,return_304151,customer_9006,agent_004,6,Customer with frequent refund requests,fraud,CUSTOMER_FREQUENT_RETURNS,APPROVED
order_100505,return_300505,customer_0659,agent_005,1,Normal refund approval with evidence and reasonable timing,normal,,DECLINED
order_104506,return_304506,customer_1285,agent_701,7,Support agent with unusually high approval rate,fraud,AGENT_HIGH_APPROVAL_RATE,APPROVED
order_104891,return_304891,customer_9905,agent_902,9,"Suspicious cluster: same agent, frequent customer returns, manual overrides",fraud,SUSPICIOUS_CLUSTER;NO_EVIDENCE;MANUAL_OVERRIDE;HIGH_VALUE_REFUND,APPROVED
order_100693,return_300693,customer_0386,agent_013,1,Normal refund approval with evidence and reasonable timing,normal,,APPROVED
order_104411,return_304411,customer_0166,agent_702,7,Support agent with unusually high approval rate,fraud,AGENT_HIGH_APPROVAL_RATE,APPROVED
order_103091,return_303091,customer_0173,agent_006,2,High-value refund approved without evidence,fraud,NO_EVIDENCE;HIGH_VALUE_REFUND,APPROVED
order_100304,return_300304,customer_1482,agent_003,1,Normal refund approval with evidence and reasonable timing,normal,,APPROVED
order_101042,return_301042,customer_1071,agent_019,1,Normal refund approval with evidence and reasonable timing,normal,,APPROVED
order_100749,return_300749,customer_1609,agent_022,1,Normal refund approval with evidence and reasonable timing,normal,,APPROVED
order_102641,return_302641,customer_1439,agent_024,1,Normal refund approval with evidence and reasonable timing,normal,,APPROVED
order_104328,return_304328,customer_0502,agent_703,7,Support agent with unusually high approval rate,fraud,AGENT_HIGH_APPROVAL_RATE,APPROVED
order_104696,return_304696,customer_8001,agent_801,8,Repeated agent-customer approval pattern,fraud,REPEATED_AGENT_CUSTOMER_PAIR,APPROVED
order_102252,return_302252,customer_1143,agent_011,1,Normal refund approval with evidence and reasonable timing,normal,,DECLINED
order_104662,return_304662,customer_8003,agent_803,8,Repeated agent-customer approval pattern,fraud,REPEATED_AGENT_CUSTOMER_PAIR,APPROVED
order_101605,return_301605,customer_1900,agent_001,1,Normal refund approval with evidence and reasonable timing,normal,,DECLINED
order_100986,return_300986,customer_0356,agent_016,1,Normal refund approval with evidence and reasonable timing,normal,,DECLINED
order_102353,return_302353,customer_1711,agent_021,1,Normal refund approval with evidence and reasonable timing,normal,,APPROVED
order_100945,return_300945,customer_0699,agent_016,1,Normal refund approval with evidence and reasonable timing,normal,,APPROVED
order_103578,return_303578,customer_0123,agent_101,4,Very fast approval by support agent,fraud,FAST_APPROVAL,APPROVED
order_100511,return_300511,customer_0430,agent_010,1,Normal refund approval with evidence and reasonable timing,normal,,DECLINED
order_101118,return_301118,customer_0346,agent_004,1,Normal refund approval with evidence and reasonable timing,normal,,APPROVED
order_104866,return_304866,customer_9901,agent_901,9,"Suspicious cluster: same agent, frequent customer returns, manual overrides",fraud,SUSPICIOUS_CLUSTER;NO_EVIDENCE;MANUAL_OVERRIDE;HIGH_VALUE_REFUND,APPROVED
order_102528,return_302528,customer_0166,agent_029,1,Normal refund approval with evidence and reasonable timing,normal,,APPROVED
order_101652,return_301652,customer_1667,agent_025,1,Normal refund approval with evidence and reasonable timing,normal,,APPROVED
order_104872,return_304872,customer_9902,agent_901,9,"Suspicious cluster: same agent, frequent customer returns, manual overrides",fraud,SUSPICIOUS_CLUSTER;NO_EVIDENCE;MANUAL_OVERRIDE;HIGH_VALUE_REFUND,APPROVED
order_101453,return_301453,customer_1612,agent_029,1,Normal refund approval with evidence and reasonable timing,normal,,APPROVED
order_103137,return_303137,customer_0026,agent_011,2,High-value refund approved without evidence,fraud,NO_EVIDENCE;HIGH_VALUE_REFUND,APPROVED
order_104335,return_304335,customer_0301,agent_701,7,Support agent with unusually high approval rate,fraud,AGENT_HIGH_APPROVAL_RATE,APPROVED
order_101147,return_301147,customer_0321,agent_029,1,Normal refund approval with evidence and reasonable timing,normal,,DECLINED
order_103893,return_303893,customer_1997,agent_101,5,Manual override on high-value refund,fraud,MANUAL_OVERRIDE;HIGH_VALUE_REFUND,APPROVED
order_101150,return_301150,customer_0309,agent_024,1,Normal refund approval with evidence and reasonable timing,normal,,APPROVED
order_102685,return_302685,customer_1331,agent_023,1,Normal refund approval with evidence and reasonable timing,normal,,APPROVED
order_104389,return_304389,customer_0022,agent_701,7,Support agent with unusually high approval rate,fraud,AGENT_HIGH_APPROVAL_RATE,APPROVED
order_100190,return_300190,customer_1846,agent_007,1,Normal refund approval with evidence and reasonable timing,normal,,APPROVED
order_101466,return_301466,customer_0783,agent_030,1,Normal refund approval with evidence and reasonable timing,normal,,DECLINED
order_101183,return_301183,customer_0669,agent_028,1,Normal refund approval with evidence and reasonable timing,normal,,DECLINED
order_101407,return_301407,customer_0830,agent_011,1,Normal refund approval with evidence and reasonable timing,normal,,APPROVED
order_104173,return_304173,customer_9004,agent_011,6,Customer with frequent refund requests,fraud,CUSTOMER_FREQUENT_RETURNS,APPROVED
order_101412,return_301412,customer_0746,agent_027,1,Normal refund approval with evidence and reasonable timing,normal,,APPROVED
order_100560,return_300560,customer_1003,agent_009,1,Normal refund approval with evidence and reasonable timing,normal,,APPROVED
order_103585,return_303585,customer_1871,agent_103,4,Very fast approval by support agent,fraud,FAST_APPROVAL,APPROVED
order_100655,return_300655,customer_1965,agent_015,1,Normal refund approval with evidence and reasonable timing,normal,,APPROVED
order_102872,return_302872,customer_0490,agent_015,1,Normal refund approval with evidence and reasonable timing,normal,,APPROVED
order_102245,return_302245,customer_1765,agent_014,1,Normal refund approval with evidence and reasonable timing,normal,,APPROVED
order_100698,return_300698,customer_0187,agent_024,1,Normal refund approval with evidence and reasonable timing,normal,,APPROVED
order_104843,return_304843,customer_9906,agent_902,9,"Suspicious cluster: same agent, frequent customer returns, manual overrides",fraud,SUSPICIOUS_CLUSTER;NO_EVIDENCE;MANUAL_OVERRIDE;HIGH_VALUE_REFUND,APPROVED
order_103879,return_303879,customer_1518,agent_023,5,Manual override on high-value refund,fraud,MANUAL_OVERRIDE;HIGH_VALUE_REFUND,APPROVED
order_104634,return_304634,customer_8002,agent_802,8,Repeated agent-customer approval pattern,fraud,REPEATED_AGENT_CUSTOMER_PAIR,APPROVED
order_104578,return_304578,customer_8003,agent_803,8,Repeated agent-customer approval pattern,fraud,REPEATED_AGENT_CUSTOMER_PAIR,APPROVED
order_100475,return_300475,customer_0064,agent_028,1,Normal refund approval with evidence and reasonable timing,normal,,APPROVED
order_104066,return_304066,customer_0867,agent_018,5,Manual override on high-value refund,fraud,MANUAL_OVERRIDE;HIGH_VALUE_REFUND,APPROVED
order_103238,return_303238,customer_0790,agent_009,2,High-value refund approved without evidence,fraud,NO_EVIDENCE;HIGH_VALUE_REFUND,APPROVED
order_103632,return_303632,customer_0073,agent_101,4,Very fast approval by support agent,fraud,FAST_APPROVAL,APPROVED
order_103789,return_303789,customer_1631,agent_103,4,Very fast approval by support agent,fraud,FAST_APPROVAL,APPROVED
order_101119,return_301119,customer_1097,agent_006,1,Normal refund approval with evidence and reasonable timing,normal,,DECLINED
order_100043,return_300043,customer_0699,agent_021,1,Normal refund approval with evidence and reasonable timing,normal,,APPROVED
order_100171,return_300171,customer_1879,agent_028,1,Normal refund approval with evidence and reasonable timing,normal,,DECLINED
order_101343,return_301343,customer_0251,agent_030,1,Normal refund approval with evidence and reasonable timing,normal,,DECLINED
order_103226,return_303226,customer_1826,agent_009,2,High-value refund approved without evidence,fraud,NO_EVIDENCE;HIGH_VALUE_REFUND,APPROVED
order_102179,return_302179,customer_1362,agent_029,1,Normal refund approval with evidence and reasonable timing,normal,,APPROVED
order_103205,return_303205,customer_1746,agent_102,2,High-value refund approved without evidence,fraud,NO_EVIDENCE;HIGH_VALUE_REFUND,APPROVED
order_100850,return_300850,customer_0157,agent_021,1,Normal refund approval with evidence and reasonable timing,normal,,APPROVED
order_104588,return_304588,customer_8001,agent_801,8,Repeated agent-customer approval pattern,fraud,REPEATED_AGENT_CUSTOMER_PAIR,APPROVED
order_103596,return_303596,customer_1816,agent_101,4,Very fast approval by support agent,fraud,FAST_APPROVAL,APPROVED
order_103768,return_303768,customer_0667,agent_102,4,Very fast approval by support agent,fraud,FAST_APPROVAL,APPROVED
order_101677,return_301677,customer_0265,agent_024,1,Normal refund approval with evidence and reasonable timing,normal,,APPROVED
order_100647,return_300647,customer_0345,agent_018,1,Normal refund approval with evidence and reasonable timing,normal,,APPROVED
order_103638,return_303638,customer_1385,agent_102,4,Very fast approval by support agent,fraud,FAST_APPROVAL,APPROVED
order_103057,return_303057,customer_0893,agent_022,2,High-value refund approved without evidence,fraud,NO_EVIDENCE;HIGH_VALUE_REFUND,APPROVED
order_100990,return_300990,customer_0561,agent_010,1,Normal refund approval with evidence and reasonable timing,normal,,DECLINED
order_102727,return_302727,customer_1906,agent_009,1,Normal refund approval with evidence and reasonable timing,normal,,APPROVED
order_101236,return_301236,customer_0545,agent_007,1,Normal refund approval with evidence and reasonable timing,normal,,APPROVED
order_101706,return_301706,customer_0663,agent_004,1,Normal refund approval with evidence and reasonable timing,normal,,APPROVED
order_104320,return_304320,customer_0369,agent_701,7,Support agent with unusually high approval rate,fraud,AGENT_HIGH_APPROVAL_RATE,APPROVED
order_102160,return_302160,customer_1688,agent_030,1,Normal refund approval with evidence and reasonable timing,normal,,APPROVED
order_103648,return_303648,customer_0462,agent_101,4,Very fast approval by support agent,fraud,FAST_APPROVAL,APPROVED
order_100071,return_300071,customer_0060,agent_029,1,Normal refund approval with evidence and reasonable timing,normal,,APPROVED
order_103856,return_303856,customer_1020,agent_011,5,Manual override on high-value refund,fraud,MANUAL_OVERRIDE;HIGH_VALUE_REFUND,APPROVED
order_103963,return_303963,customer_0522,agent_013,5,Manual override on high-value refund,fraud,MANUAL_OVERRIDE;HIGH_VALUE_REFUND,APPROVED
order_101473,return_301473,customer_0024,agent_030,1,Normal refund approval with evidence and reasonable timing,normal,,APPROVED
order_100728,return_300728,customer_1442,agent_006,1,Normal refund approval with evidence and reasonable timing,normal,,APPROVED
order_103008,return_303008,customer_0861,agent_009,2,High-value refund approved without evidence,fraud,NO_EVIDENCE;HIGH_VALUE_REFUND,APPROVED
order_102936,return_302936,customer_0365,agent_019,1,Normal refund approval with evidence and reasonable timing,normal,,DECLINED
order_101394,return_301394,customer_1654,agent_025,1,Normal refund approval with evidence and reasonable timing,normal,,APPROVED
order_101627,return_301627,customer_0237,agent_007,1,Normal refund approval with evidence and reasonable timing,normal,,APPROVED
order_101799,return_301799,customer_0207,agent_027,1,Normal refund approval with evidence and reasonable timing,normal,,DECLINED
order_104791,return_304791,customer_9904,agent_902,9,"Suspicious cluster: same agent, frequent customer returns, manual overrides",fraud,SUSPICIOUS_CLUSTER;NO_EVIDENCE;MANUAL_OVERRIDE;HIGH_VALUE_REFUND,APPROVED
order_104597,return_304597,customer_8001,agent_801,8,Repeated agent-customer approval pattern,fraud,REPEATED_AGENT_CUSTOMER_PAIR,APPROVED
order_102596,return_302596,customer_1505,agent_010,1,Normal refund approval with evidence and reasonable timing,normal,,APPROVED
order_103545,return_303545,customer_1495,agent_103,4,Very fast approval by support agent,fraud,FAST_APPROVAL,APPROVED
order_102323,return_302323,customer_1905,agent_023,1,Normal refund approval with evidence and reasonable timing,normal,,APPROVED
order_104755,return_304755,customer_8003,agent_803,8,Repeated agent-customer approval pattern,fraud,REPEATED_AGENT_CUSTOMER_PAIR,APPROVED
order_103662,return_303662,customer_0266,agent_102,4,Very fast approval by support agent,fraud,FAST_APPROVAL,APPROVED
order_100252,return_300252,customer_0104,agent_015,1,Normal refund approval with evidence and reasonable timing,normal,,APPROVED
order_101193,return_301193,customer_0112,agent_015,1,Normal refund approval with evidence and reasonable timing,normal,,DECLINED
order_104520,return_304520,customer_1290,agent_703,7,Support agent with unusually high approval rate,fraud,AGENT_HIGH_APPROVAL_RATE,APPROVED
order_102701,return_302701,customer_1428,agent_012,1,Normal refund approval with evidence and reasonable timing,normal,,APPROVED
order_104073,return_304073,customer_0435,agent_020,5,Manual override on high-value refund,fraud,MANUAL_OVERRIDE;HIGH_VALUE_REFUND,APPROVED
order_103248,return_303248,customer_1452,agent_011,2,High-value refund approved without evidence,fraud,NO_EVIDENCE;HIGH_VALUE_REFUND,APPROVED
order_103896,return_303896,customer_1727,agent_007,5,Manual override on high-value refund,fraud,MANUAL_OVERRIDE;HIGH_VALUE_REFUND,APPROVED
order_102836,return_302836,customer_0899,agent_015,1,Normal refund approval with evidence and reasonable timing,normal,,APPROVED
order_102081,return_302081,customer_0099,agent_029,1,Normal refund approval with evidence and reasonable timing,normal,,APPROVED
order_101347,return_301347,customer_0084,agent_028,1,Normal refund approval with evidence and reasonable timing,normal,,APPROVED
order_101836,return_301836,customer_0398,agent_030,1,Normal refund approval with evidence and reasonable timing,normal,,APPROVED
order_103317,return_303317,customer_0706,agent_014,3,Full-amount refund approved for expensive order,fraud,FULL_AMOUNT_REFUND;HIGH_VALUE_REFUND,APPROVED
order_101281,return_301281,customer_0998,agent_003,1,Normal refund approval with evidence and reasonable timing,normal,,APPROVED
order_101968,return_301968,customer_1129,agent_007,1,Normal refund approval with evidence and reasonable timing,normal,,DECLINED
order_104096,return_304096,customer_9007,agent_026,6,Customer with frequent refund requests,fraud,CUSTOMER_FREQUENT_RETURNS,APPROVED
order_102963,return_302963,customer_1356,agent_008,1,Normal refund approval with evidence and reasonable timing,normal,,APPROVED
order_103080,return_303080,customer_0030,agent_023,2,High-value refund approved without evidence,fraud,NO_EVIDENCE;HIGH_VALUE_REFUND,APPROVED
order_104252,return_304252,customer_9003,agent_008,6,Customer with frequent refund requests,fraud,CUSTOMER_FREQUENT_RETURNS,APPROVED
order_104749,return_304749,customer_8003,agent_803,8,Repeated agent-customer approval pattern,fraud,REPEATED_AGENT_CUSTOMER_PAIR,APPROVED
order_103228,return_303228,customer_0947,agent_024,2,High-value refund approved without evidence,fraud,NO_EVIDENCE;HIGH_VALUE_REFUND,APPROVED
order_103550,return_303550,customer_1758,agent_101,4,Very fast approval by support agent,fraud,FAST_APPROVAL,APPROVED
order_102766,return_302766,customer_0381,agent_024,1,Normal refund approval with evidence and reasonable timing,normal,,APPROVED
order_102865,return_302865,customer_0459,agent_008,1,Normal refund approval with evidence and reasonable timing,normal,,APPROVED
order_102113,return_302113,customer_0499,agent_021,1,Normal refund approval with evidence and reasonable timing,normal,,APPROVED
order_104211,return_304211,customer_9002,agent_015,6,Customer with frequent refund requests,fraud,CUSTOMER_FREQUENT_RETURNS,APPROVED
order_103511,return_303511,customer_1214,agent_022,3,Full-amount refund approved for expensive order,fraud,FULL_AMOUNT_REFUND;HIGH_VALUE_REFUND,APPROVED
order_102822,return_302822,customer_0548,agent_009,1,Normal refund approval with evidence and reasonable timing,normal,,DECLINED
order_100585,return_300585,customer_0136,agent_017,1,Normal refund approval with evidence and reasonable timing,normal,,DECLINED
order_101233,return_301233,customer_1635,agent_007,1,Normal refund approval with evidence and reasonable timing,normal,,APPROVED
order_100796,return_300796,customer_1488,agent_024,1,Normal refund approval with evidence and reasonable timing,normal,,APPROVED
order_100720,return_300720,customer_0950,agent_013,1,Normal refund approval with evidence and reasonable timing,normal,,APPROVED
order_104916,return_304916,customer_9902,agent_901,9,"Suspicious cluster: same agent, frequent customer returns, manual overrides",fraud,SUSPICIOUS_CLUSTER;NO_EVIDENCE;MANUAL_OVERRIDE;HIGH_VALUE_REFUND,APPROVED
order_104097,return_304097,customer_9008,agent_027,6,Customer with frequent refund requests,fraud,CUSTOMER_FREQUENT_RETURNS,APPROVED
order_103296,return_303296,customer_1094,agent_101,3,Full-amount refund approved for expensive order,fraud,FULL_AMOUNT_REFUND;HIGH_VALUE_REFUND,APPROVED
order_100612,return_300612,customer_1380,agent_023,1,Normal refund approval with evidence and reasonable timing,normal,,APPROVED
order_101989,return_301989,customer_1589,agent_017,1,Normal refund approval with evidence and reasonable timing,normal,,APPROVED
order_102390,return_302390,customer_0054,agent_004,1,Normal refund approval with evidence and reasonable timing,normal,,DECLINED
order_103062,return_303062,customer_1639,agent_013,2,High-value refund approved without evidence,fraud,NO_EVIDENCE;HIGH_VALUE_REFUND,APPROVED
order_104064,return_304064,customer_0079,agent_028,5,Manual override on high-value refund,fraud,MANUAL_OVERRIDE;HIGH_VALUE_REFUND,APPROVED
order_103678,return_303678,customer_0986,agent_101,4,Very fast approval by support agent,fraud,FAST_APPROVAL,APPROVED
order_101048,return_301048,customer_0367,agent_006,1,Normal refund approval with evidence and reasonable timing,normal,,DECLINED
order_103077,return_303077,customer_0723,agent_016,2,High-value refund approved without evidence,fraud,NO_EVIDENCE;HIGH_VALUE_REFUND,APPROVED
order_103009,return_303009,customer_1866,agent_014,2,High-value refund approved without evidence,fraud,NO_EVIDENCE;HIGH_VALUE_REFUND,APPROVED
order_101084,return_301084,customer_0712,agent_028,1,Normal refund approval with evidence and reasonable timing,normal,,APPROVED
order_101064,return_301064,customer_0938,agent_018,1,Normal refund approval with evidence and reasonable timing,normal,,DECLINED
order_104626,return_304626,customer_8003,agent_803,8,Repeated agent-customer approval pattern,fraud,REPEATED_AGENT_CUSTOMER_PAIR,APPROVED
order_102805,return_302805,customer_1983,agent_025,1,Normal refund approval with evidence and reasonable timing,normal,,APPROVED
order_101663,return_301663,customer_0593,agent_028,1,Normal refund approval with evidence and reasonable timing,normal,,DECLINED
order_101603,return_301603,customer_1520,agent_029,1,Normal refund approval with evidence and reasonable timing,normal,,APPROVED
order_103261,return_303261,customer_1949,agent_016,3,Full-amount refund approved for expensive order,fraud,FULL_AMOUNT_REFUND;HIGH_VALUE_REFUND,APPROVED
order_102267,return_302267,customer_1339,agent_009,1,Normal refund approval with evidence and reasonable timing,normal,,APPROVED
order_102419,return_302419,customer_1691,agent_006,1,Normal refund approval with evidence and reasonable timing,normal,,APPROVED
order_103351,return_303351,customer_1498,agent_018,3,Full-amount refund approved for expensive order,fraud,FULL_AMOUNT_REFUND;HIGH_VALUE_REFUND,APPROVED
order_103127,return_303127,customer_0204,agent_001,2,High-value refund approved without evidence,fraud,NO_EVIDENCE;HIGH_VALUE_REFUND,APPROVED
order_101089,return_301089,customer_0329,agent_027,1,Normal refund approval with evidence and reasonable timing,normal,,APPROVED
order_100853,return_300853,customer_0409,agent_016,1,Normal refund approval with evidence and reasonable timing,normal,,APPROVED
order_100992,return_300992,customer_1548,agent_024,1,Normal refund approval with evidence and reasonable timing,normal,,APPROVED
order_104323,return_304323,customer_1030,agent_701,7,Support agent with unusually high approval rate,fraud,AGENT_HIGH_APPROVAL_RATE,APPROVED
order_100872,return_300872,customer_0309,agent_007,1,Normal refund approval with evidence and reasonable timing,normal,,APPROVED
order_101927,return_301927,customer_1274,agent_027,1,Normal refund approval with evidence and reasonable timing,normal,,APPROVED
order_104838,return_304838,customer_9901,agent_901,9,"Suspicious cluster: same agent, frequent customer returns, manual overrides",fraud,SUSPICIOUS_CLUSTER;NO_EVIDENCE;MANUAL_OVERRIDE;HIGH_VALUE_REFUND,APPROVED
order_100818,return_300818,customer_1619,agent_019,1,Normal refund approval with evidence and reasonable timing,normal,,APPROVED
order_104789,return_304789,customer_9905,agent_902,9,"Suspicious cluster: same agent, frequent customer returns, manual overrides",fraud,SUSPICIOUS_CLUSTER;NO_EVIDENCE;MANUAL_OVERRIDE;HIGH_VALUE_REFUND,APPROVED
order_103769,return_303769,customer_0150,agent_103,4,Very fast approval by support agent,fraud,FAST_APPROVAL,APPROVED
order_104864,return_304864,customer_9901,agent_901,9,"Suspicious cluster: same agent, frequent customer returns, manual overrides",fraud,SUSPICIOUS_CLUSTER;NO_EVIDENCE;MANUAL_OVERRIDE;HIGH_VALUE_REFUND,APPROVED
order_102013,return_302013,customer_0095,agent_030,1,Normal refund approval with evidence and reasonable timing,normal,,APPROVED
order_103339,return_303339,customer_0561,agent_012,3,Full-amount refund approved for expensive order,fraud,FULL_AMOUNT_REFUND;HIGH_VALUE_REFUND,APPROVED
order_104110,return_304110,customer_9005,agent_009,6,Customer with frequent refund requests,fraud,CUSTOMER_FREQUENT_RETURNS,APPROVED
order_103561,return_303561,customer_1830,agent_102,4,Very fast approval by support agent,fraud,FAST_APPROVAL,APPROVED
order_100881,return_300881,customer_0452,agent_028,1,Normal refund approval with evidence and reasonable timing,normal,,APPROVED
order_104179,return_304179,customer_9002,agent_006,6,Customer with frequent refund requests,fraud,CUSTOMER_FREQUENT_RETURNS,APPROVED
order_103379,return_303379,customer_0713,agent_007,3,Full-amount refund approved for expensive order,fraud,FULL_AMOUNT_REFUND;HIGH_VALUE_REFUND,APPROVED
order_100489,return_300489,customer_0554,agent_011,1,Normal refund approval with evidence and reasonable timing,normal,,APPROVED
order_104844,return_304844,customer_9901,agent_901,9,"Suspicious cluster: same agent, frequent customer returns, manual overrides",fraud,SUSPICIOUS_CLUSTER;NO_EVIDENCE;MANUAL_OVERRIDE;HIGH_VALUE_REFUND,APPROVED
order_101376,return_301376,customer_0775,agent_019,1,Normal refund approval with evidence and reasonable timing,normal,,APPROVED
order_103824,return_303824,customer_0031,agent_017,5,Manual override on high-value refund,fraud,MANUAL_OVERRIDE;HIGH_VALUE_REFUND,APPROVED
order_104493,return_304493,customer_0327,agent_703,7,Support agent with unusually high approval rate,fraud,AGENT_HIGH_APPROVAL_RATE,APPROVED
order_102567,return_302567,customer_0998,agent_016,1,Normal refund approval with evidence and reasonable timing,normal,,DECLINED
order_101546,return_301546,customer_1881,agent_028,1,Normal refund approval with evidence and reasonable timing,normal,,APPROVED
order_101045,return_301045,customer_0441,agent_019,1,Normal refund approval with evidence and reasonable timing,normal,,APPROVED
order_101179,return_301179,customer_1272,agent_027,1,Normal refund approval with evidence and reasonable timing,normal,,APPROVED
order_104354,return_304354,customer_2000,agent_702,7,Support agent with unusually high approval rate,fraud,AGENT_HIGH_APPROVAL_RATE,APPROVED
order_103514,return_303514,customer_0258,agent_012,3,Full-amount refund approved for expensive order,fraud,FULL_AMOUNT_REFUND;HIGH_VALUE_REFUND,APPROVED
order_104092,return_304092,customer_9003,agent_019,6,Customer with frequent refund requests,fraud,CUSTOMER_FREQUENT_RETURNS,APPROVED
order_104360,return_304360,customer_1055,agent_702,7,Support agent with unusually high approval rate,fraud,AGENT_HIGH_APPROVAL_RATE,APPROVED
order_102529,return_302529,customer_0430,agent_001,1,Normal refund approval with evidence and reasonable timing,normal,,APPROVED
order_101904,return_301904,customer_0068,agent_018,1,Normal refund approval with evidence and reasonable timing,normal,,APPROVED
order_103981,return_303981,customer_1942,agent_101,5,Manual override on high-value refund,fraud,MANUAL_OVERRIDE;HIGH_VALUE_REFUND,APPROVED
order_102690,return_302690,customer_0130,agent_015,1,Normal refund approval with evidence and reasonable timing,normal,,APPROVED
order_102571,return_302571,customer_1253,agent_010,1,Normal refund approval with evidence and reasonable timing,normal,,APPROVED
order_103221,return_303221,customer_0482,agent_014,2,High-value refund approved without evidence,fraud,NO_EVIDENCE;HIGH_VALUE_REFUND,APPROVED
order_104731,return_304731,customer_8003,agent_803,8,Repeated agent-customer approval pattern,fraud,REPEATED_AGENT_CUSTOMER_PAIR,APPROVED
order_103781,return_303781,customer_0468,agent_103,4,Very fast approval by support agent,fraud,FAST_APPROVAL,APPROVED
order_101288,return_301288,customer_1132,agent_022,1,Normal refund approval with evidence and reasonable timing,normal,,DECLINED
order_104933,return_304933,customer_9905,agent_902,9,"Suspicious cluster: same agent, frequent customer returns, manual overrides",fraud,SUSPICIOUS_CLUSTER;NO_EVIDENCE;MANUAL_OVERRIDE;HIGH_VALUE_REFUND,APPROVED
order_101246,return_301246,customer_0714,agent_009,1,Normal refund approval with evidence and reasonable timing,normal,,APPROVED
order_102491,return_302491,customer_0148,agent_025,1,Normal refund approval with evidence and reasonable timing,normal,,APPROVED
order_101540,return_301540,customer_1531,agent_003,1,Normal refund approval with evidence and reasonable timing,normal,,DECLINED
order_103818,return_303818,customer_1363,agent_012,5,Manual override on high-value refund,fraud,MANUAL_OVERRIDE;HIGH_VALUE_REFUND,APPROVED
order_100041,return_300041,customer_1678,agent_025,1,Normal refund approval with evidence and reasonable timing,normal,,DECLINED
order_100458,return_300458,customer_1018,agent_003,1,Normal refund approval with evidence and reasonable timing,normal,,APPROVED
order_104542,return_304542,customer_1250,agent_701,7,Support agent with unusually high approval rate,fraud,AGENT_HIGH_APPROVAL_RATE,APPROVED
order_101044,return_301044,customer_0202,agent_015,1,Normal refund approval with evidence and reasonable timing,normal,,APPROVED
order_103573,return_303573,customer_0085,agent_103,4,Very fast approval by support agent,fraud,FAST_APPROVAL,APPROVED
order_104399,return_304399,customer_1984,agent_702,7,Support agent with unusually high approval rate,fraud,AGENT_HIGH_APPROVAL_RATE,APPROVED
order_102997,return_302997,customer_1369,agent_010,2,High-value refund approved without evidence,fraud,NO_EVIDENCE;HIGH_VALUE_REFUND,APPROVED
order_101325,return_301325,customer_1171,agent_021,1,Normal refund approval with evidence and reasonable timing,normal,,APPROVED
order_102405,return_302405,customer_0267,agent_004,1,Normal refund approval with evidence and reasonable timing,normal,,DECLINED
order_103927,return_303927,customer_0429,agent_019,5,Manual override on high-value refund,fraud,MANUAL_OVERRIDE;HIGH_VALUE_REFUND,APPROVED
order_104795,return_304795,customer_9905,agent_902,9,"Suspicious cluster: same agent, frequent customer returns, manual overrides",fraud,SUSPICIOUS_CLUSTER;NO_EVIDENCE;MANUAL_OVERRIDE;HIGH_VALUE_REFUND,APPROVED
order_100676,return_300676,customer_0733,agent_003,1,Normal refund approval with evidence and reasonable timing,normal,,APPROVED
order_100435,return_300435,customer_0971,agent_016,1,Normal refund approval with evidence and reasonable timing,normal,,DECLINED
order_102881,return_302881,customer_0648,agent_025,1,Normal refund approval with evidence and reasonable timing,normal,,APPROVED
order_101650,return_301650,customer_0280,agent_001,1,Normal refund approval with evidence and reasonable timing,normal,,APPROVED
order_102305,return_302305,customer_0418,agent_004,1,Normal refund approval with evidence and reasonable timing,normal,,APPROVED
order_104125,return_304125,customer_9004,agent_002,6,Customer with frequent refund requests,fraud,CUSTOMER_FREQUENT_RETURNS,APPROVED
order_100888,return_300888,customer_1155,agent_006,1,Normal refund approval with evidence and reasonable timing,normal,,APPROVED
order_101769,return_301769,customer_0896,agent_003,1,Normal refund approval with evidence and reasonable timing,normal,,APPROVED
order_103101,return_303101,customer_1922,agent_027,2,High-value refund approved without evidence,fraud,NO_EVIDENCE;HIGH_VALUE_REFUND,APPROVED
order_104455,return_304455,customer_1979,agent_701,7,Support agent with unusually high approval rate,fraud,AGENT_HIGH_APPROVAL_RATE,APPROVED
order_102665,return_302665,customer_0439,agent_023,1,Normal refund approval with evidence and reasonable timing,normal,,APPROVED
order_103044,return_303044,customer_1778,agent_018,2,High-value refund approved without evidence,fraud,NO_EVIDENCE;HIGH_VALUE_REFUND,APPROVED
order_103034,return_303034,customer_0006,agent_029,2,High-value refund approved without evidence,fraud,NO_EVIDENCE;HIGH_VALUE_REFUND,APPROVED
order_104001,return_304001,customer_0511,agent_012,5,Manual override on high-value refund,fraud,MANUAL_OVERRIDE;HIGH_VALUE_REFUND,APPROVED
order_104094,return_304094,customer_9005,agent_006,6,Customer with frequent refund requests,fraud,CUSTOMER_FREQUENT_RETURNS,APPROVED
order_100886,return_300886,customer_1800,agent_012,1,Normal refund approval with evidence and reasonable timing,normal,,APPROVED
order_100983,return_300983,customer_0869,agent_024,1,Normal refund approval with evidence and reasonable timing,normal,,DECLINED
order_103106,return_303106,customer_0724,agent_021,2,High-value refund approved without evidence,fraud,NO_EVIDENCE;HIGH_VALUE_REFUND,APPROVED
order_101774,return_301774,customer_1956,agent_019,1,Normal refund approval with evidence and reasonable timing,normal,,DECLINED
order_101948,return_301948,customer_0121,agent_006,1,Normal refund approval with evidence and reasonable timing,normal,,APPROVED
order_101216,return_301216,customer_0926,agent_029,1,Normal refund approval with evidence and reasonable timing,normal,,APPROVED
order_101402,return_301402,customer_1278,agent_028,1,Normal refund approval with evidence and reasonable timing,normal,,DECLINED
order_100356,return_300356,customer_0344,agent_009,1,Normal refund approval with evidence and reasonable timing,normal,,APPROVED
order_103860,return_303860,customer_1990,agent_018,5,Manual override on high-value refund,fraud,MANUAL_OVERRIDE;HIGH_VALUE_REFUND,APPROVED
order_102497,return_302497,customer_1970,agent_007,1,Normal refund approval with evidence and reasonable timing,normal,,DECLINED
order_101056,return_301056,customer_1804,agent_005,1,Normal refund approval with evidence and reasonable timing,normal,,APPROVED
order_100999,return_300999,customer_1586,agent_014,1,Normal refund approval with evidence and reasonable timing,normal,,APPROVED
order_102537,return_302537,customer_0717,agent_008,1,Normal refund approval with evidence and reasonable timing,normal,,DECLINED
order_100115,return_300115,customer_1390,agent_012,1,Normal refund approval with evidence and reasonable timing,normal,,APPROVED
order_103165,return_303165,customer_1179,agent_002,2,High-value refund approved without evidence,fraud,NO_EVIDENCE;HIGH_VALUE_REFUND,APPROVED
order_101459,return_301459,customer_0873,agent_015,1,Normal refund approval with evidence and reasonable timing,normal,,APPROVED
order_104309,return_304309,customer_9004,agent_017,6,Customer with frequent refund requests,fraud,CUSTOMER_FREQUENT_RETURNS,APPROVED
order_104574,return_304574,customer_8002,agent_802,8,Repeated agent-customer approval pattern,fraud,REPEATED_AGENT_CUSTOMER_PAIR,APPROVED
order_102428,return_302428,customer_1893,agent_025,1,Normal refund approval with evidence and reasonable timing,normal,,APPROVED
order_101154,return_301154,customer_0696,agent_029,1,Normal refund approval with evidence and reasonable timing,normal,,APPROVED
order_100138,return_300138,customer_0338,agent_010,1,Normal refund approval with evidence and reasonable timing,normal,,DECLINED
order_102369,return_302369,customer_0983,agent_011,1,Normal refund approval with evidence and reasonable timing,normal,,DECLINED
order_103209,return_303209,customer_1715,agent_021,2,High-value refund approved without evidence,fraud,NO_EVIDENCE;HIGH_VALUE_REFUND,APPROVED
order_103214,return_303214,customer_1650,agent_005,2,High-value refund approved without evidence,fraud,NO_EVIDENCE;HIGH_VALUE_REFUND,APPROVED
order_103702,return_303702,customer_1578,agent_102,4,Very fast approval by support agent,fraud,FAST_APPROVAL,APPROVED
order_104935,return_304935,customer_9906,agent_902,9,"Suspicious cluster: same agent, frequent customer returns, manual overrides",fraud,SUSPICIOUS_CLUSTER;NO_EVIDENCE;MANUAL_OVERRIDE;HIGH_VALUE_REFUND,APPROVED
order_101162,return_301162,customer_1443,agent_002,1,Normal refund approval with evidence and reasonable timing,normal,,APPROVED
order_101577,return_301577,customer_1183,agent_012,1,Normal refund approval with evidence and reasonable timing,normal,,APPROVED
order_102981,return_302981,customer_0210,agent_009,2,High-value refund approved without evidence,fraud,NO_EVIDENCE;HIGH_VALUE_REFUND,APPROVED
order_102806,return_302806,customer_0834,agent_008,1,Normal refund approval with evidence and reasonable timing,normal,,APPROVED
order_102291,return_302291,customer_0165,agent_012,1,Normal refund approval with evidence and reasonable timing,normal,,APPROVED
order_100218,return_300218,customer_1661,agent_007,1,Normal refund approval with evidence and reasonable timing,normal,,APPROVED
order_104849,return_304849,customer_9906,agent_902,9,"Suspicious cluster: same agent, frequent customer returns, manual overrides",fraud,SUSPICIOUS_CLUSTER;NO_EVIDENCE;MANUAL_OVERRIDE;HIGH_VALUE_REFUND,APPROVED
order_102308,return_302308,customer_0740,agent_011,1,Normal refund approval with evidence and reasonable timing,normal,,APPROVED
order_100695,return_300695,customer_0670,agent_006,1,Normal refund approval with evidence and reasonable timing,normal,,APPROVED
order_104710,return_304710,customer_8003,agent_803,8,Repeated agent-customer approval pattern,fraud,REPEATED_AGENT_CUSTOMER_PAIR,APPROVED
order_104089,return_304089,customer_9008,agent_022,6,Customer with frequent refund requests,fraud,CUSTOMER_FREQUENT_RETURNS,APPROVED
order_101191,return_301191,customer_0534,agent_029,1,Normal refund approval with evidence and reasonable timing,normal,,APPROVED
order_102065,return_302065,customer_1316,agent_011,1,Normal refund approval with evidence and reasonable timing,normal,,DECLINED
order_102776,return_302776,customer_0523,agent_020,1,Normal refund approval with evidence and reasonable timing,normal,,APPROVED
order_102949,return_302949,customer_0650,agent_024,1,Normal refund approval with evidence and reasonable timing,normal,,APPROVED
order_103697,return_303697,customer_0970,agent_103,4,Very fast approval by support agent,fraud,FAST_APPROVAL,APPROVED
order_100264,return_300264,customer_0344,agent_011,1,Normal refund approval with evidence and reasonable timing,normal,,APPROVED
order_101872,return_301872,customer_0951,agent_006,1,Normal refund approval with evidence and reasonable timing,normal,,APPROVED
order_104565,return_304565,customer_8002,agent_802,8,Repeated agent-customer approval pattern,fraud,REPEATED_AGENT_CUSTOMER_PAIR,APPROVED
order_101691,return_301691,customer_1953,agent_023,1,Normal refund approval with evidence and reasonable timing,normal,,APPROVED
order_104422,return_304422,customer_0849,agent_701,7,Support agent with unusually high approval rate,fraud,AGENT_HIGH_APPROVAL_RATE,APPROVED
order_103177,return_303177,customer_1027,agent_019,2,High-value refund approved without evidence,fraud,NO_EVIDENCE;HIGH_VALUE_REFUND,APPROVED
order_104874,return_304874,customer_9901,agent_901,9,"Suspicious cluster: same agent, frequent customer returns, manual overrides",fraud,SUSPICIOUS_CLUSTER;NO_EVIDENCE;MANUAL_OVERRIDE;HIGH_VALUE_REFUND,APPROVED
order_100141,return_300141,customer_0502,agent_016,1,Normal refund approval with evidence and reasonable timing,normal,,APPROVED
order_103194,return_303194,customer_1178,agent_002,2,High-value refund approved without evidence,fraud,NO_EVIDENCE;HIGH_VALUE_REFUND,APPROVED
order_101482,return_301482,customer_1707,agent_020,1,Normal refund approval with evidence and reasonable timing,normal,,DECLINED
order_103959,return_303959,customer_0277,agent_021,5,Manual override on high-value refund,fraud,MANUAL_OVERRIDE;HIGH_VALUE_REFUND,APPROVED
order_104527,return_304527,customer_0251,agent_701,7,Support agent with unusually high approval rate,fraud,AGENT_HIGH_APPROVAL_RATE,APPROVED
order_101633,return_301633,customer_1423,agent_002,1,Normal refund approval with evidence and reasonable timing,normal,,APPROVED
order_100201,return_300201,customer_0234,agent_012,1,Normal refund approval with evidence and reasonable timing,normal,,APPROVED
order_101641,return_301641,customer_1482,agent_005,1,Normal refund approval with evidence and reasonable timing,normal,,APPROVED
order_103357,return_303357,customer_1875,agent_103,3,Full-amount refund approved for expensive order,fraud,FULL_AMOUNT_REFUND;HIGH_VALUE_REFUND,APPROVED
order_100893,return_300893,customer_0596,agent_027,1,Normal refund approval with evidence and reasonable timing,normal,,APPROVED
order_103918,return_303918,customer_1159,agent_018,5,Manual override on high-value refund,fraud,MANUAL_OVERRIDE;HIGH_VALUE_REFUND,APPROVED
order_103287,return_303287,customer_1188,agent_002,3,Full-amount refund approved for expensive order,fraud,FULL_AMOUNT_REFUND;HIGH_VALUE_REFUND,APPROVED
order_102047,return_302047,customer_0155,agent_011,1,Normal refund approval with evidence and reasonable timing,normal,,APPROVED
order_104028,return_304028,customer_1785,agent_001,5,Manual override on high-value refund,fraud,MANUAL_OVERRIDE;HIGH_VALUE_REFUND,APPROVED
order_100243,return_300243,customer_1303,agent_012,1,Normal refund approval with evidence and reasonable timing,normal,,APPROVED
order_101758,return_301758,customer_0945,agent_026,1,Normal refund approval with evidence and reasonable timing,normal,,DECLINED
order_101239,return_301239,customer_1132,agent_030,1,Normal refund approval with evidence and reasonable timing,normal,,APPROVED
order_104385,return_304385,customer_1485,agent_703,7,Support agent with unusually high approval rate,fraud,AGENT_HIGH_APPROVAL_RATE,APPROVED
order_102253,return_302253,customer_0385,agent_023,1,Normal refund approval with evidence and reasonable timing,normal,,APPROVED
order_104656,return_304656,customer_8003,agent_803,8,Repeated agent-customer approval pattern,fraud,REPEATED_AGENT_CUSTOMER_PAIR,APPROVED
order_100084,return_300084,customer_1310,agent_021,1,Normal refund approval with evidence and reasonable timing,normal,,APPROVED
order_102501,return_302501,customer_0051,agent_011,1,Normal refund approval with evidence and reasonable timing,normal,,APPROVED
order_103775,return_303775,customer_0087,agent_103,4,Very fast approval by support agent,fraud,FAST_APPROVAL,APPROVED
order_101626,return_301626,customer_1965,agent_015,1,Normal refund approval with evidence and reasonable timing,normal,,APPROVED
order_103259,return_303259,customer_0161,agent_011,3,Full-amount refund approved for expensive order,fraud,FULL_AMOUNT_REFUND;HIGH_VALUE_REFUND,APPROVED
order_101130,return_301130,customer_0320,agent_002,1,Normal refund approval with evidence and reasonable timing,normal,,DECLINED
order_100754,return_300754,customer_1664,agent_026,1,Normal refund approval with evidence and reasonable timing,normal,,APPROVED
order_101242,return_301242,customer_0168,agent_028,1,Normal refund approval with evidence and reasonable timing,normal,,DECLINED
order_102777,return_302777,customer_0343,agent_006,1,Normal refund approval with evidence and reasonable timing,normal,,APPROVED
order_100757,return_300757,customer_1853,agent_017,1,Normal refund approval with evidence and reasonable timing,normal,,APPROVED
order_100867,return_300867,customer_1497,agent_025,1,Normal refund approval with evidence and reasonable timing,normal,,APPROVED
order_101741,return_301741,customer_1697,agent_014,1,Normal refund approval with evidence and reasonable timing,normal,,APPROVED
order_103698,return_303698,customer_1452,agent_103,4,Very fast approval by support agent,fraud,FAST_APPROVAL,APPROVED
order_100452,return_300452,customer_1281,agent_015,1,Normal refund approval with evidence and reasonable timing,normal,,APPROVED
order_100298,return_300298,customer_1847,agent_011,1,Normal refund approval with evidence and reasonable timing,normal,,DECLINED
order_100704,return_300704,customer_0255,agent_010,1,Normal refund approval with evidence and reasonable timing,normal,,DECLINED
order_101444,return_301444,customer_0279,agent_015,1,Normal refund approval with evidence and reasonable timing,normal,,DECLINED
order_104377,return_304377,customer_1964,agent_701,7,Support agent with unusually high approval rate,fraud,AGENT_HIGH_APPROVAL_RATE,APPROVED
order_101835,return_301835,customer_0815,agent_022,1,Normal refund approval with evidence and reasonable timing,normal,,APPROVED
order_100228,return_300228,customer_0018,agent_019,1,Normal refund approval with evidence and reasonable timing,normal,,APPROVED
order_104284,return_304284,customer_9003,agent_004,6,Customer with frequent refund requests,fraud,CUSTOMER_FREQUENT_RETURNS,APPROVED
order_102397,return_302397,customer_1597,agent_004,1,Normal refund approval with evidence and reasonable timing,normal,,DECLINED
order_101106,return_301106,customer_0318,agent_018,1,Normal refund approval with evidence and reasonable timing,normal,,DECLINED
order_103773,return_303773,customer_0679,agent_102,4,Very fast approval by support agent,fraud,FAST_APPROVAL,APPROVED
order_100552,return_300552,customer_0329,agent_012,1,Normal refund approval with evidence and reasonable timing,normal,,APPROVED
order_101812,return_301812,customer_0660,agent_003,1,Normal refund approval with evidence and reasonable timing,normal,,APPROVED
order_100209,return_300209,customer_1312,agent_006,1,Normal refund approval with evidence and reasonable timing,normal,,DECLINED
order_102632,return_302632,customer_0110,agent_020,1,Normal refund approval with evidence and reasonable timing,normal,,APPROVED
order_104031,return_304031,customer_1209,agent_024,5,Manual override on high-value refund,fraud,MANUAL_OVERRIDE;HIGH_VALUE_REFUND,APPROVED
order_101241,return_301241,customer_0356,agent_029,1,Normal refund approval with evidence and reasonable timing,normal,,APPROVED
order_103465,return_303465,customer_0952,agent_030,3,Full-amount refund approved for expensive order,fraud,FULL_AMOUNT_REFUND;HIGH_VALUE_REFUND,APPROVED
order_100783,return_300783,customer_1932,agent_009,1,Normal refund approval with evidence and reasonable timing,normal,,APPROVED
order_102221,return_302221,customer_0364,agent_026,1,Normal refund approval with evidence and reasonable timing,normal,,DECLINED
order_103066,return_303066,customer_0710,agent_027,2,High-value refund approved without evidence,fraud,NO_EVIDENCE;HIGH_VALUE_REFUND,APPROVED
order_104331,return_304331,customer_0402,agent_703,7,Support agent with unusually high approval rate,fraud,AGENT_HIGH_APPROVAL_RATE,APPROVED
order_104809,return_304809,customer_9905,agent_902,9,"Suspicious cluster: same agent, frequent customer returns, manual overrides",fraud,SUSPICIOUS_CLUSTER;NO_EVIDENCE;MANUAL_OVERRIDE;HIGH_VALUE_REFUND,APPROVED
order_104851,return_304851,customer_9906,agent_902,9,"Suspicious cluster: same agent, frequent customer returns, manual overrides",fraud,SUSPICIOUS_CLUSTER;NO_EVIDENCE;MANUAL_OVERRIDE;HIGH_VALUE_REFUND,APPROVED
order_101146,return_301146,customer_0805,agent_007,1,Normal refund approval with evidence and reasonable timing,normal,,APPROVED
order_103881,return_303881,customer_0727,agent_102,5,Manual override on high-value refund,fraud,MANUAL_OVERRIDE;HIGH_VALUE_REFUND,APPROVED
order_104554,return_304554,customer_0887,agent_701,7,Support agent with unusually high approval rate,fraud,AGENT_HIGH_APPROVAL_RATE,APPROVED
order_101747,return_301747,customer_0134,agent_029,1,Normal refund approval with evidence and reasonable timing,normal,,APPROVED
order_100339,return_300339,customer_0253,agent_005,1,Normal refund approval with evidence and reasonable timing,normal,,APPROVED
order_103582,return_303582,customer_0811,agent_101,4,Very fast approval by support agent,fraud,FAST_APPROVAL,APPROVED
order_101165,return_301165,customer_0659,agent_028,1,Normal refund approval with evidence and reasonable timing,normal,,DECLINED
order_103995,return_303995,customer_1419,agent_028,5,Manual override on high-value refund,fraud,MANUAL_OVERRIDE;HIGH_VALUE_REFUND,APPROVED
order_102376,return_302376,customer_1980,agent_017,1,Normal refund approval with evidence and reasonable timing,normal,,APPROVED
order_103497,return_303497,customer_1647,agent_102,3,Full-amount refund approved for expensive order,fraud,FULL_AMOUNT_REFUND;HIGH_VALUE_REFUND,APPROVED
order_103727,return_303727,customer_1933,agent_102,4,Very fast approval by support agent,fraud,FAST_APPROVAL,APPROVED
order_102229,return_302229,customer_0551,agent_008,1,Normal refund approval with evidence and reasonable timing,normal,,APPROVED
order_104563,return_304563,customer_8003,agent_803,8,Repeated agent-customer approval pattern,fraud,REPEATED_AGENT_CUSTOMER_PAIR,APPROVED
order_103012,return_303012,customer_1613,agent_025,2,High-value refund approved without evidence,fraud,NO_EVIDENCE;HIGH_VALUE_REFUND,APPROVED
order_101886,return_301886,customer_1177,agent_030,1,Normal refund approval with evidence and reasonable timing,normal,,DECLINED
order_102328,return_302328,customer_0019,agent_013,1,Normal refund approval with evidence and reasonable timing,normal,,APPROVED
order_102828,return_302828,customer_1420,agent_026,1,Normal refund approval with evidence and reasonable timing,normal,,DECLINED
order_103277,return_303277,customer_1370,agent_029,3,Full-amount refund approved for expensive order,fraud,FULL_AMOUNT_REFUND;HIGH_VALUE_REFUND,APPROVED
order_102677,return_302677,customer_0945,agent_010,1,Normal refund approval with evidence and reasonable timing,normal,,APPROVED
order_102347,return_302347,customer_1027,agent_026,1,Normal refund approval with evidence and reasonable timing,normal,,DECLINED
order_101098,return_301098,customer_1326,agent_012,1,Normal refund approval with evidence and reasonable timing,normal,,APPROVED
order_102848,return_302848,customer_0420,agent_027,1,Normal refund approval with evidence and reasonable timing,normal,,APPROVED
order_104692,return_304692,customer_8003,agent_803,8,Repeated agent-customer approval pattern,fraud,REPEATED_AGENT_CUSTOMER_PAIR,APPROVED
order_103003,return_303003,customer_1399,agent_015,2,High-value refund approved without evidence,fraud,NO_EVIDENCE;HIGH_VALUE_REFUND,APPROVED
order_102454,return_302454,customer_1568,agent_024,1,Normal refund approval with evidence and reasonable timing,normal,,APPROVED
order_104888,return_304888,customer_9902,agent_901,9,"Suspicious cluster: same agent, frequent customer returns, manual overrides",fraud,SUSPICIOUS_CLUSTER;NO_EVIDENCE;MANUAL_OVERRIDE;HIGH_VALUE_REFUND,APPROVED
order_103195,return_303195,customer_1282,agent_028,2,High-value refund approved without evidence,fraud,NO_EVIDENCE;HIGH_VALUE_REFUND,APPROVED
order_104665,return_304665,customer_8003,agent_803,8,Repeated agent-customer approval pattern,fraud,REPEATED_AGENT_CUSTOMER_PAIR,APPROVED
order_101053,return_301053,customer_1356,agent_007,1,Normal refund approval with evidence and reasonable timing,normal,,APPROVED
order_102244,return_302244,customer_1511,agent_017,1,Normal refund approval with evidence and reasonable timing,normal,,DECLINED
order_102920,return_302920,customer_1855,agent_002,1,Normal refund approval with evidence and reasonable timing,normal,,APPROVED
order_100820,return_300820,customer_1201,agent_016,1,Normal refund approval with evidence and reasonable timing,normal,,DECLINED
order_101962,return_301962,customer_1236,agent_001,1,Normal refund approval with evidence and reasonable timing,normal,,DECLINED
order_100333,return_300333,customer_1053,agent_011,1,Normal refund approval with evidence and reasonable timing,normal,,DECLINED
order_102722,return_302722,customer_1006,agent_025,1,Normal refund approval with evidence and reasonable timing,normal,,DECLINED
order_102770,return_302770,customer_0263,agent_013,1,Normal refund approval with evidence and reasonable timing,normal,,APPROVED
order_100022,return_300022,customer_0327,agent_009,1,Normal refund approval with evidence and reasonable timing,normal,,DECLINED
order_102510,return_302510,customer_0168,agent_025,1,Normal refund approval with evidence and reasonable timing,normal,,APPROVED
order_101353,return_301353,customer_1243,agent_002,1,Normal refund approval with evidence and reasonable timing,normal,,DECLINED
order_102515,return_302515,customer_1441,agent_025,1,Normal refund approval with evidence and reasonable timing,normal,,DECLINED
order_103247,return_303247,customer_1515,agent_103,2,High-value refund approved without evidence,fraud,NO_EVIDENCE;HIGH_VALUE_REFUND,APPROVED
order_101939,return_301939,customer_1392,agent_002,1,Normal refund approval with evidence and reasonable timing,normal,,APPROVED
order_103425,return_303425,customer_0797,agent_005,3,Full-amount refund approved for expensive order,fraud,FULL_AMOUNT_REFUND;HIGH_VALUE_REFUND,APPROVED
order_102215,return_302215,customer_0530,agent_021,1,Normal refund approval with evidence and reasonable timing,normal,,APPROVED
order_104477,return_304477,customer_1286,agent_702,7,Support agent with unusually high approval rate,fraud,AGENT_HIGH_APPROVAL_RATE,APPROVED
order_103612,return_303612,customer_0233,agent_101,4,Very fast approval by support agent,fraud,FAST_APPROVAL,APPROVED
order_103399,return_303399,customer_0487,agent_026,3,Full-amount refund approved for expensive order,fraud,FULL_AMOUNT_REFUND;HIGH_VALUE_REFUND,APPROVED
order_104582,return_304582,customer_8001,agent_801,8,Repeated agent-customer approval pattern,fraud,REPEATED_AGENT_CUSTOMER_PAIR,APPROVED
order_100802,return_300802,customer_0724,agent_005,1,Normal refund approval with evidence and reasonable timing,normal,,APPROVED
order_100093,return_300093,customer_1876,agent_028,1,Normal refund approval with evidence and reasonable timing,normal,,APPROVED
order_100873,return_300873,customer_0362,agent_013,1,Normal refund approval with evidence and reasonable timing,normal,,APPROVED
order_104610,return_304610,customer_8002,agent_802,8,Repeated agent-customer approval pattern,fraud,REPEATED_AGENT_CUSTOMER_PAIR,APPROVED
order_101999,return_301999,customer_1314,agent_026,1,Normal refund approval with evidence and reasonable timing,normal,,DECLINED
order_100546,return_300546,customer_0281,agent_001,1,Normal refund approval with evidence and reasonable timing,normal,,APPROVED
order_104442,return_304442,customer_1965,agent_703,7,Support agent with unusually high approval rate,fraud,AGENT_HIGH_APPROVAL_RATE,APPROVED
order_103651,return_303651,customer_0897,agent_102,4,Very fast approval by support agent,fraud,FAST_APPROVAL,APPROVED
order_104199,return_304199,customer_9006,agent_004,6,Customer with frequent refund requests,fraud,CUSTOMER_FREQUENT_RETURNS,APPROVED
order_103498,return_303498,customer_0787,agent_025,3,Full-amount refund approved for expensive order,fraud,FULL_AMOUNT_REFUND;HIGH_VALUE_REFUND,APPROVED
order_103168,return_303168,customer_1616,agent_027,2,High-value refund approved without evidence,fraud,NO_EVIDENCE;HIGH_VALUE_REFUND,APPROVED
order_104293,return_304293,customer_9004,agent_019,6,Customer with frequent refund requests,fraud,CUSTOMER_FREQUENT_RETURNS,APPROVED
order_102630,return_302630,customer_0066,agent_009,1,Normal refund approval with evidence and reasonable timing,normal,,APPROVED
order_102338,return_302338,customer_0909,agent_014,1,Normal refund approval with evidence and reasonable timing,normal,,APPROVED
order_100271,return_300271,customer_1315,agent_003,1,Normal refund approval with evidence and reasonable timing,normal,,APPROVED
order_103513,return_303513,customer_0583,agent_021,3,Full-amount refund approved for expensive order,fraud,FULL_AMOUNT_REFUND;HIGH_VALUE_REFUND,APPROVED
order_102711,return_302711,customer_0812,agent_001,1,Normal refund approval with evidence and reasonable timing,normal,,APPROVED
order_100523,return_300523,customer_1585,agent_023,1,Normal refund approval with evidence and reasonable timing,normal,,APPROVED
order_101632,return_301632,customer_0382,agent_020,1,Normal refund approval with evidence and reasonable timing,normal,,DECLINED
order_100239,return_300239,customer_1768,agent_028,1,Normal refund approval with evidence and reasonable timing,normal,,DECLINED
order_102442,return_302442,customer_0435,agent_028,1,Normal refund approval with evidence and reasonable timing,normal,,DECLINED
order_101535,return_301535,customer_1730,agent_005,1,Normal refund approval with evidence and reasonable timing,normal,,DECLINED
order_101686,return_301686,customer_1360,agent_005,1,Normal refund approval with evidence and reasonable timing,normal,,DECLINED
order_100762,return_300762,customer_1312,agent_011,1,Normal refund approval with evidence and reasonable timing,normal,,APPROVED
order_103641,return_303641,customer_1514,agent_103,4,Very fast approval by support agent,fraud,FAST_APPROVAL,APPROVED
order_104886,return_304886,customer_9903,agent_901,9,"Suspicious cluster: same agent, frequent customer returns, manual overrides",fraud,SUSPICIOUS_CLUSTER;NO_EVIDENCE;MANUAL_OVERRIDE;HIGH_VALUE_REFUND,APPROVED
order_103113,return_303113,customer_0804,agent_010,2,High-value refund approved without evidence,fraud,NO_EVIDENCE;HIGH_VALUE_REFUND,APPROVED
order_102891,return_302891,customer_1515,agent_026,1,Normal refund approval with evidence and reasonable timing,normal,,APPROVED
order_103089,return_303089,customer_0144,agent_014,2,High-value refund approved without evidence,fraud,NO_EVIDENCE;HIGH_VALUE_REFUND,APPROVED
order_100774,return_300774,customer_0405,agent_016,1,Normal refund approval with evidence and reasonable timing,normal,,APPROVED
order_102011,return_302011,customer_1875,agent_001,1,Normal refund approval with evidence and reasonable timing,normal,,APPROVED
order_103262,return_303262,customer_1368,agent_004,3,Full-amount refund approved for expensive order,fraud,FULL_AMOUNT_REFUND;HIGH_VALUE_REFUND,APPROVED
order_104805,return_304805,customer_9906,agent_902,9,"Suspicious cluster: same agent, frequent customer returns, manual overrides",fraud,SUSPICIOUS_CLUSTER;NO_EVIDENCE;MANUAL_OVERRIDE;HIGH_VALUE_REFUND,APPROVED
order_101314,return_301314,customer_0977,agent_027,1,Normal refund approval with evidence and reasonable timing,normal,,APPROVED
order_100256,return_300256,customer_0733,agent_017,1,Normal refund approval with evidence and reasonable timing,normal,,APPROVED
order_101063,return_301063,customer_0044,agent_029,1,Normal refund approval with evidence and reasonable timing,normal,,APPROVED
order_101095,return_301095,customer_0860,agent_011,1,Normal refund approval with evidence and reasonable timing,normal,,APPROVED
order_104743,return_304743,customer_8003,agent_803,8,Repeated agent-customer approval pattern,fraud,REPEATED_AGENT_CUSTOMER_PAIR,APPROVED
order_101207,return_301207,customer_1919,agent_018,1,Normal refund approval with evidence and reasonable timing,normal,,APPROVED
order_103640,return_303640,customer_0675,agent_102,4,Very fast approval by support agent,fraud,FAST_APPROVAL,APPROVED
order_103622,return_303622,customer_0197,agent_102,4,Very fast approval by support agent,fraud,FAST_APPROVAL,APPROVED
order_101671,return_301671,customer_0687,agent_003,1,Normal refund approval with evidence and reasonable timing,normal,,APPROVED
order_102716,return_302716,customer_0307,agent_002,1,Normal refund approval with evidence and reasonable timing,normal,,DECLINED
order_104180,return_304180,customer_9003,agent_017,6,Customer with frequent refund requests,fraud,CUSTOMER_FREQUENT_RETURNS,APPROVED
order_100874,return_300874,customer_0074,agent_029,1,Normal refund approval with evidence and reasonable timing,normal,,APPROVED
order_103489,return_303489,customer_1365,agent_006,3,Full-amount refund approved for expensive order,fraud,FULL_AMOUNT_REFUND;HIGH_VALUE_REFUND,APPROVED
order_100674,return_300674,customer_1185,agent_028,1,Normal refund approval with evidence and reasonable timing,normal,,APPROVED
order_104366,return_304366,customer_0124,agent_702,7,Support agent with unusually high approval rate,fraud,AGENT_HIGH_APPROVAL_RATE,APPROVED
order_102299,return_302299,customer_0703,agent_013,1,Normal refund approval with evidence and reasonable timing,normal,,APPROVED
order_101139,return_301139,customer_1061,agent_014,1,Normal refund approval with evidence and reasonable timing,normal,,DECLINED
order_100914,return_300914,customer_1939,agent_016,1,Normal refund approval with evidence and reasonable timing,normal,,APPROVED
order_103761,return_303761,customer_1967,agent_103,4,Very fast approval by support agent,fraud,FAST_APPROVAL,APPROVED
order_104186,return_304186,customer_9001,agent_029,6,Customer with frequent refund requests,fraud,CUSTOMER_FREQUENT_RETURNS,APPROVED
order_104712,return_304712,customer_8002,agent_802,8,Repeated agent-customer approval pattern,fraud,REPEATED_AGENT_CUSTOMER_PAIR,APPROVED
order_103826,return_303826,customer_1806,agent_017,5,Manual override on high-value refund,fraud,MANUAL_OVERRIDE;HIGH_VALUE_REFUND,APPROVED
order_102258,return_302258,customer_0272,agent_010,1,Normal refund approval with evidence and reasonable timing,normal,,DECLINED
order_101384,return_301384,customer_1593,agent_025,1,Normal refund approval with evidence and reasonable timing,normal,,APPROVED
order_100588,return_300588,customer_0806,agent_006,1,Normal refund approval with evidence and reasonable timing,normal,,APPROVED
order_101995,return_301995,customer_0288,agent_002,1,Normal refund approval with evidence and reasonable timing,normal,,DECLINED
order_100512,return_300512,customer_1055,agent_016,1,Normal refund approval with evidence and reasonable timing,normal,,DECLINED
order_104942,return_304942,customer_9903,agent_901,9,"Suspicious cluster: same agent, frequent customer returns, manual overrides",fraud,SUSPICIOUS_CLUSTER;NO_EVIDENCE;MANUAL_OVERRIDE;HIGH_VALUE_REFUND,APPROVED
order_103980,return_303980,customer_0335,agent_021,5,Manual override on high-value refund,fraud,MANUAL_OVERRIDE;HIGH_VALUE_REFUND,APPROVED
order_101965,return_301965,customer_0280,agent_002,1,Normal refund approval with evidence and reasonable timing,normal,,APPROVED
order_104620,return_304620,customer_8003,agent_803,8,Repeated agent-customer approval pattern,fraud,REPEATED_AGENT_CUSTOMER_PAIR,APPROVED
order_102188,return_302188,customer_0564,agent_016,1,Normal refund approval with evidence and reasonable timing,normal,,DECLINED
order_104487,return_304487,customer_0772,agent_703,7,Support agent with unusually high approval rate,fraud,AGENT_HIGH_APPROVAL_RATE,APPROVED
order_102772,return_302772,customer_1908,agent_009,1,Normal refund approval with evidence and reasonable timing,normal,,DECLINED
order_102493,return_302493,customer_0191,agent_030,1,Normal refund approval with evidence and reasonable timing,normal,,DECLINED
order_104153,return_304153,customer_9008,agent_102,6,Customer with frequent refund requests,fraud,CUSTOMER_FREQUENT_RETURNS,APPROVED
order_103941,return_303941,customer_0420,agent_001,5,Manual override on high-value refund,fraud,MANUAL_OVERRIDE;HIGH_VALUE_REFUND,APPROVED
order_101043,return_301043,customer_0569,agent_018,1,Normal refund approval with evidence and reasonable timing,normal,,APPROVED
order_102355,return_302355,customer_0950,agent_019,1,Normal refund approval with evidence and reasonable timing,normal,,APPROVED
order_104307,return_304307,customer_9002,agent_025,6,Customer with frequent refund requests,fraud,CUSTOMER_FREQUENT_RETURNS,APPROVED
order_102266,return_302266,customer_0513,agent_019,1,Normal refund approval with evidence and reasonable timing,normal,,DECLINED
order_100384,return_300384,customer_0344,agent_028,1,Normal refund approval with evidence and reasonable timing,normal,,APPROVED
order_104194,return_304194,customer_9001,agent_022,6,Customer with frequent refund requests,fraud,CUSTOMER_FREQUENT_RETURNS,APPROVED
order_104836,return_304836,customer_9901,agent_901,9,"Suspicious cluster: same agent, frequent customer returns, manual overrides",fraud,SUSPICIOUS_CLUSTER;NO_EVIDENCE;MANUAL_OVERRIDE;HIGH_VALUE_REFUND,APPROVED
order_103811,return_303811,customer_0845,agent_103,5,Manual override on high-value refund,fraud,MANUAL_OVERRIDE;HIGH_VALUE_REFUND,APPROVED
order_101129,return_301129,customer_1412,agent_029,1,Normal refund approval with evidence and reasonable timing,normal,,APPROVED
order_104283,return_304283,customer_9002,agent_020,6,Customer with frequent refund requests,fraud,CUSTOMER_FREQUENT_RETURNS,APPROVED
order_103448,return_303448,customer_1917,agent_012,3,Full-amount refund approved for expensive order,fraud,FULL_AMOUNT_REFUND;HIGH_VALUE_REFUND,APPROVED
order_103955,return_303955,customer_1139,agent_001,5,Manual override on high-value refund,fraud,MANUAL_OVERRIDE;HIGH_VALUE_REFUND,APPROVED
order_101358,return_301358,customer_0638,agent_003,1,Normal refund approval with evidence and reasonable timing,normal,,APPROVED
order_100208,return_300208,customer_1639,agent_022,1,Normal refund approval with evidence and reasonable timing,normal,,APPROVED
order_100066,return_300066,customer_0707,agent_016,1,Normal refund approval with evidence and reasonable timing,normal,,DECLINED
order_100801,return_300801,customer_1690,agent_001,1,Normal refund approval with evidence and reasonable timing,normal,,DECLINED
order_101669,return_301669,customer_1771,agent_030,1,Normal refund approval with evidence and reasonable timing,normal,,APPROVED
order_104332,return_304332,customer_1609,agent_701,7,Support agent with unusually high approval rate,fraud,AGENT_HIGH_APPROVAL_RATE,APPROVED
order_103741,return_303741,customer_1434,agent_103,4,Very fast approval by support agent,fraud,FAST_APPROVAL,APPROVED
order_100079,return_300079,customer_0542,agent_001,1,Normal refund approval with evidence and reasonable timing,normal,,APPROVED
order_104612,return_304612,customer_8001,agent_801,8,Repeated agent-customer approval pattern,fraud,REPEATED_AGENT_CUSTOMER_PAIR,APPROVED
order_101715,return_301715,customer_0730,agent_004,1,Normal refund approval with evidence and reasonable timing,normal,,APPROVED
order_100099,return_300099,customer_1572,agent_007,1,Normal refund approval with evidence and reasonable timing,normal,,APPROVED
order_101895,return_301895,customer_0368,agent_020,1,Normal refund approval with evidence and reasonable timing,normal,,APPROVED
order_103355,return_303355,customer_0107,agent_007,3,Full-amount refund approved for expensive order,fraud,FULL_AMOUNT_REFUND;HIGH_VALUE_REFUND,APPROVED
order_102904,return_302904,customer_0233,agent_004,1,Normal refund approval with evidence and reasonable timing,normal,,DECLINED
order_102111,return_302111,customer_1759,agent_016,1,Normal refund approval with evidence and reasonable timing,normal,,APPROVED
order_103187,return_303187,customer_1143,agent_012,2,High-value refund approved without evidence,fraud,NO_EVIDENCE;HIGH_VALUE_REFUND,APPROVED
order_100417,return_300417,customer_1497,agent_002,1,Normal refund approval with evidence and reasonable timing,normal,,DECLINED
order_104256,return_304256,customer_9007,agent_030,6,Customer with frequent refund requests,fraud,CUSTOMER_FREQUENT_RETURNS,APPROVED
order_103122,return_303122,customer_1274,agent_024,2,High-value refund approved without evidence,fraud,NO_EVIDENCE;HIGH_VALUE_REFUND,APPROVED
order_101285,return_301285,customer_0950,agent_030,1,Normal refund approval with evidence and reasonable timing,normal,,APPROVED
order_104672,return_304672,customer_8001,agent_801,8,Repeated agent-customer approval pattern,fraud,REPEATED_AGENT_CUSTOMER_PAIR,APPROVED
order_102238,return_302238,customer_1969,agent_025,1,Normal refund approval with evidence and reasonable timing,normal,,APPROVED
order_101609,return_301609,customer_1830,agent_027,1,Normal refund approval with evidence and reasonable timing,normal,,APPROVED
order_102697,return_302697,customer_0444,agent_002,1,Normal refund approval with evidence and reasonable timing,normal,,DECLINED
order_102679,return_302679,customer_1140,agent_015,1,Normal refund approval with evidence and reasonable timing,normal,,APPROVED
order_101537,return_301537,customer_0120,agent_001,1,Normal refund approval with evidence and reasonable timing,normal,,DECLINED
order_102496,return_302496,customer_1284,agent_013,1,Normal refund approval with evidence and reasonable timing,normal,,APPROVED
order_100577,return_300577,customer_1233,agent_011,1,Normal refund approval with evidence and reasonable timing,normal,,DECLINED
order_103082,return_303082,customer_1142,agent_001,2,High-value refund approved without evidence,fraud,NO_EVIDENCE;HIGH_VALUE_REFUND,APPROVED
order_102104,return_302104,customer_1585,agent_015,1,Normal refund approval with evidence and reasonable timing,normal,,DECLINED
order_100573,return_300573,customer_1259,agent_026,1,Normal refund approval with evidence and reasonable timing,normal,,DECLINED
order_100699,return_300699,customer_1844,agent_006,1,Normal refund approval with evidence and reasonable timing,normal,,APPROVED
order_102028,return_302028,customer_0922,agent_026,1,Normal refund approval with evidence and reasonable timing,normal,,DECLINED
order_103515,return_303515,customer_1865,agent_016,3,Full-amount refund approved for expensive order,fraud,FULL_AMOUNT_REFUND;HIGH_VALUE_REFUND,APPROVED
order_101176,return_301176,customer_1626,agent_019,1,Normal refund approval with evidence and reasonable timing,normal,,APPROVED
order_100581,return_300581,customer_0632,agent_027,1,Normal refund approval with evidence and reasonable timing,normal,,DECLINED
order_103118,return_303118,customer_1397,agent_011,2,High-value refund approved without evidence,fraud,NO_EVIDENCE;HIGH_VALUE_REFUND,APPROVED
order_100033,return_300033,customer_0507,agent_025,1,Normal refund approval with evidence and reasonable timing,normal,,APPROVED
order_102672,return_302672,customer_1399,agent_014,1,Normal refund approval with evidence and reasonable timing,normal,,APPROVED
order_104140,return_304140,customer_9003,agent_015,6,Customer with frequent refund requests,fraud,CUSTOMER_FREQUENT_RETURNS,APPROVED
order_103067,return_303067,customer_0410,agent_029,2,High-value refund approved without evidence,fraud,NO_EVIDENCE;HIGH_VALUE_REFUND,APPROVED
order_103201,return_303201,customer_1297,agent_103,2,High-value refund approved without evidence,fraud,NO_EVIDENCE;HIGH_VALUE_REFUND,APPROVED
order_102583,return_302583,customer_0955,agent_005,1,Normal refund approval with evidence and reasonable timing,normal,,APPROVED
order_102343,return_302343,customer_0563,agent_002,1,Normal refund approval with evidence and reasonable timing,normal,,APPROVED
order_104343,return_304343,customer_1726,agent_703,7,Support agent with unusually high approval rate,fraud,AGENT_HIGH_APPROVAL_RATE,APPROVED
order_103242,return_303242,customer_0618,agent_027,2,High-value refund approved without evidence,fraud,NO_EVIDENCE;HIGH_VALUE_REFUND,APPROVED
order_101393,return_301393,customer_1304,agent_024,1,Normal refund approval with evidence and reasonable timing,normal,,APPROVED
order_101341,return_301341,customer_0636,agent_012,1,Normal refund approval with evidence and reasonable timing,normal,,APPROVED
order_103985,return_303985,customer_0016,agent_006,5,Manual override on high-value refund,fraud,MANUAL_OVERRIDE;HIGH_VALUE_REFUND,APPROVED
order_100937,return_300937,customer_1179,agent_027,1,Normal refund approval with evidence and reasonable timing,normal,,DECLINED
order_103883,return_303883,customer_0602,agent_011,5,Manual override on high-value refund,fraud,MANUAL_OVERRIDE;HIGH_VALUE_REFUND,APPROVED
order_102592,return_302592,customer_1595,agent_012,1,Normal refund approval with evidence and reasonable timing,normal,,APPROVED
order_101240,return_301240,customer_0187,agent_006,1,Normal refund approval with evidence and reasonable timing,normal,,DECLINED
order_102476,return_302476,customer_0532,agent_026,1,Normal refund approval with evidence and reasonable timing,normal,,DECLINED
order_102264,return_302264,customer_1317,agent_001,1,Normal refund approval with evidence and reasonable timing,normal,,APPROVED
order_101277,return_301277,customer_1793,agent_019,1,Normal refund approval with evidence and reasonable timing,normal,,APPROVED
order_100484,return_300484,customer_1519,agent_001,1,Normal refund approval with evidence and reasonable timing,normal,,APPROVED
order_104101,return_304101,customer_9004,agent_018,6,Customer with frequent refund requests,fraud,CUSTOMER_FREQUENT_RETURNS,APPROVED
order_100912,return_300912,customer_0686,agent_007,1,Normal refund approval with evidence and reasonable timing,normal,,DECLINED
order_102686,return_302686,customer_1966,agent_007,1,Normal refund approval with evidence and reasonable timing,normal,,APPROVED
order_104310,return_304310,customer_9005,agent_005,6,Customer with frequent refund requests,fraud,CUSTOMER_FREQUENT_RETURNS,APPROVED
order_104033,return_304033,customer_0370,agent_025,5,Manual override on high-value refund,fraud,MANUAL_OVERRIDE;HIGH_VALUE_REFUND,APPROVED
order_102226,return_302226,customer_1498,agent_022,1,Normal refund approval with evidence and reasonable timing,normal,,APPROVED
order_100843,return_300843,customer_0315,agent_001,1,Normal refund approval with evidence and reasonable timing,normal,,DECLINED
order_104596,return_304596,customer_8003,agent_803,8,Repeated agent-customer approval pattern,fraud,REPEATED_AGENT_CUSTOMER_PAIR,APPROVED
order_104562,return_304562,customer_8002,agent_802,8,Repeated agent-customer approval pattern,fraud,REPEATED_AGENT_CUSTOMER_PAIR,APPROVED
order_104567,return_304567,customer_8001,agent_801,8,Repeated agent-customer approval pattern,fraud,REPEATED_AGENT_CUSTOMER_PAIR,APPROVED
order_103809,return_303809,customer_0478,agent_011,5,Manual override on high-value refund,fraud,MANUAL_OVERRIDE;HIGH_VALUE_REFUND,APPROVED
order_103800,return_303800,customer_1611,agent_102,4,Very fast approval by support agent,fraud,FAST_APPROVAL,APPROVED
order_100046,return_300046,customer_1221,agent_029,1,Normal refund approval with evidence and reasonable timing,normal,,DECLINED
order_104738,return_304738,customer_8001,agent_801,8,Repeated agent-customer approval pattern,fraud,REPEATED_AGENT_CUSTOMER_PAIR,APPROVED
order_102175,return_302175,customer_0712,agent_028,1,Normal refund approval with evidence and reasonable timing,normal,,DECLINED
order_100541,return_300541,customer_0006,agent_026,1,Normal refund approval with evidence and reasonable timing,normal,,DECLINED
order_103732,return_303732,customer_0067,agent_103,4,Very fast approval by support agent,fraud,FAST_APPROVAL,APPROVED
order_100249,return_300249,customer_0101,agent_017,1,Normal refund approval with evidence and reasonable timing,normal,,APPROVED
order_101002,return_301002,customer_0706,agent_006,1,Normal refund approval with evidence and reasonable timing,normal,,APPROVED
order_102445,return_302445,customer_1464,agent_007,1,Normal refund approval with evidence and reasonable timing,normal,,APPROVED
order_102655,return_302655,customer_0946,agent_028,1,Normal refund approval with evidence and reasonable timing,normal,,APPROVED
order_103149,return_303149,customer_0905,agent_001,2,High-value refund approved without evidence,fraud,NO_EVIDENCE;HIGH_VALUE_REFUND,APPROVED
order_102619,return_302619,customer_0876,agent_005,1,Normal refund approval with evidence and reasonable timing,normal,,APPROVED
order_102971,return_302971,customer_1124,agent_019,1,Normal refund approval with evidence and reasonable timing,normal,,DECLINED
order_104007,return_304007,customer_1695,agent_023,5,Manual override on high-value refund,fraud,MANUAL_OVERRIDE;HIGH_VALUE_REFUND,APPROVED
order_104367,return_304367,customer_0691,agent_703,7,Support agent with unusually high approval rate,fraud,AGENT_HIGH_APPROVAL_RATE,APPROVED
order_101914,return_301914,customer_1828,agent_007,1,Normal refund approval with evidence and reasonable timing,normal,,DECLINED
order_103485,return_303485,customer_0375,agent_019,3,Full-amount refund approved for expensive order,fraud,FULL_AMOUNT_REFUND;HIGH_VALUE_REFUND,APPROVED
order_102285,return_302285,customer_0866,agent_024,1,Normal refund approval with evidence and reasonable timing,normal,,APPROVED
order_100516,return_300516,customer_0844,agent_003,1,Normal refund approval with evidence and reasonable timing,normal,,APPROVED
order_103225,return_303225,customer_1918,agent_101,2,High-value refund approved without evidence,fraud,NO_EVIDENCE;HIGH_VALUE_REFUND,APPROVED
order_101034,return_301034,customer_1870,agent_005,1,Normal refund approval with evidence and reasonable timing,normal,,APPROVED
order_104700,return_304700,customer_8002,agent_802,8,Repeated agent-customer approval pattern,fraud,REPEATED_AGENT_CUSTOMER_PAIR,APPROVED
order_101478,return_301478,customer_0600,agent_006,1,Normal refund approval with evidence and reasonable timing,normal,,DECLINED
order_104168,return_304168,customer_9007,agent_002,6,Customer with frequent refund requests,fraud,CUSTOMER_FREQUENT_RETURNS,APPROVED
order_103169,return_303169,customer_0116,agent_001,2,High-value refund approved without evidence,fraud,NO_EVIDENCE;HIGH_VALUE_REFUND,APPROVED
order_104126,return_304126,customer_9005,agent_027,6,Customer with frequent refund requests,fraud,CUSTOMER_FREQUENT_RETURNS,APPROVED
order_102361,return_302361,customer_0821,agent_009,1,Normal refund approval with evidence and reasonable timing,normal,,APPROVED
order_100756,return_300756,customer_1744,agent_009,1,Normal refund approval with evidence and reasonable timing,normal,,APPROVED
order_102094,return_302094,customer_0493,agent_017,1,Normal refund approval with evidence and reasonable timing,normal,,APPROVED
order_103408,return_303408,customer_0652,agent_012,3,Full-amount refund approved for expensive order,fraud,FULL_AMOUNT_REFUND;HIGH_VALUE_REFUND,APPROVED
order_102033,return_302033,customer_0148,agent_020,1,Normal refund approval with evidence and reasonable timing,normal,,APPROVED
order_100248,return_300248,customer_1654,agent_006,1,Normal refund approval with evidence and reasonable timing,normal,,APPROVED
order_100733,return_300733,customer_1783,agent_015,1,Normal refund approval with evidence and reasonable timing,normal,,APPROVED
order_101578,return_301578,customer_1464,agent_030,1,Normal refund approval with evidence and reasonable timing,normal,,APPROVED
order_104625,return_304625,customer_8002,agent_802,8,Repeated agent-customer approval pattern,fraud,REPEATED_AGENT_CUSTOMER_PAIR,APPROVED
order_100847,return_300847,customer_1504,agent_024,1,Normal refund approval with evidence and reasonable timing,normal,,APPROVED
order_104931,return_304931,customer_9905,agent_902,9,"Suspicious cluster: same agent, frequent customer returns, manual overrides",fraud,SUSPICIOUS_CLUSTER;NO_EVIDENCE;MANUAL_OVERRIDE;HIGH_VALUE_REFUND,APPROVED
order_102287,return_302287,customer_0915,agent_029,1,Normal refund approval with evidence and reasonable timing,normal,,DECLINED
order_104435,return_304435,customer_1686,agent_702,7,Support agent with unusually high approval rate,fraud,AGENT_HIGH_APPROVAL_RATE,APPROVED
order_102218,return_302218,customer_1404,agent_005,1,Normal refund approval with evidence and reasonable timing,normal,,APPROVED
order_101491,return_301491,customer_1399,agent_014,1,Normal refund approval with evidence and reasonable timing,normal,,DECLINED
order_103215,return_303215,customer_0577,agent_004,2,High-value refund approved without evidence,fraud,NO_EVIDENCE;HIGH_VALUE_REFUND,APPROVED
order_102161,return_302161,customer_0156,agent_019,1,Normal refund approval with evidence and reasonable timing,normal,,APPROVED
order_103626,return_303626,customer_0761,agent_101,4,Very fast approval by support agent,fraud,FAST_APPROVAL,APPROVED
order_101776,return_301776,customer_0529,agent_016,1,Normal refund approval with evidence and reasonable timing,normal,,DECLINED
order_102116,return_302116,customer_1334,agent_013,1,Normal refund approval with evidence and reasonable timing,normal,,APPROVED
order_102122,return_302122,customer_0849,agent_012,1,Normal refund approval with evidence and reasonable timing,normal,,DECLINED
order_100029,return_300029,customer_1297,agent_022,1,Normal refund approval with evidence and reasonable timing,normal,,APPROVED
order_103914,return_303914,customer_1657,agent_101,5,Manual override on high-value refund,fraud,MANUAL_OVERRIDE;HIGH_VALUE_REFUND,APPROVED
order_101373,return_301373,customer_1151,agent_010,1,Normal refund approval with evidence and reasonable timing,normal,,APPROVED
order_104254,return_304254,customer_9005,agent_013,6,Customer with frequent refund requests,fraud,CUSTOMER_FREQUENT_RETURNS,APPROVED
order_100229,return_300229,customer_1542,agent_005,1,Normal refund approval with evidence and reasonable timing,normal,,APPROVED
order_102455,return_302455,customer_1703,agent_016,1,Normal refund approval with evidence and reasonable timing,normal,,DECLINED
order_103969,return_303969,customer_0119,agent_004,5,Manual override on high-value refund,fraud,MANUAL_OVERRIDE;HIGH_VALUE_REFUND,APPROVED
order_103166,return_303166,customer_0586,agent_020,2,High-value refund approved without evidence,fraud,NO_EVIDENCE;HIGH_VALUE_REFUND,APPROVED
order_102050,return_302050,customer_1180,agent_008,1,Normal refund approval with evidence and reasonable timing,normal,,APPROVED
order_101114,return_301114,customer_0109,agent_020,1,Normal refund approval with evidence and reasonable timing,normal,,DECLINED
order_101932,return_301932,customer_1509,agent_024,1,Normal refund approval with evidence and reasonable timing,normal,,APPROVED
order_102485,return_302485,customer_1920,agent_028,1,Normal refund approval with evidence and reasonable timing,normal,,APPROVED
order_101907,return_301907,customer_0320,agent_030,1,Normal refund approval with evidence and reasonable timing,normal,,APPROVED
order_102443,return_302443,customer_0509,agent_007,1,Normal refund approval with evidence and reasonable timing,normal,,APPROVED
order_102563,return_302563,customer_1912,agent_030,1,Normal refund approval with evidence and reasonable timing,normal,,DECLINED
order_104069,return_304069,customer_0160,agent_027,5,Manual override on high-value refund,fraud,MANUAL_OVERRIDE;HIGH_VALUE_REFUND,APPROVED
order_102565,return_302565,customer_1109,agent_030,1,Normal refund approval with evidence and reasonable timing,normal,,APPROVED
order_103722,return_303722,customer_0210,agent_103,4,Very fast approval by support agent,fraud,FAST_APPROVAL,APPROVED
order_104361,return_304361,customer_1194,agent_703,7,Support agent with unusually high approval rate,fraud,AGENT_HIGH_APPROVAL_RATE,APPROVED
order_100826,return_300826,customer_0171,agent_012,1,Normal refund approval with evidence and reasonable timing,normal,,DECLINED
order_100502,return_300502,customer_1518,agent_005,1,Normal refund approval with evidence and reasonable timing,normal,,APPROVED
order_103370,return_303370,customer_0789,agent_029,3,Full-amount refund approved for expensive order,fraud,FULL_AMOUNT_REFUND;HIGH_VALUE_REFUND,APPROVED
order_102994,return_302994,customer_1194,agent_019,2,High-value refund approved without evidence,fraud,NO_EVIDENCE;HIGH_VALUE_REFUND,APPROVED
order_100407,return_300407,customer_0065,agent_028,1,Normal refund approval with evidence and reasonable timing,normal,,APPROVED
order_101635,return_301635,customer_1347,agent_014,1,Normal refund approval with evidence and reasonable timing,normal,,APPROVED
order_101346,return_301346,customer_1802,agent_008,1,Normal refund approval with evidence and reasonable timing,normal,,APPROVED
order_104912,return_304912,customer_9902,agent_901,9,"Suspicious cluster: same agent, frequent customer returns, manual overrides",fraud,SUSPICIOUS_CLUSTER;NO_EVIDENCE;MANUAL_OVERRIDE;HIGH_VALUE_REFUND,APPROVED
order_101142,return_301142,customer_1883,agent_016,1,Normal refund approval with evidence and reasonable timing,normal,,APPROVED
order_104881,return_304881,customer_9906,agent_902,9,"Suspicious cluster: same agent, frequent customer returns, manual overrides",fraud,SUSPICIOUS_CLUSTER;NO_EVIDENCE;MANUAL_OVERRIDE;HIGH_VALUE_REFUND,APPROVED
order_100085,return_300085,customer_1782,agent_027,1,Normal refund approval with evidence and reasonable timing,normal,,APPROVED
order_101136,return_301136,customer_1913,agent_022,1,Normal refund approval with evidence and reasonable timing,normal,,DECLINED
order_101912,return_301912,customer_0764,agent_005,1,Normal refund approval with evidence and reasonable timing,normal,,DECLINED
order_100103,return_300103,customer_1045,agent_017,1,Normal refund approval with evidence and reasonable timing,normal,,DECLINED
order_100119,return_300119,customer_1879,agent_010,1,Normal refund approval with evidence and reasonable timing,normal,,DECLINED
order_103878,return_303878,customer_0961,agent_102,5,Manual override on high-value refund,fraud,MANUAL_OVERRIDE;HIGH_VALUE_REFUND,APPROVED
order_101502,return_301502,customer_0539,agent_026,1,Normal refund approval with evidence and reasonable timing,normal,,APPROVED
order_102684,return_302684,customer_1910,agent_003,1,Normal refund approval with evidence and reasonable timing,normal,,APPROVED
order_103381,return_303381,customer_0045,agent_026,3,Full-amount refund approved for expensive order,fraud,FULL_AMOUNT_REFUND;HIGH_VALUE_REFUND,APPROVED
order_101739,return_301739,customer_0864,agent_020,1,Normal refund approval with evidence and reasonable timing,normal,,APPROVED
order_102990,return_302990,customer_1437,agent_009,2,High-value refund approved without evidence,fraud,NO_EVIDENCE;HIGH_VALUE_REFUND,APPROVED
order_102887,return_302887,customer_1470,agent_008,1,Normal refund approval with evidence and reasonable timing,normal,,DECLINED
order_104622,return_304622,customer_8002,agent_802,8,Repeated agent-customer approval pattern,fraud,REPEATED_AGENT_CUSTOMER_PAIR,APPROVED
order_104558,return_304558,customer_8001,agent_801,8,Repeated agent-customer approval pattern,fraud,REPEATED_AGENT_CUSTOMER_PAIR,APPROVED
order_101760,return_301760,customer_0230,agent_026,1,Normal refund approval with evidence and reasonable timing,normal,,DECLINED
order_104769,return_304769,customer_9906,agent_902,9,"Suspicious cluster: same agent, frequent customer returns, manual overrides",fraud,SUSPICIOUS_CLUSTER;NO_EVIDENCE;MANUAL_OVERRIDE;HIGH_VALUE_REFUND,APPROVED
order_102192,return_302192,customer_0102,agent_009,1,Normal refund approval with evidence and reasonable timing,normal,,APPROVED
order_100608,return_300608,customer_0098,agent_019,1,Normal refund approval with evidence and reasonable timing,normal,,APPROVED
order_103356,return_303356,customer_0993,agent_005,3,Full-amount refund approved for expensive order,fraud,FULL_AMOUNT_REFUND;HIGH_VALUE_REFUND,APPROVED
order_102539,return_302539,customer_1103,agent_018,1,Normal refund approval with evidence and reasonable timing,normal,,APPROVED
order_102038,return_302038,customer_0289,agent_016,1,Normal refund approval with evidence and reasonable timing,normal,,APPROVED
order_103046,return_303046,customer_1639,agent_023,2,High-value refund approved without evidence,fraud,NO_EVIDENCE;HIGH_VALUE_REFUND,APPROVED
order_104650,return_304650,customer_8003,agent_803,8,Repeated agent-customer approval pattern,fraud,REPEATED_AGENT_CUSTOMER_PAIR,APPROVED
order_101852,return_301852,customer_0821,agent_024,1,Normal refund approval with evidence and reasonable timing,normal,,APPROVED
order_102746,return_302746,customer_0865,agent_026,1,Normal refund approval with evidence and reasonable timing,normal,,DECLINED
order_101289,return_301289,customer_0674,agent_003,1,Normal refund approval with evidence and reasonable timing,normal,,APPROVED
order_103795,return_303795,customer_1635,agent_103,4,Very fast approval by support agent,fraud,FAST_APPROVAL,APPROVED
order_103810,return_303810,customer_1241,agent_013,5,Manual override on high-value refund,fraud,MANUAL_OVERRIDE;HIGH_VALUE_REFUND,APPROVED
order_101247,return_301247,customer_0099,agent_012,1,Normal refund approval with evidence and reasonable timing,normal,,APPROVED
order_100073,return_300073,customer_1648,agent_029,1,Normal refund approval with evidence and reasonable timing,normal,,APPROVED
order_102174,return_302174,customer_0281,agent_005,1,Normal refund approval with evidence and reasonable timing,normal,,DECLINED
order_104050,return_304050,customer_1149,agent_018,5,Manual override on high-value refund,fraud,MANUAL_OVERRIDE;HIGH_VALUE_REFUND,APPROVED
order_103442,return_303442,customer_1305,agent_030,3,Full-amount refund approved for expensive order,fraud,FULL_AMOUNT_REFUND;HIGH_VALUE_REFUND,APPROVED
order_104298,return_304298,customer_9001,agent_004,6,Customer with frequent refund requests,fraud,CUSTOMER_FREQUENT_RETURNS,APPROVED
order_100381,return_300381,customer_0647,agent_024,1,Normal refund approval with evidence and reasonable timing,normal,,APPROVED
order_102903,return_302903,customer_0675,agent_008,1,Normal refund approval with evidence and reasonable timing,normal,,APPROVED
order_104740,return_304740,customer_8003,agent_803,8,Repeated agent-customer approval pattern,fraud,REPEATED_AGENT_CUSTOMER_PAIR,APPROVED
order_103794,return_303794,customer_1266,agent_101,4,Very fast approval by support agent,fraud,FAST_APPROVAL,APPROVED
order_104003,return_304003,customer_1225,agent_001,5,Manual override on high-value refund,fraud,MANUAL_OVERRIDE;HIGH_VALUE_REFUND,APPROVED
order_102137,return_302137,customer_1944,agent_027,1,Normal refund approval with evidence and reasonable timing,normal,,APPROVED
order_102037,return_302037,customer_1522,agent_006,1,Normal refund approval with evidence and reasonable timing,normal,,DECLINED
order_100683,return_300683,customer_0416,agent_029,1,Normal refund approval with evidence and reasonable timing,normal,,APPROVED
order_103998,return_303998,customer_0166,agent_015,5,Manual override on high-value refund,fraud,MANUAL_OVERRIDE;HIGH_VALUE_REFUND,APPROVED
order_101351,return_301351,customer_1309,agent_022,1,Normal refund approval with evidence and reasonable timing,normal,,DECLINED
order_104907,return_304907,customer_9906,agent_902,9,"Suspicious cluster: same agent, frequent customer returns, manual overrides",fraud,SUSPICIOUS_CLUSTER;NO_EVIDENCE;MANUAL_OVERRIDE;HIGH_VALUE_REFUND,APPROVED
order_104486,return_304486,customer_0493,agent_702,7,Support agent with unusually high approval rate,fraud,AGENT_HIGH_APPROVAL_RATE,APPROVED
order_102382,return_302382,customer_1667,agent_013,1,Normal refund approval with evidence and reasonable timing,normal,,APPROVED
order_103892,return_303892,customer_0706,agent_002,5,Manual override on high-value refund,fraud,MANUAL_OVERRIDE;HIGH_VALUE_REFUND,APPROVED
order_100571,return_300571,customer_1630,agent_012,1,Normal refund approval with evidence and reasonable timing,normal,,APPROVED
order_103176,return_303176,customer_0560,agent_008,2,High-value refund approved without evidence,fraud,NO_EVIDENCE;HIGH_VALUE_REFUND,APPROVED
order_100072,return_300072,customer_1249,agent_003,1,Normal refund approval with evidence and reasonable timing,normal,,DECLINED
order_100574,return_300574,customer_0892,agent_028,1,Normal refund approval with evidence and reasonable timing,normal,,APPROVED
order_103170,return_303170,customer_0189,agent_008,2,High-value refund approved without evidence,fraud,NO_EVIDENCE;HIGH_VALUE_REFUND,APPROVED
order_104304,return_304304,customer_9007,agent_009,6,Customer with frequent refund requests,fraud,CUSTOMER_FREQUENT_RETURNS,APPROVED
order_103783,return_303783,customer_1251,agent_101,4,Very fast approval by support agent,fraud,FAST_APPROVAL,APPROVED
order_100687,return_300687,customer_1671,agent_024,1,Normal refund approval with evidence and reasonable timing,normal,,APPROVED
order_103729,return_303729,customer_1694,agent_103,4,Very fast approval by support agent,fraud,FAST_APPROVAL,APPROVED
order_102671,return_302671,customer_0753,agent_018,1,Normal refund approval with evidence and reasonable timing,normal,,APPROVED
order_101560,return_301560,customer_0040,agent_021,1,Normal refund approval with evidence and reasonable timing,normal,,DECLINED
order_104230,return_304230,customer_9005,agent_028,6,Customer with frequent refund requests,fraud,CUSTOMER_FREQUENT_RETURNS,APPROVED
order_101749,return_301749,customer_1305,agent_027,1,Normal refund approval with evidence and reasonable timing,normal,,APPROVED
order_103993,return_303993,customer_0021,agent_007,5,Manual override on high-value refund,fraud,MANUAL_OVERRIDE;HIGH_VALUE_REFUND,APPROVED
order_102124,return_302124,customer_1228,agent_012,1,Normal refund approval with evidence and reasonable timing,normal,,APPROVED
order_101133,return_301133,customer_0343,agent_011,1,Normal refund approval with evidence and reasonable timing,normal,,DECLINED
order_100247,return_300247,customer_0217,agent_005,1,Normal refund approval with evidence and reasonable timing,normal,,APPROVED
order_104682,return_304682,customer_8002,agent_802,8,Repeated agent-customer approval pattern,fraud,REPEATED_AGENT_CUSTOMER_PAIR,APPROVED
order_104421,return_304421,customer_0540,agent_703,7,Support agent with unusually high approval rate,fraud,AGENT_HIGH_APPROVAL_RATE,APPROVED
order_103899,return_303899,customer_1264,agent_011,5,Manual override on high-value refund,fraud,MANUAL_OVERRIDE;HIGH_VALUE_REFUND,APPROVED
order_104835,return_304835,customer_9904,agent_902,9,"Suspicious cluster: same agent, frequent customer returns, manual overrides",fraud,SUSPICIOUS_CLUSTER;NO_EVIDENCE;MANUAL_OVERRIDE;HIGH_VALUE_REFUND,APPROVED
order_104107,return_304107,customer_9002,agent_026,6,Customer with frequent refund requests,fraud,CUSTOMER_FREQUENT_RETURNS,APPROVED
order_102348,return_302348,customer_0041,agent_028,1,Normal refund approval with evidence and reasonable timing,normal,,APPROVED
order_101186,return_301186,customer_1075,agent_002,1,Normal refund approval with evidence and reasonable timing,normal,,APPROVED
order_101789,return_301789,customer_0485,agent_011,1,Normal refund approval with evidence and reasonable timing,normal,,APPROVED
order_102553,return_302553,customer_1340,agent_010,1,Normal refund approval with evidence and reasonable timing,normal,,DECLINED
order_101058,return_301058,customer_0740,agent_028,1,Normal refund approval with evidence and reasonable timing,normal,,APPROVED
order_100887,return_300887,customer_0449,agent_010,1,Normal refund approval with evidence and reasonable timing,normal,,DECLINED
order_103960,return_303960,customer_0051,agent_006,5,Manual override on high-value refund,fraud,MANUAL_OVERRIDE;HIGH_VALUE_REFUND,APPROVED
order_100045,return_300045,customer_0952,agent_025,1,Normal refund approval with evidence and reasonable timing,normal,,APPROVED
order_101037,return_301037,customer_1245,agent_005,1,Normal refund approval with evidence and reasonable timing,normal,,APPROVED
order_104032,return_304032,customer_0673,agent_025,5,Manual override on high-value refund,fraud,MANUAL_OVERRIDE;HIGH_VALUE_REFUND,APPROVED
order_101116,return_301116,customer_0972,agent_023,1,Normal refund approval with evidence and reasonable timing,normal,,APPROVED
order_103644,return_303644,customer_0385,agent_101,4,Very fast approval by support agent,fraud,FAST_APPROVAL,APPROVED
order_101511,return_301511,customer_1854,agent_017,1,Normal refund approval with evidence and reasonable timing,normal,,APPROVED
order_103774,return_303774,customer_1586,agent_102,4,Very fast approval by support agent,fraud,FAST_APPROVAL,APPROVED
order_101156,return_301156,customer_1052,agent_007,1,Normal refund approval with evidence and reasonable timing,normal,,APPROVED
order_102294,return_302294,customer_1387,agent_028,1,Normal refund approval with evidence and reasonable timing,normal,,APPROVED
order_102163,return_302163,customer_1698,agent_023,1,Normal refund approval with evidence and reasonable timing,normal,,APPROVED
order_103764,return_303764,customer_1940,agent_103,4,Very fast approval by support agent,fraud,FAST_APPROVAL,APPROVED
order_102236,return_302236,customer_0381,agent_012,1,Normal refund approval with evidence and reasonable timing,normal,,DECLINED
order_102434,return_302434,customer_0956,agent_005,1,Normal refund approval with evidence and reasonable timing,normal,,APPROVED
order_100017,return_300017,customer_0276,agent_029,1,Normal refund approval with evidence and reasonable timing,normal,,APPROVED
order_102066,return_302066,customer_0285,agent_015,1,Normal refund approval with evidence and reasonable timing,normal,,APPROVED
order_101390,return_301390,customer_0029,agent_003,1,Normal refund approval with evidence and reasonable timing,normal,,DECLINED
order_104374,return_304374,customer_0197,agent_701,7,Support agent with unusually high approval rate,fraud,AGENT_HIGH_APPROVAL_RATE,APPROVED
order_100361,return_300361,customer_1065,agent_004,1,Normal refund approval with evidence and reasonable timing,normal,,APPROVED
order_100845,return_300845,customer_0896,agent_006,1,Normal refund approval with evidence and reasonable timing,normal,,APPROVED
order_101462,return_301462,customer_0139,agent_025,1,Normal refund approval with evidence and reasonable timing,normal,,APPROVED
order_104837,return_304837,customer_9904,agent_902,9,"Suspicious cluster: same agent, frequent customer returns, manual overrides",fraud,SUSPICIOUS_CLUSTER;NO_EVIDENCE;MANUAL_OVERRIDE;HIGH_VALUE_REFUND,APPROVED
order_103507,return_303507,customer_0232,agent_029,3,Full-amount refund approved for expensive order,fraud,FULL_AMOUNT_REFUND;HIGH_VALUE_REFUND,APPROVED
order_104539,return_304539,customer_1196,agent_701,7,Support agent with unusually high approval rate,fraud,AGENT_HIGH_APPROVAL_RATE,APPROVED
order_102513,return_302513,customer_1814,agent_005,1,Normal refund approval with evidence and reasonable timing,normal,,DECLINED
order_100153,return_300153,customer_0666,agent_018,1,Normal refund approval with evidence and reasonable timing,normal,,DECLINED
order_100344,return_300344,customer_1587,agent_012,1,Normal refund approval with evidence and reasonable timing,normal,,APPROVED
order_100268,return_300268,customer_1823,agent_020,1,Normal refund approval with evidence and reasonable timing,normal,,DECLINED
order_100210,return_300210,customer_1442,agent_025,1,Normal refund approval with evidence and reasonable timing,normal,,DECLINED
order_102201,return_302201,customer_1348,agent_001,1,Normal refund approval with evidence and reasonable timing,normal,,APPROVED
order_101743,return_301743,customer_1186,agent_025,1,Normal refund approval with evidence and reasonable timing,normal,,APPROVED
order_102039,return_302039,customer_1498,agent_013,1,Normal refund approval with evidence and reasonable timing,normal,,APPROVED
order_100779,return_300779,customer_0984,agent_014,1,Normal refund approval with evidence and reasonable timing,normal,,APPROVED
order_102667,return_302667,customer_0816,agent_024,1,Normal refund approval with evidence and reasonable timing,normal,,APPROVED
order_101403,return_301403,customer_1318,agent_026,1,Normal refund approval with evidence and reasonable timing,normal,,DECLINED
order_103004,return_303004,customer_0975,agent_026,2,High-value refund approved without evidence,fraud,NO_EVIDENCE;HIGH_VALUE_REFUND,APPROVED
order_103693,return_303693,customer_0913,agent_103,4,Very fast approval by support agent,fraud,FAST_APPROVAL,APPROVED
order_101411,return_301411,customer_1705,agent_030,1,Normal refund approval with evidence and reasonable timing,normal,,APPROVED
order_101475,return_301475,customer_1852,agent_018,1,Normal refund approval with evidence and reasonable timing,normal,,APPROVED
order_100963,return_300963,customer_0050,agent_010,1,Normal refund approval with evidence and reasonable timing,normal,,APPROVED
order_102662,return_302662,customer_1424,agent_009,1,Normal refund approval with evidence and reasonable timing,normal,,APPROVED
order_104243,return_304243,customer_9002,agent_021,6,Customer with frequent refund requests,fraud,CUSTOMER_FREQUENT_RETURNS,APPROVED
order_100156,return_300156,customer_0162,agent_023,1,Normal refund approval with evidence and reasonable timing,normal,,APPROVED
order_102984,return_302984,customer_1566,agent_007,2,High-value refund approved without evidence,fraud,NO_EVIDENCE;HIGH_VALUE_REFUND,APPROVED
order_101261,return_301261,customer_1534,agent_024,1,Normal refund approval with evidence and reasonable timing,normal,,DECLINED
order_101413,return_301413,customer_0860,agent_027,1,Normal refund approval with evidence and reasonable timing,normal,,APPROVED
order_100622,return_300622,customer_0465,agent_020,1,Normal refund approval with evidence and reasonable timing,normal,,APPROVED
order_103364,return_303364,customer_1134,agent_017,3,Full-amount refund approved for expensive order,fraud,FULL_AMOUNT_REFUND;HIGH_VALUE_REFUND,APPROVED
order_101474,return_301474,customer_0175,agent_019,1,Normal refund approval with evidence and reasonable timing,normal,,APPROVED
order_101597,return_301597,customer_1890,agent_028,1,Normal refund approval with evidence and reasonable timing,normal,,APPROVED
order_104233,return_304233,customer_9008,agent_004,6,Customer with frequent refund requests,fraud,CUSTOMER_FREQUENT_RETURNS,APPROVED
order_102059,return_302059,customer_1313,agent_006,1,Normal refund approval with evidence and reasonable timing,normal,,DECLINED
order_102069,return_302069,customer_1472,agent_025,1,Normal refund approval with evidence and reasonable timing,normal,,APPROVED
order_104402,return_304402,customer_0657,agent_702,7,Support agent with unusually high approval rate,fraud,AGENT_HIGH_APPROVAL_RATE,APPROVED
order_104799,return_304799,customer_9905,agent_902,9,"Suspicious cluster: same agent, frequent customer returns, manual overrides",fraud,SUSPICIOUS_CLUSTER;NO_EVIDENCE;MANUAL_OVERRIDE;HIGH_VALUE_REFUND,APPROVED
order_104473,return_304473,customer_1641,agent_701,7,Support agent with unusually high approval rate,fraud,AGENT_HIGH_APPROVAL_RATE,APPROVED
order_100379,return_300379,customer_1436,agent_014,1,Normal refund approval with evidence and reasonable timing,normal,,APPROVED
order_104461,return_304461,customer_0168,agent_701,7,Support agent with unusually high approval rate,fraud,AGENT_HIGH_APPROVAL_RATE,APPROVED
order_104060,return_304060,customer_1593,agent_018,5,Manual override on high-value refund,fraud,MANUAL_OVERRIDE;HIGH_VALUE_REFUND,APPROVED
order_104438,return_304438,customer_0426,agent_702,7,Support agent with unusually high approval rate,fraud,AGENT_HIGH_APPROVAL_RATE,APPROVED
order_104019,return_304019,customer_0773,agent_011,5,Manual override on high-value refund,fraud,MANUAL_OVERRIDE;HIGH_VALUE_REFUND,APPROVED
order_100163,return_300163,customer_0821,agent_003,1,Normal refund approval with evidence and reasonable timing,normal,,APPROVED
order_101764,return_301764,customer_0461,agent_004,1,Normal refund approval with evidence and reasonable timing,normal,,APPROVED
order_103696,return_303696,customer_1005,agent_102,4,Very fast approval by support agent,fraud,FAST_APPROVAL,APPROVED
order_100306,return_300306,customer_0897,agent_029,1,Normal refund approval with evidence and reasonable timing,normal,,APPROVED
order_102056,return_302056,customer_0969,agent_009,1,Normal refund approval with evidence and reasonable timing,normal,,DECLINED
order_100393,return_300393,customer_0865,agent_003,1,Normal refund approval with evidence and reasonable timing,normal,,APPROVED
order_101869,return_301869,customer_0577,agent_013,1,Normal refund approval with evidence and reasonable timing,normal,,APPROVED
order_103282,return_303282,customer_1487,agent_005,3,Full-amount refund approved for expensive order,fraud,FULL_AMOUNT_REFUND;HIGH_VALUE_REFUND,APPROVED
order_104802,return_304802,customer_9903,agent_901,9,"Suspicious cluster: same agent, frequent customer returns, manual overrides",fraud,SUSPICIOUS_CLUSTER;NO_EVIDENCE;MANUAL_OVERRIDE;HIGH_VALUE_REFUND,APPROVED
order_102883,return_302883,customer_0540,agent_025,1,Normal refund approval with evidence and reasonable timing,normal,,APPROVED
order_102545,return_302545,customer_0239,agent_006,1,Normal refund approval with evidence and reasonable timing,normal,,APPROVED
order_102704,return_302704,customer_0752,agent_009,1,Normal refund approval with evidence and reasonable timing,normal,,APPROVED
order_103396,return_303396,customer_0476,agent_005,3,Full-amount refund approved for expensive order,fraud,FULL_AMOUNT_REFUND;HIGH_VALUE_REFUND,APPROVED
order_102923,return_302923,customer_0176,agent_006,1,Normal refund approval with evidence and reasonable timing,normal,,APPROVED
order_103158,return_303158,customer_0146,agent_026,2,High-value refund approved without evidence,fraud,NO_EVIDENCE;HIGH_VALUE_REFUND,APPROVED
order_101631,return_301631,customer_1757,agent_009,1,Normal refund approval with evidence and reasonable timing,normal,,APPROVED
order_101222,return_301222,customer_0415,agent_008,1,Normal refund approval with evidence and reasonable timing,normal,,APPROVED
order_104540,return_304540,customer_1353,agent_702,7,Support agent with unusually high approval rate,fraud,AGENT_HIGH_APPROVAL_RATE,APPROVED
order_104277,return_304277,customer_9004,agent_023,6,Customer with frequent refund requests,fraud,CUSTOMER_FREQUENT_RETURNS,APPROVED
order_102853,return_302853,customer_0491,agent_014,1,Normal refund approval with evidence and reasonable timing,normal,,APPROVED
order_103041,return_303041,customer_1205,agent_026,2,High-value refund approved without evidence,fraud,NO_EVIDENCE;HIGH_VALUE_REFUND,APPROVED
order_104082,return_304082,customer_9001,agent_016,6,Customer with frequent refund requests,fraud,CUSTOMER_FREQUENT_RETURNS,APPROVED
order_100001,return_300001,customer_0782,agent_013,1,Normal refund approval with evidence and reasonable timing,normal,,APPROVED
order_104305,return_304305,customer_9008,agent_015,6,Customer with frequent refund requests,fraud,CUSTOMER_FREQUENT_RETURNS,APPROVED
order_104496,return_304496,customer_1246,agent_703,7,Support agent with unusually high approval rate,fraud,AGENT_HIGH_APPROVAL_RATE,APPROVED
order_101587,return_301587,customer_0524,agent_005,1,Normal refund approval with evidence and reasonable timing,normal,,DECLINED
order_103314,return_303314,customer_1114,agent_026,3,Full-amount refund approved for expensive order,fraud,FULL_AMOUNT_REFUND;HIGH_VALUE_REFUND,APPROVED
order_100074,return_300074,customer_0788,agent_007,1,Normal refund approval with evidence and reasonable timing,normal,,APPROVED
order_103882,return_303882,customer_1711,agent_010,5,Manual override on high-value refund,fraud,MANUAL_OVERRIDE;HIGH_VALUE_REFUND,APPROVED
order_101052,return_301052,customer_0806,agent_019,1,Normal refund approval with evidence and reasonable timing,normal,,APPROVED
order_102760,return_302760,customer_1799,agent_030,1,Normal refund approval with evidence and reasonable timing,normal,,APPROVED
order_104910,return_304910,customer_9901,agent_901,9,"Suspicious cluster: same agent, frequent customer returns, manual overrides",fraud,SUSPICIOUS_CLUSTER;NO_EVIDENCE;MANUAL_OVERRIDE;HIGH_VALUE_REFUND,APPROVED
order_100311,return_300311,customer_1914,agent_021,1,Normal refund approval with evidence and reasonable timing,normal,,DECLINED
order_103836,return_303836,customer_0457,agent_008,5,Manual override on high-value refund,fraud,MANUAL_OVERRIDE;HIGH_VALUE_REFUND,APPROVED
order_101859,return_301859,customer_0196,agent_012,1,Normal refund approval with evidence and reasonable timing,normal,,APPROVED
order_100255,return_300255,customer_1870,agent_012,1,Normal refund approval with evidence and reasonable timing,normal,,APPROVED
order_100493,return_300493,customer_0929,agent_021,1,Normal refund approval with evidence and reasonable timing,normal,,DECLINED
order_100729,return_300729,customer_1786,agent_029,1,Normal refund approval with evidence and reasonable timing,normal,,DECLINED
order_104770,return_304770,customer_9902,agent_901,9,"Suspicious cluster: same agent, frequent customer returns, manual overrides",fraud,SUSPICIOUS_CLUSTER;NO_EVIDENCE;MANUAL_OVERRIDE;HIGH_VALUE_REFUND,APPROVED
order_102841,return_302841,customer_1392,agent_005,1,Normal refund approval with evidence and reasonable timing,normal,,DECLINED
order_100662,return_300662,customer_0930,agent_029,1,Normal refund approval with evidence and reasonable timing,normal,,APPROVED
order_102866,return_302866,customer_1903,agent_028,1,Normal refund approval with evidence and reasonable timing,normal,,APPROVED
order_103597,return_303597,customer_0785,agent_101,4,Very fast approval by support agent,fraud,FAST_APPROVAL,APPROVED
order_103433,return_303433,customer_1976,agent_016,3,Full-amount refund approved for expensive order,fraud,FULL_AMOUNT_REFUND;HIGH_VALUE_REFUND,APPROVED
order_103687,return_303687,customer_0963,agent_102,4,Very fast approval by support agent,fraud,FAST_APPROVAL,APPROVED
order_102629,return_302629,customer_0022,agent_001,1,Normal refund approval with evidence and reasonable timing,normal,,APPROVED
order_104177,return_304177,customer_9008,agent_008,6,Customer with frequent refund requests,fraud,CUSTOMER_FREQUENT_RETURNS,APPROVED
order_104549,return_304549,customer_0458,agent_702,7,Support agent with unusually high approval rate,fraud,AGENT_HIGH_APPROVAL_RATE,APPROVED
order_103372,return_303372,customer_1446,agent_019,3,Full-amount refund approved for expensive order,fraud,FULL_AMOUNT_REFUND;HIGH_VALUE_REFUND,APPROVED
order_102514,return_302514,customer_1762,agent_028,1,Normal refund approval with evidence and reasonable timing,normal,,APPROVED
order_103092,return_303092,customer_0667,agent_026,2,High-value refund approved without evidence,fraud,NO_EVIDENCE;HIGH_VALUE_REFUND,APPROVED
order_101094,return_301094,customer_1781,agent_008,1,Normal refund approval with evidence and reasonable timing,normal,,APPROVED
order_100929,return_300929,customer_0837,agent_007,1,Normal refund approval with evidence and reasonable timing,normal,,APPROVED
order_101231,return_301231,customer_1899,agent_011,1,Normal refund approval with evidence and reasonable timing,normal,,APPROVED
order_100483,return_300483,customer_1511,agent_026,1,Normal refund approval with evidence and reasonable timing,normal,,APPROVED
order_100976,return_300976,customer_0126,agent_004,1,Normal refund approval with evidence and reasonable timing,normal,,DECLINED
order_103230,return_303230,customer_1193,agent_025,2,High-value refund approved without evidence,fraud,NO_EVIDENCE;HIGH_VALUE_REFUND,APPROVED
order_104038,return_304038,customer_0144,agent_019,5,Manual override on high-value refund,fraud,MANUAL_OVERRIDE;HIGH_VALUE_REFUND,APPROVED
order_102659,return_302659,customer_0292,agent_006,1,Normal refund approval with evidence and reasonable timing,normal,,DECLINED
order_104523,return_304523,customer_0646,agent_703,7,Support agent with unusually high approval rate,fraud,AGENT_HIGH_APPROVAL_RATE,APPROVED
order_102224,return_302224,customer_0155,agent_002,1,Normal refund approval with evidence and reasonable timing,normal,,APPROVED
order_100253,return_300253,customer_1810,agent_015,1,Normal refund approval with evidence and reasonable timing,normal,,APPROVED
order_102916,return_302916,customer_1360,agent_005,1,Normal refund approval with evidence and reasonable timing,normal,,DECLINED
order_101910,return_301910,customer_1797,agent_027,1,Normal refund approval with evidence and reasonable timing,normal,,DECLINED
order_102296,return_302296,customer_1212,agent_019,1,Normal refund approval with evidence and reasonable timing,normal,,APPROVED
order_103917,return_303917,customer_0347,agent_021,5,Manual override on high-value refund,fraud,MANUAL_OVERRIDE;HIGH_VALUE_REFUND,APPROVED
order_104116,return_304116,customer_9003,agent_008,6,Customer with frequent refund requests,fraud,CUSTOMER_FREQUENT_RETURNS,APPROVED
order_100038,return_300038,customer_1317,agent_003,1,Normal refund approval with evidence and reasonable timing,normal,,APPROVED
order_100285,return_300285,customer_1867,agent_016,1,Normal refund approval with evidence and reasonable timing,normal,,APPROVED
order_104006,return_304006,customer_1613,agent_010,5,Manual override on high-value refund,fraud,MANUAL_OVERRIDE;HIGH_VALUE_REFUND,APPROVED
order_100044,return_300044,customer_1656,agent_020,1,Normal refund approval with evidence and reasonable timing,normal,,DECLINED
order_103179,return_303179,customer_1334,agent_008,2,High-value refund approved without evidence,fraud,NO_EVIDENCE;HIGH_VALUE_REFUND,APPROVED
order_104105,return_304105,customer_9008,agent_015,6,Customer with frequent refund requests,fraud,CUSTOMER_FREQUENT_RETURNS,APPROVED
order_100375,return_300375,customer_0014,agent_020,1,Normal refund approval with evidence and reasonable timing,normal,,APPROVED
order_102143,return_302143,customer_0496,agent_009,1,Normal refund approval with evidence and reasonable timing,normal,,APPROVED
order_100275,return_300275,customer_1219,agent_027,1,Normal refund approval with evidence and reasonable timing,normal,,APPROVED
order_101286,return_301286,customer_0544,agent_013,1,Normal refund approval with evidence and reasonable timing,normal,,DECLINED
order_101417,return_301417,customer_1545,agent_026,1,Normal refund approval with evidence and reasonable timing,normal,,APPROVED
order_102804,return_302804,customer_0816,agent_020,1,Normal refund approval with evidence and reasonable timing,normal,,APPROVED
order_101175,return_301175,customer_0037,agent_003,1,Normal refund approval with evidence and reasonable timing,normal,,APPROVED
order_101636,return_301636,customer_0249,agent_020,1,Normal refund approval with evidence and reasonable timing,normal,,DECLINED
order_100551,return_300551,customer_0198,agent_025,1,Normal refund approval with evidence and reasonable timing,normal,,DECLINED
order_104557,return_304557,customer_0526,agent_701,7,Support agent with unusually high approval rate,fraud,AGENT_HIGH_APPROVAL_RATE,APPROVED
order_101265,return_301265,customer_1182,agent_009,1,Normal refund approval with evidence and reasonable timing,normal,,APPROVED
order_100858,return_300858,customer_1163,agent_015,1,Normal refund approval with evidence and reasonable timing,normal,,APPROVED
order_103708,return_303708,customer_0475,agent_101,4,Very fast approval by support agent,fraud,FAST_APPROVAL,APPROVED
order_100984,return_300984,customer_0400,agent_017,1,Normal refund approval with evidence and reasonable timing,normal,,APPROVED
order_101440,return_301440,customer_1183,agent_021,1,Normal refund approval with evidence and reasonable timing,normal,,DECLINED
order_101081,return_301081,customer_1288,agent_007,1,Normal refund approval with evidence and reasonable timing,normal,,DECLINED
order_103493,return_303493,customer_1361,agent_011,3,Full-amount refund approved for expensive order,fraud,FULL_AMOUNT_REFUND;HIGH_VALUE_REFUND,APPROVED
order_100926,return_300926,customer_1473,agent_019,1,Normal refund approval with evidence and reasonable timing,normal,,APPROVED
order_102905,return_302905,customer_0262,agent_026,1,Normal refund approval with evidence and reasonable timing,normal,,APPROVED
order_101016,return_301016,customer_1053,agent_020,1,Normal refund approval with evidence and reasonable timing,normal,,APPROVED
order_104202,return_304202,customer_9001,agent_001,6,Customer with frequent refund requests,fraud,CUSTOMER_FREQUENT_RETURNS,APPROVED
order_102190,return_302190,customer_0789,agent_029,1,Normal refund approval with evidence and reasonable timing,normal,,DECLINED
order_100283,return_300283,customer_1968,agent_006,1,Normal refund approval with evidence and reasonable timing,normal,,APPROVED
order_101520,return_301520,customer_1643,agent_030,1,Normal refund approval with evidence and reasonable timing,normal,,APPROVED
order_101557,return_301557,customer_1838,agent_023,1,Normal refund approval with evidence and reasonable timing,normal,,DECLINED
order_100354,return_300354,customer_1825,agent_002,1,Normal refund approval with evidence and reasonable timing,normal,,APPROVED
order_104041,return_304041,customer_1395,agent_013,5,Manual override on high-value refund,fraud,MANUAL_OVERRIDE;HIGH_VALUE_REFUND,APPROVED
order_100883,return_300883,customer_0634,agent_009,1,Normal refund approval with evidence and reasonable timing,normal,,DECLINED
order_101055,return_301055,customer_0574,agent_008,1,Normal refund approval with evidence and reasonable timing,normal,,APPROVED
order_102882,return_302882,customer_0988,agent_011,1,Normal refund approval with evidence and reasonable timing,normal,,APPROVED
order_103071,return_303071,customer_1213,agent_101,2,High-value refund approved without evidence,fraud,NO_EVIDENCE;HIGH_VALUE_REFUND,APPROVED
order_101312,return_301312,customer_0888,agent_001,1,Normal refund approval with evidence and reasonable timing,normal,,APPROVED
order_103445,return_303445,customer_1610,agent_101,3,Full-amount refund approved for expensive order,fraud,FULL_AMOUNT_REFUND;HIGH_VALUE_REFUND,APPROVED
order_103288,return_303288,customer_1880,agent_017,3,Full-amount refund approved for expensive order,fraud,FULL_AMOUNT_REFUND;HIGH_VALUE_REFUND,APPROVED
order_102040,return_302040,customer_1059,agent_017,1,Normal refund approval with evidence and reasonable timing,normal,,APPROVED
order_100109,return_300109,customer_1587,agent_014,1,Normal refund approval with evidence and reasonable timing,normal,,DECLINED
order_104521,return_304521,customer_1150,agent_701,7,Support agent with unusually high approval rate,fraud,AGENT_HIGH_APPROVAL_RATE,APPROVED
order_104946,return_304946,customer_9902,agent_901,9,"Suspicious cluster: same agent, frequent customer returns, manual overrides",fraud,SUSPICIOUS_CLUSTER;NO_EVIDENCE;MANUAL_OVERRIDE;HIGH_VALUE_REFUND,APPROVED
order_103763,return_303763,customer_1739,agent_101,4,Very fast approval by support agent,fraud,FAST_APPROVAL,APPROVED
order_102640,return_302640,customer_1948,agent_010,1,Normal refund approval with evidence and reasonable timing,normal,,DECLINED
order_100158,return_300158,customer_1976,agent_001,1,Normal refund approval with evidence and reasonable timing,normal,,DECLINED
order_102271,return_302271,customer_0558,agent_020,1,Normal refund approval with evidence and reasonable timing,normal,,DECLINED
order_101457,return_301457,customer_0401,agent_003,1,Normal refund approval with evidence and reasonable timing,normal,,APPROVED
order_103557,return_303557,customer_1297,agent_102,4,Very fast approval by support agent,fraud,FAST_APPROVAL,APPROVED
order_104552,return_304552,customer_1958,agent_702,7,Support agent with unusually high approval rate,fraud,AGENT_HIGH_APPROVAL_RATE,APPROVED
order_100322,return_300322,customer_0237,agent_023,1,Normal refund approval with evidence and reasonable timing,normal,,DECLINED
order_104070,return_304070,customer_0524,agent_027,5,Manual override on high-value refund,fraud,MANUAL_OVERRIDE;HIGH_VALUE_REFUND,APPROVED
order_100056,return_300056,customer_1327,agent_008,1,Normal refund approval with evidence and reasonable timing,normal,,APPROVED
order_102642,return_302642,customer_0080,agent_029,1,Normal refund approval with evidence and reasonable timing,normal,,APPROVED
order_100590,return_300590,customer_1077,agent_023,1,Normal refund approval with evidence and reasonable timing,normal,,DECLINED
order_104383,return_304383,customer_0083,agent_701,7,Support agent with unusually high approval rate,fraud,AGENT_HIGH_APPROVAL_RATE,APPROVED
order_104801,return_304801,customer_9904,agent_902,9,"Suspicious cluster: same agent, frequent customer returns, manual overrides",fraud,SUSPICIOUS_CLUSTER;NO_EVIDENCE;MANUAL_OVERRIDE;HIGH_VALUE_REFUND,APPROVED
order_104166,return_304166,customer_9005,agent_028,6,Customer with frequent refund requests,fraud,CUSTOMER_FREQUENT_RETURNS,APPROVED
order_104240,return_304240,customer_9007,agent_029,6,Customer with frequent refund requests,fraud,CUSTOMER_FREQUENT_RETURNS,APPROVED
order_100717,return_300717,customer_1040,agent_008,1,Normal refund approval with evidence and reasonable timing,normal,,APPROVED
order_101779,return_301779,customer_0664,agent_007,1,Normal refund approval with evidence and reasonable timing,normal,,APPROVED
order_101911,return_301911,customer_0405,agent_005,1,Normal refund approval with evidence and reasonable timing,normal,,APPROVED
order_102121,return_302121,customer_0407,agent_005,1,Normal refund approval with evidence and reasonable timing,normal,,APPROVED
order_103560,return_303560,customer_0356,agent_102,4,Very fast approval by support agent,fraud,FAST_APPROVAL,APPROVED
order_100634,return_300634,customer_1650,agent_008,1,Normal refund approval with evidence and reasonable timing,normal,,DECLINED
order_101194,return_301194,customer_1940,agent_016,1,Normal refund approval with evidence and reasonable timing,normal,,APPROVED
order_102819,return_302819,customer_1985,agent_017,1,Normal refund approval with evidence and reasonable timing,normal,,DECLINED
order_101846,return_301846,customer_0581,agent_011,1,Normal refund approval with evidence and reasonable timing,normal,,APPROVED
order_100746,return_300746,customer_1123,agent_001,1,Normal refund approval with evidence and reasonable timing,normal,,APPROVED
order_103440,return_303440,customer_1592,agent_018,3,Full-amount refund approved for expensive order,fraud,FULL_AMOUNT_REFUND;HIGH_VALUE_REFUND,APPROVED
order_102257,return_302257,customer_1973,agent_007,1,Normal refund approval with evidence and reasonable timing,normal,,APPROVED
order_100266,return_300266,customer_0208,agent_013,1,Normal refund approval with evidence and reasonable timing,normal,,APPROVED
order_100615,return_300615,customer_0684,agent_002,1,Normal refund approval with evidence and reasonable timing,normal,,DECLINED
order_104774,return_304774,customer_9902,agent_901,9,"Suspicious cluster: same agent, frequent customer returns, manual overrides",fraud,SUSPICIOUS_CLUSTER;NO_EVIDENCE;MANUAL_OVERRIDE;HIGH_VALUE_REFUND,APPROVED
order_100155,return_300155,customer_1913,agent_018,1,Normal refund approval with evidence and reasonable timing,normal,,APPROVED
order_100891,return_300891,customer_0288,agent_025,1,Normal refund approval with evidence and reasonable timing,normal,,APPROVED
order_101496,return_301496,customer_1603,agent_028,1,Normal refund approval with evidence and reasonable timing,normal,,DECLINED
order_101822,return_301822,customer_1362,agent_016,1,Normal refund approval with evidence and reasonable timing,normal,,APPROVED
order_102311,return_302311,customer_1735,agent_025,1,Normal refund approval with evidence and reasonable timing,normal,,APPROVED
order_101465,return_301465,customer_1309,agent_016,1,Normal refund approval with evidence and reasonable timing,normal,,APPROVED
order_104820,return_304820,customer_9902,agent_901,9,"Suspicious cluster: same agent, frequent customer returns, manual overrides",fraud,SUSPICIOUS_CLUSTER;NO_EVIDENCE;MANUAL_OVERRIDE;HIGH_VALUE_REFUND,APPROVED
order_101120,return_301120,customer_1678,agent_027,1,Normal refund approval with evidence and reasonable timing,normal,,DECLINED
order_101714,return_301714,customer_1567,agent_008,1,Normal refund approval with evidence and reasonable timing,normal,,APPROVED
order_102183,return_302183,customer_1125,agent_001,1,Normal refund approval with evidence and reasonable timing,normal,,DECLINED
order_103614,return_303614,customer_1167,agent_102,4,Very fast approval by support agent,fraud,FAST_APPROVAL,APPROVED
order_103188,return_303188,customer_0801,agent_008,2,High-value refund approved without evidence,fraud,NO_EVIDENCE;HIGH_VALUE_REFUND,APPROVED
order_102522,return_302522,customer_0304,agent_014,1,Normal refund approval with evidence and reasonable timing,normal,,DECLINED
order_102602,return_302602,customer_1554,agent_028,1,Normal refund approval with evidence and reasonable timing,normal,,APPROVED
order_104748,return_304748,customer_8002,agent_802,8,Repeated agent-customer approval pattern,fraud,REPEATED_AGENT_CUSTOMER_PAIR,APPROVED
order_103393,return_303393,customer_0437,agent_007,3,Full-amount refund approved for expensive order,fraud,FULL_AMOUNT_REFUND;HIGH_VALUE_REFUND,APPROVED
order_102929,return_302929,customer_0127,agent_007,1,Normal refund approval with evidence and reasonable timing,normal,,APPROVED
order_101405,return_301405,customer_0768,agent_028,1,Normal refund approval with evidence and reasonable timing,normal,,APPROVED
order_101976,return_301976,customer_0643,agent_027,1,Normal refund approval with evidence and reasonable timing,normal,,APPROVED
order_104232,return_304232,customer_9007,agent_002,6,Customer with frequent refund requests,fraud,CUSTOMER_FREQUENT_RETURNS,APPROVED
order_103471,return_303471,customer_1626,agent_018,3,Full-amount refund approved for expensive order,fraud,FULL_AMOUNT_REFUND;HIGH_VALUE_REFUND,APPROVED
order_101432,return_301432,customer_1925,agent_018,1,Normal refund approval with evidence and reasonable timing,normal,,DECLINED
order_102019,return_302019,customer_0110,agent_018,1,Normal refund approval with evidence and reasonable timing,normal,,APPROVED
order_100771,return_300771,customer_0765,agent_006,1,Normal refund approval with evidence and reasonable timing,normal,,DECLINED
order_102259,return_302259,customer_1869,agent_022,1,Normal refund approval with evidence and reasonable timing,normal,,APPROVED
order_102103,return_302103,customer_1301,agent_008,1,Normal refund approval with evidence and reasonable timing,normal,,APPROVED
order_101387,return_301387,customer_0958,agent_005,1,Normal refund approval with evidence and reasonable timing,normal,,APPROVED
order_103132,return_303132,customer_0702,agent_006,2,High-value refund approved without evidence,fraud,NO_EVIDENCE;HIGH_VALUE_REFUND,APPROVED
order_103053,return_303053,customer_1332,agent_018,2,High-value refund approved without evidence,fraud,NO_EVIDENCE;HIGH_VALUE_REFUND,APPROVED
order_101696,return_301696,customer_0817,agent_007,1,Normal refund approval with evidence and reasonable timing,normal,,DECLINED
order_100077,return_300077,customer_0271,agent_007,1,Normal refund approval with evidence and reasonable timing,normal,,APPROVED
order_101011,return_301011,customer_0103,agent_012,1,Normal refund approval with evidence and reasonable timing,normal,,APPROVED
order_102024,return_302024,customer_0711,agent_018,1,Normal refund approval with evidence and reasonable timing,normal,,APPROVED
order_103328,return_303328,customer_0160,agent_014,3,Full-amount refund approved for expensive order,fraud,FULL_AMOUNT_REFUND;HIGH_VALUE_REFUND,APPROVED
order_103327,return_303327,customer_1743,agent_002,3,Full-amount refund approved for expensive order,fraud,FULL_AMOUNT_REFUND;HIGH_VALUE_REFUND,APPROVED
order_101815,return_301815,customer_0469,agent_028,1,Normal refund approval with evidence and reasonable timing,normal,,APPROVED
order_102624,return_302624,customer_1867,agent_030,1,Normal refund approval with evidence and reasonable timing,normal,,APPROVED
order_100840,return_300840,customer_1910,agent_020,1,Normal refund approval with evidence and reasonable timing,normal,,DECLINED
order_101702,return_301702,customer_1867,agent_001,1,Normal refund approval with evidence and reasonable timing,normal,,APPROVED
order_101736,return_301736,customer_0015,agent_023,1,Normal refund approval with evidence and reasonable timing,normal,,DECLINED
order_101653,return_301653,customer_0530,agent_025,1,Normal refund approval with evidence and reasonable timing,normal,,APPROVED
order_100492,return_300492,customer_1239,agent_028,1,Normal refund approval with evidence and reasonable timing,normal,,APPROVED
order_100685,return_300685,customer_1648,agent_012,1,Normal refund approval with evidence and reasonable timing,normal,,APPROVED
order_104522,return_304522,customer_1009,agent_702,7,Support agent with unusually high approval rate,fraud,AGENT_HIGH_APPROVAL_RATE,APPROVED
order_102000,return_302000,customer_1510,agent_001,1,Normal refund approval with evidence and reasonable timing,normal,,APPROVED
order_103362,return_303362,customer_0765,agent_101,3,Full-amount refund approved for expensive order,fraud,FULL_AMOUNT_REFUND;HIGH_VALUE_REFUND,APPROVED
order_100614,return_300614,customer_0239,agent_001,1,Normal refund approval with evidence and reasonable timing,normal,,DECLINED
order_104524,return_304524,customer_0458,agent_701,7,Support agent with unusually high approval rate,fraud,AGENT_HIGH_APPROVAL_RATE,APPROVED
order_104329,return_304329,customer_0827,agent_701,7,Support agent with unusually high approval rate,fraud,AGENT_HIGH_APPROVAL_RATE,APPROVED
order_103603,return_303603,customer_0813,agent_102,4,Very fast approval by support agent,fraud,FAST_APPROVAL,APPROVED
order_100391,return_300391,customer_0588,agent_012,1,Normal refund approval with evidence and reasonable timing,normal,,DECLINED
order_104761,return_304761,customer_9905,agent_902,9,"Suspicious cluster: same agent, frequent customer returns, manual overrides",fraud,SUSPICIOUS_CLUSTER;NO_EVIDENCE;MANUAL_OVERRIDE;HIGH_VALUE_REFUND,APPROVED
order_104035,return_304035,customer_1060,agent_008,5,Manual override on high-value refund,fraud,MANUAL_OVERRIDE;HIGH_VALUE_REFUND,APPROVED
order_100140,return_300140,customer_0094,agent_003,1,Normal refund approval with evidence and reasonable timing,normal,,APPROVED
order_101422,return_301422,customer_1202,agent_013,1,Normal refund approval with evidence and reasonable timing,normal,,DECLINED
order_100230,return_300230,customer_1928,agent_025,1,Normal refund approval with evidence and reasonable timing,normal,,APPROVED
order_102212,return_302212,customer_1601,agent_009,1,Normal refund approval with evidence and reasonable timing,normal,,APPROVED
order_100332,return_300332,customer_1107,agent_009,1,Normal refund approval with evidence and reasonable timing,normal,,APPROVED
order_101275,return_301275,customer_0582,agent_023,1,Normal refund approval with evidence and reasonable timing,normal,,DECLINED
order_104139,return_304139,customer_9002,agent_007,6,Customer with frequent refund requests,fraud,CUSTOMER_FREQUENT_RETURNS,APPROVED
order_103463,return_303463,customer_0991,agent_023,3,Full-amount refund approved for expensive order,fraud,FULL_AMOUNT_REFUND;HIGH_VALUE_REFUND,APPROVED
order_101660,return_301660,customer_1654,agent_014,1,Normal refund approval with evidence and reasonable timing,normal,,DECLINED
order_101556,return_301556,customer_0058,agent_021,1,Normal refund approval with evidence and reasonable timing,normal,,APPROVED
order_101196,return_301196,customer_0110,agent_004,1,Normal refund approval with evidence and reasonable timing,normal,,DECLINED
order_102925,return_302925,customer_1751,agent_010,1,Normal refund approval with evidence and reasonable timing,normal,,APPROVED
order_101917,return_301917,customer_0389,agent_024,1,Normal refund approval with evidence and reasonable timing,normal,,APPROVED
order_104229,return_304229,customer_9004,agent_007,6,Customer with frequent refund requests,fraud,CUSTOMER_FREQUENT_RETURNS,APPROVED
order_102392,return_302392,customer_1010,agent_030,1,Normal refund approval with evidence and reasonable timing,normal,,APPROVED
order_101956,return_301956,customer_1018,agent_014,1,Normal refund approval with evidence and reasonable timing,normal,,APPROVED
order_104824,return_304824,customer_9902,agent_901,9,"Suspicious cluster: same agent, frequent customer returns, manual overrides",fraud,SUSPICIOUS_CLUSTER;NO_EVIDENCE;MANUAL_OVERRIDE;HIGH_VALUE_REFUND,APPROVED
order_100409,return_300409,customer_1922,agent_024,1,Normal refund approval with evidence and reasonable timing,normal,,APPROVED
order_103143,return_303143,customer_0350,agent_028,2,High-value refund approved without evidence,fraud,NO_EVIDENCE;HIGH_VALUE_REFUND,APPROVED
order_100415,return_300415,customer_1897,agent_019,1,Normal refund approval with evidence and reasonable timing,normal,,APPROVED
order_102381,return_302381,customer_0853,agent_021,1,Normal refund approval with evidence and reasonable timing,normal,,APPROVED
order_101254,return_301254,customer_0515,agent_025,1,Normal refund approval with evidence and reasonable timing,normal,,APPROVED
order_102314,return_302314,customer_1360,agent_010,1,Normal refund approval with evidence and reasonable timing,normal,,DECLINED
order_103776,return_303776,customer_0407,agent_102,4,Very fast approval by support agent,fraud,FAST_APPROVAL,APPROVED
order_101091,return_301091,customer_0671,agent_025,1,Normal refund approval with evidence and reasonable timing,normal,,APPROVED
order_101692,return_301692,customer_1159,agent_019,1,Normal refund approval with evidence and reasonable timing,normal,,APPROVED
order_100177,return_300177,customer_1075,agent_026,1,Normal refund approval with evidence and reasonable timing,normal,,APPROVED
order_101753,return_301753,customer_0310,agent_016,1,Normal refund approval with evidence and reasonable timing,normal,,APPROVED
order_101345,return_301345,customer_1427,agent_005,1,Normal refund approval with evidence and reasonable timing,normal,,APPROVED
order_100224,return_300224,customer_1606,agent_021,1,Normal refund approval with evidence and reasonable timing,normal,,APPROVED
order_104530,return_304530,customer_0733,agent_701,7,Support agent with unusually high approval rate,fraud,AGENT_HIGH_APPROVAL_RATE,APPROVED
order_102235,return_302235,customer_0420,agent_014,1,Normal refund approval with evidence and reasonable timing,normal,,APPROVED
order_100287,return_300287,customer_1402,agent_010,1,Normal refund approval with evidence and reasonable timing,normal,,DECLINED
order_104601,return_304601,customer_8002,agent_802,8,Repeated agent-customer approval pattern,fraud,REPEATED_AGENT_CUSTOMER_PAIR,APPROVED
order_104022,return_304022,customer_0598,agent_027,5,Manual override on high-value refund,fraud,MANUAL_OVERRIDE;HIGH_VALUE_REFUND,APPROVED
order_100658,return_300658,customer_0020,agent_015,1,Normal refund approval with evidence and reasonable timing,normal,,DECLINED
order_100620,return_300620,customer_1415,agent_010,1,Normal refund approval with evidence and reasonable timing,normal,,APPROVED
order_101438,return_301438,customer_1306,agent_008,1,Normal refund approval with evidence and reasonable timing,normal,,DECLINED
order_103181,return_303181,customer_1031,agent_013,2,High-value refund approved without evidence,fraud,NO_EVIDENCE;HIGH_VALUE_REFUND,APPROVED
order_102610,return_302610,customer_1257,agent_011,1,Normal refund approval with evidence and reasonable timing,normal,,APPROVED
order_101987,return_301987,customer_0272,agent_028,1,Normal refund approval with evidence and reasonable timing,normal,,APPROVED
order_101180,return_301180,customer_1503,agent_010,1,Normal refund approval with evidence and reasonable timing,normal,,APPROVED
order_101046,return_301046,customer_0516,agent_001,1,Normal refund approval with evidence and reasonable timing,normal,,APPROVED
order_100027,return_300027,customer_0261,agent_018,1,Normal refund approval with evidence and reasonable timing,normal,,DECLINED
order_103224,return_303224,customer_1470,agent_028,2,High-value refund approved without evidence,fraud,NO_EVIDENCE;HIGH_VALUE_REFUND,APPROVED
order_100609,return_300609,customer_0168,agent_019,1,Normal refund approval with evidence and reasonable timing,normal,,APPROVED
order_100199,return_300199,customer_1271,agent_027,1,Normal refund approval with evidence and reasonable timing,normal,,APPROVED
order_102914,return_302914,customer_0939,agent_010,1,Normal refund approval with evidence and reasonable timing,normal,,DECLINED
order_101640,return_301640,customer_0968,agent_011,1,Normal refund approval with evidence and reasonable timing,normal,,APPROVED
order_104100,return_304100,customer_9003,agent_019,6,Customer with frequent refund requests,fraud,CUSTOMER_FREQUENT_RETURNS,APPROVED
order_101126,return_301126,customer_0629,agent_003,1,Normal refund approval with evidence and reasonable timing,normal,,APPROVED
order_101210,return_301210,customer_1948,agent_015,1,Normal refund approval with evidence and reasonable timing,normal,,APPROVED
order_103367,return_303367,customer_0521,agent_002,3,Full-amount refund approved for expensive order,fraud,FULL_AMOUNT_REFUND;HIGH_VALUE_REFUND,APPROVED
order_100014,return_300014,customer_1347,agent_014,1,Normal refund approval with evidence and reasonable timing,normal,,APPROVED
order_100149,return_300149,customer_0805,agent_006,1,Normal refund approval with evidence and reasonable timing,normal,,APPROVED
order_100313,return_300313,customer_1527,agent_016,1,Normal refund approval with evidence and reasonable timing,normal,,APPROVED
order_103246,return_303246,customer_1797,agent_020,2,High-value refund approved without evidence,fraud,NO_EVIDENCE;HIGH_VALUE_REFUND,APPROVED
order_102827,return_302827,customer_1941,agent_022,1,Normal refund approval with evidence and reasonable timing,normal,,DECLINED
order_101228,return_301228,customer_1827,agent_023,1,Normal refund approval with evidence and reasonable timing,normal,,APPROVED
order_101707,return_301707,customer_0484,agent_011,1,Normal refund approval with evidence and reasonable timing,normal,,APPROVED
order_101857,return_301857,customer_0484,agent_018,1,Normal refund approval with evidence and reasonable timing,normal,,APPROVED
order_104718,return_304718,customer_8002,agent_802,8,Repeated agent-customer approval pattern,fraud,REPEATED_AGENT_CUSTOMER_PAIR,APPROVED
order_101888,return_301888,customer_0987,agent_025,1,Normal refund approval with evidence and reasonable timing,normal,,DECLINED
order_103749,return_303749,customer_0190,agent_102,4,Very fast approval by support agent,fraud,FAST_APPROVAL,APPROVED
order_102922,return_302922,customer_1325,agent_015,1,Normal refund approval with evidence and reasonable timing,normal,,APPROVED
order_102012,return_302012,customer_1137,agent_019,1,Normal refund approval with evidence and reasonable timing,normal,,APPROVED
order_101418,return_301418,customer_1205,agent_024,1,Normal refund approval with evidence and reasonable timing,normal,,DECLINED
order_100211,return_300211,customer_1979,agent_017,1,Normal refund approval with evidence and reasonable timing,normal,,APPROVED
order_100241,return_300241,customer_0953,agent_029,1,Normal refund approval with evidence and reasonable timing,normal,,APPROVED
order_102506,return_302506,customer_1941,agent_005,1,Normal refund approval with evidence and reasonable timing,normal,,DECLINED
order_104419,return_304419,customer_1205,agent_701,7,Support agent with unusually high approval rate,fraud,AGENT_HIGH_APPROVAL_RATE,APPROVED
order_100736,return_300736,customer_0400,agent_020,1,Normal refund approval with evidence and reasonable timing,normal,,DECLINED
order_101326,return_301326,customer_0126,agent_015,1,Normal refund approval with evidence and reasonable timing,normal,,APPROVED
order_100750,return_300750,customer_1332,agent_017,1,Normal refund approval with evidence and reasonable timing,normal,,DECLINED
order_103255,return_303255,customer_0262,agent_002,3,Full-amount refund approved for expensive order,fraud,FULL_AMOUNT_REFUND;HIGH_VALUE_REFUND,APPROVED
order_100690,return_300690,customer_1578,agent_014,1,Normal refund approval with evidence and reasonable timing,normal,,DECLINED
order_103295,return_303295,customer_1724,agent_025,3,Full-amount refund approved for expensive order,fraud,FULL_AMOUNT_REFUND;HIGH_VALUE_REFUND,APPROVED
order_104302,return_304302,customer_9005,agent_017,6,Customer with frequent refund requests,fraud,CUSTOMER_FREQUENT_RETURNS,APPROVED
order_102986,return_302986,customer_0123,agent_009,2,High-value refund approved without evidence,fraud,NO_EVIDENCE;HIGH_VALUE_REFUND,APPROVED
order_102016,return_302016,customer_0561,agent_017,1,Normal refund approval with evidence and reasonable timing,normal,,APPROVED
order_101997,return_301997,customer_1155,agent_004,1,Normal refund approval with evidence and reasonable timing,normal,,APPROVED
order_104381,return_304381,customer_0922,agent_702,7,Support agent with unusually high approval rate,fraud,AGENT_HIGH_APPROVAL_RATE,APPROVED
order_104187,return_304187,customer_9002,agent_016,6,Customer with frequent refund requests,fraud,CUSTOMER_FREQUENT_RETURNS,APPROVED
order_101676,return_301676,customer_0501,agent_016,1,Normal refund approval with evidence and reasonable timing,normal,,DECLINED
order_101618,return_301618,customer_0813,agent_009,1,Normal refund approval with evidence and reasonable timing,normal,,APPROVED
order_102954,return_302954,customer_1362,agent_007,1,Normal refund approval with evidence and reasonable timing,normal,,APPROVED
order_103210,return_303210,customer_0330,agent_101,2,High-value refund approved without evidence,fraud,NO_EVIDENCE;HIGH_VALUE_REFUND,APPROVED
order_102540,return_302540,customer_1634,agent_029,1,Normal refund approval with evidence and reasonable timing,normal,,APPROVED
order_104378,return_304378,customer_0237,agent_702,7,Support agent with unusually high approval rate,fraud,AGENT_HIGH_APPROVAL_RATE,APPROVED
order_104471,return_304471,customer_1266,agent_702,7,Support agent with unusually high approval rate,fraud,AGENT_HIGH_APPROVAL_RATE,APPROVED
order_101208,return_301208,customer_1709,agent_005,1,Normal refund approval with evidence and reasonable timing,normal,,DECLINED
order_102590,return_302590,customer_1328,agent_009,1,Normal refund approval with evidence and reasonable timing,normal,,DECLINED
order_101713,return_301713,customer_0113,agent_003,1,Normal refund approval with evidence and reasonable timing,normal,,APPROVED
order_104368,return_304368,customer_0394,agent_701,7,Support agent with unusually high approval rate,fraud,AGENT_HIGH_APPROVAL_RATE,APPROVED
order_104545,return_304545,customer_0104,agent_701,7,Support agent with unusually high approval rate,fraud,AGENT_HIGH_APPROVAL_RATE,APPROVED
order_101299,return_301299,customer_0529,agent_023,1,Normal refund approval with evidence and reasonable timing,normal,,DECLINED
order_101933,return_301933,customer_0816,agent_030,1,Normal refund approval with evidence and reasonable timing,normal,,APPROVED
order_101461,return_301461,customer_0493,agent_017,1,Normal refund approval with evidence and reasonable timing,normal,,APPROVED
order_104653,return_304653,customer_8003,agent_803,8,Repeated agent-customer approval pattern,fraud,REPEATED_AGENT_CUSTOMER_PAIR,APPROVED
order_102210,return_302210,customer_0042,agent_008,1,Normal refund approval with evidence and reasonable timing,normal,,APPROVED
order_104219,return_304219,customer_9002,agent_019,6,Customer with frequent refund requests,fraud,CUSTOMER_FREQUENT_RETURNS,APPROVED
order_104660,return_304660,customer_8001,agent_801,8,Repeated agent-customer approval pattern,fraud,REPEATED_AGENT_CUSTOMER_PAIR,APPROVED
order_101787,return_301787,customer_1853,agent_021,1,Normal refund approval with evidence and reasonable timing,normal,,APPROVED
order_103932,return_303932,customer_0792,agent_015,5,Manual override on high-value refund,fraud,MANUAL_OVERRIDE;HIGH_VALUE_REFUND,APPROVED
order_100005,return_300005,customer_1352,agent_005,1,Normal refund approval with evidence and reasonable timing,normal,,DECLINED
order_103452,return_303452,customer_0495,agent_012,3,Full-amount refund approved for expensive order,fraud,FULL_AMOUNT_REFUND;HIGH_VALUE_REFUND,APPROVED
order_103061,return_303061,customer_0127,agent_028,2,High-value refund approved without evidence,fraud,NO_EVIDENCE;HIGH_VALUE_REFUND,APPROVED
order_102301,return_302301,customer_0319,agent_030,1,Normal refund approval with evidence and reasonable timing,normal,,DECLINED
order_104919,return_304919,customer_9905,agent_902,9,"Suspicious cluster: same agent, frequent customer returns, manual overrides",fraud,SUSPICIOUS_CLUSTER;NO_EVIDENCE;MANUAL_OVERRIDE;HIGH_VALUE_REFUND,APPROVED
order_100114,return_300114,customer_0842,agent_002,1,Normal refund approval with evidence and reasonable timing,normal,,DECLINED
order_103958,return_303958,customer_1839,agent_004,5,Manual override on high-value refund,fraud,MANUAL_OVERRIDE;HIGH_VALUE_REFUND,APPROVED
order_103553,return_303553,customer_1197,agent_101,4,Very fast approval by support agent,fraud,FAST_APPROVAL,APPROVED
order_100500,return_300500,customer_0389,agent_024,1,Normal refund approval with evidence and reasonable timing,normal,,APPROVED
order_101488,return_301488,customer_0865,agent_018,1,Normal refund approval with evidence and reasonable timing,normal,,APPROVED
order_101377,return_301377,customer_0690,agent_019,1,Normal refund approval with evidence and reasonable timing,normal,,APPROVED
order_104906,return_304906,customer_9901,agent_901,9,"Suspicious cluster: same agent, frequent customer returns, manual overrides",fraud,SUSPICIOUS_CLUSTER;NO_EVIDENCE;MANUAL_OVERRIDE;HIGH_VALUE_REFUND,APPROVED
order_103906,return_303906,customer_0531,agent_024,5,Manual override on high-value refund,fraud,MANUAL_OVERRIDE;HIGH_VALUE_REFUND,APPROVED
order_104195,return_304195,customer_9002,agent_101,6,Customer with frequent refund requests,fraud,CUSTOMER_FREQUENT_RETURNS,APPROVED
order_102969,return_302969,customer_0217,agent_013,1,Normal refund approval with evidence and reasonable timing,normal,,APPROVED
order_100110,return_300110,customer_0167,agent_011,1,Normal refund approval with evidence and reasonable timing,normal,,DECLINED
order_101541,return_301541,customer_0146,agent_015,1,Normal refund approval with evidence and reasonable timing,normal,,APPROVED
order_103270,return_303270,customer_1451,agent_021,3,Full-amount refund approved for expensive order,fraud,FULL_AMOUNT_REFUND;HIGH_VALUE_REFUND,APPROVED
order_104827,return_304827,customer_9906,agent_902,9,"Suspicious cluster: same agent, frequent customer returns, manual overrides",fraud,SUSPICIOUS_CLUSTER;NO_EVIDENCE;MANUAL_OVERRIDE;HIGH_VALUE_REFUND,APPROVED
order_103222,return_303222,customer_0422,agent_013,2,High-value refund approved without evidence,fraud,NO_EVIDENCE;HIGH_VALUE_REFUND,APPROVED
order_103109,return_303109,customer_0411,agent_010,2,High-value refund approved without evidence,fraud,NO_EVIDENCE;HIGH_VALUE_REFUND,APPROVED
order_102961,return_302961,customer_1484,agent_027,1,Normal refund approval with evidence and reasonable timing,normal,,APPROVED
order_100991,return_300991,customer_1211,agent_011,1,Normal refund approval with evidence and reasonable timing,normal,,APPROVED
order_104561,return_304561,customer_8001,agent_801,8,Repeated agent-customer approval pattern,fraud,REPEATED_AGENT_CUSTOMER_PAIR,APPROVED
order_102534,return_302534,customer_1189,agent_005,1,Normal refund approval with evidence and reasonable timing,normal,,APPROVED
order_102988,return_302988,customer_1061,agent_022,2,High-value refund approved without evidence,fraud,NO_EVIDENCE;HIGH_VALUE_REFUND,APPROVED
order_102220,return_302220,customer_1318,agent_015,1,Normal refund approval with evidence and reasonable timing,normal,,DECLINED
order_104607,return_304607,customer_8002,agent_802,8,Repeated agent-customer approval pattern,fraud,REPEATED_AGENT_CUSTOMER_PAIR,APPROVED
order_101109,return_301109,customer_1762,agent_011,1,Normal refund approval with evidence and reasonable timing,normal,,APPROVED
order_100048,return_300048,customer_0872,agent_012,1,Normal refund approval with evidence and reasonable timing,normal,,APPROVED
order_101646,return_301646,customer_1519,agent_017,1,Normal refund approval with evidence and reasonable timing,normal,,DECLINED
order_102638,return_302638,customer_0642,agent_021,1,Normal refund approval with evidence and reasonable timing,normal,,APPROVED
order_103903,return_303903,customer_0497,agent_103,5,Manual override on high-value refund,fraud,MANUAL_OVERRIDE;HIGH_VALUE_REFUND,APPROVED
order_103104,return_303104,customer_1312,agent_027,2,High-value refund approved without evidence,fraud,NO_EVIDENCE;HIGH_VALUE_REFUND,APPROVED
order_104560,return_304560,customer_8003,agent_803,8,Repeated agent-customer approval pattern,fraud,REPEATED_AGENT_CUSTOMER_PAIR,APPROVED
order_100823,return_300823,customer_1649,agent_004,1,Normal refund approval with evidence and reasonable timing,normal,,DECLINED
order_103720,return_303720,customer_1444,agent_101,4,Very fast approval by support agent,fraud,FAST_APPROVAL,APPROVED
order_101539,return_301539,customer_0238,agent_003,1,Normal refund approval with evidence and reasonable timing,normal,,DECLINED
order_102559,return_302559,customer_1954,agent_005,1,Normal refund approval with evidence and reasonable timing,normal,,APPROVED
order_104369,return_304369,customer_1536,agent_702,7,Support agent with unusually high approval rate,fraud,AGENT_HIGH_APPROVAL_RATE,APPROVED
order_104453,return_304453,customer_0422,agent_702,7,Support agent with unusually high approval rate,fraud,AGENT_HIGH_APPROVAL_RATE,APPROVED
order_104501,return_304501,customer_0451,agent_702,7,Support agent with unusually high approval rate,fraud,AGENT_HIGH_APPROVAL_RATE,APPROVED
order_101065,return_301065,customer_0372,agent_010,1,Normal refund approval with evidence and reasonable timing,normal,,APPROVED
order_104603,return_304603,customer_8001,agent_801,8,Repeated agent-customer approval pattern,fraud,REPEATED_AGENT_CUSTOMER_PAIR,APPROVED
order_100142,return_300142,customer_1765,agent_011,1,Normal refund approval with evidence and reasonable timing,normal,,DECLINED
order_104273,return_304273,customer_9008,agent_024,6,Customer with frequent refund requests,fraud,CUSTOMER_FREQUENT_RETURNS,APPROVED
order_101463,return_301463,customer_1574,agent_018,1,Normal refund approval with evidence and reasonable timing,normal,,DECLINED
order_100060,return_300060,customer_0330,agent_028,1,Normal refund approval with evidence and reasonable timing,normal,,DECLINED
order_103840,return_303840,customer_0312,agent_005,5,Manual override on high-value refund,fraud,MANUAL_OVERRIDE;HIGH_VALUE_REFUND,APPROVED
order_100936,return_300936,customer_0857,agent_024,1,Normal refund approval with evidence and reasonable timing,normal,,DECLINED
order_102004,return_302004,customer_0056,agent_019,1,Normal refund approval with evidence and reasonable timing,normal,,APPROVED
order_101759,return_301759,customer_0085,agent_019,1,Normal refund approval with evidence and reasonable timing,normal,,APPROVED
order_104914,return_304914,customer_9901,agent_901,9,"Suspicious cluster: same agent, frequent customer returns, manual overrides",fraud,SUSPICIOUS_CLUSTER;NO_EVIDENCE;MANUAL_OVERRIDE;HIGH_VALUE_REFUND,APPROVED
order_104695,return_304695,customer_8003,agent_803,8,Repeated agent-customer approval pattern,fraud,REPEATED_AGENT_CUSTOMER_PAIR,APPROVED
order_102765,return_302765,customer_1572,agent_007,1,Normal refund approval with evidence and reasonable timing,normal,,APPROVED
order_104023,return_304023,customer_1252,agent_017,5,Manual override on high-value refund,fraud,MANUAL_OVERRIDE;HIGH_VALUE_REFUND,APPROVED
order_100578,return_300578,customer_0248,agent_030,1,Normal refund approval with evidence and reasonable timing,normal,,DECLINED
order_104572,return_304572,customer_8003,agent_803,8,Repeated agent-customer approval pattern,fraud,REPEATED_AGENT_CUSTOMER_PAIR,APPROVED
order_102680,return_302680,customer_1594,agent_028,1,Normal refund approval with evidence and reasonable timing,normal,,APPROVED
order_102730,return_302730,customer_0167,agent_014,1,Normal refund approval with evidence and reasonable timing,normal,,DECLINED
order_101149,return_301149,customer_1287,agent_024,1,Normal refund approval with evidence and reasonable timing,normal,,APPROVED
order_102561,return_302561,customer_0504,agent_005,1,Normal refund approval with evidence and reasonable timing,normal,,DECLINED
order_101861,return_301861,customer_1615,agent_013,1,Normal refund approval with evidence and reasonable timing,normal,,APPROVED
order_101338,return_301338,customer_0589,agent_016,1,Normal refund approval with evidence and reasonable timing,normal,,APPROVED
order_102144,return_302144,customer_0636,agent_016,1,Normal refund approval with evidence and reasonable timing,normal,,APPROVED
order_103325,return_303325,customer_0856,agent_024,3,Full-amount refund approved for expensive order,fraud,FULL_AMOUNT_REFUND;HIGH_VALUE_REFUND,APPROVED
order_104424,return_304424,customer_1787,agent_703,7,Support agent with unusually high approval rate,fraud,AGENT_HIGH_APPROVAL_RATE,APPROVED
order_101666,return_301666,customer_1397,agent_026,1,Normal refund approval with evidence and reasonable timing,normal,,APPROVED
order_100342,return_300342,customer_0397,agent_029,1,Normal refund approval with evidence and reasonable timing,normal,,APPROVED
order_103301,return_303301,customer_1792,agent_009,3,Full-amount refund approved for expensive order,fraud,FULL_AMOUNT_REFUND;HIGH_VALUE_REFUND,APPROVED
order_100213,return_300213,customer_0997,agent_006,1,Normal refund approval with evidence and reasonable timing,normal,,DECLINED
order_103090,return_303090,customer_1228,agent_008,2,High-value refund approved without evidence,fraud,NO_EVIDENCE;HIGH_VALUE_REFUND,APPROVED
order_102207,return_302207,customer_1114,agent_006,1,Normal refund approval with evidence and reasonable timing,normal,,APPROVED
order_100154,return_300154,customer_1961,agent_007,1,Normal refund approval with evidence and reasonable timing,normal,,DECLINED
order_104297,return_304297,customer_9008,agent_029,6,Customer with frequent refund requests,fraud,CUSTOMER_FREQUENT_RETURNS,APPROVED
order_100596,return_300596,customer_0881,agent_030,1,Normal refund approval with evidence and reasonable timing,normal,,DECLINED
order_102869,return_302869,customer_1736,agent_011,1,Normal refund approval with evidence and reasonable timing,normal,,APPROVED
order_101159,return_301159,customer_1932,agent_005,1,Normal refund approval with evidence and reasonable timing,normal,,APPROVED
order_101038,return_301038,customer_1783,agent_024,1,Normal refund approval with evidence and reasonable timing,normal,,APPROVED
order_102921,return_302921,customer_0803,agent_014,1,Normal refund approval with evidence and reasonable timing,normal,,APPROVED
order_100455,return_300455,customer_1772,agent_029,1,Normal refund approval with evidence and reasonable timing,normal,,APPROVED
order_103691,return_303691,customer_0032,agent_103,4,Very fast approval by support agent,fraud,FAST_APPROVAL,APPROVED
order_103504,return_303504,customer_0840,agent_016,3,Full-amount refund approved for expensive order,fraud,FULL_AMOUNT_REFUND;HIGH_VALUE_REFUND,APPROVED
order_101148,return_301148,customer_0824,agent_021,1,Normal refund approval with evidence and reasonable timing,normal,,APPROVED
order_101498,return_301498,customer_0371,agent_010,1,Normal refund approval with evidence and reasonable timing,normal,,DECLINED
order_100133,return_300133,customer_1877,agent_023,1,Normal refund approval with evidence and reasonable timing,normal,,APPROVED
order_102364,return_302364,customer_0943,agent_013,1,Normal refund approval with evidence and reasonable timing,normal,,APPROVED
order_104113,return_304113,customer_9008,agent_007,6,Customer with frequent refund requests,fraud,CUSTOMER_FREQUENT_RETURNS,APPROVED
order_104887,return_304887,customer_9905,agent_902,9,"Suspicious cluster: same agent, frequent customer returns, manual overrides",fraud,SUSPICIOUS_CLUSTER;NO_EVIDENCE;MANUAL_OVERRIDE;HIGH_VALUE_REFUND,APPROVED
order_104271,return_304271,customer_9006,agent_007,6,Customer with frequent refund requests,fraud,CUSTOMER_FREQUENT_RETURNS,APPROVED
order_100534,return_300534,customer_0981,agent_024,1,Normal refund approval with evidence and reasonable timing,normal,,APPROVED
order_100602,return_300602,customer_1941,agent_011,1,Normal refund approval with evidence and reasonable timing,normal,,APPROVED
order_100259,return_300259,customer_1233,agent_008,1,Normal refund approval with evidence and reasonable timing,normal,,DECLINED
order_103663,return_303663,customer_1145,agent_103,4,Very fast approval by support agent,fraud,FAST_APPROVAL,APPROVED
order_104759,return_304759,customer_9906,agent_902,9,"Suspicious cluster: same agent, frequent customer returns, manual overrides",fraud,SUSPICIOUS_CLUSTER;NO_EVIDENCE;MANUAL_OVERRIDE;HIGH_VALUE_REFUND,APPROVED
order_100979,return_300979,customer_0345,agent_007,1,Normal refund approval with evidence and reasonable timing,normal,,DECLINED
order_102415,return_302415,customer_0616,agent_010,1,Normal refund approval with evidence and reasonable timing,normal,,APPROVED
order_103198,return_303198,customer_0959,agent_027,2,High-value refund approved without evidence,fraud,NO_EVIDENCE;HIGH_VALUE_REFUND,APPROVED
order_102205,return_302205,customer_1955,agent_011,1,Normal refund approval with evidence and reasonable timing,normal,,APPROVED
order_100349,return_300349,customer_0757,agent_009,1,Normal refund approval with evidence and reasonable timing,normal,,APPROVED
order_104401,return_304401,customer_0750,agent_701,7,Support agent with unusually high approval rate,fraud,AGENT_HIGH_APPROVAL_RATE,APPROVED
order_101549,return_301549,customer_0164,agent_012,1,Normal refund approval with evidence and reasonable timing,normal,,APPROVED
order_101028,return_301028,customer_1048,agent_018,1,Normal refund approval with evidence and reasonable timing,normal,,APPROVED
order_101446,return_301446,customer_0206,agent_006,1,Normal refund approval with evidence and reasonable timing,normal,,APPROVED
order_101087,return_301087,customer_0415,agent_028,1,Normal refund approval with evidence and reasonable timing,normal,,APPROVED
order_101049,return_301049,customer_0630,agent_007,1,Normal refund approval with evidence and reasonable timing,normal,,APPROVED
order_100398,return_300398,customer_0069,agent_024,1,Normal refund approval with evidence and reasonable timing,normal,,APPROVED
order_104905,return_304905,customer_9905,agent_902,9,"Suspicious cluster: same agent, frequent customer returns, manual overrides",fraud,SUSPICIOUS_CLUSTER;NO_EVIDENCE;MANUAL_OVERRIDE;HIGH_VALUE_REFUND,APPROVED
order_101250,return_301250,customer_0255,agent_018,1,Normal refund approval with evidence and reasonable timing,normal,,APPROVED
order_101429,return_301429,customer_1408,agent_015,1,Normal refund approval with evidence and reasonable timing,normal,,APPROVED
order_100715,return_300715,customer_0111,agent_018,1,Normal refund approval with evidence and reasonable timing,normal,,DECLINED
order_103161,return_303161,customer_1034,agent_023,2,High-value refund approved without evidence,fraud,NO_EVIDENCE;HIGH_VALUE_REFUND,APPROVED
order_103429,return_303429,customer_0790,agent_023,3,Full-amount refund approved for expensive order,fraud,FULL_AMOUNT_REFUND;HIGH_VALUE_REFUND,APPROVED
order_104231,return_304231,customer_9006,agent_026,6,Customer with frequent refund requests,fraud,CUSTOMER_FREQUENT_RETURNS,APPROVED
order_101916,return_301916,customer_0506,agent_004,1,Normal refund approval with evidence and reasonable timing,normal,,DECLINED
order_100461,return_300461,customer_1822,agent_015,1,Normal refund approval with evidence and reasonable timing,normal,,APPROVED
order_103871,return_303871,customer_0948,agent_022,5,Manual override on high-value refund,fraud,MANUAL_OVERRIDE;HIGH_VALUE_REFUND,APPROVED
order_102312,return_302312,customer_1483,agent_010,1,Normal refund approval with evidence and reasonable timing,normal,,DECLINED
order_102488,return_302488,customer_1714,agent_022,1,Normal refund approval with evidence and reasonable timing,normal,,APPROVED
order_104898,return_304898,customer_9901,agent_901,9,"Suspicious cluster: same agent, frequent customer returns, manual overrides",fraud,SUSPICIOUS_CLUSTER;NO_EVIDENCE;MANUAL_OVERRIDE;HIGH_VALUE_REFUND,APPROVED
order_100903,return_300903,customer_1265,agent_019,1,Normal refund approval with evidence and reasonable timing,normal,,DECLINED
order_104763,return_304763,customer_9904,agent_902,9,"Suspicious cluster: same agent, frequent customer returns, manual overrides",fraud,SUSPICIOUS_CLUSTER;NO_EVIDENCE;MANUAL_OVERRIDE;HIGH_VALUE_REFUND,APPROVED
order_103588,return_303588,customer_0355,agent_101,4,Very fast approval by support agent,fraud,FAST_APPROVAL,APPROVED
order_102747,return_302747,customer_1109,agent_029,1,Normal refund approval with evidence and reasonable timing,normal,,APPROVED
order_104531,return_304531,customer_1795,agent_702,7,Support agent with unusually high approval rate,fraud,AGENT_HIGH_APPROVAL_RATE,APPROVED
order_102439,return_302439,customer_0616,agent_014,1,Normal refund approval with evidence and reasonable timing,normal,,DECLINED
order_100707,return_300707,customer_1964,agent_008,1,Normal refund approval with evidence and reasonable timing,normal,,APPROVED
order_103148,return_303148,customer_0083,agent_026,2,High-value refund approved without evidence,fraud,NO_EVIDENCE;HIGH_VALUE_REFUND,APPROVED
order_100654,return_300654,customer_1251,agent_007,1,Normal refund approval with evidence and reasonable timing,normal,,DECLINED
order_101985,return_301985,customer_0653,agent_029,1,Normal refund approval with evidence and reasonable timing,normal,,APPROVED
order_101643,return_301643,customer_0162,agent_026,1,Normal refund approval with evidence and reasonable timing,normal,,APPROVED
order_104423,return_304423,customer_0924,agent_702,7,Support agent with unusually high approval rate,fraud,AGENT_HIGH_APPROVAL_RATE,APPROVED
order_101100,return_301100,customer_0914,agent_009,1,Normal refund approval with evidence and reasonable timing,normal,,APPROVED
order_100076,return_300076,customer_0199,agent_021,1,Normal refund approval with evidence and reasonable timing,normal,,APPROVED
order_102812,return_302812,customer_1299,agent_019,1,Normal refund approval with evidence and reasonable timing,normal,,DECLINED
order_103116,return_303116,customer_1159,agent_101,2,High-value refund approved without evidence,fraud,NO_EVIDENCE;HIGH_VALUE_REFUND,APPROVED
order_101279,return_301279,customer_0393,agent_013,1,Normal refund approval with evidence and reasonable timing,normal,,DECLINED
order_100403,return_300403,customer_1841,agent_009,1,Normal refund approval with evidence and reasonable timing,normal,,APPROVED
order_100388,return_300388,customer_0470,agent_010,1,Normal refund approval with evidence and reasonable timing,normal,,APPROVED
order_103580,return_303580,customer_0257,agent_101,4,Very fast approval by support agent,fraud,FAST_APPROVAL,APPROVED
order_100003,return_300003,customer_1309,agent_027,1,Normal refund approval with evidence and reasonable timing,normal,,APPROVED
order_102280,return_302280,customer_0679,agent_029,1,Normal refund approval with evidence and reasonable timing,normal,,DECLINED
order_103280,return_303280,customer_0207,agent_001,3,Full-amount refund approved for expensive order,fraud,FULL_AMOUNT_REFUND;HIGH_VALUE_REFUND,APPROVED
order_103432,return_303432,customer_1115,agent_102,3,Full-amount refund approved for expensive order,fraud,FULL_AMOUNT_REFUND;HIGH_VALUE_REFUND,APPROVED
order_104065,return_304065,customer_0558,agent_009,5,Manual override on high-value refund,fraud,MANUAL_OVERRIDE;HIGH_VALUE_REFUND,APPROVED
order_103285,return_303285,customer_1593,agent_018,3,Full-amount refund approved for expensive order,fraud,FULL_AMOUNT_REFUND;HIGH_VALUE_REFUND,APPROVED
order_100167,return_300167,customer_0741,agent_023,1,Normal refund approval with evidence and reasonable timing,normal,,APPROVED
order_103473,return_303473,customer_1736,agent_025,3,Full-amount refund approved for expensive order,fraud,FULL_AMOUNT_REFUND;HIGH_VALUE_REFUND,APPROVED
order_104355,return_304355,customer_1055,agent_703,7,Support agent with unusually high approval rate,fraud,AGENT_HIGH_APPROVAL_RATE,APPROVED
order_100470,return_300470,customer_0484,agent_023,1,Normal refund approval with evidence and reasonable timing,normal,,DECLINED
order_100143,return_300143,customer_0548,agent_004,1,Normal refund approval with evidence and reasonable timing,normal,,DECLINED
order_101878,return_301878,customer_1791,agent_017,1,Normal refund approval with evidence and reasonable timing,normal,,DECLINED
order_104215,return_304215,customer_9006,agent_011,6,Customer with frequent refund requests,fraud,CUSTOMER_FREQUENT_RETURNS,APPROVED
order_100057,return_300057,customer_1411,agent_015,1,Normal refund approval with evidence and reasonable timing,normal,,APPROVED
order_103838,return_303838,customer_0661,agent_022,5,Manual override on high-value refund,fraud,MANUAL_OVERRIDE;HIGH_VALUE_REFUND,APPROVED
order_101718,return_301718,customer_0585,agent_001,1,Normal refund approval with evidence and reasonable timing,normal,,APPROVED
order_103862,return_303862,customer_0679,agent_015,5,Manual override on high-value refund,fraud,MANUAL_OVERRIDE;HIGH_VALUE_REFUND,APPROVED
order_103971,return_303971,customer_0686,agent_001,5,Manual override on high-value refund,fraud,MANUAL_OVERRIDE;HIGH_VALUE_REFUND,APPROVED
order_103976,return_303976,customer_1192,agent_010,5,Manual override on high-value refund,fraud,MANUAL_OVERRIDE;HIGH_VALUE_REFUND,APPROVED
order_100023,return_300023,customer_0673,agent_013,1,Normal refund approval with evidence and reasonable timing,normal,,APPROVED
order_103024,return_303024,customer_0694,agent_022,2,High-value refund approved without evidence,fraud,NO_EVIDENCE;HIGH_VALUE_REFUND,APPROVED
order_100601,return_300601,customer_0663,agent_027,1,Normal refund approval with evidence and reasonable timing,normal,,APPROVED
order_103865,return_303865,customer_1406,agent_027,5,Manual override on high-value refund,fraud,MANUAL_OVERRIDE;HIGH_VALUE_REFUND,APPROVED
order_104075,return_304075,customer_1961,agent_006,5,Manual override on high-value refund,fraud,MANUAL_OVERRIDE;HIGH_VALUE_REFUND,APPROVED
order_103159,return_303159,customer_0314,agent_002,2,High-value refund approved without evidence,fraud,NO_EVIDENCE;HIGH_VALUE_REFUND,APPROVED
order_100732,return_300732,customer_1824,agent_022,1,Normal refund approval with evidence and reasonable timing,normal,,APPROVED
order_104932,return_304932,customer_9901,agent_901,9,"Suspicious cluster: same agent, frequent customer returns, manual overrides",fraud,SUSPICIOUS_CLUSTER;NO_EVIDENCE;MANUAL_OVERRIDE;HIGH_VALUE_REFUND,APPROVED
order_101783,return_301783,customer_0456,agent_030,1,Normal refund approval with evidence and reasonable timing,normal,,APPROVED
order_100352,return_300352,customer_1054,agent_003,1,Normal refund approval with evidence and reasonable timing,normal,,APPROVED
order_103916,return_303916,customer_0997,agent_024,5,Manual override on high-value refund,fraud,MANUAL_OVERRIDE;HIGH_VALUE_REFUND,APPROVED
order_100251,return_300251,customer_1201,agent_019,1,Normal refund approval with evidence and reasonable timing,normal,,APPROVED
order_100123,return_300123,customer_0520,agent_012,1,Normal refund approval with evidence and reasonable timing,normal,,APPROVED
order_100161,return_300161,customer_0931,agent_010,1,Normal refund approval with evidence and reasonable timing,normal,,DECLINED
order_104117,return_304117,customer_9004,agent_007,6,Customer with frequent refund requests,fraud,CUSTOMER_FREQUENT_RETURNS,APPROVED
order_104147,return_304147,customer_9002,agent_024,6,Customer with frequent refund requests,fraud,CUSTOMER_FREQUENT_RETURNS,APPROVED
order_101190,return_301190,customer_0016,agent_018,1,Normal refund approval with evidence and reasonable timing,normal,,APPROVED
order_103336,return_303336,customer_1211,agent_001,3,Full-amount refund approved for expensive order,fraud,FULL_AMOUNT_REFUND;HIGH_VALUE_REFUND,APPROVED
order_103410,return_303410,customer_1199,agent_024,3,Full-amount refund approved for expensive order,fraud,FULL_AMOUNT_REFUND;HIGH_VALUE_REFUND,APPROVED
order_104291,return_304291,customer_9002,agent_008,6,Customer with frequent refund requests,fraud,CUSTOMER_FREQUENT_RETURNS,APPROVED
order_101509,return_301509,customer_0792,agent_002,1,Normal refund approval with evidence and reasonable timing,normal,,DECLINED
order_102120,return_302120,customer_0234,agent_022,1,Normal refund approval with evidence and reasonable timing,normal,,APPROVED
order_103413,return_303413,customer_0158,agent_018,3,Full-amount refund approved for expensive order,fraud,FULL_AMOUNT_REFUND;HIGH_VALUE_REFUND,APPROVED
order_100686,return_300686,customer_1319,agent_018,1,Normal refund approval with evidence and reasonable timing,normal,,APPROVED
order_102832,return_302832,customer_1854,agent_011,1,Normal refund approval with evidence and reasonable timing,normal,,APPROVED
order_103384,return_303384,customer_1074,agent_011,3,Full-amount refund approved for expensive order,fraud,FULL_AMOUNT_REFUND;HIGH_VALUE_REFUND,APPROVED
order_100059,return_300059,customer_1335,agent_017,1,Normal refund approval with evidence and reasonable timing,normal,,APPROVED
order_104350,return_304350,customer_1015,agent_701,7,Support agent with unusually high approval rate,fraud,AGENT_HIGH_APPROVAL_RATE,APPROVED
order_102859,return_302859,customer_1008,agent_014,1,Normal refund approval with evidence and reasonable timing,normal,,DECLINED
order_100996,return_300996,customer_1155,agent_012,1,Normal refund approval with evidence and reasonable timing,normal,,APPROVED
order_101854,return_301854,customer_0551,agent_029,1,Normal refund approval with evidence and reasonable timing,normal,,APPROVED
order_102035,return_302035,customer_1540,agent_016,1,Normal refund approval with evidence and reasonable timing,normal,,DECLINED
order_100291,return_300291,customer_1870,agent_025,1,Normal refund approval with evidence and reasonable timing,normal,,APPROVED
order_102332,return_302332,customer_0017,agent_016,1,Normal refund approval with evidence and reasonable timing,normal,,APPROVED
order_102723,return_302723,customer_0903,agent_018,1,Normal refund approval with evidence and reasonable timing,normal,,DECLINED
order_100882,return_300882,customer_1797,agent_009,1,Normal refund approval with evidence and reasonable timing,normal,,DECLINED
order_103477,return_303477,customer_1174,agent_016,3,Full-amount refund approved for expensive order,fraud,FULL_AMOUNT_REFUND;HIGH_VALUE_REFUND,APPROVED
order_102243,return_302243,customer_1230,agent_020,1,Normal refund approval with evidence and reasonable timing,normal,,APPROVED
order_104214,return_304214,customer_9005,agent_016,6,Customer with frequent refund requests,fraud,CUSTOMER_FREQUENT_RETURNS,APPROVED
order_100204,return_300204,customer_1307,agent_020,1,Normal refund approval with evidence and reasonable timing,normal,,DECLINED
order_103375,return_303375,customer_1564,agent_027,3,Full-amount refund approved for expensive order,fraud,FULL_AMOUNT_REFUND;HIGH_VALUE_REFUND,APPROVED
order_103915,return_303915,customer_1341,agent_005,5,Manual override on high-value refund,fraud,MANUAL_OVERRIDE;HIGH_VALUE_REFUND,APPROVED
order_103403,return_303403,customer_1822,agent_001,3,Full-amount refund approved for expensive order,fraud,FULL_AMOUNT_REFUND;HIGH_VALUE_REFUND,APPROVED
order_103333,return_303333,customer_0652,agent_018,3,Full-amount refund approved for expensive order,fraud,FULL_AMOUNT_REFUND;HIGH_VALUE_REFUND,APPROVED
order_102043,return_302043,customer_1636,agent_016,1,Normal refund approval with evidence and reasonable timing,normal,,DECLINED
order_101319,return_301319,customer_0779,agent_004,1,Normal refund approval with evidence and reasonable timing,normal,,APPROVED
order_104621,return_304621,customer_8001,agent_801,8,Repeated agent-customer approval pattern,fraud,REPEATED_AGENT_CUSTOMER_PAIR,APPROVED
order_103411,return_303411,customer_0406,agent_012,3,Full-amount refund approved for expensive order,fraud,FULL_AMOUNT_REFUND;HIGH_VALUE_REFUND,APPROVED
order_101740,return_301740,customer_1444,agent_027,1,Normal refund approval with evidence and reasonable timing,normal,,APPROVED
order_102150,return_302150,customer_0795,agent_006,1,Normal refund approval with evidence and reasonable timing,normal,,DECLINED
order_103541,return_303541,customer_1341,agent_101,4,Very fast approval by support agent,fraud,FAST_APPROVAL,APPROVED
order_101566,return_301566,customer_0787,agent_003,1,Normal refund approval with evidence and reasonable timing,normal,,DECLINED
order_100892,return_300892,customer_0826,agent_005,1,Normal refund approval with evidence and reasonable timing,normal,,APPROVED
order_104944,return_304944,customer_9902,agent_901,9,"Suspicious cluster: same agent, frequent customer returns, manual overrides",fraud,SUSPICIOUS_CLUSTER;NO_EVIDENCE;MANUAL_OVERRIDE;HIGH_VALUE_REFUND,APPROVED
order_102435,return_302435,customer_1171,agent_014,1,Normal refund approval with evidence and reasonable timing,normal,,APPROVED
order_101259,return_301259,customer_0299,agent_004,1,Normal refund approval with evidence and reasonable timing,normal,,APPROVED
order_102373,return_302373,customer_1776,agent_011,1,Normal refund approval with evidence and reasonable timing,normal,,APPROVED
order_101920,return_301920,customer_1320,agent_014,1,Normal refund approval with evidence and reasonable timing,normal,,DECLINED
order_102325,return_302325,customer_1030,agent_021,1,Normal refund approval with evidence and reasonable timing,normal,,APPROVED
order_102879,return_302879,customer_1763,agent_005,1,Normal refund approval with evidence and reasonable timing,normal,,APPROVED
order_101508,return_301508,customer_1463,agent_012,1,Normal refund approval with evidence and reasonable timing,normal,,APPROVED
order_102829,return_302829,customer_1550,agent_015,1,Normal refund approval with evidence and reasonable timing,normal,,APPROVED
order_104550,return_304550,customer_1720,agent_703,7,Support agent with unusually high approval rate,fraud,AGENT_HIGH_APPROVAL_RATE,APPROVED
order_101137,return_301137,customer_0411,agent_015,1,Normal refund approval with evidence and reasonable timing,normal,,DECLINED
order_104175,return_304175,customer_9006,agent_103,6,Customer with frequent refund requests,fraud,CUSTOMER_FREQUENT_RETURNS,APPROVED
order_102045,return_302045,customer_1522,agent_023,1,Normal refund approval with evidence and reasonable timing,normal,,APPROVED
order_103868,return_303868,customer_1996,agent_009,5,Manual override on high-value refund,fraud,MANUAL_OVERRIDE;HIGH_VALUE_REFUND,APPROVED
order_101350,return_301350,customer_1026,agent_023,1,Normal refund approval with evidence and reasonable timing,normal,,DECLINED
order_104264,return_304264,customer_9007,agent_102,6,Customer with frequent refund requests,fraud,CUSTOMER_FREQUENT_RETURNS,APPROVED
order_101721,return_301721,customer_0430,agent_008,1,Normal refund approval with evidence and reasonable timing,normal,,APPROVED
order_101456,return_301456,customer_0088,agent_017,1,Normal refund approval with evidence and reasonable timing,normal,,DECLINED
order_100316,return_300316,customer_1684,agent_005,1,Normal refund approval with evidence and reasonable timing,normal,,DECLINED
order_102512,return_302512,customer_0031,agent_009,1,Normal refund approval with evidence and reasonable timing,normal,,APPROVED
order_102757,return_302757,customer_1527,agent_011,1,Normal refund approval with evidence and reasonable timing,normal,,APPROVED
order_101992,return_301992,customer_1244,agent_027,1,Normal refund approval with evidence and reasonable timing,normal,,DECLINED
order_101722,return_301722,customer_0076,agent_023,1,Normal refund approval with evidence and reasonable timing,normal,,APPROVED
order_102577,return_302577,customer_1163,agent_028,1,Normal refund approval with evidence and reasonable timing,normal,,APPROVED
order_102933,return_302933,customer_0107,agent_010,1,Normal refund approval with evidence and reasonable timing,normal,,APPROVED
order_102293,return_302293,customer_0595,agent_024,1,Normal refund approval with evidence and reasonable timing,normal,,DECLINED
order_104306,return_304306,customer_9001,agent_009,6,Customer with frequent refund requests,fraud,CUSTOMER_FREQUENT_RETURNS,APPROVED
order_100907,return_300907,customer_1966,agent_021,1,Normal refund approval with evidence and reasonable timing,normal,,DECLINED
order_100706,return_300706,customer_1582,agent_002,1,Normal refund approval with evidence and reasonable timing,normal,,DECLINED
order_102151,return_302151,customer_0872,agent_030,1,Normal refund approval with evidence and reasonable timing,normal,,APPROVED
order_101309,return_301309,customer_1977,agent_005,1,Normal refund approval with evidence and reasonable timing,normal,,DECLINED
order_102965,return_302965,customer_0728,agent_025,1,Normal refund approval with evidence and reasonable timing,normal,,APPROVED
order_101039,return_301039,customer_1773,agent_013,1,Normal refund approval with evidence and reasonable timing,normal,,APPROVED
order_103436,return_303436,customer_0849,agent_011,3,Full-amount refund approved for expensive order,fraud,FULL_AMOUNT_REFUND;HIGH_VALUE_REFUND,APPROVED
order_100714,return_300714,customer_1612,agent_021,1,Normal refund approval with evidence and reasonable timing,normal,,APPROVED
order_102105,return_302105,customer_0436,agent_006,1,Normal refund approval with evidence and reasonable timing,normal,,APPROVED
order_103173,return_303173,customer_0302,agent_014,2,High-value refund approved without evidence,fraud,NO_EVIDENCE;HIGH_VALUE_REFUND,APPROVED
order_102400,return_302400,customer_0700,agent_014,1,Normal refund approval with evidence and reasonable timing,normal,,APPROVED
order_100625,return_300625,customer_1678,agent_011,1,Normal refund approval with evidence and reasonable timing,normal,,APPROVED
order_100821,return_300821,customer_1472,agent_025,1,Normal refund approval with evidence and reasonable timing,normal,,APPROVED
order_103320,return_303320,customer_0514,agent_016,3,Full-amount refund approved for expensive order,fraud,FULL_AMOUNT_REFUND;HIGH_VALUE_REFUND,APPROVED
order_100456,return_300456,customer_0427,agent_001,1,Normal refund approval with evidence and reasonable timing,normal,,DECLINED
order_100739,return_300739,customer_1095,agent_030,1,Normal refund approval with evidence and reasonable timing,normal,,APPROVED
order_103478,return_303478,customer_1777,agent_017,3,Full-amount refund approved for expensive order,fraud,FULL_AMOUNT_REFUND;HIGH_VALUE_REFUND,APPROVED
order_101296,return_301296,customer_1316,agent_011,1,Normal refund approval with evidence and reasonable timing,normal,,APPROVED
order_100911,return_300911,customer_0818,agent_010,1,Normal refund approval with evidence and reasonable timing,normal,,DECLINED
order_100621,return_300621,customer_0097,agent_018,1,Normal refund approval with evidence and reasonable timing,normal,,DECLINED
order_104008,return_304008,customer_1048,agent_029,5,Manual override on high-value refund,fraud,MANUAL_OVERRIDE;HIGH_VALUE_REFUND,APPROVED
order_100297,return_300297,customer_0786,agent_004,1,Normal refund approval with evidence and reasonable timing,normal,,APPROVED
order_103196,return_303196,customer_1674,agent_007,2,High-value refund approved without evidence,fraud,NO_EVIDENCE;HIGH_VALUE_REFUND,APPROVED
order_100206,return_300206,customer_0707,agent_005,1,Normal refund approval with evidence and reasonable timing,normal,,DECLINED
order_103313,return_303313,customer_1576,agent_024,3,Full-amount refund approved for expensive order,fraud,FULL_AMOUNT_REFUND;HIGH_VALUE_REFUND,APPROVED
order_102058,return_302058,customer_0512,agent_024,1,Normal refund approval with evidence and reasonable timing,normal,,DECLINED
order_100309,return_300309,customer_0130,agent_002,1,Normal refund approval with evidence and reasonable timing,normal,,DECLINED
order_101082,return_301082,customer_0691,agent_030,1,Normal refund approval with evidence and reasonable timing,normal,,DECLINED
order_104948,return_304948,customer_9903,agent_901,9,"Suspicious cluster: same agent, frequent customer returns, manual overrides",fraud,SUSPICIOUS_CLUSTER;NO_EVIDENCE;MANUAL_OVERRIDE;HIGH_VALUE_REFUND,APPROVED
order_102622,return_302622,customer_0265,agent_021,1,Normal refund approval with evidence and reasonable timing,normal,,APPROVED
order_102424,return_302424,customer_0008,agent_027,1,Normal refund approval with evidence and reasonable timing,normal,,DECLINED
order_103972,return_303972,customer_1896,agent_010,5,Manual override on high-value refund,fraud,MANUAL_OVERRIDE;HIGH_VALUE_REFUND,APPROVED
order_102634,return_302634,customer_1246,agent_012,1,Normal refund approval with evidence and reasonable timing,normal,,DECLINED
order_103369,return_303369,customer_0139,agent_027,3,Full-amount refund approved for expensive order,fraud,FULL_AMOUNT_REFUND;HIGH_VALUE_REFUND,APPROVED
order_102787,return_302787,customer_1276,agent_003,1,Normal refund approval with evidence and reasonable timing,normal,,APPROVED
order_101994,return_301994,customer_1044,agent_010,1,Normal refund approval with evidence and reasonable timing,normal,,DECLINED
order_100740,return_300740,customer_1316,agent_021,1,Normal refund approval with evidence and reasonable timing,normal,,APPROVED
order_103705,return_303705,customer_0684,agent_101,4,Very fast approval by support agent,fraud,FAST_APPROVAL,APPROVED
order_103755,return_303755,customer_1472,agent_103,4,Very fast approval by support agent,fraud,FAST_APPROVAL,APPROVED
order_100924,return_300924,customer_0054,agent_030,1,Normal refund approval with evidence and reasonable timing,normal,,DECLINED
order_102254,return_302254,customer_0479,agent_011,1,Normal refund approval with evidence and reasonable timing,normal,,APPROVED
order_103272,return_303272,customer_1806,agent_026,3,Full-amount refund approved for expensive order,fraud,FULL_AMOUNT_REFUND;HIGH_VALUE_REFUND,APPROVED
order_104950,return_304950,customer_9901,agent_901,9,"Suspicious cluster: same agent, frequent customer returns, manual overrides",fraud,SUSPICIOUS_CLUSTER;NO_EVIDENCE;MANUAL_OVERRIDE;HIGH_VALUE_REFUND,APPROVED
order_103437,return_303437,customer_1256,agent_008,3,Full-amount refund approved for expensive order,fraud,FULL_AMOUNT_REFUND;HIGH_VALUE_REFUND,APPROVED
order_101014,return_301014,customer_0669,agent_003,1,Normal refund approval with evidence and reasonable timing,normal,,APPROVED
order_101897,return_301897,customer_0849,agent_004,1,Normal refund approval with evidence and reasonable timing,normal,,DECLINED
order_101964,return_301964,customer_1761,agent_020,1,Normal refund approval with evidence and reasonable timing,normal,,APPROVED
order_104589,return_304589,customer_8002,agent_802,8,Repeated agent-customer approval pattern,fraud,REPEATED_AGENT_CUSTOMER_PAIR,APPROVED
order_104441,return_304441,customer_0907,agent_702,7,Support agent with unusually high approval rate,fraud,AGENT_HIGH_APPROVAL_RATE,APPROVED
order_102448,return_302448,customer_0657,agent_005,1,Normal refund approval with evidence and reasonable timing,normal,,APPROVED
order_103495,return_303495,customer_0101,agent_004,3,Full-amount refund approved for expensive order,fraud,FULL_AMOUNT_REFUND;HIGH_VALUE_REFUND,APPROVED
order_103398,return_303398,customer_0044,agent_014,3,Full-amount refund approved for expensive order,fraud,FULL_AMOUNT_REFUND;HIGH_VALUE_REFUND,APPROVED
order_104697,return_304697,customer_8002,agent_802,8,Repeated agent-customer approval pattern,fraud,REPEATED_AGENT_CUSTOMER_PAIR,APPROVED
order_103086,return_303086,customer_1450,agent_009,2,High-value refund approved without evidence,fraud,NO_EVIDENCE;HIGH_VALUE_REFUND,APPROVED
order_104945,return_304945,customer_9905,agent_902,9,"Suspicious cluster: same agent, frequent customer returns, manual overrides",fraud,SUSPICIOUS_CLUSTER;NO_EVIDENCE;MANUAL_OVERRIDE;HIGH_VALUE_REFUND,APPROVED
order_103010,return_303010,customer_0857,agent_029,2,High-value refund approved without evidence,fraud,NO_EVIDENCE;HIGH_VALUE_REFUND,APPROVED
order_102764,return_302764,customer_1263,agent_025,1,Normal refund approval with evidence and reasonable timing,normal,,APPROVED
order_101542,return_301542,customer_0601,agent_023,1,Normal refund approval with evidence and reasonable timing,normal,,APPROVED
order_101357,return_301357,customer_1221,agent_027,1,Normal refund approval with evidence and reasonable timing,normal,,APPROVED
order_100531,return_300531,customer_0085,agent_004,1,Normal refund approval with evidence and reasonable timing,normal,,APPROVED
order_101607,return_301607,customer_1651,agent_017,1,Normal refund approval with evidence and reasonable timing,normal,,DECLINED
order_103673,return_303673,customer_1622,agent_102,4,Very fast approval by support agent,fraud,FAST_APPROVAL,APPROVED
order_104415,return_304415,customer_0242,agent_703,7,Support agent with unusually high approval rate,fraud,AGENT_HIGH_APPROVAL_RATE,APPROVED
order_104908,return_304908,customer_9902,agent_901,9,"Suspicious cluster: same agent, frequent customer returns, manual overrides",fraud,SUSPICIOUS_CLUSTER;NO_EVIDENCE;MANUAL_OVERRIDE;HIGH_VALUE_REFUND,APPROVED
order_101844,return_301844,customer_1667,agent_029,1,Normal refund approval with evidence and reasonable timing,normal,,APPROVED
order_101748,return_301748,customer_0973,agent_025,1,Normal refund approval with evidence and reasonable timing,normal,,APPROVED
order_104000,return_304000,customer_1600,agent_011,5,Manual override on high-value refund,fraud,MANUAL_OVERRIDE;HIGH_VALUE_REFUND,APPROVED
order_102354,return_302354,customer_1193,agent_027,1,Normal refund approval with evidence and reasonable timing,normal,,APPROVED
order_103251,return_303251,customer_1398,agent_016,3,Full-amount refund approved for expensive order,fraud,FULL_AMOUNT_REFUND;HIGH_VALUE_REFUND,APPROVED
order_102666,return_302666,customer_1058,agent_003,1,Normal refund approval with evidence and reasonable timing,normal,,APPROVED
order_103977,return_303977,customer_0725,agent_007,5,Manual override on high-value refund,fraud,MANUAL_OVERRIDE;HIGH_VALUE_REFUND,APPROVED
order_103290,return_303290,customer_1073,agent_025,3,Full-amount refund approved for expensive order,fraud,FULL_AMOUNT_REFUND;HIGH_VALUE_REFUND,APPROVED
order_103395,return_303395,customer_0278,agent_027,3,Full-amount refund approved for expensive order,fraud,FULL_AMOUNT_REFUND;HIGH_VALUE_REFUND,APPROVED
order_100296,return_300296,customer_1827,agent_001,1,Normal refund approval with evidence and reasonable timing,normal,,APPROVED
order_102204,return_302204,customer_0376,agent_029,1,Normal refund approval with evidence and reasonable timing,normal,,APPROVED
order_101099,return_301099,customer_1292,agent_001,1,Normal refund approval with evidence and reasonable timing,normal,,DECLINED
order_103390,return_303390,customer_0460,agent_101,3,Full-amount refund approved for expensive order,fraud,FULL_AMOUNT_REFUND;HIGH_VALUE_REFUND,APPROVED
order_103835,return_303835,customer_1083,agent_006,5,Manual override on high-value refund,fraud,MANUAL_OVERRIDE;HIGH_VALUE_REFUND,APPROVED
order_101630,return_301630,customer_0822,agent_016,1,Normal refund approval with evidence and reasonable timing,normal,,APPROVED
order_104040,return_304040,customer_0782,agent_102,5,Manual override on high-value refund,fraud,MANUAL_OVERRIDE;HIGH_VALUE_REFUND,APPROVED
order_100128,return_300128,customer_0602,agent_018,1,Normal refund approval with evidence and reasonable timing,normal,,APPROVED
order_104372,return_304372,customer_0251,agent_702,7,Support agent with unusually high approval rate,fraud,AGENT_HIGH_APPROVAL_RATE,APPROVED
order_102763,return_302763,customer_1029,agent_003,1,Normal refund approval with evidence and reasonable timing,normal,,APPROVED
order_100954,return_300954,customer_1143,agent_016,1,Normal refund approval with evidence and reasonable timing,normal,,DECLINED
order_100722,return_300722,customer_0080,agent_029,1,Normal refund approval with evidence and reasonable timing,normal,,APPROVED
order_101724,return_301724,customer_0760,agent_019,1,Normal refund approval with evidence and reasonable timing,normal,,DECLINED
order_102141,return_302141,customer_0103,agent_012,1,Normal refund approval with evidence and reasonable timing,normal,,APPROVED
order_101931,return_301931,customer_0549,agent_003,1,Normal refund approval with evidence and reasonable timing,normal,,APPROVED
order_104882,return_304882,customer_9901,agent_901,9,"Suspicious cluster: same agent, frequent customer returns, manual overrides",fraud,SUSPICIOUS_CLUSTER;NO_EVIDENCE;MANUAL_OVERRIDE;HIGH_VALUE_REFUND,APPROVED
order_101615,return_301615,customer_0313,agent_023,1,Normal refund approval with evidence and reasonable timing,normal,,APPROVED
order_100467,return_300467,customer_1763,agent_026,1,Normal refund approval with evidence and reasonable timing,normal,,APPROVED
order_104786,return_304786,customer_9902,agent_901,9,"Suspicious cluster: same agent, frequent customer returns, manual overrides",fraud,SUSPICIOUS_CLUSTER;NO_EVIDENCE;MANUAL_OVERRIDE;HIGH_VALUE_REFUND,APPROVED
order_102613,return_302613,customer_0381,agent_028,1,Normal refund approval with evidence and reasonable timing,normal,,APPROVED
order_103670,return_303670,customer_0459,agent_101,4,Very fast approval by support agent,fraud,FAST_APPROVAL,APPROVED
order_101141,return_301141,customer_1171,agent_030,1,Normal refund approval with evidence and reasonable timing,normal,,APPROVED
order_100176,return_300176,customer_0564,agent_010,1,Normal refund approval with evidence and reasonable timing,normal,,DECLINED
order_103506,return_303506,customer_1652,agent_023,3,Full-amount refund approved for expensive order,fraud,FULL_AMOUNT_REFUND;HIGH_VALUE_REFUND,APPROVED
order_102544,return_302544,customer_1126,agent_001,1,Normal refund approval with evidence and reasonable timing,normal,,APPROVED
order_102091,return_302091,customer_0080,agent_003,1,Normal refund approval with evidence and reasonable timing,normal,,DECLINED
order_101659,return_301659,customer_0382,agent_026,1,Normal refund approval with evidence and reasonable timing,normal,,APPROVED
order_104654,return_304654,customer_8001,agent_801,8,Repeated agent-customer approval pattern,fraud,REPEATED_AGENT_CUSTOMER_PAIR,APPROVED
order_103957,return_303957,customer_0132,agent_029,5,Manual override on high-value refund,fraud,MANUAL_OVERRIDE;HIGH_VALUE_REFUND,APPROVED
order_101122,return_301122,customer_1370,agent_004,1,Normal refund approval with evidence and reasonable timing,normal,,APPROVED
order_101172,return_301172,customer_0467,agent_009,1,Normal refund approval with evidence and reasonable timing,normal,,APPROVED
order_100474,return_300474,customer_1046,agent_020,1,Normal refund approval with evidence and reasonable timing,normal,,APPROVED
order_100941,return_300941,customer_1781,agent_005,1,Normal refund approval with evidence and reasonable timing,normal,,DECLINED
order_103345,return_303345,customer_0371,agent_023,3,Full-amount refund approved for expensive order,fraud,FULL_AMOUNT_REFUND;HIGH_VALUE_REFUND,APPROVED
order_103491,return_303491,customer_1121,agent_010,3,Full-amount refund approved for expensive order,fraud,FULL_AMOUNT_REFUND;HIGH_VALUE_REFUND,APPROVED
order_102999,return_302999,customer_0548,agent_103,2,High-value refund approved without evidence,fraud,NO_EVIDENCE;HIGH_VALUE_REFUND,APPROVED
order_100543,return_300543,customer_1050,agent_012,1,Normal refund approval with evidence and reasonable timing,normal,,APPROVED
order_103007,return_303007,customer_0598,agent_011,2,High-value refund approved without evidence,fraud,NO_EVIDENCE;HIGH_VALUE_REFUND,APPROVED
order_101292,return_301292,customer_1569,agent_017,1,Normal refund approval with evidence and reasonable timing,normal,,APPROVED
order_103305,return_303305,customer_0195,agent_017,3,Full-amount refund approved for expensive order,fraud,FULL_AMOUNT_REFUND;HIGH_VALUE_REFUND,APPROVED
order_102862,return_302862,customer_0541,agent_020,1,Normal refund approval with evidence and reasonable timing,normal,,APPROVED
order_104850,return_304850,customer_9903,agent_901,9,"Suspicious cluster: same agent, frequent customer returns, manual overrides",fraud,SUSPICIOUS_CLUSTER;NO_EVIDENCE;MANUAL_OVERRIDE;HIGH_VALUE_REFUND,APPROVED
order_104348,return_304348,customer_0762,agent_702,7,Support agent with unusually high approval rate,fraud,AGENT_HIGH_APPROVAL_RATE,APPROVED
order_104016,return_304016,customer_0761,agent_016,5,Manual override on high-value refund,fraud,MANUAL_OVERRIDE;HIGH_VALUE_REFUND,APPROVED
order_101908,return_301908,customer_1559,agent_021,1,Normal refund approval with evidence and reasonable timing,normal,,APPROVED
order_101735,return_301735,customer_0824,agent_025,1,Normal refund approval with evidence and reasonable timing,normal,,APPROVED
order_102052,return_302052,customer_0011,agent_026,1,Normal refund approval with evidence and reasonable timing,normal,,APPROVED
order_101795,return_301795,customer_1941,agent_005,1,Normal refund approval with evidence and reasonable timing,normal,,APPROVED
order_103350,return_303350,customer_1869,agent_019,3,Full-amount refund approved for expensive order,fraud,FULL_AMOUNT_REFUND;HIGH_VALUE_REFUND,APPROVED
order_103563,return_303563,customer_1409,agent_103,4,Very fast approval by support agent,fraud,FAST_APPROVAL,APPROVED
order_100481,return_300481,customer_0109,agent_020,1,Normal refund approval with evidence and reasonable timing,normal,,APPROVED
order_100035,return_300035,customer_0424,agent_002,1,Normal refund approval with evidence and reasonable timing,normal,,DECLINED
order_100879,return_300879,customer_1508,agent_026,1,Normal refund approval with evidence and reasonable timing,normal,,APPROVED
order_104138,return_304138,customer_9001,agent_025,6,Customer with frequent refund requests,fraud,CUSTOMER_FREQUENT_RETURNS,APPROVED
order_104397,return_304397,customer_0248,agent_703,7,Support agent with unusually high approval rate,fraud,AGENT_HIGH_APPROVAL_RATE,APPROVED
order_102978,return_302978,customer_0943,agent_016,2,High-value refund approved without evidence,fraud,NO_EVIDENCE;HIGH_VALUE_REFUND,APPROVED
order_104063,return_304063,customer_1759,agent_011,5,Manual override on high-value refund,fraud,MANUAL_OVERRIDE;HIGH_VALUE_REFUND,APPROVED
order_102631,return_302631,customer_1421,agent_001,1,Normal refund approval with evidence and reasonable timing,normal,,APPROVED
order_102083,return_302083,customer_0997,agent_010,1,Normal refund approval with evidence and reasonable timing,normal,,DECLINED
order_100488,return_300488,customer_0592,agent_001,1,Normal refund approval with evidence and reasonable timing,normal,,DECLINED
order_101810,return_301810,customer_0333,agent_006,1,Normal refund approval with evidence and reasonable timing,normal,,DECLINED
order_102938,return_302938,customer_1334,agent_018,1,Normal refund approval with evidence and reasonable timing,normal,,DECLINED
order_102771,return_302771,customer_1650,agent_001,1,Normal refund approval with evidence and reasonable timing,normal,,APPROVED
order_104341,return_304341,customer_1781,agent_701,7,Support agent with unusually high approval rate,fraud,AGENT_HIGH_APPROVAL_RATE,APPROVED
order_104599,return_304599,customer_8003,agent_803,8,Repeated agent-customer approval pattern,fraud,REPEATED_AGENT_CUSTOMER_PAIR,APPROVED
order_100336,return_300336,customer_0035,agent_011,1,Normal refund approval with evidence and reasonable timing,normal,,APPROVED
order_101698,return_301698,customer_0081,agent_015,1,Normal refund approval with evidence and reasonable timing,normal,,APPROVED
order_100960,return_300960,customer_1251,agent_020,1,Normal refund approval with evidence and reasonable timing,normal,,DECLINED
order_100020,return_300020,customer_0086,agent_005,1,Normal refund approval with evidence and reasonable timing,normal,,DECLINED
order_101479,return_301479,customer_0545,agent_001,1,Normal refund approval with evidence and reasonable timing,normal,,APPROVED
order_101460,return_301460,customer_1685,agent_006,1,Normal refund approval with evidence and reasonable timing,normal,,DECLINED
order_104863,return_304863,customer_9905,agent_902,9,"Suspicious cluster: same agent, frequent customer returns, manual overrides",fraud,SUSPICIOUS_CLUSTER;NO_EVIDENCE;MANUAL_OVERRIDE;HIGH_VALUE_REFUND,APPROVED
order_100593,return_300593,customer_0786,agent_023,1,Normal refund approval with evidence and reasonable timing,normal,,APPROVED
order_102842,return_302842,customer_1903,agent_030,1,Normal refund approval with evidence and reasonable timing,normal,,DECLINED
order_104120,return_304120,customer_9007,agent_016,6,Customer with frequent refund requests,fraud,CUSTOMER_FREQUENT_RETURNS,APPROVED
order_102652,return_302652,customer_1832,agent_009,1,Normal refund approval with evidence and reasonable timing,normal,,DECLINED
order_102976,return_302976,customer_0279,agent_028,2,High-value refund approved without evidence,fraud,NO_EVIDENCE;HIGH_VALUE_REFUND,APPROVED
order_104784,return_304784,customer_9902,agent_901,9,"Suspicious cluster: same agent, frequent customer returns, manual overrides",fraud,SUSPICIOUS_CLUSTER;NO_EVIDENCE;MANUAL_OVERRIDE;HIGH_VALUE_REFUND,APPROVED
order_102790,return_302790,customer_1612,agent_014,1,Normal refund approval with evidence and reasonable timing,normal,,DECLINED
order_103758,return_303758,customer_0296,agent_102,4,Very fast approval by support agent,fraud,FAST_APPROVAL,APPROVED
order_104515,return_304515,customer_1481,agent_701,7,Support agent with unusually high approval rate,fraud,AGENT_HIGH_APPROVAL_RATE,APPROVED
order_101584,return_301584,customer_1797,agent_025,1,Normal refund approval with evidence and reasonable timing,normal,,DECLINED
order_103175,return_303175,customer_0615,agent_020,2,High-value refund approved without evidence,fraud,NO_EVIDENCE;HIGH_VALUE_REFUND,APPROVED
order_100101,return_300101,customer_1312,agent_023,1,Normal refund approval with evidence and reasonable timing,normal,,APPROVED
order_100078,return_300078,customer_1973,agent_015,1,Normal refund approval with evidence and reasonable timing,normal,,APPROVED
order_104504,return_304504,customer_1007,agent_702,7,Support agent with unusually high approval rate,fraud,AGENT_HIGH_APPROVAL_RATE,APPROVED
order_104858,return_304858,customer_9901,agent_901,9,"Suspicious cluster: same agent, frequent customer returns, manual overrides",fraud,SUSPICIOUS_CLUSTER;NO_EVIDENCE;MANUAL_OVERRIDE;HIGH_VALUE_REFUND,APPROVED
order_103102,return_303102,customer_1993,agent_030,2,High-value refund approved without evidence,fraud,NO_EVIDENCE;HIGH_VALUE_REFUND,APPROVED
order_101300,return_301300,customer_0054,agent_001,1,Normal refund approval with evidence and reasonable timing,normal,,DECLINED
order_103365,return_303365,customer_1959,agent_015,3,Full-amount refund approved for expensive order,fraud,FULL_AMOUNT_REFUND;HIGH_VALUE_REFUND,APPROVED
order_102159,return_302159,customer_0084,agent_010,1,Normal refund approval with evidence and reasonable timing,normal,,DECLINED
order_102647,return_302647,customer_1077,agent_020,1,Normal refund approval with evidence and reasonable timing,normal,,APPROVED
order_101102,return_301102,customer_1274,agent_011,1,Normal refund approval with evidence and reasonable timing,normal,,APPROVED
order_102053,return_302053,customer_0930,agent_025,1,Normal refund approval with evidence and reasonable timing,normal,,DECLINED
order_103126,return_303126,customer_0158,agent_011,2,High-value refund approved without evidence,fraud,NO_EVIDENCE;HIGH_VALUE_REFUND,APPROVED
order_103575,return_303575,customer_0245,agent_102,4,Very fast approval by support agent,fraud,FAST_APPROVAL,APPROVED
order_101756,return_301756,customer_0072,agent_025,1,Normal refund approval with evidence and reasonable timing,normal,,APPROVED
order_103505,return_303505,customer_0611,agent_006,3,Full-amount refund approved for expensive order,fraud,FULL_AMOUNT_REFUND;HIGH_VALUE_REFUND,APPROVED
order_104155,return_304155,customer_9002,agent_007,6,Customer with frequent refund requests,fraud,CUSTOMER_FREQUENT_RETURNS,APPROVED
order_101593,return_301593,customer_1202,agent_013,1,Normal refund approval with evidence and reasonable timing,normal,,APPROVED
order_102989,return_302989,customer_1827,agent_103,2,High-value refund approved without evidence,fraud,NO_EVIDENCE;HIGH_VALUE_REFUND,APPROVED
order_102432,return_302432,customer_0468,agent_016,1,Normal refund approval with evidence and reasonable timing,normal,,APPROVED
order_101533,return_301533,customer_0363,agent_009,1,Normal refund approval with evidence and reasonable timing,normal,,APPROVED
order_102399,return_302399,customer_0978,agent_026,1,Normal refund approval with evidence and reasonable timing,normal,,APPROVED
order_100231,return_300231,customer_1839,agent_026,1,Normal refund approval with evidence and reasonable timing,normal,,APPROVED
order_104026,return_304026,customer_1818,agent_012,5,Manual override on high-value refund,fraud,MANUAL_OVERRIDE;HIGH_VALUE_REFUND,APPROVED
order_102503,return_302503,customer_0271,agent_022,1,Normal refund approval with evidence and reasonable timing,normal,,APPROVED
order_104418,return_304418,customer_1461,agent_703,7,Support agent with unusually high approval rate,fraud,AGENT_HIGH_APPROVAL_RATE,APPROVED
order_103544,return_303544,customer_0827,agent_103,4,Very fast approval by support agent,fraud,FAST_APPROVAL,APPROVED
order_104873,return_304873,customer_9906,agent_902,9,"Suspicious cluster: same agent, frequent customer returns, manual overrides",fraud,SUSPICIOUS_CLUSTER;NO_EVIDENCE;MANUAL_OVERRIDE;HIGH_VALUE_REFUND,APPROVED
order_103907,return_303907,customer_1109,agent_019,5,Manual override on high-value refund,fraud,MANUAL_OVERRIDE;HIGH_VALUE_REFUND,APPROVED
order_100130,return_300130,customer_1536,agent_026,1,Normal refund approval with evidence and reasonable timing,normal,,DECLINED
order_102462,return_302462,customer_1150,agent_028,1,Normal refund approval with evidence and reasonable timing,normal,,APPROVED
order_101883,return_301883,customer_1592,agent_001,1,Normal refund approval with evidence and reasonable timing,normal,,APPROVED
order_103726,return_303726,customer_1361,agent_103,4,Very fast approval by support agent,fraud,FAST_APPROVAL,APPROVED
order_103279,return_303279,customer_0458,agent_013,3,Full-amount refund approved for expensive order,fraud,FULL_AMOUNT_REFUND;HIGH_VALUE_REFUND,APPROVED
order_100025,return_300025,customer_0789,agent_004,1,Normal refund approval with evidence and reasonable timing,normal,,APPROVED
order_102451,return_302451,customer_0839,agent_009,1,Normal refund approval with evidence and reasonable timing,normal,,APPROVED
order_101548,return_301548,customer_1874,agent_013,1,Normal refund approval with evidence and reasonable timing,normal,,APPROVED
order_104104,return_304104,customer_9007,agent_018,6,Customer with frequent refund requests,fraud,CUSTOMER_FREQUENT_RETURNS,APPROVED
order_100314,return_300314,customer_1341,agent_007,1,Normal refund approval with evidence and reasonable timing,normal,,APPROVED
order_102021,return_302021,customer_1921,agent_007,1,Normal refund approval with evidence and reasonable timing,normal,,APPROVED
order_103867,return_303867,customer_0946,agent_022,5,Manual override on high-value refund,fraud,MANUAL_OVERRIDE;HIGH_VALUE_REFUND,APPROVED
order_100580,return_300580,customer_0768,agent_018,1,Normal refund approval with evidence and reasonable timing,normal,,APPROVED
order_103576,return_303576,customer_1369,agent_101,4,Very fast approval by support agent,fraud,FAST_APPROVAL,APPROVED
order_104577,return_304577,customer_8002,agent_802,8,Repeated agent-customer approval pattern,fraud,REPEATED_AGENT_CUSTOMER_PAIR,APPROVED
order_104428,return_304428,customer_0767,agent_701,7,Support agent with unusually high approval rate,fraud,AGENT_HIGH_APPROVAL_RATE,APPROVED
order_104452,return_304452,customer_0930,agent_701,7,Support agent with unusually high approval rate,fraud,AGENT_HIGH_APPROVAL_RATE,APPROVED
order_100808,return_300808,customer_1184,agent_017,1,Normal refund approval with evidence and reasonable timing,normal,,APPROVED
order_100748,return_300748,customer_0282,agent_019,1,Normal refund approval with evidence and reasonable timing,normal,,APPROVED
order_103744,return_303744,customer_0879,agent_101,4,Very fast approval by support agent,fraud,FAST_APPROVAL,APPROVED
order_102398,return_302398,customer_0706,agent_003,1,Normal refund approval with evidence and reasonable timing,normal,,APPROVED
order_104025,return_304025,customer_1275,agent_014,5,Manual override on high-value refund,fraud,MANUAL_OVERRIDE;HIGH_VALUE_REFUND,APPROVED
order_104535,return_304535,customer_1615,agent_703,7,Support agent with unusually high approval rate,fraud,AGENT_HIGH_APPROVAL_RATE,APPROVED
order_103274,return_303274,customer_1056,agent_026,3,Full-amount refund approved for expensive order,fraud,FULL_AMOUNT_REFUND;HIGH_VALUE_REFUND,APPROVED
order_102313,return_302313,customer_0121,agent_007,1,Normal refund approval with evidence and reasonable timing,normal,,APPROVED
order_102868,return_302868,customer_0260,agent_005,1,Normal refund approval with evidence and reasonable timing,normal,,DECLINED
order_103750,return_303750,customer_1213,agent_102,4,Very fast approval by support agent,fraud,FAST_APPROVAL,APPROVED
order_102589,return_302589,customer_1562,agent_022,1,Normal refund approval with evidence and reasonable timing,normal,,APPROVED
order_104503,return_304503,customer_0374,agent_701,7,Support agent with unusually high approval rate,fraud,AGENT_HIGH_APPROVAL_RATE,APPROVED
order_100203,return_300203,customer_0920,agent_003,1,Normal refund approval with evidence and reasonable timing,normal,,APPROVED
order_101001,return_301001,customer_1809,agent_007,1,Normal refund approval with evidence and reasonable timing,normal,,DECLINED
order_102940,return_302940,customer_0511,agent_011,1,Normal refund approval with evidence and reasonable timing,normal,,APPROVED
order_102260,return_302260,customer_1559,agent_010,1,Normal refund approval with evidence and reasonable timing,normal,,DECLINED
order_100751,return_300751,customer_1527,agent_021,1,Normal refund approval with evidence and reasonable timing,normal,,APPROVED
order_101059,return_301059,customer_0245,agent_005,1,Normal refund approval with evidence and reasonable timing,normal,,DECLINED
order_102709,return_302709,customer_1236,agent_008,1,Normal refund approval with evidence and reasonable timing,normal,,DECLINED
order_101027,return_301027,customer_1228,agent_003,1,Normal refund approval with evidence and reasonable timing,normal,,APPROVED
order_103779,return_303779,customer_1221,agent_103,4,Very fast approval by support agent,fraud,FAST_APPROVAL,APPROVED
order_103528,return_303528,customer_0978,agent_103,4,Very fast approval by support agent,fraud,FAST_APPROVAL,APPROVED
order_100810,return_300810,customer_1696,agent_007,1,Normal refund approval with evidence and reasonable timing,normal,,APPROVED
order_102152,return_302152,customer_1692,agent_029,1,Normal refund approval with evidence and reasonable timing,normal,,APPROVED
order_104691,return_304691,customer_8002,agent_802,8,Repeated agent-customer approval pattern,fraud,REPEATED_AGENT_CUSTOMER_PAIR,APPROVED
order_100042,return_300042,customer_1428,agent_004,1,Normal refund approval with evidence and reasonable timing,normal,,APPROVED
order_101730,return_301730,customer_0216,agent_027,1,Normal refund approval with evidence and reasonable timing,normal,,APPROVED
order_102001,return_302001,customer_1740,agent_004,1,Normal refund approval with evidence and reasonable timing,normal,,APPROVED
order_102140,return_302140,customer_1152,agent_001,1,Normal refund approval with evidence and reasonable timing,normal,,APPROVED
order_104713,return_304713,customer_8003,agent_803,8,Repeated agent-customer approval pattern,fraud,REPEATED_AGENT_CUSTOMER_PAIR,APPROVED
order_101408,return_301408,customer_1984,agent_006,1,Normal refund approval with evidence and reasonable timing,normal,,DECLINED
order_102298,return_302298,customer_1196,agent_024,1,Normal refund approval with evidence and reasonable timing,normal,,DECLINED
order_101530,return_301530,customer_1145,agent_019,1,Normal refund approval with evidence and reasonable timing,normal,,DECLINED
order_104479,return_304479,customer_1127,agent_701,7,Support agent with unusually high approval rate,fraud,AGENT_HIGH_APPROVAL_RATE,APPROVED
order_104373,return_304373,customer_0696,agent_703,7,Support agent with unusually high approval rate,fraud,AGENT_HIGH_APPROVAL_RATE,APPROVED
order_100040,return_300040,customer_1719,agent_007,1,Normal refund approval with evidence and reasonable timing,normal,,APPROVED
order_100556,return_300556,customer_2000,agent_022,1,Normal refund approval with evidence and reasonable timing,normal,,DECLINED
order_100434,return_300434,customer_1162,agent_020,1,Normal refund approval with evidence and reasonable timing,normal,,APPROVED
order_101381,return_301381,customer_0363,agent_025,1,Normal refund approval with evidence and reasonable timing,normal,,DECLINED
order_103038,return_303038,customer_1352,agent_002,2,High-value refund approved without evidence,fraud,NO_EVIDENCE;HIGH_VALUE_REFUND,APPROVED
order_101349,return_301349,customer_1623,agent_014,1,Normal refund approval with evidence and reasonable timing,normal,,DECLINED
order_102044,return_302044,customer_1316,agent_014,1,Normal refund approval with evidence and reasonable timing,normal,,APPROVED
order_100804,return_300804,customer_0871,agent_022,1,Normal refund approval with evidence and reasonable timing,normal,,DECLINED
order_100108,return_300108,customer_0173,agent_023,1,Normal refund approval with evidence and reasonable timing,normal,,APPROVED
order_104184,return_304184,customer_9007,agent_003,6,Customer with frequent refund requests,fraud,CUSTOMER_FREQUENT_RETURNS,APPROVED
order_100961,return_300961,customer_0101,agent_021,1,Normal refund approval with evidence and reasonable timing,normal,,APPROVED
order_104083,return_304083,customer_9002,agent_012,6,Customer with frequent refund requests,fraud,CUSTOMER_FREQUENT_RETURNS,APPROVED
order_103909,return_303909,customer_1483,agent_024,5,Manual override on high-value refund,fraud,MANUAL_OVERRIDE;HIGH_VALUE_REFUND,APPROVED
order_102114,return_302114,customer_0204,agent_014,1,Normal refund approval with evidence and reasonable timing,normal,,DECLINED
order_103949,return_303949,customer_1977,agent_008,5,Manual override on high-value refund,fraud,MANUAL_OVERRIDE;HIGH_VALUE_REFUND,APPROVED
order_102447,return_302447,customer_1834,agent_005,1,Normal refund approval with evidence and reasonable timing,normal,,APPROVED
order_100170,return_300170,customer_0124,agent_018,1,Normal refund approval with evidence and reasonable timing,normal,,APPROVED
order_102899,return_302899,customer_1769,agent_012,1,Normal refund approval with evidence and reasonable timing,normal,,DECLINED
order_104659,return_304659,customer_8003,agent_803,8,Repeated agent-customer approval pattern,fraud,REPEATED_AGENT_CUSTOMER_PAIR,APPROVED
order_101981,return_301981,customer_0595,agent_028,1,Normal refund approval with evidence and reasonable timing,normal,,APPROVED
order_101922,return_301922,customer_1271,agent_029,1,Normal refund approval with evidence and reasonable timing,normal,,DECLINED
order_103551,return_303551,customer_0667,agent_102,4,Very fast approval by support agent,fraud,FAST_APPROVAL,APPROVED
order_103054,return_303054,customer_0824,agent_015,2,High-value refund approved without evidence,fraud,NO_EVIDENCE;HIGH_VALUE_REFUND,APPROVED
order_101202,return_301202,customer_1349,agent_012,1,Normal refund approval with evidence and reasonable timing,normal,,APPROVED
order_103604,return_303604,customer_0909,agent_101,4,Very fast approval by support agent,fraud,FAST_APPROVAL,APPROVED
order_103055,return_303055,customer_1367,agent_026,2,High-value refund approved without evidence,fraud,NO_EVIDENCE;HIGH_VALUE_REFUND,APPROVED
order_100282,return_300282,customer_0104,agent_015,1,Normal refund approval with evidence and reasonable timing,normal,,DECLINED
order_100694,return_300694,customer_0383,agent_001,1,Normal refund approval with evidence and reasonable timing,normal,,APPROVED
order_103532,return_303532,customer_0006,agent_101,4,Very fast approval by support agent,fraud,FAST_APPROVAL,APPROVED
order_104928,return_304928,customer_9901,agent_901,9,"Suspicious cluster: same agent, frequent customer returns, manual overrides",fraud,SUSPICIOUS_CLUSTER;NO_EVIDENCE;MANUAL_OVERRIDE;HIGH_VALUE_REFUND,APPROVED
order_100286,return_300286,customer_0715,agent_028,1,Normal refund approval with evidence and reasonable timing,normal,,APPROVED
order_101174,return_301174,customer_0637,agent_021,1,Normal refund approval with evidence and reasonable timing,normal,,APPROVED
order_101972,return_301972,customer_0038,agent_009,1,Normal refund approval with evidence and reasonable timing,normal,,APPROVED
order_104344,return_304344,customer_1433,agent_701,7,Support agent with unusually high approval rate,fraud,AGENT_HIGH_APPROVAL_RATE,APPROVED
order_103273,return_303273,customer_1960,agent_002,3,Full-amount refund approved for expensive order,fraud,FULL_AMOUNT_REFUND;HIGH_VALUE_REFUND,APPROVED
order_100605,return_300605,customer_0753,agent_027,1,Normal refund approval with evidence and reasonable timing,normal,,APPROVED
order_101366,return_301366,customer_0612,agent_011,1,Normal refund approval with evidence and reasonable timing,normal,,APPROVED
order_104338,return_304338,customer_1803,agent_701,7,Support agent with unusually high approval rate,fraud,AGENT_HIGH_APPROVAL_RATE,APPROVED
order_104228,return_304228,customer_9003,agent_009,6,Customer with frequent refund requests,fraud,CUSTOMER_FREQUENT_RETURNS,APPROVED
order_102582,return_302582,customer_1628,agent_001,1,Normal refund approval with evidence and reasonable timing,normal,,APPROVED
order_104162,return_304162,customer_9001,agent_021,6,Customer with frequent refund requests,fraud,CUSTOMER_FREQUENT_RETURNS,APPROVED
order_101419,return_301419,customer_1664,agent_003,1,Normal refund approval with evidence and reasonable timing,normal,,DECLINED
order_101340,return_301340,customer_1086,agent_009,1,Normal refund approval with evidence and reasonable timing,normal,,APPROVED
order_102374,return_302374,customer_1553,agent_013,1,Normal refund approval with evidence and reasonable timing,normal,,APPROVED
order_104322,return_304322,customer_0736,agent_703,7,Support agent with unusually high approval rate,fraud,AGENT_HIGH_APPROVAL_RATE,APPROVED
order_104191,return_304191,customer_9006,agent_007,6,Customer with frequent refund requests,fraud,CUSTOMER_FREQUENT_RETURNS,APPROVED
order_101944,return_301944,customer_1624,agent_029,1,Normal refund approval with evidence and reasonable timing,normal,,DECLINED
order_101096,return_301096,customer_0545,agent_022,1,Normal refund approval with evidence and reasonable timing,normal,,APPROVED
order_104034,return_304034,customer_1443,agent_011,5,Manual override on high-value refund,fraud,MANUAL_OVERRIDE;HIGH_VALUE_REFUND,APPROVED
order_102075,return_302075,customer_0405,agent_011,1,Normal refund approval with evidence and reasonable timing,normal,,DECLINED
order_104922,return_304922,customer_9903,agent_901,9,"Suspicious cluster: same agent, frequent customer returns, manual overrides",fraud,SUSPICIOUS_CLUSTER;NO_EVIDENCE;MANUAL_OVERRIDE;HIGH_VALUE_REFUND,APPROVED
order_104813,return_304813,customer_9906,agent_902,9,"Suspicious cluster: same agent, frequent customer returns, manual overrides",fraud,SUSPICIOUS_CLUSTER;NO_EVIDENCE;MANUAL_OVERRIDE;HIGH_VALUE_REFUND,APPROVED
order_100331,return_300331,customer_1370,agent_004,1,Normal refund approval with evidence and reasonable timing,normal,,DECLINED
order_102779,return_302779,customer_0037,agent_015,1,Normal refund approval with evidence and reasonable timing,normal,,DECLINED
order_101705,return_301705,customer_0992,agent_013,1,Normal refund approval with evidence and reasonable timing,normal,,DECLINED
order_104642,return_304642,customer_8001,agent_801,8,Repeated agent-customer approval pattern,fraud,REPEATED_AGENT_CUSTOMER_PAIR,APPROVED
order_100815,return_300815,customer_0377,agent_013,1,Normal refund approval with evidence and reasonable timing,normal,,APPROVED
order_103968,return_303968,customer_0983,agent_018,5,Manual override on high-value refund,fraud,MANUAL_OVERRIDE;HIGH_VALUE_REFUND,APPROVED
order_102234,return_302234,customer_1408,agent_007,1,Normal refund approval with evidence and reasonable timing,normal,,APPROVED
order_104192,return_304192,customer_9007,agent_025,6,Customer with frequent refund requests,fraud,CUSTOMER_FREQUENT_RETURNS,APPROVED
order_100952,return_300952,customer_0390,agent_011,1,Normal refund approval with evidence and reasonable timing,normal,,APPROVED
order_100392,return_300392,customer_0015,agent_026,1,Normal refund approval with evidence and reasonable timing,normal,,APPROVED
order_104480,return_304480,customer_0041,agent_702,7,Support agent with unusually high approval rate,fraud,AGENT_HIGH_APPROVAL_RATE,APPROVED
order_101092,return_301092,customer_1250,agent_024,1,Normal refund approval with evidence and reasonable timing,normal,,DECLINED
order_102580,return_302580,customer_0318,agent_010,1,Normal refund approval with evidence and reasonable timing,normal,,APPROVED
order_100200,return_300200,customer_0644,agent_016,1,Normal refund approval with evidence and reasonable timing,normal,,DECLINED
order_103967,return_303967,customer_0889,agent_028,5,Manual override on high-value refund,fraud,MANUAL_OVERRIDE;HIGH_VALUE_REFUND,APPROVED
order_104079,return_304079,customer_0003,agent_029,5,Manual override on high-value refund,fraud,MANUAL_OVERRIDE;HIGH_VALUE_REFUND,APPROVED
order_103199,return_303199,customer_0266,agent_006,2,High-value refund approved without evidence,fraud,NO_EVIDENCE;HIGH_VALUE_REFUND,APPROVED
order_103218,return_303218,customer_1748,agent_030,2,High-value refund approved without evidence,fraud,NO_EVIDENCE;HIGH_VALUE_REFUND,APPROVED
order_104646,return_304646,customer_8002,agent_802,8,Repeated agent-customer approval pattern,fraud,REPEATED_AGENT_CUSTOMER_PAIR,APPROVED
order_100652,return_300652,customer_1665,agent_001,1,Normal refund approval with evidence and reasonable timing,normal,,DECLINED
order_100265,return_300265,customer_0526,agent_012,1,Normal refund approval with evidence and reasonable timing,normal,,APPROVED
order_103100,return_303100,customer_1307,agent_016,2,High-value refund approved without evidence,fraud,NO_EVIDENCE;HIGH_VALUE_REFUND,APPROVED
order_100402,return_300402,customer_0220,agent_026,1,Normal refund approval with evidence and reasonable timing,normal,,DECLINED
order_102023,return_302023,customer_1146,agent_011,1,Normal refund approval with evidence and reasonable timing,normal,,APPROVED
order_104952,return_304952,customer_9901,agent_901,9,"Suspicious cluster: same agent, frequent customer returns, manual overrides",fraud,SUSPICIOUS_CLUSTER;NO_EVIDENCE;MANUAL_OVERRIDE;HIGH_VALUE_REFUND,APPROVED
order_103657,return_303657,customer_0481,agent_102,4,Very fast approval by support agent,fraud,FAST_APPROVAL,APPROVED
order_100562,return_300562,customer_0704,agent_018,1,Normal refund approval with evidence and reasonable timing,normal,,DECLINED
order_104465,return_304465,customer_1136,agent_702,7,Support agent with unusually high approval rate,fraud,AGENT_HIGH_APPROVAL_RATE,APPROVED
order_102375,return_302375,customer_0587,agent_009,1,Normal refund approval with evidence and reasonable timing,normal,,APPROVED
order_103232,return_303232,customer_1788,agent_005,2,High-value refund approved without evidence,fraud,NO_EVIDENCE;HIGH_VALUE_REFUND,APPROVED
order_100711,return_300711,customer_1560,agent_021,1,Normal refund approval with evidence and reasonable timing,normal,,APPROVED
order_102273,return_302273,customer_0280,agent_009,1,Normal refund approval with evidence and reasonable timing,normal,,APPROVED
order_102752,return_302752,customer_0197,agent_002,1,Normal refund approval with evidence and reasonable timing,normal,,APPROVED
order_100429,return_300429,customer_1669,agent_029,1,Normal refund approval with evidence and reasonable timing,normal,,APPROVED
order_100442,return_300442,customer_1447,agent_004,1,Normal refund approval with evidence and reasonable timing,normal,,APPROVED
order_102237,return_302237,customer_0513,agent_027,1,Normal refund approval with evidence and reasonable timing,normal,,APPROVED
order_100188,return_300188,customer_0463,agent_023,1,Normal refund approval with evidence and reasonable timing,normal,,DECLINED
order_101572,return_301572,customer_1128,agent_018,1,Normal refund approval with evidence and reasonable timing,normal,,DECLINED
order_100370,return_300370,customer_1031,agent_003,1,Normal refund approval with evidence and reasonable timing,normal,,DECLINED
order_104227,return_304227,customer_9002,agent_018,6,Customer with frequent refund requests,fraud,CUSTOMER_FREQUENT_RETURNS,APPROVED
order_100377,return_300377,customer_1763,agent_013,1,Normal refund approval with evidence and reasonable timing,normal,,APPROVED
order_102908,return_302908,customer_0721,agent_016,1,Normal refund approval with evidence and reasonable timing,normal,,APPROVED
order_103680,return_303680,customer_0205,agent_101,4,Very fast approval by support agent,fraud,FAST_APPROVAL,APPROVED
order_103183,return_303183,customer_1523,agent_027,2,High-value refund approved without evidence,fraud,NO_EVIDENCE;HIGH_VALUE_REFUND,APPROVED
order_102110,return_302110,customer_0835,agent_003,1,Normal refund approval with evidence and reasonable timing,normal,,APPROVED
order_100564,return_300564,customer_1135,agent_022,1,Normal refund approval with evidence and reasonable timing,normal,,DECLINED
order_101547,return_301547,customer_1470,agent_008,1,Normal refund approval with evidence and reasonable timing,normal,,APPROVED
order_102477,return_302477,customer_0752,agent_010,1,Normal refund approval with evidence and reasonable timing,normal,,DECLINED
order_102489,return_302489,customer_0796,agent_002,1,Normal refund approval with evidence and reasonable timing,normal,,APPROVED
order_101824,return_301824,customer_0924,agent_029,1,Normal refund approval with evidence and reasonable timing,normal,,APPROVED
order_102316,return_302316,customer_0169,agent_022,1,Normal refund approval with evidence and reasonable timing,normal,,APPROVED
order_101993,return_301993,customer_0225,agent_009,1,Normal refund approval with evidence and reasonable timing,normal,,APPROVED
order_103912,return_303912,customer_1920,agent_007,5,Manual override on high-value refund,fraud,MANUAL_OVERRIDE;HIGH_VALUE_REFUND,APPROVED
order_102370,return_302370,customer_0106,agent_022,1,Normal refund approval with evidence and reasonable timing,normal,,APPROVED
order_103069,return_303069,customer_1339,agent_028,2,High-value refund approved without evidence,fraud,NO_EVIDENCE;HIGH_VALUE_REFUND,APPROVED
order_104592,return_304592,customer_8002,agent_802,8,Repeated agent-customer approval pattern,fraud,REPEATED_AGENT_CUSTOMER_PAIR,APPROVED
order_104359,return_304359,customer_0148,agent_701,7,Support agent with unusually high approval rate,fraud,AGENT_HIGH_APPROVAL_RATE,APPROVED
order_102263,return_302263,customer_1304,agent_027,1,Normal refund approval with evidence and reasonable timing,normal,,APPROVED
order_100807,return_300807,customer_1643,agent_005,1,Normal refund approval with evidence and reasonable timing,normal,,APPROVED
order_103890,return_303890,customer_0632,agent_005,5,Manual override on high-value refund,fraud,MANUAL_OVERRIDE;HIGH_VALUE_REFUND,APPROVED
order_104892,return_304892,customer_9903,agent_901,9,"Suspicious cluster: same agent, frequent customer returns, manual overrides",fraud,SUSPICIOUS_CLUSTER;NO_EVIDENCE;MANUAL_OVERRIDE;HIGH_VALUE_REFUND,APPROVED
order_104818,return_304818,customer_9902,agent_901,9,"Suspicious cluster: same agent, frequent customer returns, manual overrides",fraud,SUSPICIOUS_CLUSTER;NO_EVIDENCE;MANUAL_OVERRIDE;HIGH_VALUE_REFUND,APPROVED
order_103138,return_303138,customer_1508,agent_005,2,High-value refund approved without evidence,fraud,NO_EVIDENCE;HIGH_VALUE_REFUND,APPROVED
order_100405,return_300405,customer_1503,agent_013,1,Normal refund approval with evidence and reasonable timing,normal,,DECLINED
order_104152,return_304152,customer_9007,agent_010,6,Customer with frequent refund requests,fraud,CUSTOMER_FREQUENT_RETURNS,APPROVED
order_102784,return_302784,customer_1980,agent_004,1,Normal refund approval with evidence and reasonable timing,normal,,APPROVED
order_100324,return_300324,customer_1544,agent_007,1,Normal refund approval with evidence and reasonable timing,normal,,APPROVED
order_102383,return_302383,customer_0612,agent_015,1,Normal refund approval with evidence and reasonable timing,normal,,APPROVED
order_103475,return_303475,customer_0459,agent_012,3,Full-amount refund approved for expensive order,fraud,FULL_AMOUNT_REFUND;HIGH_VALUE_REFUND,APPROVED
order_102483,return_302483,customer_0607,agent_004,1,Normal refund approval with evidence and reasonable timing,normal,,APPROVED
order_102165,return_302165,customer_0581,agent_004,1,Normal refund approval with evidence and reasonable timing,normal,,APPROVED
order_104841,return_304841,customer_9905,agent_902,9,"Suspicious cluster: same agent, frequent customer returns, manual overrides",fraud,SUSPICIOUS_CLUSTER;NO_EVIDENCE;MANUAL_OVERRIDE;HIGH_VALUE_REFUND,APPROVED
order_104346,return_304346,customer_1688,agent_703,7,Support agent with unusually high approval rate,fraud,AGENT_HIGH_APPROVAL_RATE,APPROVED
order_100194,return_300194,customer_1582,agent_003,1,Normal refund approval with evidence and reasonable timing,normal,,APPROVED
order_104559,return_304559,customer_8002,agent_802,8,Repeated agent-customer approval pattern,fraud,REPEATED_AGENT_CUSTOMER_PAIR,APPROVED
order_100536,return_300536,customer_0651,agent_016,1,Normal refund approval with evidence and reasonable timing,normal,,DECLINED
order_100915,return_300915,customer_1585,agent_001,1,Normal refund approval with evidence and reasonable timing,normal,,APPROVED
order_102801,return_302801,customer_1643,agent_029,1,Normal refund approval with evidence and reasonable timing,normal,,DECLINED
order_100724,return_300724,customer_1364,agent_023,1,Normal refund approval with evidence and reasonable timing,normal,,DECLINED
order_101115,return_301115,customer_0372,agent_027,1,Normal refund approval with evidence and reasonable timing,normal,,APPROVED
order_102674,return_302674,customer_1354,agent_023,1,Normal refund approval with evidence and reasonable timing,normal,,DECLINED
order_103294,return_303294,customer_1111,agent_009,3,Full-amount refund approved for expensive order,fraud,FULL_AMOUNT_REFUND;HIGH_VALUE_REFUND,APPROVED
order_103712,return_303712,customer_1153,agent_101,4,Very fast approval by support agent,fraud,FAST_APPROVAL,APPROVED
order_100397,return_300397,customer_1113,agent_003,1,Normal refund approval with evidence and reasonable timing,normal,,DECLINED
order_100869,return_300869,customer_0642,agent_028,1,Normal refund approval with evidence and reasonable timing,normal,,APPROVED
order_100106,return_300106,customer_0926,agent_015,1,Normal refund approval with evidence and reasonable timing,normal,,APPROVED
order_100980,return_300980,customer_1048,agent_005,1,Normal refund approval with evidence and reasonable timing,normal,,APPROVED
order_102670,return_302670,customer_0547,agent_030,1,Normal refund approval with evidence and reasonable timing,normal,,DECLINED
order_103151,return_303151,customer_0396,agent_006,2,High-value refund approved without evidence,fraud,NO_EVIDENCE;HIGH_VALUE_REFUND,APPROVED
order_103568,return_303568,customer_1038,agent_102,4,Very fast approval by support agent,fraud,FAST_APPROVAL,APPROVED
order_101401,return_301401,customer_0780,agent_009,1,Normal refund approval with evidence and reasonable timing,normal,,APPROVED
order_103846,return_303846,customer_1271,agent_011,5,Manual override on high-value refund,fraud,MANUAL_OVERRIDE;HIGH_VALUE_REFUND,APPROVED
order_102795,return_302795,customer_0093,agent_004,1,Normal refund approval with evidence and reasonable timing,normal,,APPROVED
order_103451,return_303451,customer_1622,agent_024,3,Full-amount refund approved for expensive order,fraud,FULL_AMOUNT_REFUND;HIGH_VALUE_REFUND,APPROVED
order_101611,return_301611,customer_0179,agent_014,1,Normal refund approval with evidence and reasonable timing,normal,,APPROVED
order_100472,return_300472,customer_0285,agent_027,1,Normal refund approval with evidence and reasonable timing,normal,,APPROVED
order_103337,return_303337,customer_0275,agent_025,3,Full-amount refund approved for expensive order,fraud,FULL_AMOUNT_REFUND;HIGH_VALUE_REFUND,APPROVED
order_101079,return_301079,customer_1843,agent_025,1,Normal refund approval with evidence and reasonable timing,normal,,APPROVED
order_103814,return_303814,customer_1684,agent_003,5,Manual override on high-value refund,fraud,MANUAL_OVERRIDE;HIGH_VALUE_REFUND,APPROVED
order_102552,return_302552,customer_1639,agent_028,1,Normal refund approval with evidence and reasonable timing,normal,,APPROVED
order_103439,return_303439,customer_1156,agent_002,3,Full-amount refund approved for expensive order,fraud,FULL_AMOUNT_REFUND;HIGH_VALUE_REFUND,APPROVED
order_101625,return_301625,customer_0442,agent_016,1,Normal refund approval with evidence and reasonable timing,normal,,APPROVED
order_101054,return_301054,customer_1754,agent_015,1,Normal refund approval with evidence and reasonable timing,normal,,APPROVED
order_100841,return_300841,customer_1592,agent_008,1,Normal refund approval with evidence and reasonable timing,normal,,APPROVED
order_101731,return_301731,customer_1034,agent_024,1,Normal refund approval with evidence and reasonable timing,normal,,DECLINED
order_102518,return_302518,customer_1461,agent_001,1,Normal refund approval with evidence and reasonable timing,normal,,APPROVED
order_102411,return_302411,customer_0683,agent_012,1,Normal refund approval with evidence and reasonable timing,normal,,DECLINED
order_100692,return_300692,customer_0285,agent_030,1,Normal refund approval with evidence and reasonable timing,normal,,APPROVED
order_103083,return_303083,customer_0894,agent_101,2,High-value refund approved without evidence,fraud,NO_EVIDENCE;HIGH_VALUE_REFUND,APPROVED
order_102180,return_302180,customer_0871,agent_006,1,Normal refund approval with evidence and reasonable timing,normal,,APPROVED
order_100659,return_300659,customer_1982,agent_016,1,Normal refund approval with evidence and reasonable timing,normal,,DECLINED
order_101709,return_301709,customer_0589,agent_005,1,Normal refund approval with evidence and reasonable timing,normal,,DECLINED
order_101903,return_301903,customer_1920,agent_014,1,Normal refund approval with evidence and reasonable timing,normal,,DECLINED
order_101104,return_301104,customer_0192,agent_007,1,Normal refund approval with evidence and reasonable timing,normal,,APPROVED
order_101582,return_301582,customer_0245,agent_007,1,Normal refund approval with evidence and reasonable timing,normal,,DECLINED
order_100466,return_300466,customer_1402,agent_010,1,Normal refund approval with evidence and reasonable timing,normal,,DECLINED
order_103319,return_303319,customer_1428,agent_009,3,Full-amount refund approved for expensive order,fraud,FULL_AMOUNT_REFUND;HIGH_VALUE_REFUND,APPROVED
order_102340,return_302340,customer_1480,agent_030,1,Normal refund approval with evidence and reasonable timing,normal,,APPROVED
order_101506,return_301506,customer_1101,agent_025,1,Normal refund approval with evidence and reasonable timing,normal,,APPROVED
order_101189,return_301189,customer_1208,agent_007,1,Normal refund approval with evidence and reasonable timing,normal,,APPROVED
order_101112,return_301112,customer_1956,agent_003,1,Normal refund approval with evidence and reasonable timing,normal,,APPROVED
order_102030,return_302030,customer_0773,agent_014,1,Normal refund approval with evidence and reasonable timing,normal,,DECLINED
order_102487,return_302487,customer_0344,agent_008,1,Normal refund approval with evidence and reasonable timing,normal,,DECLINED
order_103211,return_303211,customer_0122,agent_028,2,High-value refund approved without evidence,fraud,NO_EVIDENCE;HIGH_VALUE_REFUND,APPROVED
order_103142,return_303142,customer_0656,agent_009,2,High-value refund approved without evidence,fraud,NO_EVIDENCE;HIGH_VALUE_REFUND,APPROVED
order_100636,return_300636,customer_0128,agent_003,1,Normal refund approval with evidence and reasonable timing,normal,,APPROVED
order_102532,return_302532,customer_0510,agent_001,1,Normal refund approval with evidence and reasonable timing,normal,,DECLINED
order_100745,return_300745,customer_1468,agent_027,1,Normal refund approval with evidence and reasonable timing,normal,,APPROVED
order_100131,return_300131,customer_0067,agent_019,1,Normal refund approval with evidence and reasonable timing,normal,,APPROVED
order_100642,return_300642,customer_0922,agent_025,1,Normal refund approval with evidence and reasonable timing,normal,,APPROVED
order_100319,return_300319,customer_1230,agent_022,1,Normal refund approval with evidence and reasonable timing,normal,,APPROVED
order_104203,return_304203,customer_9002,agent_017,6,Customer with frequent refund requests,fraud,CUSTOMER_FREQUENT_RETURNS,APPROVED
order_101634,return_301634,customer_0161,agent_008,1,Normal refund approval with evidence and reasonable timing,normal,,APPROVED
order_104511,return_304511,customer_0712,agent_703,7,Support agent with unusually high approval rate,fraud,AGENT_HIGH_APPROVAL_RATE,APPROVED
order_102184,return_302184,customer_1827,agent_004,1,Normal refund approval with evidence and reasonable timing,normal,,DECLINED
order_100600,return_300600,customer_1886,agent_014,1,Normal refund approval with evidence and reasonable timing,normal,,DECLINED
order_101690,return_301690,customer_0506,agent_021,1,Normal refund approval with evidence and reasonable timing,normal,,APPROVED
order_103358,return_303358,customer_0830,agent_018,3,Full-amount refund approved for expensive order,fraud,FULL_AMOUNT_REFUND;HIGH_VALUE_REFUND,APPROVED
order_104615,return_304615,customer_8001,agent_801,8,Repeated agent-customer approval pattern,fraud,REPEATED_AGENT_CUSTOMER_PAIR,APPROVED
order_104263,return_304263,customer_9006,agent_027,6,Customer with frequent refund requests,fraud,CUSTOMER_FREQUENT_RETURNS,APPROVED
order_101969,return_301969,customer_0263,agent_030,1,Normal refund approval with evidence and reasonable timing,normal,,DECLINED
order_104518,return_304518,customer_1737,agent_701,7,Support agent with unusually high approval rate,fraud,AGENT_HIGH_APPROVAL_RATE,APPROVED
order_103470,return_303470,customer_1181,agent_006,3,Full-amount refund approved for expensive order,fraud,FULL_AMOUNT_REFUND;HIGH_VALUE_REFUND,APPROVED
order_101396,return_301396,customer_1167,agent_013,1,Normal refund approval with evidence and reasonable timing,normal,,DECLINED
order_101963,return_301963,customer_1159,agent_007,1,Normal refund approval with evidence and reasonable timing,normal,,APPROVED
order_104108,return_304108,customer_9003,agent_017,6,Customer with frequent refund requests,fraud,CUSTOMER_FREQUENT_RETURNS,APPROVED
order_101884,return_301884,customer_0692,agent_002,1,Normal refund approval with evidence and reasonable timing,normal,,APPROVED
order_102800,return_302800,customer_1876,agent_023,1,Normal refund approval with evidence and reasonable timing,normal,,DECLINED
order_103633,return_303633,customer_1046,agent_103,4,Very fast approval by support agent,fraud,FAST_APPROVAL,APPROVED
order_104669,return_304669,customer_8001,agent_801,8,Repeated agent-customer approval pattern,fraud,REPEATED_AGENT_CUSTOMER_PAIR,APPROVED
order_102581,return_302581,customer_0055,agent_015,1,Normal refund approval with evidence and reasonable timing,normal,,APPROVED
order_100753,return_300753,customer_1321,agent_016,1,Normal refund approval with evidence and reasonable timing,normal,,APPROVED
order_104617,return_304617,customer_8003,agent_803,8,Repeated agent-customer approval pattern,fraud,REPEATED_AGENT_CUSTOMER_PAIR,APPROVED
order_102648,return_302648,customer_1689,agent_004,1,Normal refund approval with evidence and reasonable timing,normal,,APPROVED
order_100453,return_300453,customer_0577,agent_023,1,Normal refund approval with evidence and reasonable timing,normal,,APPROVED
order_101269,return_301269,customer_0886,agent_027,1,Normal refund approval with evidence and reasonable timing,normal,,DECLINED
order_101464,return_301464,customer_1607,agent_011,1,Normal refund approval with evidence and reasonable timing,normal,,APPROVED
order_102696,return_302696,customer_1884,agent_028,1,Normal refund approval with evidence and reasonable timing,normal,,APPROVED
order_104440,return_304440,customer_0714,agent_701,7,Support agent with unusually high approval rate,fraud,AGENT_HIGH_APPROVAL_RATE,APPROVED
order_103866,return_303866,customer_1575,agent_018,5,Manual override on high-value refund,fraud,MANUAL_OVERRIDE;HIGH_VALUE_REFUND,APPROVED
order_100592,return_300592,customer_1266,agent_008,1,Normal refund approval with evidence and reasonable timing,normal,,APPROVED
order_100726,return_300726,customer_1795,agent_025,1,Normal refund approval with evidence and reasonable timing,normal,,APPROVED
order_103389,return_303389,customer_1015,agent_028,3,Full-amount refund approved for expensive order,fraud,FULL_AMOUNT_REFUND;HIGH_VALUE_REFUND,APPROVED
order_101773,return_301773,customer_0228,agent_019,1,Normal refund approval with evidence and reasonable timing,normal,,DECLINED
order_103951,return_303951,customer_0713,agent_014,5,Manual override on high-value refund,fraud,MANUAL_OVERRIDE;HIGH_VALUE_REFUND,APPROVED
order_101954,return_301954,customer_0286,agent_027,1,Normal refund approval with evidence and reasonable timing,normal,,APPROVED
order_101315,return_301315,customer_1913,agent_021,1,Normal refund approval with evidence and reasonable timing,normal,,APPROVED
order_103939,return_303939,customer_0795,agent_005,5,Manual override on high-value refund,fraud,MANUAL_OVERRIDE;HIGH_VALUE_REFUND,APPROVED
order_102663,return_302663,customer_1006,agent_008,1,Normal refund approval with evidence and reasonable timing,normal,,APPROVED
order_104260,return_304260,customer_9003,agent_029,6,Customer with frequent refund requests,fraud,CUSTOMER_FREQUENT_RETURNS,APPROVED
order_104447,return_304447,customer_0155,agent_702,7,Support agent with unusually high approval rate,fraud,AGENT_HIGH_APPROVAL_RATE,APPROVED
order_104197,return_304197,customer_9004,agent_017,6,Customer with frequent refund requests,fraud,CUSTOMER_FREQUENT_RETURNS,APPROVED
order_103268,return_303268,customer_0905,agent_018,3,Full-amount refund approved for expensive order,fraud,FULL_AMOUNT_REFUND;HIGH_VALUE_REFUND,APPROVED
order_104673,return_304673,customer_8002,agent_802,8,Repeated agent-customer approval pattern,fraud,REPEATED_AGENT_CUSTOMER_PAIR,APPROVED
order_100797,return_300797,customer_0636,agent_001,1,Normal refund approval with evidence and reasonable timing,normal,,APPROVED
order_103842,return_303842,customer_1274,agent_024,5,Manual override on high-value refund,fraud,MANUAL_OVERRIDE;HIGH_VALUE_REFUND,APPROVED
order_101532,return_301532,customer_1234,agent_013,1,Normal refund approval with evidence and reasonable timing,normal,,DECLINED
order_104316,return_304316,customer_9003,agent_023,6,Customer with frequent refund requests,fraud,CUSTOMER_FREQUENT_RETURNS,APPROVED
order_101952,return_301952,customer_1472,agent_004,1,Normal refund approval with evidence and reasonable timing,normal,,APPROVED
order_101862,return_301862,customer_1200,agent_026,1,Normal refund approval with evidence and reasonable timing,normal,,DECLINED
order_100630,return_300630,customer_0828,agent_023,1,Normal refund approval with evidence and reasonable timing,normal,,DECLINED
order_101619,return_301619,customer_0305,agent_011,1,Normal refund approval with evidence and reasonable timing,normal,,APPROVED
order_102713,return_302713,customer_1081,agent_008,1,Normal refund approval with evidence and reasonable timing,normal,,APPROVED
order_104015,return_304015,customer_1124,agent_019,5,Manual override on high-value refund,fraud,MANUAL_OVERRIDE;HIGH_VALUE_REFUND,APPROVED
order_104677,return_304677,customer_8003,agent_803,8,Repeated agent-customer approval pattern,fraud,REPEATED_AGENT_CUSTOMER_PAIR,APPROVED
order_102850,return_302850,customer_1091,agent_018,1,Normal refund approval with evidence and reasonable timing,normal,,DECLINED
order_104720,return_304720,customer_8001,agent_801,8,Repeated agent-customer approval pattern,fraud,REPEATED_AGENT_CUSTOMER_PAIR,APPROVED
order_101471,return_301471,customer_1713,agent_024,1,Normal refund approval with evidence and reasonable timing,normal,,DECLINED
order_101973,return_301973,customer_1897,agent_027,1,Normal refund approval with evidence and reasonable timing,normal,,APPROVED
order_102591,return_302591,customer_0310,agent_012,1,Normal refund approval with evidence and reasonable timing,normal,,APPROVED
order_102429,return_302429,customer_0624,agent_028,1,Normal refund approval with evidence and reasonable timing,normal,,APPROVED
order_103152,return_303152,customer_0746,agent_005,2,High-value refund approved without evidence,fraud,NO_EVIDENCE;HIGH_VALUE_REFUND,APPROVED
order_100844,return_300844,customer_1263,agent_007,1,Normal refund approval with evidence and reasonable timing,normal,,APPROVED
order_100828,return_300828,customer_1316,agent_015,1,Normal refund approval with evidence and reasonable timing,normal,,APPROVED
order_104643,return_304643,customer_8002,agent_802,8,Repeated agent-customer approval pattern,fraud,REPEATED_AGENT_CUSTOMER_PAIR,APPROVED
order_102824,return_302824,customer_0267,agent_029,1,Normal refund approval with evidence and reasonable timing,normal,,APPROVED
order_100129,return_300129,customer_1782,agent_024,1,Normal refund approval with evidence and reasonable timing,normal,,APPROVED
order_102926,return_302926,customer_1269,agent_002,1,Normal refund approval with evidence and reasonable timing,normal,,APPROVED
order_102232,return_302232,customer_1547,agent_023,1,Normal refund approval with evidence and reasonable timing,normal,,DECLINED
order_104039,return_304039,customer_1884,agent_029,5,Manual override on high-value refund,fraud,MANUAL_OVERRIDE;HIGH_VALUE_REFUND,APPROVED
order_104059,return_304059,customer_0863,agent_020,5,Manual override on high-value refund,fraud,MANUAL_OVERRIDE;HIGH_VALUE_REFUND,APPROVED
order_100988,return_300988,customer_1377,agent_027,1,Normal refund approval with evidence and reasonable timing,normal,,DECLINED
order_102851,return_302851,customer_1728,agent_029,1,Normal refund approval with evidence and reasonable timing,normal,,APPROVED
order_101124,return_301124,customer_0808,agent_017,1,Normal refund approval with evidence and reasonable timing,normal,,APPROVED
order_100126,return_300126,customer_1325,agent_025,1,Normal refund approval with evidence and reasonable timing,normal,,DECLINED
order_101772,return_301772,customer_1800,agent_001,1,Normal refund approval with evidence and reasonable timing,normal,,APPROVED
order_102158,return_302158,customer_0247,agent_030,1,Normal refund approval with evidence and reasonable timing,normal,,APPROVED
order_103679,return_303679,customer_1686,agent_103,4,Very fast approval by support agent,fraud,FAST_APPROVAL,APPROVED
order_101687,return_301687,customer_1510,agent_015,1,Normal refund approval with evidence and reasonable timing,normal,,APPROVED
order_104413,return_304413,customer_1783,agent_701,7,Support agent with unusually high approval rate,fraud,AGENT_HIGH_APPROVAL_RATE,APPROVED
order_100051,return_300051,customer_0583,agent_019,1,Normal refund approval with evidence and reasonable timing,normal,,APPROVED
order_104771,return_304771,customer_9904,agent_902,9,"Suspicious cluster: same agent, frequent customer returns, manual overrides",fraud,SUSPICIOUS_CLUSTER;NO_EVIDENCE;MANUAL_OVERRIDE;HIGH_VALUE_REFUND,APPROVED
order_102974,return_302974,customer_1025,agent_029,2,High-value refund approved without evidence,fraud,NO_EVIDENCE;HIGH_VALUE_REFUND,APPROVED
order_103249,return_303249,customer_0009,agent_006,2,High-value refund approved without evidence,fraud,NO_EVIDENCE;HIGH_VALUE_REFUND,APPROVED
order_102467,return_302467,customer_0065,agent_019,1,Normal refund approval with evidence and reasonable timing,normal,,APPROVED
order_102817,return_302817,customer_0019,agent_015,1,Normal refund approval with evidence and reasonable timing,normal,,APPROVED
order_104154,return_304154,customer_9001,agent_024,6,Customer with frequent refund requests,fraud,CUSTOMER_FREQUENT_RETURNS,APPROVED
order_100372,return_300372,customer_1437,agent_022,1,Normal refund approval with evidence and reasonable timing,normal,,APPROVED
order_101889,return_301889,customer_1697,agent_005,1,Normal refund approval with evidence and reasonable timing,normal,,DECLINED
order_100026,return_300026,customer_1886,agent_022,1,Normal refund approval with evidence and reasonable timing,normal,,DECLINED
order_101909,return_301909,customer_1027,agent_009,1,Normal refund approval with evidence and reasonable timing,normal,,APPROVED
order_102758,return_302758,customer_0738,agent_021,1,Normal refund approval with evidence and reasonable timing,normal,,DECLINED
order_104262,return_304262,customer_9005,agent_002,6,Customer with frequent refund requests,fraud,CUSTOMER_FREQUENT_RETURNS,APPROVED
order_101842,return_301842,customer_0928,agent_001,1,Normal refund approval with evidence and reasonable timing,normal,,APPROVED
order_102813,return_302813,customer_1446,agent_009,1,Normal refund approval with evidence and reasonable timing,normal,,APPROVED
order_100583,return_300583,customer_0185,agent_010,1,Normal refund approval with evidence and reasonable timing,normal,,DECLINED
order_104394,return_304394,customer_1505,agent_703,7,Support agent with unusually high approval rate,fraud,AGENT_HIGH_APPROVAL_RATE,APPROVED
order_100849,return_300849,customer_0537,agent_010,1,Normal refund approval with evidence and reasonable timing,normal,,APPROVED
order_103256,return_303256,customer_0666,agent_014,3,Full-amount refund approved for expensive order,fraud,FULL_AMOUNT_REFUND;HIGH_VALUE_REFUND,APPROVED
order_104940,return_304940,customer_9903,agent_901,9,"Suspicious cluster: same agent, frequent customer returns, manual overrides",fraud,SUSPICIOUS_CLUSTER;NO_EVIDENCE;MANUAL_OVERRIDE;HIGH_VALUE_REFUND,APPROVED
order_101879,return_301879,customer_1635,agent_027,1,Normal refund approval with evidence and reasonable timing,normal,,APPROVED
order_101953,return_301953,customer_1627,agent_020,1,Normal refund approval with evidence and reasonable timing,normal,,APPROVED
order_100080,return_300080,customer_1811,agent_020,1,Normal refund approval with evidence and reasonable timing,normal,,DECLINED
order_102608,return_302608,customer_0314,agent_004,1,Normal refund approval with evidence and reasonable timing,normal,,DECLINED
order_101321,return_301321,customer_1999,agent_022,1,Normal refund approval with evidence and reasonable timing,normal,,APPROVED
order_102403,return_302403,customer_0903,agent_029,1,Normal refund approval with evidence and reasonable timing,normal,,APPROVED
order_100989,return_300989,customer_0396,agent_003,1,Normal refund approval with evidence and reasonable timing,normal,,APPROVED
order_103076,return_303076,customer_0074,agent_018,2,High-value refund approved without evidence,fraud,NO_EVIDENCE;HIGH_VALUE_REFUND,APPROVED
order_100518,return_300518,customer_1088,agent_014,1,Normal refund approval with evidence and reasonable timing,normal,,APPROVED
order_102791,return_302791,customer_0154,agent_004,1,Normal refund approval with evidence and reasonable timing,normal,,APPROVED
order_103672,return_303672,customer_0028,agent_103,4,Very fast approval by support agent,fraud,FAST_APPROVAL,APPROVED
order_103821,return_303821,customer_1310,agent_014,5,Manual override on high-value refund,fraud,MANUAL_OVERRIDE;HIGH_VALUE_REFUND,APPROVED
order_104913,return_304913,customer_9904,agent_902,9,"Suspicious cluster: same agent, frequent customer returns, manual overrides",fraud,SUSPICIOUS_CLUSTER;NO_EVIDENCE;MANUAL_OVERRIDE;HIGH_VALUE_REFUND,APPROVED
order_103492,return_303492,customer_1488,agent_102,3,Full-amount refund approved for expensive order,fraud,FULL_AMOUNT_REFUND;HIGH_VALUE_REFUND,APPROVED
order_100709,return_300709,customer_0798,agent_001,1,Normal refund approval with evidence and reasonable timing,normal,,APPROVED
order_102410,return_302410,customer_0021,agent_026,1,Normal refund approval with evidence and reasonable timing,normal,,DECLINED
order_100432,return_300432,customer_1092,agent_018,1,Normal refund approval with evidence and reasonable timing,normal,,DECLINED
order_101782,return_301782,customer_1026,agent_012,1,Normal refund approval with evidence and reasonable timing,normal,,DECLINED
order_101770,return_301770,customer_1107,agent_009,1,Normal refund approval with evidence and reasonable timing,normal,,DECLINED
order_100440,return_300440,customer_1324,agent_027,1,Normal refund approval with evidence and reasonable timing,normal,,DECLINED
order_101323,return_301323,customer_1412,agent_016,1,Normal refund approval with evidence and reasonable timing,normal,,DECLINED
order_103822,return_303822,customer_1860,agent_010,5,Manual override on high-value refund,fraud,MANUAL_OVERRIDE;HIGH_VALUE_REFUND,APPROVED
order_100090,return_300090,customer_1438,agent_026,1,Normal refund approval with evidence and reasonable timing,normal,,APPROVED
order_104632,return_304632,customer_8003,agent_803,8,Repeated agent-customer approval pattern,fraud,REPEATED_AGENT_CUSTOMER_PAIR,APPROVED
order_101023,return_301023,customer_0433,agent_007,1,Normal refund approval with evidence and reasonable timing,normal,,APPROVED
order_100837,return_300837,customer_0746,agent_027,1,Normal refund approval with evidence and reasonable timing,normal,,DECLINED
order_100092,return_300092,customer_0198,agent_014,1,Normal refund approval with evidence and reasonable timing,normal,,APPROVED
order_102864,return_302864,customer_0512,agent_002,1,Normal refund approval with evidence and reasonable timing,normal,,DECLINED
order_101145,return_301145,customer_0445,agent_008,1,Normal refund approval with evidence and reasonable timing,normal,,APPROVED
order_100485,return_300485,customer_1081,agent_026,1,Normal refund approval with evidence and reasonable timing,normal,,APPROVED
order_103386,return_303386,customer_1747,agent_024,3,Full-amount refund approved for expensive order,fraud,FULL_AMOUNT_REFUND;HIGH_VALUE_REFUND,APPROVED
order_100939,return_300939,customer_1591,agent_008,1,Normal refund approval with evidence and reasonable timing,normal,,APPROVED
order_102346,return_302346,customer_1895,agent_013,1,Normal refund approval with evidence and reasonable timing,normal,,APPROVED
order_104071,return_304071,customer_0127,agent_005,5,Manual override on high-value refund,fraud,MANUAL_OVERRIDE;HIGH_VALUE_REFUND,APPROVED
order_103910,return_303910,customer_0295,agent_009,5,Manual override on high-value refund,fraud,MANUAL_OVERRIDE;HIGH_VALUE_REFUND,APPROVED
order_102511,return_302511,customer_0847,agent_007,1,Normal refund approval with evidence and reasonable timing,normal,,APPROVED
order_101442,return_301442,customer_0815,agent_005,1,Normal refund approval with evidence and reasonable timing,normal,,APPROVED
order_103891,return_303891,customer_1711,agent_101,5,Manual override on high-value refund,fraud,MANUAL_OVERRIDE;HIGH_VALUE_REFUND,APPROVED
order_104605,return_304605,customer_8003,agent_803,8,Repeated agent-customer approval pattern,fraud,REPEATED_AGENT_CUSTOMER_PAIR,APPROVED
order_103979,return_303979,customer_1896,agent_020,5,Manual override on high-value refund,fraud,MANUAL_OVERRIDE;HIGH_VALUE_REFUND,APPROVED
order_103157,return_303157,customer_1730,agent_008,2,High-value refund approved without evidence,fraud,NO_EVIDENCE;HIGH_VALUE_REFUND,APPROVED
order_104434,return_304434,customer_1165,agent_701,7,Support agent with unusually high approval rate,fraud,AGENT_HIGH_APPROVAL_RATE,APPROVED
order_103570,return_303570,customer_1305,agent_101,4,Very fast approval by support agent,fraud,FAST_APPROVAL,APPROVED
order_101030,return_301030,customer_1238,agent_026,1,Normal refund approval with evidence and reasonable timing,normal,,APPROVED
order_103549,return_303549,customer_0029,agent_102,4,Very fast approval by support agent,fraud,FAST_APPROVAL,APPROVED
order_104583,return_304583,customer_8002,agent_802,8,Repeated agent-customer approval pattern,fraud,REPEATED_AGENT_CUSTOMER_PAIR,APPROVED
order_104365,return_304365,customer_1666,agent_701,7,Support agent with unusually high approval rate,fraud,AGENT_HIGH_APPROVAL_RATE,APPROVED
order_102558,return_302558,customer_0795,agent_007,1,Normal refund approval with evidence and reasonable timing,normal,,APPROVED
order_100806,return_300806,customer_0571,agent_024,1,Normal refund approval with evidence and reasonable timing,normal,,DECLINED
order_100920,return_300920,customer_1130,agent_025,1,Normal refund approval with evidence and reasonable timing,normal,,APPROVED
order_100649,return_300649,customer_1042,agent_016,1,Normal refund approval with evidence and reasonable timing,normal,,APPROVED
order_101033,return_301033,customer_1613,agent_014,1,Normal refund approval with evidence and reasonable timing,normal,,DECLINED
order_100021,return_300021,customer_1535,agent_020,1,Normal refund approval with evidence and reasonable timing,normal,,DECLINED
order_101382,return_301382,customer_0035,agent_009,1,Normal refund approval with evidence and reasonable timing,normal,,APPROVED
order_102191,return_302191,customer_1811,agent_016,1,Normal refund approval with evidence and reasonable timing,normal,,APPROVED
order_104207,return_304207,customer_9006,agent_004,6,Customer with frequent refund requests,fraud,CUSTOMER_FREQUENT_RETURNS,APPROVED
order_102693,return_302693,customer_0560,agent_008,1,Normal refund approval with evidence and reasonable timing,normal,,APPROVED
order_100244,return_300244,customer_1008,agent_014,1,Normal refund approval with evidence and reasonable timing,normal,,APPROVED
order_103961,return_303961,customer_0609,agent_008,5,Manual override on high-value refund,fraud,MANUAL_OVERRIDE;HIGH_VALUE_REFUND,APPROVED
order_103302,return_303302,customer_1279,agent_003,3,Full-amount refund approved for expensive order,fraud,FULL_AMOUNT_REFUND;HIGH_VALUE_REFUND,APPROVED
order_100842,return_300842,customer_0459,agent_026,1,Normal refund approval with evidence and reasonable timing,normal,,APPROVED
order_102917,return_302917,customer_0128,agent_030,1,Normal refund approval with evidence and reasonable timing,normal,,DECLINED
order_100932,return_300932,customer_0224,agent_012,1,Normal refund approval with evidence and reasonable timing,normal,,APPROVED
order_103454,return_303454,customer_1560,agent_005,3,Full-amount refund approved for expensive order,fraud,FULL_AMOUNT_REFUND;HIGH_VALUE_REFUND,APPROVED
order_103241,return_303241,customer_1419,agent_023,2,High-value refund approved without evidence,fraud,NO_EVIDENCE;HIGH_VALUE_REFUND,APPROVED
order_103412,return_303412,customer_1009,agent_005,3,Full-amount refund approved for expensive order,fraud,FULL_AMOUNT_REFUND;HIGH_VALUE_REFUND,APPROVED
order_103870,return_303870,customer_0637,agent_028,5,Manual override on high-value refund,fraud,MANUAL_OVERRIDE;HIGH_VALUE_REFUND,APPROVED
order_103736,return_303736,customer_0793,agent_102,4,Very fast approval by support agent,fraud,FAST_APPROVAL,APPROVED
order_101598,return_301598,customer_1912,agent_004,1,Normal refund approval with evidence and reasonable timing,normal,,APPROVED
order_103284,return_303284,customer_0194,agent_022,3,Full-amount refund approved for expensive order,fraud,FULL_AMOUNT_REFUND;HIGH_VALUE_REFUND,APPROVED
order_104011,return_304011,customer_1817,agent_017,5,Manual override on high-value refund,fraud,MANUAL_OVERRIDE;HIGH_VALUE_REFUND,APPROVED
order_102206,return_302206,customer_1364,agent_016,1,Normal refund approval with evidence and reasonable timing,normal,,APPROVED
order_102873,return_302873,customer_0720,agent_014,1,Normal refund approval with evidence and reasonable timing,normal,,APPROVED
order_100159,return_300159,customer_0122,agent_021,1,Normal refund approval with evidence and reasonable timing,normal,,APPROVED
order_100121,return_300121,customer_1098,agent_020,1,Normal refund approval with evidence and reasonable timing,normal,,APPROVED
order_101068,return_301068,customer_1871,agent_017,1,Normal refund approval with evidence and reasonable timing,normal,,APPROVED
order_103854,return_303854,customer_0466,agent_008,5,Manual override on high-value refund,fraud,MANUAL_OVERRIDE;HIGH_VALUE_REFUND,APPROVED
order_104546,return_304546,customer_0652,agent_702,7,Support agent with unusually high approval rate,fraud,AGENT_HIGH_APPROVAL_RATE,APPROVED
order_103000,return_303000,customer_1023,agent_016,2,High-value refund approved without evidence,fraud,NO_EVIDENCE;HIGH_VALUE_REFUND,APPROVED
order_103895,return_303895,customer_0636,agent_028,5,Manual override on high-value refund,fraud,MANUAL_OVERRIDE;HIGH_VALUE_REFUND,APPROVED
order_101050,return_301050,customer_0812,agent_025,1,Normal refund approval with evidence and reasonable timing,normal,,APPROVED
order_102261,return_302261,customer_0843,agent_015,1,Normal refund approval with evidence and reasonable timing,normal,,APPROVED
order_100197,return_300197,customer_1068,agent_019,1,Normal refund approval with evidence and reasonable timing,normal,,APPROVED
order_102055,return_302055,customer_1565,agent_016,1,Normal refund approval with evidence and reasonable timing,normal,,APPROVED
order_100861,return_300861,customer_1981,agent_027,1,Normal refund approval with evidence and reasonable timing,normal,,APPROVED
order_104300,return_304300,customer_9003,agent_018,6,Customer with frequent refund requests,fraud,CUSTOMER_FREQUENT_RETURNS,APPROVED
order_100443,return_300443,customer_1574,agent_002,1,Normal refund approval with evidence and reasonable timing,normal,,DECLINED
order_102562,return_302562,customer_0925,agent_023,1,Normal refund approval with evidence and reasonable timing,normal,,APPROVED
order_104842,return_304842,customer_9901,agent_901,9,"Suspicious cluster: same agent, frequent customer returns, manual overrides",fraud,SUSPICIOUS_CLUSTER;NO_EVIDENCE;MANUAL_OVERRIDE;HIGH_VALUE_REFUND,APPROVED
order_101984,return_301984,customer_0245,agent_026,1,Normal refund approval with evidence and reasonable timing,normal,,APPROVED
order_104698,return_304698,customer_8003,agent_803,8,Repeated agent-customer approval pattern,fraud,REPEATED_AGENT_CUSTOMER_PAIR,APPROVED
order_102129,return_302129,customer_0753,agent_023,1,Normal refund approval with evidence and reasonable timing,normal,,APPROVED
order_104431,return_304431,customer_0049,agent_701,7,Support agent with unusually high approval rate,fraud,AGENT_HIGH_APPROVAL_RATE,APPROVED
order_103945,return_303945,customer_1726,agent_001,5,Manual override on high-value refund,fraud,MANUAL_OVERRIDE;HIGH_VALUE_REFUND,APPROVED
order_104488,return_304488,customer_1300,agent_701,7,Support agent with unusually high approval rate,fraud,AGENT_HIGH_APPROVAL_RATE,APPROVED
order_104077,return_304077,customer_0709,agent_009,5,Manual override on high-value refund,fraud,MANUAL_OVERRIDE;HIGH_VALUE_REFUND,APPROVED
order_101794,return_301794,customer_0990,agent_019,1,Normal refund approval with evidence and reasonable timing,normal,,APPROVED
order_101583,return_301583,customer_0167,agent_019,1,Normal refund approval with evidence and reasonable timing,normal,,APPROVED
order_101097,return_301097,customer_1717,agent_019,1,Normal refund approval with evidence and reasonable timing,normal,,APPROVED
order_100972,return_300972,customer_1991,agent_028,1,Normal refund approval with evidence and reasonable timing,normal,,APPROVED
order_101885,return_301885,customer_0433,agent_022,1,Normal refund approval with evidence and reasonable timing,normal,,DECLINED
order_104135,return_304135,customer_9006,agent_002,6,Customer with frequent refund requests,fraud,CUSTOMER_FREQUENT_RETURNS,APPROVED
order_103785,return_303785,customer_0329,agent_103,4,Very fast approval by support agent,fraud,FAST_APPROVAL,APPROVED
order_103864,return_303864,customer_1186,agent_009,5,Manual override on high-value refund,fraud,MANUAL_OVERRIDE;HIGH_VALUE_REFUND,APPROVED
order_104395,return_304395,customer_0452,agent_701,7,Support agent with unusually high approval rate,fraud,AGENT_HIGH_APPROVAL_RATE,APPROVED
order_103608,return_303608,customer_1438,agent_103,4,Very fast approval by support agent,fraud,FAST_APPROVAL,APPROVED
order_100214,return_300214,customer_0736,agent_028,1,Normal refund approval with evidence and reasonable timing,normal,,APPROVED
order_104627,return_304627,customer_8001,agent_801,8,Repeated agent-customer approval pattern,fraud,REPEATED_AGENT_CUSTOMER_PAIR,APPROVED
order_101840,return_301840,customer_0794,agent_027,1,Normal refund approval with evidence and reasonable timing,normal,,DECLINED
order_103252,return_303252,customer_0308,agent_001,3,Full-amount refund approved for expensive order,fraud,FULL_AMOUNT_REFUND;HIGH_VALUE_REFUND,APPROVED
order_100670,return_300670,customer_0026,agent_004,1,Normal refund approval with evidence and reasonable timing,normal,,APPROVED
order_100832,return_300832,customer_1372,agent_007,1,Normal refund approval with evidence and reasonable timing,normal,,DECLINED
order_103692,return_303692,customer_0894,agent_101,4,Very fast approval by support agent,fraud,FAST_APPROVAL,APPROVED
order_104638,return_304638,customer_8003,agent_803,8,Repeated agent-customer approval pattern,fraud,REPEATED_AGENT_CUSTOMER_PAIR,APPROVED
order_104345,return_304345,customer_1846,agent_702,7,Support agent with unusually high approval rate,fraud,AGENT_HIGH_APPROVAL_RATE,APPROVED
order_100086,return_300086,customer_1775,agent_022,1,Normal refund approval with evidence and reasonable timing,normal,,APPROVED
order_101902,return_301902,customer_1040,agent_017,1,Normal refund approval with evidence and reasonable timing,normal,,APPROVED
order_101521,return_301521,customer_1133,agent_029,1,Normal refund approval with evidence and reasonable timing,normal,,DECLINED
order_101876,return_301876,customer_1559,agent_019,1,Normal refund approval with evidence and reasonable timing,normal,,DECLINED
order_103029,return_303029,customer_0905,agent_025,2,High-value refund approved without evidence,fraud,NO_EVIDENCE;HIGH_VALUE_REFUND,APPROVED
order_103421,return_303421,customer_1594,agent_012,3,Full-amount refund approved for expensive order,fraud,FULL_AMOUNT_REFUND;HIGH_VALUE_REFUND,APPROVED
order_101262,return_301262,customer_1874,agent_025,1,Normal refund approval with evidence and reasonable timing,normal,,APPROVED
order_100081,return_300081,customer_1938,agent_002,1,Normal refund approval with evidence and reasonable timing,normal,,APPROVED
order_102230,return_302230,customer_0761,agent_017,1,Normal refund approval with evidence and reasonable timing,normal,,DECLINED
order_104446,return_304446,customer_0697,agent_701,7,Support agent with unusually high approval rate,fraud,AGENT_HIGH_APPROVAL_RATE,APPROVED
order_103922,return_303922,customer_1015,agent_012,5,Manual override on high-value refund,fraud,MANUAL_OVERRIDE;HIGH_VALUE_REFUND,APPROVED
order_103202,return_303202,customer_0929,agent_018,2,High-value refund approved without evidence,fraud,NO_EVIDENCE;HIGH_VALUE_REFUND,APPROVED
order_102436,return_302436,customer_0559,agent_024,1,Normal refund approval with evidence and reasonable timing,normal,,APPROVED
order_102431,return_302431,customer_0601,agent_005,1,Normal refund approval with evidence and reasonable timing,normal,,DECLINED
order_100165,return_300165,customer_1877,agent_021,1,Normal refund approval with evidence and reasonable timing,normal,,DECLINED
order_102566,return_302566,customer_0526,agent_030,1,Normal refund approval with evidence and reasonable timing,normal,,APPROVED
order_103197,return_303197,customer_1572,agent_002,2,High-value refund approved without evidence,fraud,NO_EVIDENCE;HIGH_VALUE_REFUND,APPROVED
order_102668,return_302668,customer_1797,agent_010,1,Normal refund approval with evidence and reasonable timing,normal,,APPROVED
order_101975,return_301975,customer_1177,agent_024,1,Normal refund approval with evidence and reasonable timing,normal,,APPROVED
order_103042,return_303042,customer_1672,agent_029,2,High-value refund approved without evidence,fraud,NO_EVIDENCE;HIGH_VALUE_REFUND,APPROVED
order_104393,return_304393,customer_0474,agent_702,7,Support agent with unusually high approval rate,fraud,AGENT_HIGH_APPROVAL_RATE,APPROVED
order_101219,return_301219,customer_1451,agent_001,1,Normal refund approval with evidence and reasonable timing,normal,,APPROVED
order_103191,return_303191,customer_1001,agent_001,2,High-value refund approved without evidence,fraud,NO_EVIDENCE;HIGH_VALUE_REFUND,APPROVED
order_102870,return_302870,customer_0640,agent_002,1,Normal refund approval with evidence and reasonable timing,normal,,DECLINED
order_104829,return_304829,customer_9904,agent_902,9,"Suspicious cluster: same agent, frequent customer returns, manual overrides",fraud,SUSPICIOUS_CLUSTER;NO_EVIDENCE;MANUAL_OVERRIDE;HIGH_VALUE_REFUND,APPROVED
order_101245,return_301245,customer_1429,agent_021,1,Normal refund approval with evidence and reasonable timing,normal,,APPROVED
order_100055,return_300055,customer_0580,agent_023,1,Normal refund approval with evidence and reasonable timing,normal,,DECLINED
order_101495,return_301495,customer_1828,agent_018,1,Normal refund approval with evidence and reasonable timing,normal,,DECLINED
order_103674,return_303674,customer_1130,agent_102,4,Very fast approval by support agent,fraud,FAST_APPROVAL,APPROVED
order_102743,return_302743,customer_0122,agent_007,1,Normal refund approval with evidence and reasonable timing,normal,,APPROVED
order_101005,return_301005,customer_0159,agent_030,1,Normal refund approval with evidence and reasonable timing,normal,,APPROVED
order_103908,return_303908,customer_1777,agent_029,5,Manual override on high-value refund,fraud,MANUAL_OVERRIDE;HIGH_VALUE_REFUND,APPROVED
order_103115,return_303115,customer_0670,agent_023,2,High-value refund approved without evidence,fraud,NO_EVIDENCE;HIGH_VALUE_REFUND,APPROVED
order_102621,return_302621,customer_1307,agent_009,1,Normal refund approval with evidence and reasonable timing,normal,,DECLINED
order_104807,return_304807,customer_9904,agent_902,9,"Suspicious cluster: same agent, frequent customer returns, manual overrides",fraud,SUSPICIOUS_CLUSTER;NO_EVIDENCE;MANUAL_OVERRIDE;HIGH_VALUE_REFUND,APPROVED
order_101237,return_301237,customer_1642,agent_025,1,Normal refund approval with evidence and reasonable timing,normal,,APPROVED
order_103620,return_303620,customer_0653,agent_102,4,Very fast approval by support agent,fraud,FAST_APPROVAL,APPROVED
order_102861,return_302861,customer_1387,agent_018,1,Normal refund approval with evidence and reasonable timing,normal,,DECLINED
order_104517,return_304517,customer_0679,agent_703,7,Support agent with unusually high approval rate,fraud,AGENT_HIGH_APPROVAL_RATE,APPROVED
order_102808,return_302808,customer_0472,agent_017,1,Normal refund approval with evidence and reasonable timing,normal,,APPROVED
order_104868,return_304868,customer_9903,agent_901,9,"Suspicious cluster: same agent, frequent customer returns, manual overrides",fraud,SUSPICIOUS_CLUSTER;NO_EVIDENCE;MANUAL_OVERRIDE;HIGH_VALUE_REFUND,APPROVED
order_103656,return_303656,customer_1508,agent_101,4,Very fast approval by support agent,fraud,FAST_APPROVAL,APPROVED
order_103107,return_303107,customer_0093,agent_009,2,High-value refund approved without evidence,fraud,NO_EVIDENCE;HIGH_VALUE_REFUND,APPROVED
order_104287,return_304287,customer_9006,agent_102,6,Customer with frequent refund requests,fraud,CUSTOMER_FREQUENT_RETURNS,APPROVED
order_100731,return_300731,customer_1622,agent_017,1,Normal refund approval with evidence and reasonable timing,normal,,DECLINED
order_104732,return_304732,customer_8001,agent_801,8,Repeated agent-customer approval pattern,fraud,REPEATED_AGENT_CUSTOMER_PAIR,APPROVED
order_103805,return_303805,customer_1229,agent_027,5,Manual override on high-value refund,fraud,MANUAL_OVERRIDE;HIGH_VALUE_REFUND,APPROVED
order_100169,return_300169,customer_0947,agent_018,1,Normal refund approval with evidence and reasonable timing,normal,,APPROVED
order_101448,return_301448,customer_1596,agent_005,1,Normal refund approval with evidence and reasonable timing,normal,,APPROVED
order_104014,return_304014,customer_0835,agent_022,5,Manual override on high-value refund,fraud,MANUAL_OVERRIDE;HIGH_VALUE_REFUND,APPROVED
order_100421,return_300421,customer_1507,agent_020,1,Normal refund approval with evidence and reasonable timing,normal,,APPROVED
order_102932,return_302932,customer_0918,agent_027,1,Normal refund approval with evidence and reasonable timing,normal,,APPROVED
order_100958,return_300958,customer_0441,agent_017,1,Normal refund approval with evidence and reasonable timing,normal,,DECLINED
order_103700,return_303700,customer_0124,agent_103,4,Very fast approval by support agent,fraud,FAST_APPROVAL,APPROVED
order_101158,return_301158,customer_0780,agent_010,1,Normal refund approval with evidence and reasonable timing,normal,,DECLINED
order_100635,return_300635,customer_0774,agent_023,1,Normal refund approval with evidence and reasonable timing,normal,,APPROVED
order_103567,return_303567,customer_0500,agent_102,4,Very fast approval by support agent,fraud,FAST_APPROVAL,APPROVED
order_102931,return_302931,customer_0324,agent_025,1,Normal refund approval with evidence and reasonable timing,normal,,DECLINED
order_102365,return_302365,customer_1852,agent_013,1,Normal refund approval with evidence and reasonable timing,normal,,APPROVED
order_102177,return_302177,customer_0477,agent_020,1,Normal refund approval with evidence and reasonable timing,normal,,DECLINED
order_102334,return_302334,customer_0448,agent_017,1,Normal refund approval with evidence and reasonable timing,normal,,DECLINED
order_100770,return_300770,customer_1382,agent_006,1,Normal refund approval with evidence and reasonable timing,normal,,APPROVED
order_103524,return_303524,customer_0682,agent_025,3,Full-amount refund approved for expensive order,fraud,FULL_AMOUNT_REFUND;HIGH_VALUE_REFUND,APPROVED
order_100632,return_300632,customer_0698,agent_017,1,Normal refund approval with evidence and reasonable timing,normal,,DECLINED
order_103618,return_303618,customer_1807,agent_101,4,Very fast approval by support agent,fraud,FAST_APPROVAL,APPROVED
order_100162,return_300162,customer_0527,agent_021,1,Normal refund approval with evidence and reasonable timing,normal,,APPROVED
order_100766,return_300766,customer_1593,agent_023,1,Normal refund approval with evidence and reasonable timing,normal,,APPROVED
order_102972,return_302972,customer_1591,agent_015,1,Normal refund approval with evidence and reasonable timing,normal,,DECLINED
order_104804,return_304804,customer_9901,agent_901,9,"Suspicious cluster: same agent, frequent customer returns, manual overrides",fraud,SUSPICIOUS_CLUSTER;NO_EVIDENCE;MANUAL_OVERRIDE;HIGH_VALUE_REFUND,APPROVED
order_100448,return_300448,customer_1979,agent_006,1,Normal refund approval with evidence and reasonable timing,normal,,APPROVED
order_101364,return_301364,customer_1839,agent_009,1,Normal refund approval with evidence and reasonable timing,normal,,APPROVED
order_102568,return_302568,customer_1390,agent_009,1,Normal refund approval with evidence and reasonable timing,normal,,APPROVED
order_103245,return_303245,customer_1216,agent_024,2,High-value refund approved without evidence,fraud,NO_EVIDENCE;HIGH_VALUE_REFUND,APPROVED
order_100100,return_300100,customer_1369,agent_027,1,Normal refund approval with evidence and reasonable timing,normal,,APPROVED
order_100778,return_300778,customer_1962,agent_004,1,Normal refund approval with evidence and reasonable timing,normal,,APPROVED
order_103070,return_303070,customer_0228,agent_008,2,High-value refund approved without evidence,fraud,NO_EVIDENCE;HIGH_VALUE_REFUND,APPROVED
order_102900,return_302900,customer_0255,agent_025,1,Normal refund approval with evidence and reasonable timing,normal,,APPROVED
order_103579,return_303579,customer_0297,agent_102,4,Very fast approval by support agent,fraud,FAST_APPROVAL,APPROVED
order_100225,return_300225,customer_1341,agent_003,1,Normal refund approval with evidence and reasonable timing,normal,,APPROVED
order_101719,return_301719,customer_0671,agent_030,1,Normal refund approval with evidence and reasonable timing,normal,,APPROVED
order_100759,return_300759,customer_1494,agent_005,1,Normal refund approval with evidence and reasonable timing,normal,,APPROVED
order_104112,return_304112,customer_9007,agent_017,6,Customer with frequent refund requests,fraud,CUSTOMER_FREQUENT_RETURNS,APPROVED
order_102326,return_302326,customer_1650,agent_014,1,Normal refund approval with evidence and reasonable timing,normal,,APPROVED
order_103021,return_303021,customer_1678,agent_002,2,High-value refund approved without evidence,fraud,NO_EVIDENCE;HIGH_VALUE_REFUND,APPROVED
order_101915,return_301915,customer_1133,agent_025,1,Normal refund approval with evidence and reasonable timing,normal,,APPROVED
order_101283,return_301283,customer_0681,agent_005,1,Normal refund approval with evidence and reasonable timing,normal,,APPROVED
order_101361,return_301361,customer_1927,agent_014,1,Normal refund approval with evidence and reasonable timing,normal,,DECLINED
order_101311,return_301311,customer_1301,agent_028,1,Normal refund approval with evidence and reasonable timing,normal,,DECLINED
order_100916,return_300916,customer_1437,agent_014,1,Normal refund approval with evidence and reasonable timing,normal,,DECLINED
order_102394,return_302394,customer_0918,agent_008,1,Normal refund approval with evidence and reasonable timing,normal,,APPROVED
order_103402,return_303402,customer_0569,agent_027,3,Full-amount refund approved for expensive order,fraud,FULL_AMOUNT_REFUND;HIGH_VALUE_REFUND,APPROVED
order_100951,return_300951,customer_0687,agent_017,1,Normal refund approval with evidence and reasonable timing,normal,,DECLINED
order_104460,return_304460,customer_0857,agent_703,7,Support agent with unusually high approval rate,fraud,AGENT_HIGH_APPROVAL_RATE,APPROVED
order_102992,return_302992,customer_1893,agent_025,2,High-value refund approved without evidence,fraud,NO_EVIDENCE;HIGH_VALUE_REFUND,APPROVED
order_100145,return_300145,customer_0723,agent_019,1,Normal refund approval with evidence and reasonable timing,normal,,DECLINED
order_100513,return_300513,customer_0201,agent_008,1,Normal refund approval with evidence and reasonable timing,normal,,DECLINED
order_103332,return_303332,customer_1413,agent_004,3,Full-amount refund approved for expensive order,fraud,FULL_AMOUNT_REFUND;HIGH_VALUE_REFUND,APPROVED
order_100186,return_300186,customer_0014,agent_001,1,Normal refund approval with evidence and reasonable timing,normal,,APPROVED
order_103045,return_303045,customer_1692,agent_029,2,High-value refund approved without evidence,fraud,NO_EVIDENCE;HIGH_VALUE_REFUND,APPROVED
order_103490,return_303490,customer_1415,agent_024,3,Full-amount refund approved for expensive order,fraud,FULL_AMOUNT_REFUND;HIGH_VALUE_REFUND,APPROVED
order_100274,return_300274,customer_1945,agent_004,1,Normal refund approval with evidence and reasonable timing,normal,,DECLINED
order_104848,return_304848,customer_9902,agent_901,9,"Suspicious cluster: same agent, frequent customer returns, manual overrides",fraud,SUSPICIOUS_CLUSTER;NO_EVIDENCE;MANUAL_OVERRIDE;HIGH_VALUE_REFUND,APPROVED
order_100863,return_300863,customer_0766,agent_027,1,Normal refund approval with evidence and reasonable timing,normal,,DECLINED
order_101837,return_301837,customer_0520,agent_006,1,Normal refund approval with evidence and reasonable timing,normal,,APPROVED
order_103556,return_303556,customer_0076,agent_102,4,Very fast approval by support agent,fraud,FAST_APPROVAL,APPROVED
order_101388,return_301388,customer_0101,agent_019,1,Normal refund approval with evidence and reasonable timing,normal,,APPROVED
order_104909,return_304909,customer_9904,agent_902,9,"Suspicious cluster: same agent, frequent customer returns, manual overrides",fraud,SUSPICIOUS_CLUSTER;NO_EVIDENCE;MANUAL_OVERRIDE;HIGH_VALUE_REFUND,APPROVED
order_100412,return_300412,customer_1347,agent_011,1,Normal refund approval with evidence and reasonable timing,normal,,APPROVED
order_103338,return_303338,customer_0964,agent_019,3,Full-amount refund approved for expensive order,fraud,FULL_AMOUNT_REFUND;HIGH_VALUE_REFUND,APPROVED
order_103671,return_303671,customer_1170,agent_101,4,Very fast approval by support agent,fraud,FAST_APPROVAL,APPROVED
order_104474,return_304474,customer_1030,agent_702,7,Support agent with unusually high approval rate,fraud,AGENT_HIGH_APPROVAL_RATE,APPROVED
order_102401,return_302401,customer_0417,agent_025,1,Normal refund approval with evidence and reasonable timing,normal,,APPROVED
order_103760,return_303760,customer_0589,agent_103,4,Very fast approval by support agent,fraud,FAST_APPROVAL,APPROVED
order_103815,return_303815,customer_0075,agent_028,5,Manual override on high-value refund,fraud,MANUAL_OVERRIDE;HIGH_VALUE_REFUND,APPROVED
order_102718,return_302718,customer_0134,agent_020,1,Normal refund approval with evidence and reasonable timing,normal,,APPROVED
order_100997,return_300997,customer_1871,agent_006,1,Normal refund approval with evidence and reasonable timing,normal,,DECLINED
order_101371,return_301371,customer_1268,agent_019,1,Normal refund approval with evidence and reasonable timing,normal,,DECLINED
order_102368,return_302368,customer_0558,agent_003,1,Normal refund approval with evidence and reasonable timing,normal,,APPROVED
order_101021,return_301021,customer_0623,agent_012,1,Normal refund approval with evidence and reasonable timing,normal,,APPROVED
order_104299,return_304299,customer_9002,agent_006,6,Customer with frequent refund requests,fraud,CUSTOMER_FREQUENT_RETURNS,APPROVED
order_104514,return_304514,customer_0725,agent_703,7,Support agent with unusually high approval rate,fraud,AGENT_HIGH_APPROVAL_RATE,APPROVED
order_101493,return_301493,customer_0513,agent_019,1,Normal refund approval with evidence and reasonable timing,normal,,APPROVED
order_102126,return_302126,customer_1596,agent_004,1,Normal refund approval with evidence and reasonable timing,normal,,DECLINED
order_103422,return_303422,customer_0281,agent_027,3,Full-amount refund approved for expensive order,fraud,FULL_AMOUNT_REFUND;HIGH_VALUE_REFUND,APPROVED
order_102084,return_302084,customer_0579,agent_020,1,Normal refund approval with evidence and reasonable timing,normal,,DECLINED
order_103139,return_303139,customer_0336,agent_010,2,High-value refund approved without evidence,fraud,NO_EVIDENCE;HIGH_VALUE_REFUND,APPROVED
order_103978,return_303978,customer_0239,agent_028,5,Manual override on high-value refund,fraud,MANUAL_OVERRIDE;HIGH_VALUE_REFUND,APPROVED
order_101860,return_301860,customer_1304,agent_011,1,Normal refund approval with evidence and reasonable timing,normal,,APPROVED
order_104319,return_304319,customer_9006,agent_020,6,Customer with frequent refund requests,fraud,CUSTOMER_FREQUENT_RETURNS,APPROVED
order_100036,return_300036,customer_1827,agent_028,1,Normal refund approval with evidence and reasonable timing,normal,,APPROVED
order_102627,return_302627,customer_1724,agent_013,1,Normal refund approval with evidence and reasonable timing,normal,,APPROVED
order_104875,return_304875,customer_9904,agent_902,9,"Suspicious cluster: same agent, frequent customer returns, manual overrides",fraud,SUSPICIOUS_CLUSTER;NO_EVIDENCE;MANUAL_OVERRIDE;HIGH_VALUE_REFUND,APPROVED
order_101601,return_301601,customer_0190,agent_015,1,Normal refund approval with evidence and reasonable timing,normal,,APPROVED
order_104869,return_304869,customer_9904,agent_902,9,"Suspicious cluster: same agent, frequent customer returns, manual overrides",fraud,SUSPICIOUS_CLUSTER;NO_EVIDENCE;MANUAL_OVERRIDE;HIGH_VALUE_REFUND,APPROVED
order_103948,return_303948,customer_0739,agent_026,5,Manual override on high-value refund,fraud,MANUAL_OVERRIDE;HIGH_VALUE_REFUND,APPROVED
order_100389,return_300389,customer_1108,agent_028,1,Normal refund approval with evidence and reasonable timing,normal,,DECLINED
order_102178,return_302178,customer_1015,agent_017,1,Normal refund approval with evidence and reasonable timing,normal,,APPROVED
order_104170,return_304170,customer_9001,agent_001,6,Customer with frequent refund requests,fraud,CUSTOMER_FREQUENT_RETURNS,APPROVED
order_102277,return_302277,customer_0600,agent_022,1,Normal refund approval with evidence and reasonable timing,normal,,APPROVED
order_103420,return_303420,customer_1944,agent_022,3,Full-amount refund approved for expensive order,fraud,FULL_AMOUNT_REFUND;HIGH_VALUE_REFUND,APPROVED
order_104657,return_304657,customer_8001,agent_801,8,Repeated agent-customer approval pattern,fraud,REPEATED_AGENT_CUSTOMER_PAIR,APPROVED
order_102196,return_302196,customer_0326,agent_008,1,Normal refund approval with evidence and reasonable timing,normal,,APPROVED
order_102139,return_302139,customer_1516,agent_024,1,Normal refund approval with evidence and reasonable timing,normal,,DECLINED
order_101378,return_301378,customer_1842,agent_021,1,Normal refund approval with evidence and reasonable timing,normal,,APPROVED
order_100127,return_300127,customer_1995,agent_011,1,Normal refund approval with evidence and reasonable timing,normal,,DECLINED
order_100024,return_300024,customer_1988,agent_029,1,Normal refund approval with evidence and reasonable timing,normal,,APPROVED
order_104619,return_304619,customer_8002,agent_802,8,Repeated agent-customer approval pattern,fraud,REPEATED_AGENT_CUSTOMER_PAIR,APPROVED
order_101991,return_301991,customer_0063,agent_008,1,Normal refund approval with evidence and reasonable timing,normal,,APPROVED
order_103701,return_303701,customer_1250,agent_101,4,Very fast approval by support agent,fraud,FAST_APPROVAL,APPROVED
order_104758,return_304758,customer_9903,agent_901,9,"Suspicious cluster: same agent, frequent customer returns, manual overrides",fraud,SUSPICIOUS_CLUSTER;NO_EVIDENCE;MANUAL_OVERRIDE;HIGH_VALUE_REFUND,APPROVED
order_103035,return_303035,customer_0765,agent_005,2,High-value refund approved without evidence,fraud,NO_EVIDENCE;HIGH_VALUE_REFUND,APPROVED
order_104706,return_304706,customer_8002,agent_802,8,Repeated agent-customer approval pattern,fraud,REPEATED_AGENT_CUSTOMER_PAIR,APPROVED
order_103207,return_303207,customer_1362,agent_004,2,High-value refund approved without evidence,fraud,NO_EVIDENCE;HIGH_VALUE_REFUND,APPROVED
order_103405,return_303405,customer_0763,agent_023,3,Full-amount refund approved for expensive order,fraud,FULL_AMOUNT_REFUND;HIGH_VALUE_REFUND,APPROVED
order_101873,return_301873,customer_1278,agent_006,1,Normal refund approval with evidence and reasonable timing,normal,,DECLINED
order_103043,return_303043,customer_1704,agent_102,2,High-value refund approved without evidence,fraud,NO_EVIDENCE;HIGH_VALUE_REFUND,APPROVED
order_102499,return_302499,customer_1437,agent_009,1,Normal refund approval with evidence and reasonable timing,normal,,APPROVED
order_101105,return_301105,customer_1731,agent_004,1,Normal refund approval with evidence and reasonable timing,normal,,APPROVED
order_102101,return_302101,customer_0031,agent_014,1,Normal refund approval with evidence and reasonable timing,normal,,APPROVED
order_100705,return_300705,customer_0906,agent_007,1,Normal refund approval with evidence and reasonable timing,normal,,APPROVED
order_104895,return_304895,customer_9905,agent_902,9,"Suspicious cluster: same agent, frequent customer returns, manual overrides",fraud,SUSPICIOUS_CLUSTER;NO_EVIDENCE;MANUAL_OVERRIDE;HIGH_VALUE_REFUND,APPROVED
order_101450,return_301450,customer_0111,agent_030,1,Normal refund approval with evidence and reasonable timing,normal,,APPROVED
order_104325,return_304325,customer_0136,agent_703,7,Support agent with unusually high approval rate,fraud,AGENT_HIGH_APPROVAL_RATE,APPROVED
order_102087,return_302087,customer_1718,agent_004,1,Normal refund approval with evidence and reasonable timing,normal,,DECLINED
order_103002,return_303002,customer_1010,agent_029,2,High-value refund approved without evidence,fraud,NO_EVIDENCE;HIGH_VALUE_REFUND,APPROVED
order_100217,return_300217,customer_1508,agent_004,1,Normal refund approval with evidence and reasonable timing,normal,,DECLINED
order_104573,return_304573,customer_8001,agent_801,8,Repeated agent-customer approval pattern,fraud,REPEATED_AGENT_CUSTOMER_PAIR,APPROVED
order_104167,return_304167,customer_9006,agent_102,6,Customer with frequent refund requests,fraud,CUSTOMER_FREQUENT_RETURNS,APPROVED
order_103278,return_303278,customer_1554,agent_005,3,Full-amount refund approved for expensive order,fraud,FULL_AMOUNT_REFUND;HIGH_VALUE_REFUND,APPROVED
order_103525,return_303525,customer_0655,agent_005,3,Full-amount refund approved for expensive order,fraud,FULL_AMOUNT_REFUND;HIGH_VALUE_REFUND,APPROVED
order_100351,return_300351,customer_0457,agent_030,1,Normal refund approval with evidence and reasonable timing,normal,,APPROVED
order_100070,return_300070,customer_0141,agent_020,1,Normal refund approval with evidence and reasonable timing,normal,,APPROVED
order_101372,return_301372,customer_0836,agent_002,1,Normal refund approval with evidence and reasonable timing,normal,,APPROVED
order_103583,return_303583,customer_1658,agent_101,4,Very fast approval by support agent,fraud,FAST_APPROVAL,APPROVED
order_101955,return_301955,customer_0724,agent_007,1,Normal refund approval with evidence and reasonable timing,normal,,APPROVED
order_103512,return_303512,customer_0663,agent_002,3,Full-amount refund approved for expensive order,fraud,FULL_AMOUNT_REFUND;HIGH_VALUE_REFUND,APPROVED
order_104739,return_304739,customer_8002,agent_802,8,Repeated agent-customer approval pattern,fraud,REPEATED_AGENT_CUSTOMER_PAIR,APPROVED
order_100082,return_300082,customer_0850,agent_029,1,Normal refund approval with evidence and reasonable timing,normal,,DECLINED
order_102404,return_302404,customer_1018,agent_008,1,Normal refund approval with evidence and reasonable timing,normal,,DECLINED
order_103559,return_303559,customer_0277,agent_103,4,Very fast approval by support agent,fraud,FAST_APPROVAL,APPROVED
order_102802,return_302802,customer_1195,agent_027,1,Normal refund approval with evidence and reasonable timing,normal,,APPROVED
order_101329,return_301329,customer_0928,agent_029,1,Normal refund approval with evidence and reasonable timing,normal,,APPROVED
order_100537,return_300537,customer_0707,agent_010,1,Normal refund approval with evidence and reasonable timing,normal,,APPROVED
order_104018,return_304018,customer_1993,agent_103,5,Manual override on high-value refund,fraud,MANUAL_OVERRIDE;HIGH_VALUE_REFUND,APPROVED
order_100919,return_300919,customer_0251,agent_022,1,Normal refund approval with evidence and reasonable timing,normal,,APPROVED
order_101874,return_301874,customer_1734,agent_027,1,Normal refund approval with evidence and reasonable timing,normal,,APPROVED
order_104427,return_304427,customer_0291,agent_703,7,Support agent with unusually high approval rate,fraud,AGENT_HIGH_APPROVAL_RATE,APPROVED
order_100533,return_300533,customer_0679,agent_017,1,Normal refund approval with evidence and reasonable timing,normal,,DECLINED
order_103382,return_303382,customer_0005,agent_018,3,Full-amount refund approved for expensive order,fraud,FULL_AMOUNT_REFUND;HIGH_VALUE_REFUND,APPROVED
order_101195,return_301195,customer_1263,agent_003,1,Normal refund approval with evidence and reasonable timing,normal,,APPROVED
order_103743,return_303743,customer_1363,agent_102,4,Very fast approval by support agent,fraud,FAST_APPROVAL,APPROVED
order_100895,return_300895,customer_0138,agent_004,1,Normal refund approval with evidence and reasonable timing,normal,,APPROVED
order_102064,return_302064,customer_1499,agent_013,1,Normal refund approval with evidence and reasonable timing,normal,,APPROVED
order_102767,return_302767,customer_0095,agent_011,1,Normal refund approval with evidence and reasonable timing,normal,,APPROVED
order_104282,return_304282,customer_9001,agent_023,6,Customer with frequent refund requests,fraud,CUSTOMER_FREQUENT_RETURNS,APPROVED
order_102834,return_302834,customer_0063,agent_024,1,Normal refund approval with evidence and reasonable timing,normal,,APPROVED
order_100908,return_300908,customer_0390,agent_016,1,Normal refund approval with evidence and reasonable timing,normal,,APPROVED
order_100949,return_300949,customer_0578,agent_007,1,Normal refund approval with evidence and reasonable timing,normal,,APPROVED
order_103400,return_303400,customer_1377,agent_010,3,Full-amount refund approved for expensive order,fraud,FULL_AMOUNT_REFUND;HIGH_VALUE_REFUND,APPROVED
order_103804,return_303804,customer_0822,agent_102,4,Very fast approval by support agent,fraud,FAST_APPROVAL,APPROVED
order_100528,return_300528,customer_0688,agent_021,1,Normal refund approval with evidence and reasonable timing,normal,,APPROVED
order_103535,return_303535,customer_1506,agent_103,4,Very fast approval by support agent,fraud,FAST_APPROVAL,APPROVED
order_103798,return_303798,customer_0050,agent_103,4,Very fast approval by support agent,fraud,FAST_APPROVAL,APPROVED
order_102818,return_302818,customer_1816,agent_004,1,Normal refund approval with evidence and reasonable timing,normal,,APPROVED
order_101928,return_301928,customer_0602,agent_026,1,Normal refund approval with evidence and reasonable timing,normal,,APPROVED
order_101604,return_301604,customer_0229,agent_001,1,Normal refund approval with evidence and reasonable timing,normal,,DECLINED
order_104730,return_304730,customer_8002,agent_802,8,Repeated agent-customer approval pattern,fraud,REPEATED_AGENT_CUSTOMER_PAIR,APPROVED
order_104533,return_304533,customer_1555,agent_701,7,Support agent with unusually high approval rate,fraud,AGENT_HIGH_APPROVAL_RATE,APPROVED
order_100930,return_300930,customer_0466,agent_005,1,Normal refund approval with evidence and reasonable timing,normal,,APPROVED
order_102586,return_302586,customer_1944,agent_024,1,Normal refund approval with evidence and reasonable timing,normal,,APPROVED
order_104644,return_304644,customer_8003,agent_803,8,Repeated agent-customer approval pattern,fraud,REPEATED_AGENT_CUSTOMER_PAIR,APPROVED
order_103875,return_303875,customer_1346,agent_004,5,Manual override on high-value refund,fraud,MANUAL_OVERRIDE;HIGH_VALUE_REFUND,APPROVED
order_102796,return_302796,customer_1835,agent_006,1,Normal refund approval with evidence and reasonable timing,normal,,APPROVED
order_101982,return_301982,customer_1532,agent_015,1,Normal refund approval with evidence and reasonable timing,normal,,DECLINED
order_103664,return_303664,customer_1241,agent_102,4,Very fast approval by support agent,fraud,FAST_APPROVAL,APPROVED
order_101554,return_301554,customer_0691,agent_004,1,Normal refund approval with evidence and reasonable timing,normal,,DECLINED
order_102536,return_302536,customer_0334,agent_023,1,Normal refund approval with evidence and reasonable timing,normal,,APPROVED
order_101675,return_301675,customer_0626,agent_010,1,Normal refund approval with evidence and reasonable timing,normal,,APPROVED
order_104398,return_304398,customer_0943,agent_701,7,Support agent with unusually high approval rate,fraud,AGENT_HIGH_APPROVAL_RATE,APPROVED
order_103453,return_303453,customer_1442,agent_027,3,Full-amount refund approved for expensive order,fraud,FULL_AMOUNT_REFUND;HIGH_VALUE_REFUND,APPROVED
order_102134,return_302134,customer_0472,agent_007,1,Normal refund approval with evidence and reasonable timing,normal,,APPROVED
order_103571,return_303571,customer_0010,agent_103,4,Very fast approval by support agent,fraud,FAST_APPROVAL,APPROVED
order_100824,return_300824,customer_0140,agent_006,1,Normal refund approval with evidence and reasonable timing,normal,,APPROVED
order_102982,return_302982,customer_1383,agent_024,2,High-value refund approved without evidence,fraud,NO_EVIDENCE;HIGH_VALUE_REFUND,APPROVED
order_101310,return_301310,customer_0302,agent_005,1,Normal refund approval with evidence and reasonable timing,normal,,APPROVED
order_104750,return_304750,customer_8001,agent_801,8,Repeated agent-customer approval pattern,fraud,REPEATED_AGENT_CUSTOMER_PAIR,APPROVED
order_100656,return_300656,customer_1427,agent_029,1,Normal refund approval with evidence and reasonable timing,normal,,DECLINED
order_100889,return_300889,customer_0609,agent_003,1,Normal refund approval with evidence and reasonable timing,normal,,APPROVED
order_101945,return_301945,customer_2000,agent_008,1,Normal refund approval with evidence and reasonable timing,normal,,APPROVED
order_103933,return_303933,customer_0219,agent_014,5,Manual override on high-value refund,fraud,MANUAL_OVERRIDE;HIGH_VALUE_REFUND,APPROVED
order_100495,return_300495,customer_1575,agent_018,1,Normal refund approval with evidence and reasonable timing,normal,,APPROVED
order_101894,return_301894,customer_0620,agent_011,1,Normal refund approval with evidence and reasonable timing,normal,,APPROVED
order_102616,return_302616,customer_1889,agent_019,1,Normal refund approval with evidence and reasonable timing,normal,,APPROVED
order_102768,return_302768,customer_0778,agent_014,1,Normal refund approval with evidence and reasonable timing,normal,,APPROVED
order_100107,return_300107,customer_1514,agent_026,1,Normal refund approval with evidence and reasonable timing,normal,,DECLINED
order_101501,return_301501,customer_0163,agent_028,1,Normal refund approval with evidence and reasonable timing,normal,,APPROVED
order_103212,return_303212,customer_1080,agent_017,2,High-value refund approved without evidence,fraud,NO_EVIDENCE;HIGH_VALUE_REFUND,APPROVED
order_101169,return_301169,customer_0350,agent_019,1,Normal refund approval with evidence and reasonable timing,normal,,APPROVED
order_102458,return_302458,customer_1945,agent_016,1,Normal refund approval with evidence and reasonable timing,normal,,DECLINED
order_104812,return_304812,customer_9902,agent_901,9,"Suspicious cluster: same agent, frequent customer returns, manual overrides",fraud,SUSPICIOUS_CLUSTER;NO_EVIDENCE;MANUAL_OVERRIDE;HIGH_VALUE_REFUND,APPROVED
order_104485,return_304485,customer_1508,agent_701,7,Support agent with unusually high approval rate,fraud,AGENT_HIGH_APPROVAL_RATE,APPROVED
order_101596,return_301596,customer_1669,agent_003,1,Normal refund approval with evidence and reasonable timing,normal,,APPROVED
order_103529,return_303529,customer_0169,agent_103,4,Very fast approval by support agent,fraud,FAST_APPROVAL,APPROVED
order_101313,return_301313,customer_0363,agent_009,1,Normal refund approval with evidence and reasonable timing,normal,,APPROVED
order_103281,return_303281,customer_1002,agent_013,3,Full-amount refund approved for expensive order,fraud,FULL_AMOUNT_REFUND;HIGH_VALUE_REFUND,APPROVED
order_102676,return_302676,customer_0016,agent_017,1,Normal refund approval with evidence and reasonable timing,normal,,DECLINED
order_100132,return_300132,customer_1968,agent_008,1,Normal refund approval with evidence and reasonable timing,normal,,APPROVED
order_102286,return_302286,customer_0148,agent_018,1,Normal refund approval with evidence and reasonable timing,normal,,APPROVED
order_102418,return_302418,customer_0270,agent_014,1,Normal refund approval with evidence and reasonable timing,normal,,DECLINED
order_102717,return_302717,customer_1507,agent_012,1,Normal refund approval with evidence and reasonable timing,normal,,APPROVED
order_102605,return_302605,customer_1268,agent_021,1,Normal refund approval with evidence and reasonable timing,normal,,DECLINED
order_103416,return_303416,customer_1138,agent_003,3,Full-amount refund approved for expensive order,fraud,FULL_AMOUNT_REFUND;HIGH_VALUE_REFUND,APPROVED
order_103688,return_303688,customer_0931,agent_101,4,Very fast approval by support agent,fraud,FAST_APPROVAL,APPROVED
order_101051,return_301051,customer_0539,agent_030,1,Normal refund approval with evidence and reasonable timing,normal,,APPROVED
order_100312,return_300312,customer_1128,agent_008,1,Normal refund approval with evidence and reasonable timing,normal,,APPROVED
order_101291,return_301291,customer_0249,agent_028,1,Normal refund approval with evidence and reasonable timing,normal,,DECLINED
order_100490,return_300490,customer_1414,agent_022,1,Normal refund approval with evidence and reasonable timing,normal,,APPROVED
order_101452,return_301452,customer_1437,agent_008,1,Normal refund approval with evidence and reasonable timing,normal,,APPROVED
order_100178,return_300178,customer_0119,agent_030,1,Normal refund approval with evidence and reasonable timing,normal,,APPROVED
order_102461,return_302461,customer_1827,agent_015,1,Normal refund approval with evidence and reasonable timing,normal,,APPROVED
order_103552,return_303552,customer_0864,agent_101,4,Very fast approval by support agent,fraud,FAST_APPROVAL,APPROVED
order_104382,return_304382,customer_0890,agent_703,7,Support agent with unusually high approval rate,fraud,AGENT_HIGH_APPROVAL_RATE,APPROVED
order_100385,return_300385,customer_0597,agent_021,1,Normal refund approval with evidence and reasonable timing,normal,,DECLINED
order_100831,return_300831,customer_1401,agent_025,1,Normal refund approval with evidence and reasonable timing,normal,,APPROVED
order_104701,return_304701,customer_8003,agent_803,8,Repeated agent-customer approval pattern,fraud,REPEATED_AGENT_CUSTOMER_PAIR,APPROVED
order_104356,return_304356,customer_1678,agent_701,7,Support agent with unusually high approval rate,fraud,AGENT_HIGH_APPROVAL_RATE,APPROVED
order_103088,return_303088,customer_1992,agent_101,2,High-value refund approved without evidence,fraud,NO_EVIDENCE;HIGH_VALUE_REFUND,APPROVED
order_102219,return_302219,customer_0660,agent_026,1,Normal refund approval with evidence and reasonable timing,normal,,APPROVED
order_102117,return_302117,customer_1516,agent_026,1,Normal refund approval with evidence and reasonable timing,normal,,APPROVED
order_104923,return_304923,customer_9906,agent_902,9,"Suspicious cluster: same agent, frequent customer returns, manual overrides",fraud,SUSPICIOUS_CLUSTER;NO_EVIDENCE;MANUAL_OVERRIDE;HIGH_VALUE_REFUND,APPROVED
order_103847,return_303847,customer_1775,agent_020,5,Manual override on high-value refund,fraud,MANUAL_OVERRIDE;HIGH_VALUE_REFUND,APPROVED
order_101658,return_301658,customer_0808,agent_013,1,Normal refund approval with evidence and reasonable timing,normal,,APPROVED
order_101645,return_301645,customer_1758,agent_002,1,Normal refund approval with evidence and reasonable timing,normal,,APPROVED
order_104043,return_304043,customer_1207,agent_025,5,Manual override on high-value refund,fraud,MANUAL_OVERRIDE;HIGH_VALUE_REFUND,APPROVED
order_102018,return_302018,customer_0910,agent_018,1,Normal refund approval with evidence and reasonable timing,normal,,DECLINED
order_103586,return_303586,customer_1336,agent_102,4,Very fast approval by support agent,fraud,FAST_APPROVAL,APPROVED
order_103031,return_303031,customer_0879,agent_028,2,High-value refund approved without evidence,fraud,NO_EVIDENCE;HIGH_VALUE_REFUND,APPROVED
order_104584,return_304584,customer_8003,agent_803,8,Repeated agent-customer approval pattern,fraud,REPEATED_AGENT_CUSTOMER_PAIR,APPROVED
order_101880,return_301880,customer_0934,agent_008,1,Normal refund approval with evidence and reasonable timing,normal,,APPROVED
order_104351,return_304351,customer_1500,agent_702,7,Support agent with unusually high approval rate,fraud,AGENT_HIGH_APPROVAL_RATE,APPROVED
order_102384,return_302384,customer_1474,agent_019,1,Normal refund approval with evidence and reasonable timing,normal,,APPROVED
order_102231,return_302231,customer_1264,agent_005,1,Normal refund approval with evidence and reasonable timing,normal,,DECLINED
order_101000,return_301000,customer_1359,agent_005,1,Normal refund approval with evidence and reasonable timing,normal,,APPROVED
order_102909,return_302909,customer_1319,agent_015,1,Normal refund approval with evidence and reasonable timing,normal,,APPROVED
order_101007,return_301007,customer_1501,agent_022,1,Normal refund approval with evidence and reasonable timing,normal,,APPROVED
order_104831,return_304831,customer_9906,agent_902,9,"Suspicious cluster: same agent, frequent customer returns, manual overrides",fraud,SUSPICIOUS_CLUSTER;NO_EVIDENCE;MANUAL_OVERRIDE;HIGH_VALUE_REFUND,APPROVED
order_103275,return_303275,customer_1892,agent_025,3,Full-amount refund approved for expensive order,fraud,FULL_AMOUNT_REFUND;HIGH_VALUE_REFUND,APPROVED
order_100525,return_300525,customer_0599,agent_029,1,Normal refund approval with evidence and reasonable timing,normal,,DECLINED
order_101369,return_301369,customer_1279,agent_025,1,Normal refund approval with evidence and reasonable timing,normal,,APPROVED
order_102391,return_302391,customer_1052,agent_012,1,Normal refund approval with evidence and reasonable timing,normal,,APPROVED
order_100559,return_300559,customer_1617,agent_025,1,Normal refund approval with evidence and reasonable timing,normal,,APPROVED
order_102871,return_302871,customer_1539,agent_020,1,Normal refund approval with evidence and reasonable timing,normal,,APPROVED
order_102228,return_302228,customer_0095,agent_006,1,Normal refund approval with evidence and reasonable timing,normal,,DECLINED
order_101742,return_301742,customer_0997,agent_005,1,Normal refund approval with evidence and reasonable timing,normal,,APPROVED
order_104762,return_304762,customer_9903,agent_901,9,"Suspicious cluster: same agent, frequent customer returns, manual overrides",fraud,SUSPICIOUS_CLUSTER;NO_EVIDENCE;MANUAL_OVERRIDE;HIGH_VALUE_REFUND,APPROVED
order_102579,return_302579,customer_0981,agent_011,1,Normal refund approval with evidence and reasonable timing,normal,,APPROVED
order_102085,return_302085,customer_1879,agent_022,1,Normal refund approval with evidence and reasonable timing,normal,,APPROVED
order_104375,return_304375,customer_0123,agent_702,7,Support agent with unusually high approval rate,fraud,AGENT_HIGH_APPROVAL_RATE,APPROVED
order_103519,return_303519,customer_1924,agent_013,3,Full-amount refund approved for expensive order,fraud,FULL_AMOUNT_REFUND;HIGH_VALUE_REFUND,APPROVED
order_102626,return_302626,customer_1989,agent_016,1,Normal refund approval with evidence and reasonable timing,normal,,DECLINED
order_100144,return_300144,customer_1563,agent_007,1,Normal refund approval with evidence and reasonable timing,normal,,DECLINED
order_102289,return_302289,customer_0588,agent_022,1,Normal refund approval with evidence and reasonable timing,normal,,DECLINED
order_100696,return_300696,customer_0886,agent_010,1,Normal refund approval with evidence and reasonable timing,normal,,APPROVED
order_104221,return_304221,customer_9004,agent_023,6,Customer with frequent refund requests,fraud,CUSTOMER_FREQUENT_RETURNS,APPROVED
order_102896,return_302896,customer_0076,agent_005,1,Normal refund approval with evidence and reasonable timing,normal,,DECLINED
order_104889,return_304889,customer_9906,agent_902,9,"Suspicious cluster: same agent, frequent customer returns, manual overrides",fraud,SUSPICIOUS_CLUSTER;NO_EVIDENCE;MANUAL_OVERRIDE;HIGH_VALUE_REFUND,APPROVED
order_103363,return_303363,customer_0203,agent_014,3,Full-amount refund approved for expensive order,fraud,FULL_AMOUNT_REFUND;HIGH_VALUE_REFUND,APPROVED
order_103192,return_303192,customer_1444,agent_023,2,High-value refund approved without evidence,fraud,NO_EVIDENCE;HIGH_VALUE_REFUND,APPROVED
order_103695,return_303695,customer_1311,agent_102,4,Very fast approval by support agent,fraud,FAST_APPROVAL,APPROVED
order_103683,return_303683,customer_1010,agent_103,4,Very fast approval by support agent,fraud,FAST_APPROVAL,APPROVED
order_104505,return_304505,customer_1390,agent_703,7,Support agent with unusually high approval rate,fraud,AGENT_HIGH_APPROVAL_RATE,APPROVED
order_104678,return_304678,customer_8001,agent_801,8,Repeated agent-customer approval pattern,fraud,REPEATED_AGENT_CUSTOMER_PAIR,APPROVED
order_104847,return_304847,customer_9905,agent_902,9,"Suspicious cluster: same agent, frequent customer returns, manual overrides",fraud,SUSPICIOUS_CLUSTER;NO_EVIDENCE;MANUAL_OVERRIDE;HIGH_VALUE_REFUND,APPROVED
order_103020,return_303020,customer_1272,agent_014,2,High-value refund approved without evidence,fraud,NO_EVIDENCE;HIGH_VALUE_REFUND,APPROVED
order_102941,return_302941,customer_1882,agent_018,1,Normal refund approval with evidence and reasonable timing,normal,,APPROVED
order_104182,return_304182,customer_9005,agent_103,6,Customer with frequent refund requests,fraud,CUSTOMER_FREQUENT_RETURNS,APPROVED
order_101522,return_301522,customer_0645,agent_007,1,Normal refund approval with evidence and reasonable timing,normal,,DECLINED
order_104178,return_304178,customer_9001,agent_007,6,Customer with frequent refund requests,fraud,CUSTOMER_FREQUENT_RETURNS,APPROVED
order_102490,return_302490,customer_0557,agent_019,1,Normal refund approval with evidence and reasonable timing,normal,,DECLINED
order_104244,return_304244,customer_9003,agent_015,6,Customer with frequent refund requests,fraud,CUSTOMER_FREQUENT_RETURNS,APPROVED
order_103271,return_303271,customer_1746,agent_019,3,Full-amount refund approved for expensive order,fraud,FULL_AMOUNT_REFUND;HIGH_VALUE_REFUND,APPROVED
order_104641,return_304641,customer_8003,agent_803,8,Repeated agent-customer approval pattern,fraud,REPEATED_AGENT_CUSTOMER_PAIR,APPROVED
order_100221,return_300221,customer_0849,agent_021,1,Normal refund approval with evidence and reasonable timing,normal,,DECLINED
order_103438,return_303438,customer_1970,agent_003,3,Full-amount refund approved for expensive order,fraud,FULL_AMOUNT_REFUND;HIGH_VALUE_REFUND,APPROVED
order_102860,return_302860,customer_1639,agent_022,1,Normal refund approval with evidence and reasonable timing,normal,,DECLINED
order_100237,return_300237,customer_1843,agent_025,1,Normal refund approval with evidence and reasonable timing,normal,,APPROVED
order_101695,return_301695,customer_0155,agent_009,1,Normal refund approval with evidence and reasonable timing,normal,,APPROVED
order_101062,return_301062,customer_0568,agent_027,1,Normal refund approval with evidence and reasonable timing,normal,,APPROVED
order_103265,return_303265,customer_1697,agent_004,3,Full-amount refund approved for expensive order,fraud,FULL_AMOUNT_REFUND;HIGH_VALUE_REFUND,APPROVED
order_100168,return_300168,customer_1394,agent_004,1,Normal refund approval with evidence and reasonable timing,normal,,APPROVED
order_100187,return_300187,customer_0198,agent_030,1,Normal refund approval with evidence and reasonable timing,normal,,APPROVED
order_104258,return_304258,customer_9001,agent_023,6,Customer with frequent refund requests,fraud,CUSTOMER_FREQUENT_RETURNS,APPROVED
order_101477,return_301477,customer_0999,agent_006,1,Normal refund approval with evidence and reasonable timing,normal,,APPROVED
order_100555,return_300555,customer_0279,agent_017,1,Normal refund approval with evidence and reasonable timing,normal,,DECLINED
order_101529,return_301529,customer_0773,agent_029,1,Normal refund approval with evidence and reasonable timing,normal,,DECLINED
order_102750,return_302750,customer_0529,agent_016,1,Normal refund approval with evidence and reasonable timing,normal,,APPROVED
order_100747,return_300747,customer_1754,agent_023,1,Normal refund approval with evidence and reasonable timing,normal,,DECLINED
order_101790,return_301790,customer_1969,agent_018,1,Normal refund approval with evidence and reasonable timing,normal,,APPROVED
order_103016,return_303016,customer_1060,agent_018,2,High-value refund approved without evidence,fraud,NO_EVIDENCE;HIGH_VALUE_REFUND,APPROVED
order_102876,return_302876,customer_0006,agent_019,1,Normal refund approval with evidence and reasonable timing,normal,,DECLINED
order_101385,return_301385,customer_0644,agent_030,1,Normal refund approval with evidence and reasonable timing,normal,,DECLINED
order_103286,return_303286,customer_0186,agent_020,3,Full-amount refund approved for expensive order,fraud,FULL_AMOUNT_REFUND;HIGH_VALUE_REFUND,APPROVED
order_102609,return_302609,customer_0839,agent_012,1,Normal refund approval with evidence and reasonable timing,normal,,APPROVED
order_103611,return_303611,customer_1629,agent_101,4,Very fast approval by support agent,fraud,FAST_APPROVAL,APPROVED
order_102996,return_302996,customer_1750,agent_004,2,High-value refund approved without evidence,fraud,NO_EVIDENCE;HIGH_VALUE_REFUND,APPROVED
order_103784,return_303784,customer_1878,agent_102,4,Very fast approval by support agent,fraud,FAST_APPROVAL,APPROVED
order_101006,return_301006,customer_0793,agent_010,1,Normal refund approval with evidence and reasonable timing,normal,,DECLINED
order_100465,return_300465,customer_0729,agent_020,1,Normal refund approval with evidence and reasonable timing,normal,,DECLINED
order_100181,return_300181,customer_0491,agent_030,1,Normal refund approval with evidence and reasonable timing,normal,,APPROVED
order_104315,return_304315,customer_9002,agent_029,6,Customer with frequent refund requests,fraud,CUSTOMER_FREQUENT_RETURNS,APPROVED
order_100870,return_300870,customer_1598,agent_007,1,Normal refund approval with evidence and reasonable timing,normal,,APPROVED
order_101352,return_301352,customer_1452,agent_029,1,Normal refund approval with evidence and reasonable timing,normal,,DECLINED
order_101256,return_301256,customer_0501,agent_013,1,Normal refund approval with evidence and reasonable timing,normal,,APPROVED
order_100618,return_300618,customer_0394,agent_024,1,Normal refund approval with evidence and reasonable timing,normal,,APPROVED
order_103340,return_303340,customer_0029,agent_017,3,Full-amount refund approved for expensive order,fraud,FULL_AMOUNT_REFUND;HIGH_VALUE_REFUND,APPROVED
order_100681,return_300681,customer_0964,agent_026,1,Normal refund approval with evidence and reasonable timing,normal,,APPROVED
order_103374,return_303374,customer_0870,agent_005,3,Full-amount refund approved for expensive order,fraud,FULL_AMOUNT_REFUND;HIGH_VALUE_REFUND,APPROVED
order_102825,return_302825,customer_0502,agent_001,1,Normal refund approval with evidence and reasonable timing,normal,,DECLINED
order_102357,return_302357,customer_0213,agent_009,1,Normal refund approval with evidence and reasonable timing,normal,,APPROVED
order_100540,return_300540,customer_1705,agent_006,1,Normal refund approval with evidence and reasonable timing,normal,,DECLINED
order_103554,return_303554,customer_1156,agent_102,4,Very fast approval by support agent,fraud,FAST_APPROVAL,APPROVED
order_103366,return_303366,customer_1101,agent_003,3,Full-amount refund approved for expensive order,fraud,FULL_AMOUNT_REFUND;HIGH_VALUE_REFUND,APPROVED
order_102426,return_302426,customer_1918,agent_027,1,Normal refund approval with evidence and reasonable timing,normal,,DECLINED
order_100009,return_300009,customer_0825,agent_002,1,Normal refund approval with evidence and reasonable timing,normal,,APPROVED
order_103599,return_303599,customer_0920,agent_101,4,Very fast approval by support agent,fraud,FAST_APPROVAL,APPROVED
order_102815,return_302815,customer_1229,agent_006,1,Normal refund approval with evidence and reasonable timing,normal,,APPROVED
order_102838,return_302838,customer_0128,agent_016,1,Normal refund approval with evidence and reasonable timing,normal,,DECLINED
order_100572,return_300572,customer_1376,agent_015,1,Normal refund approval with evidence and reasonable timing,normal,,APPROVED
order_104189,return_304189,customer_9004,agent_019,6,Customer with frequent refund requests,fraud,CUSTOMER_FREQUENT_RETURNS,APPROVED
order_100860,return_300860,customer_0255,agent_004,1,Normal refund approval with evidence and reasonable timing,normal,,APPROVED
order_101426,return_301426,customer_0339,agent_018,1,Normal refund approval with evidence and reasonable timing,normal,,DECLINED
order_101425,return_301425,customer_0190,agent_020,1,Normal refund approval with evidence and reasonable timing,normal,,APPROVED
order_104276,return_304276,customer_9003,agent_016,6,Customer with frequent refund requests,fraud,CUSTOMER_FREQUENT_RETURNS,APPROVED
order_103391,return_303391,customer_0412,agent_003,3,Full-amount refund approved for expensive order,fraud,FULL_AMOUNT_REFUND;HIGH_VALUE_REFUND,APPROVED
order_104686,return_304686,customer_8003,agent_803,8,Repeated agent-customer approval pattern,fraud,REPEATED_AGENT_CUSTOMER_PAIR,APPROVED
order_100657,return_300657,customer_1991,agent_012,1,Normal refund approval with evidence and reasonable timing,normal,,APPROVED
order_104380,return_304380,customer_1353,agent_701,7,Support agent with unusually high approval rate,fraud,AGENT_HIGH_APPROVAL_RATE,APPROVED
order_103975,return_303975,customer_0039,agent_015,5,Manual override on high-value refund,fraud,MANUAL_OVERRIDE;HIGH_VALUE_REFUND,APPROVED
order_104472,return_304472,customer_1186,agent_703,7,Support agent with unusually high approval rate,fraud,AGENT_HIGH_APPROVAL_RATE,APPROVED
order_100684,return_300684,customer_1540,agent_005,1,Normal refund approval with evidence and reasonable timing,normal,,DECLINED
order_102538,return_302538,customer_1581,agent_002,1,Normal refund approval with evidence and reasonable timing,normal,,APPROVED
order_101820,return_301820,customer_1504,agent_008,1,Normal refund approval with evidence and reasonable timing,normal,,APPROVED
order_103354,return_303354,customer_1713,agent_022,3,Full-amount refund approved for expensive order,fraud,FULL_AMOUNT_REFUND;HIGH_VALUE_REFUND,APPROVED
order_101019,return_301019,customer_1220,agent_021,1,Normal refund approval with evidence and reasonable timing,normal,,APPROVED
order_101354,return_301354,customer_0072,agent_028,1,Normal refund approval with evidence and reasonable timing,normal,,APPROVED
order_100346,return_300346,customer_1106,agent_029,1,Normal refund approval with evidence and reasonable timing,normal,,APPROVED
order_101979,return_301979,customer_1212,agent_027,1,Normal refund approval with evidence and reasonable timing,normal,,APPROVED
order_101550,return_301550,customer_1289,agent_016,1,Normal refund approval with evidence and reasonable timing,normal,,DECLINED
order_103141,return_303141,customer_0914,agent_007,2,High-value refund approved without evidence,fraud,NO_EVIDENCE;HIGH_VALUE_REFUND,APPROVED
order_101486,return_301486,customer_1434,agent_005,1,Normal refund approval with evidence and reasonable timing,normal,,DECLINED
order_100697,return_300697,customer_0293,agent_001,1,Normal refund approval with evidence and reasonable timing,normal,,APPROVED
order_100995,return_300995,customer_1584,agent_017,1,Normal refund approval with evidence and reasonable timing,normal,,DECLINED
order_101177,return_301177,customer_0963,agent_019,1,Normal refund approval with evidence and reasonable timing,normal,,APPROVED
order_102554,return_302554,customer_1336,agent_019,1,Normal refund approval with evidence and reasonable timing,normal,,APPROVED
order_100772,return_300772,customer_1512,agent_001,1,Normal refund approval with evidence and reasonable timing,normal,,DECLINED
order_103094,return_303094,customer_1557,agent_006,2,High-value refund approved without evidence,fraud,NO_EVIDENCE;HIGH_VALUE_REFUND,APPROVED
order_100383,return_300383,customer_1599,agent_006,1,Normal refund approval with evidence and reasonable timing,normal,,DECLINED
order_102964,return_302964,customer_1155,agent_022,1,Normal refund approval with evidence and reasonable timing,normal,,APPROVED
order_100340,return_300340,customer_0330,agent_005,1,Normal refund approval with evidence and reasonable timing,normal,,APPROVED
order_104675,return_304675,customer_8001,agent_801,8,Repeated agent-customer approval pattern,fraud,REPEATED_AGENT_CUSTOMER_PAIR,APPROVED
order_103099,return_303099,customer_0247,agent_019,2,High-value refund approved without evidence,fraud,NO_EVIDENCE;HIGH_VALUE_REFUND,APPROVED
order_100982,return_300982,customer_1004,agent_015,1,Normal refund approval with evidence and reasonable timing,normal,,DECLINED
order_103060,return_303060,customer_1244,agent_024,2,High-value refund approved without evidence,fraud,NO_EVIDENCE;HIGH_VALUE_REFUND,APPROVED
order_100136,return_300136,customer_1473,agent_023,1,Normal refund approval with evidence and reasonable timing,normal,,APPROVED
order_102551,return_302551,customer_0583,agent_019,1,Normal refund approval with evidence and reasonable timing,normal,,DECLINED
order_102628,return_302628,customer_0384,agent_007,1,Normal refund approval with evidence and reasonable timing,normal,,APPROVED
order_102966,return_302966,customer_0579,agent_009,1,Normal refund approval with evidence and reasonable timing,normal,,DECLINED
order_101070,return_301070,customer_1714,agent_010,1,Normal refund approval with evidence and reasonable timing,normal,,APPROVED
order_101071,return_301071,customer_1326,agent_024,1,Normal refund approval with evidence and reasonable timing,normal,,APPROVED
order_102977,return_302977,customer_0341,agent_024,2,High-value refund approved without evidence,fraud,NO_EVIDENCE;HIGH_VALUE_REFUND,APPROVED
order_102884,return_302884,customer_1678,agent_004,1,Normal refund approval with evidence and reasonable timing,normal,,APPROVED
order_100157,return_300157,customer_1518,agent_020,1,Normal refund approval with evidence and reasonable timing,normal,,APPROVED
order_104856,return_304856,customer_9903,agent_901,9,"Suspicious cluster: same agent, frequent customer returns, manual overrides",fraud,SUSPICIOUS_CLUSTER;NO_EVIDENCE;MANUAL_OVERRIDE;HIGH_VALUE_REFUND,APPROVED
order_104861,return_304861,customer_9905,agent_902,9,"Suspicious cluster: same agent, frequent customer returns, manual overrides",fraud,SUSPICIOUS_CLUSTER;NO_EVIDENCE;MANUAL_OVERRIDE;HIGH_VALUE_REFUND,APPROVED
order_103298,return_303298,customer_1541,agent_001,3,Full-amount refund approved for expensive order,fraud,FULL_AMOUNT_REFUND;HIGH_VALUE_REFUND,APPROVED
order_102525,return_302525,customer_1304,agent_006,1,Normal refund approval with evidence and reasonable timing,normal,,DECLINED
order_103017,return_303017,customer_1467,agent_002,2,High-value refund approved without evidence,fraud,NO_EVIDENCE;HIGH_VALUE_REFUND,APPROVED
order_104196,return_304196,customer_9003,agent_011,6,Customer with frequent refund requests,fraud,CUSTOMER_FREQUENT_RETURNS,APPROVED
order_101428,return_301428,customer_1843,agent_013,1,Normal refund approval with evidence and reasonable timing,normal,,APPROVED
order_101543,return_301543,customer_1960,agent_009,1,Normal refund approval with evidence and reasonable timing,normal,,APPROVED
order_103036,return_303036,customer_1585,agent_009,2,High-value refund approved without evidence,fraud,NO_EVIDENCE;HIGH_VALUE_REFUND,APPROVED
order_102550,return_302550,customer_0481,agent_025,1,Normal refund approval with evidence and reasonable timing,normal,,APPROVED
order_101212,return_301212,customer_1203,agent_023,1,Normal refund approval with evidence and reasonable timing,normal,,APPROVED
order_100125,return_300125,customer_0601,agent_002,1,Normal refund approval with evidence and reasonable timing,normal,,APPROVED
order_100278,return_300278,customer_0565,agent_006,1,Normal refund approval with evidence and reasonable timing,normal,,APPROVED
order_104614,return_304614,customer_8003,agent_803,8,Repeated agent-customer approval pattern,fraud,REPEATED_AGENT_CUSTOMER_PAIR,APPROVED
order_104694,return_304694,customer_8002,agent_802,8,Repeated agent-customer approval pattern,fraud,REPEATED_AGENT_CUSTOMER_PAIR,APPROVED
order_102675,return_302675,customer_0284,agent_010,1,Normal refund approval with evidence and reasonable timing,normal,,APPROVED
order_103902,return_303902,customer_0509,agent_024,5,Manual override on high-value refund,fraud,MANUAL_OVERRIDE;HIGH_VALUE_REFUND,APPROVED
order_101348,return_301348,customer_1384,agent_024,1,Normal refund approval with evidence and reasonable timing,normal,,APPROVED
order_103699,return_303699,customer_0268,agent_101,4,Very fast approval by support agent,fraud,FAST_APPROVAL,APPROVED
order_101825,return_301825,customer_0980,agent_005,1,Normal refund approval with evidence and reasonable timing,normal,,DECLINED
order_104764,return_304764,customer_9901,agent_901,9,"Suspicious cluster: same agent, frequent customer returns, manual overrides",fraud,SUSPICIOUS_CLUSTER;NO_EVIDENCE;MANUAL_OVERRIDE;HIGH_VALUE_REFUND,APPROVED
order_100570,return_300570,customer_0463,agent_026,1,Normal refund approval with evidence and reasonable timing,normal,,APPROVED
order_100876,return_300876,customer_1857,agent_028,1,Normal refund approval with evidence and reasonable timing,normal,,APPROVED
order_101868,return_301868,customer_0996,agent_015,1,Normal refund approval with evidence and reasonable timing,normal,,APPROVED
order_104867,return_304867,customer_9906,agent_902,9,"Suspicious cluster: same agent, frequent customer returns, manual overrides",fraud,SUSPICIOUS_CLUSTER;NO_EVIDENCE;MANUAL_OVERRIDE;HIGH_VALUE_REFUND,APPROVED
order_103098,return_303098,customer_0701,agent_028,2,High-value refund approved without evidence,fraud,NO_EVIDENCE;HIGH_VALUE_REFUND,APPROVED
order_102427,return_302427,customer_0790,agent_006,1,Normal refund approval with evidence and reasonable timing,normal,,APPROVED
order_100032,return_300032,customer_1826,agent_025,1,Normal refund approval with evidence and reasonable timing,normal,,APPROVED
order_102154,return_302154,customer_1815,agent_005,1,Normal refund approval with evidence and reasonable timing,normal,,DECLINED
order_104667,return_304667,customer_8002,agent_802,8,Repeated agent-customer approval pattern,fraud,REPEATED_AGENT_CUSTOMER_PAIR,APPROVED
order_100517,return_300517,customer_1187,agent_014,1,Normal refund approval with evidence and reasonable timing,normal,,DECLINED
order_101510,return_301510,customer_0074,agent_001,1,Normal refund approval with evidence and reasonable timing,normal,,DECLINED
order_103992,return_303992,customer_0256,agent_018,5,Manual override on high-value refund,fraud,MANUAL_OVERRIDE;HIGH_VALUE_REFUND,APPROVED
order_100538,return_300538,customer_1491,agent_026,1,Normal refund approval with evidence and reasonable timing,normal,,APPROVED
order_100524,return_300524,customer_0548,agent_029,1,Normal refund approval with evidence and reasonable timing,normal,,APPROVED
order_102889,return_302889,customer_0044,agent_015,1,Normal refund approval with evidence and reasonable timing,normal,,DECLINED
order_101201,return_301201,customer_1950,agent_018,1,Normal refund approval with evidence and reasonable timing,normal,,DECLINED
order_103747,return_303747,customer_1521,agent_102,4,Very fast approval by support agent,fraud,FAST_APPROVAL,APPROVED
order_100047,return_300047,customer_1458,agent_021,1,Normal refund approval with evidence and reasonable timing,normal,,APPROVED
order_104081,return_304081,customer_0432,agent_011,5,Manual override on high-value refund,fraud,MANUAL_OVERRIDE;HIGH_VALUE_REFUND,APPROVED
order_100330,return_300330,customer_0827,agent_018,1,Normal refund approval with evidence and reasonable timing,normal,,APPROVED
order_104158,return_304158,customer_9005,agent_018,6,Customer with frequent refund requests,fraud,CUSTOMER_FREQUENT_RETURNS,APPROVED
order_103481,return_303481,customer_1340,agent_006,3,Full-amount refund approved for expensive order,fraud,FULL_AMOUNT_REFUND;HIGH_VALUE_REFUND,APPROVED
order_101655,return_301655,customer_0765,agent_029,1,Normal refund approval with evidence and reasonable timing,normal,,DECLINED
order_103999,return_303999,customer_0834,agent_101,5,Manual override on high-value refund,fraud,MANUAL_OVERRIDE;HIGH_VALUE_REFUND,APPROVED
order_102414,return_302414,customer_1693,agent_007,1,Normal refund approval with evidence and reasonable timing,normal,,DECLINED
order_100542,return_300542,customer_0568,agent_025,1,Normal refund approval with evidence and reasonable timing,normal,,APPROVED
order_1001,return_3001,customer_200,agent_001,1,Normal refund approval with evidence and reasonable timing,normal,,APPROVED
order_102046,return_302046,customer_0669,agent_022,1,Normal refund approval with evidence and reasonable timing,normal,,APPROVED
order_1002,return_3002,customer_201,agent_005,1,Normal refund approval with evidence and reasonable timing,normal,,APPROVED
order_101938,return_301938,customer_1741,agent_009,1,Normal refund approval with evidence and reasonable timing,normal,,APPROVED
order_1003,return_3003,customer_202,agent_001,1,Normal refund approval with evidence and reasonable timing,normal,,APPROVED
order_103725,return_303725,customer_1728,agent_103,4,Very fast approval by support agent,fraud,FAST_APPROVAL,APPROVED
order_1004,return_3004,customer_203,agent_002,1,Normal refund approval with evidence and reasonable timing,normal,,APPROVED
order_101198,return_301198,customer_0231,agent_001,1,Normal refund approval with evidence and reasonable timing,normal,,APPROVED
order_101485,return_301485,customer_1332,agent_011,1,Normal refund approval with evidence and reasonable timing,normal,,APPROVED
order_104056,return_304056,customer_1669,agent_020,5,Manual override on high-value refund,fraud,MANUAL_OVERRIDE;HIGH_VALUE_REFUND,APPROVED
order_1005,return_3005,customer_204,agent_002,1,Normal refund approval with evidence and reasonable timing,normal,,APPROVED
order_102930,return_302930,customer_1914,agent_009,1,Normal refund approval with evidence and reasonable timing,normal,,DECLINED
order_102649,return_302649,customer_0906,agent_004,1,Normal refund approval with evidence and reasonable timing,normal,,DECLINED
order_104726,return_304726,customer_8001,agent_801,8,Repeated agent-customer approval pattern,fraud,REPEATED_AGENT_CUSTOMER_PAIR,APPROVED
order_101134,return_301134,customer_1686,agent_013,1,Normal refund approval with evidence and reasonable timing,normal,,DECLINED
order_103873,return_303873,customer_0774,agent_004,5,Manual override on high-value refund,fraud,MANUAL_OVERRIDE;HIGH_VALUE_REFUND,APPROVED
order_104224,return_304224,customer_9007,agent_022,6,Customer with frequent refund requests,fraud,CUSTOMER_FREQUENT_RETURNS,APPROVED
order_103260,return_303260,customer_0469,agent_028,3,Full-amount refund approved for expensive order,fraud,FULL_AMOUNT_REFUND;HIGH_VALUE_REFUND,APPROVED
order_104439,return_304439,customer_0531,agent_703,7,Support agent with unusually high approval rate,fraud,AGENT_HIGH_APPROVAL_RATE,APPROVED
order_104115,return_304115,customer_9002,agent_027,6,Customer with frequent refund requests,fraud,CUSTOMER_FREQUENT_RETURNS,APPROVED
order_100179,return_300179,customer_1484,agent_018,1,Normal refund approval with evidence and reasonable timing,normal,,APPROVED
order_101830,return_301830,customer_0326,agent_009,1,Normal refund approval with evidence and reasonable timing,normal,,APPROVED
order_101223,return_301223,customer_0622,agent_001,1,Normal refund approval with evidence and reasonable timing,normal,,DECLINED
order_102793,return_302793,customer_0943,agent_027,1,Normal refund approval with evidence and reasonable timing,normal,,DECLINED
order_103946,return_303946,customer_0787,agent_016,5,Manual override on high-value refund,fraud,MANUAL_OVERRIDE;HIGH_VALUE_REFUND,APPROVED
order_100897,return_300897,customer_1303,agent_005,1,Normal refund approval with evidence and reasonable timing,normal,,APPROVED
order_101966,return_301966,customer_0601,agent_009,1,Normal refund approval with evidence and reasonable timing,normal,,APPROVED
order_103713,return_303713,customer_1176,agent_103,4,Very fast approval by support agent,fraud,FAST_APPROVAL,APPROVED
order_103534,return_303534,customer_0689,agent_101,4,Very fast approval by support agent,fraud,FAST_APPROVAL,APPROVED
order_101851,return_301851,customer_0918,agent_029,1,Normal refund approval with evidence and reasonable timing,normal,,APPROVED
order_102902,return_302902,customer_1567,agent_008,1,Normal refund approval with evidence and reasonable timing,normal,,APPROVED
order_103686,return_303686,customer_1013,agent_103,4,Very fast approval by support agent,fraud,FAST_APPROVAL,APPROVED
order_102008,return_302008,customer_1694,agent_013,1,Normal refund approval with evidence and reasonable timing,normal,,APPROVED
order_103733,return_303733,customer_1867,agent_103,4,Very fast approval by support agent,fraud,FAST_APPROVAL,APPROVED
order_102290,return_302290,customer_1606,agent_025,1,Normal refund approval with evidence and reasonable timing,normal,,APPROVED
order_100343,return_300343,customer_0642,agent_001,1,Normal refund approval with evidence and reasonable timing,normal,,APPROVED
order_102585,return_302585,customer_1439,agent_030,1,Normal refund approval with evidence and reasonable timing,normal,,DECLINED
order_104722,return_304722,customer_8003,agent_803,8,Repeated agent-customer approval pattern,fraud,REPEATED_AGENT_CUSTOMER_PAIR,APPROVED
order_103508,return_303508,customer_0498,agent_005,3,Full-amount refund approved for expensive order,fraud,FULL_AMOUNT_REFUND;HIGH_VALUE_REFUND,APPROVED
order_103748,return_303748,customer_0743,agent_101,4,Very fast approval by support agent,fraud,FAST_APPROVAL,APPROVED
order_101080,return_301080,customer_0406,agent_026,1,Normal refund approval with evidence and reasonable timing,normal,,DECLINED
order_104699,return_304699,customer_8001,agent_801,8,Repeated agent-customer approval pattern,fraud,REPEATED_AGENT_CUSTOMER_PAIR,APPROVED
order_103703,return_303703,customer_1702,agent_101,4,Very fast approval by support agent,fraud,FAST_APPROVAL,APPROVED
order_103466,return_303466,customer_1935,agent_016,3,Full-amount refund approved for expensive order,fraud,FULL_AMOUNT_REFUND;HIGH_VALUE_REFUND,APPROVED
order_104576,return_304576,customer_8001,agent_801,8,Repeated agent-customer approval pattern,fraud,REPEATED_AGENT_CUSTOMER_PAIR,APPROVED
order_100970,return_300970,customer_0012,agent_028,1,Normal refund approval with evidence and reasonable timing,normal,,APPROVED
order_103530,return_303530,customer_1122,agent_101,4,Very fast approval by support agent,fraud,FAST_APPROVAL,APPROVED
order_104106,return_304106,customer_9001,agent_002,6,Customer with frequent refund requests,fraud,CUSTOMER_FREQUENT_RETURNS,APPROVED
order_101821,return_301821,customer_0734,agent_002,1,Normal refund approval with evidence and reasonable timing,normal,,APPROVED
order_100254,return_300254,customer_0409,agent_014,1,Normal refund approval with evidence and reasonable timing,normal,,DECLINED
order_102618,return_302618,customer_0327,agent_024,1,Normal refund approval with evidence and reasonable timing,normal,,APPROVED
order_101766,return_301766,customer_0881,agent_026,1,Normal refund approval with evidence and reasonable timing,normal,,APPROVED
order_100307,return_300307,customer_0864,agent_026,1,Normal refund approval with evidence and reasonable timing,normal,,DECLINED
order_103655,return_303655,customer_1906,agent_103,4,Very fast approval by support agent,fraud,FAST_APPROVAL,APPROVED
order_102015,return_302015,customer_1295,agent_011,1,Normal refund approval with evidence and reasonable timing,normal,,APPROVED
order_103706,return_303706,customer_0152,agent_102,4,Very fast approval by support agent,fraud,FAST_APPROVAL,APPROVED
order_100928,return_300928,customer_1354,agent_019,1,Normal refund approval with evidence and reasonable timing,normal,,APPROVED
order_103581,return_303581,customer_1260,agent_103,4,Very fast approval by support agent,fraud,FAST_APPROVAL,APPROVED
order_102303,return_302303,customer_1241,agent_011,1,Normal refund approval with evidence and reasonable timing,normal,,APPROVED
order_104915,return_304915,customer_9904,agent_902,9,"Suspicious cluster: same agent, frequent customer returns, manual overrides",fraud,SUSPICIOUS_CLUSTER;NO_EVIDENCE;MANUAL_OVERRIDE;HIGH_VALUE_REFUND,APPROVED
order_104943,return_304943,customer_9904,agent_902,9,"Suspicious cluster: same agent, frequent customer returns, manual overrides",fraud,SUSPICIOUS_CLUSTER;NO_EVIDENCE;MANUAL_OVERRIDE;HIGH_VALUE_REFUND,APPROVED
order_104639,return_304639,customer_8001,agent_801,8,Repeated agent-customer approval pattern,fraud,REPEATED_AGENT_CUSTOMER_PAIR,APPROVED
order_102465,return_302465,customer_0776,agent_004,1,Normal refund approval with evidence and reasonable timing,normal,,DECLINED
order_104164,return_304164,customer_9003,agent_014,6,Customer with frequent refund requests,fraud,CUSTOMER_FREQUENT_RETURNS,APPROVED
order_102380,return_302380,customer_0223,agent_014,1,Normal refund approval with evidence and reasonable timing,normal,,APPROVED
order_102843,return_302843,customer_1702,agent_029,1,Normal refund approval with evidence and reasonable timing,normal,,APPROVED
order_100948,return_300948,customer_1718,agent_018,1,Normal refund approval with evidence and reasonable timing,normal,,APPROVED
order_104611,return_304611,customer_8003,agent_803,8,Repeated agent-customer approval pattern,fraud,REPEATED_AGENT_CUSTOMER_PAIR,APPROVED
order_1006,return_3006,customer_300,agent_101,2,High-value refund approved without evidence,fraud,NO_EVIDENCE;HIGH_VALUE_REFUND,APPROVED
order_103844,return_303844,customer_1016,agent_029,5,Manual override on high-value refund,fraud,MANUAL_OVERRIDE;HIGH_VALUE_REFUND,APPROVED
order_102875,return_302875,customer_0644,agent_024,1,Normal refund approval with evidence and reasonable timing,normal,,DECLINED
order_1007,return_3007,customer_301,agent_005,2,High-value refund approved without evidence,fraud,NO_EVIDENCE;HIGH_VALUE_REFUND,APPROVED
order_1008,return_3008,customer_302,agent_002,2,High-value refund approved without evidence,fraud,NO_EVIDENCE;HIGH_VALUE_REFUND,APPROVED
order_1009,return_3009,customer_303,agent_001,2,High-value refund approved without evidence,fraud,NO_EVIDENCE;HIGH_VALUE_REFUND,APPROVED
order_1010,return_3010,customer_304,agent_005,2,High-value refund approved without evidence,fraud,NO_EVIDENCE;HIGH_VALUE_REFUND,APPROVED
order_100499,return_300499,customer_0416,agent_021,1,Normal refund approval with evidence and reasonable timing,normal,,APPROVED
order_100050,return_300050,customer_0740,agent_008,1,Normal refund approval with evidence and reasonable timing,normal,,APPROVED
order_100494,return_300494,customer_0682,agent_013,1,Normal refund approval with evidence and reasonable timing,normal,,APPROVED
order_100563,return_300563,customer_0068,agent_002,1,Normal refund approval with evidence and reasonable timing,normal,,DECLINED
order_104826,return_304826,customer_9901,agent_901,9,"Suspicious cluster: same agent, frequent customer returns, manual overrides",fraud,SUSPICIOUS_CLUSTER;NO_EVIDENCE;MANUAL_OVERRIDE;HIGH_VALUE_REFUND,APPROVED
order_101891,return_301891,customer_1189,agent_026,1,Normal refund approval with evidence and reasonable timing,normal,,DECLINED
order_100220,return_300220,customer_1776,agent_009,1,Normal refund approval with evidence and reasonable timing,normal,,APPROVED
order_100011,return_300011,customer_0438,agent_016,1,Normal refund approval with evidence and reasonable timing,normal,,APPROVED
order_101455,return_301455,customer_0055,agent_007,1,Normal refund approval with evidence and reasonable timing,normal,,APPROVED
order_103905,return_303905,customer_0668,agent_101,5,Manual override on high-value refund,fraud,MANUAL_OVERRIDE;HIGH_VALUE_REFUND,APPROVED
order_104705,return_304705,customer_8001,agent_801,8,Repeated agent-customer approval pattern,fraud,REPEATED_AGENT_CUSTOMER_PAIR,APPROVED
order_104201,return_304201,customer_9008,agent_029,6,Customer with frequent refund requests,fraud,CUSTOMER_FREQUENT_RETURNS,APPROVED
order_100680,return_300680,customer_1097,agent_028,1,Normal refund approval with evidence and reasonable timing,normal,,APPROVED
order_102715,return_302715,customer_1614,agent_011,1,Normal refund approval with evidence and reasonable timing,normal,,APPROVED
order_100348,return_300348,customer_1160,agent_006,1,Normal refund approval with evidence and reasonable timing,normal,,DECLINED
order_103637,return_303637,customer_1337,agent_101,4,Very fast approval by support agent,fraud,FAST_APPROVAL,APPROVED
order_101924,return_301924,customer_0314,agent_016,1,Normal refund approval with evidence and reasonable timing,normal,,DECLINED
order_104392,return_304392,customer_0529,agent_701,7,Support agent with unusually high approval rate,fraud,AGENT_HIGH_APPROVAL_RATE,APPROVED
order_102025,return_302025,customer_0522,agent_023,1,Normal refund approval with evidence and reasonable timing,normal,,APPROVED
order_104752,return_304752,customer_8003,agent_803,8,Repeated agent-customer approval pattern,fraud,REPEATED_AGENT_CUSTOMER_PAIR,APPROVED
order_100866,return_300866,customer_1197,agent_025,1,Normal refund approval with evidence and reasonable timing,normal,,APPROVED
order_101768,return_301768,customer_0531,agent_015,1,Normal refund approval with evidence and reasonable timing,normal,,APPROVED
order_102657,return_302657,customer_0862,agent_018,1,Normal refund approval with evidence and reasonable timing,normal,,DECLINED
order_100611,return_300611,customer_1095,agent_014,1,Normal refund approval with evidence and reasonable timing,normal,,DECLINED
order_103625,return_303625,customer_0661,agent_101,4,Very fast approval by support agent,fraud,FAST_APPROVAL,APPROVED
order_103767,return_303767,customer_1111,agent_102,4,Very fast approval by support agent,fraud,FAST_APPROVAL,APPROVED
order_103023,return_303023,customer_0867,agent_004,2,High-value refund approved without evidence,fraud,NO_EVIDENCE;HIGH_VALUE_REFUND,APPROVED
order_102127,return_302127,customer_1818,agent_028,1,Normal refund approval with evidence and reasonable timing,normal,,DECLINED
order_104529,return_304529,customer_0552,agent_703,7,Support agent with unusually high approval rate,fraud,AGENT_HIGH_APPROVAL_RATE,APPROVED
order_103589,return_303589,customer_1385,agent_101,4,Very fast approval by support agent,fraud,FAST_APPROVAL,APPROVED
order_102533,return_302533,customer_0063,agent_001,1,Normal refund approval with evidence and reasonable timing,normal,,APPROVED
order_102576,return_302576,customer_1134,agent_019,1,Normal refund approval with evidence and reasonable timing,normal,,APPROVED
order_103217,return_303217,customer_0137,agent_004,2,High-value refund approved without evidence,fraud,NO_EVIDENCE;HIGH_VALUE_REFUND,APPROVED
order_102227,return_302227,customer_1922,agent_021,1,Normal refund approval with evidence and reasonable timing,normal,,APPROVED
order_100854,return_300854,customer_1408,agent_007,1,Normal refund approval with evidence and reasonable timing,normal,,APPROVED
order_101494,return_301494,customer_0103,agent_014,1,Normal refund approval with evidence and reasonable timing,normal,,DECLINED
order_100637,return_300637,customer_0868,agent_021,1,Normal refund approval with evidence and reasonable timing,normal,,DECLINED
order_100183,return_300183,customer_0313,agent_010,1,Normal refund approval with evidence and reasonable timing,normal,,APPROVED
order_100702,return_300702,customer_0704,agent_013,1,Normal refund approval with evidence and reasonable timing,normal,,APPROVED
order_102519,return_302519,customer_0390,agent_005,1,Normal refund approval with evidence and reasonable timing,normal,,APPROVED
order_100496,return_300496,customer_1338,agent_005,1,Normal refund approval with evidence and reasonable timing,normal,,APPROVED
order_103537,return_303537,customer_0656,agent_101,4,Very fast approval by support agent,fraud,FAST_APPROVAL,APPROVED
order_100561,return_300561,customer_0621,agent_005,1,Normal refund approval with evidence and reasonable timing,normal,,DECLINED
order_102557,return_302557,customer_1961,agent_015,1,Normal refund approval with evidence and reasonable timing,normal,,DECLINED
order_104376,return_304376,customer_1473,agent_703,7,Support agent with unusually high approval rate,fraud,AGENT_HIGH_APPROVAL_RATE,APPROVED
order_104735,return_304735,customer_8001,agent_801,8,Repeated agent-customer approval pattern,fraud,REPEATED_AGENT_CUSTOMER_PAIR,APPROVED
order_104285,return_304285,customer_9004,agent_014,6,Customer with frequent refund requests,fraud,CUSTOMER_FREQUENT_RETURNS,APPROVED
order_104787,return_304787,customer_9904,agent_902,9,"Suspicious cluster: same agent, frequent customer returns, manual overrides",fraud,SUSPICIOUS_CLUSTER;NO_EVIDENCE;MANUAL_OVERRIDE;HIGH_VALUE_REFUND,APPROVED
order_100069,return_300069,customer_1277,agent_011,1,Normal refund approval with evidence and reasonable timing,normal,,DECLINED
order_104628,return_304628,customer_8002,agent_802,8,Repeated agent-customer approval pattern,fraud,REPEATED_AGENT_CUSTOMER_PAIR,APPROVED
order_104210,return_304210,customer_9001,agent_011,6,Customer with frequent refund requests,fraud,CUSTOMER_FREQUENT_RETURNS,APPROVED
order_101559,return_301559,customer_1537,agent_025,1,Normal refund approval with evidence and reasonable timing,normal,,APPROVED
order_102673,return_302673,customer_0516,agent_021,1,Normal refund approval with evidence and reasonable timing,normal,,APPROVED
order_102681,return_302681,customer_1817,agent_026,1,Normal refund approval with evidence and reasonable timing,normal,,APPROVED
order_102358,return_302358,customer_0487,agent_005,1,Normal refund approval with evidence and reasonable timing,normal,,APPROVED
order_103233,return_303233,customer_0020,agent_024,2,High-value refund approved without evidence,fraud,NO_EVIDENCE;HIGH_VALUE_REFUND,APPROVED
order_102526,return_302526,customer_1264,agent_003,1,Normal refund approval with evidence and reasonable timing,normal,,APPROVED
order_102762,return_302762,customer_1790,agent_023,1,Normal refund approval with evidence and reasonable timing,normal,,APPROVED
order_100894,return_300894,customer_1517,agent_018,1,Normal refund approval with evidence and reasonable timing,normal,,DECLINED
order_103130,return_303130,customer_1943,agent_023,2,High-value refund approved without evidence,fraud,NO_EVIDENCE;HIGH_VALUE_REFUND,APPROVED
order_103812,return_303812,customer_0107,agent_024,5,Manual override on high-value refund,fraud,MANUAL_OVERRIDE;HIGH_VALUE_REFUND,APPROVED
order_100270,return_300270,customer_0199,agent_007,1,Normal refund approval with evidence and reasonable timing,normal,,APPROVED
order_104690,return_304690,customer_8001,agent_801,8,Repeated agent-customer approval pattern,fraud,REPEATED_AGENT_CUSTOMER_PAIR,APPROVED
order_104724,return_304724,customer_8002,agent_802,8,Repeated agent-customer approval pattern,fraud,REPEATED_AGENT_CUSTOMER_PAIR,APPROVED
order_100317,return_300317,customer_1898,agent_002,1,Normal refund approval with evidence and reasonable timing,normal,,DECLINED
order_1011,return_3011,customer_400,agent_101,3,Full-amount refund approved for expensive order,fraud,FULL_AMOUNT_REFUND;HIGH_VALUE_REFUND,APPROVED
order_102913,return_302913,customer_0919,agent_012,1,Normal refund approval with evidence and reasonable timing,normal,,APPROVED
order_104193,return_304193,customer_9008,agent_024,6,Customer with frequent refund requests,fraud,CUSTOMER_FREQUENT_RETURNS,APPROVED
order_1012,return_3012,customer_401,agent_005,3,Full-amount refund approved for expensive order,fraud,FULL_AMOUNT_REFUND;HIGH_VALUE_REFUND,APPROVED
order_102893,return_302893,customer_0345,agent_022,1,Normal refund approval with evidence and reasonable timing,normal,,DECLINED
order_1013,return_3013,customer_402,agent_005,3,Full-amount refund approved for expensive order,fraud,FULL_AMOUNT_REFUND;HIGH_VALUE_REFUND,APPROVED
order_1014,return_3014,customer_403,agent_001,3,Full-amount refund approved for expensive order,fraud,FULL_AMOUNT_REFUND;HIGH_VALUE_REFUND,APPROVED
order_103300,return_303300,customer_0699,agent_103,3,Full-amount refund approved for expensive order,fraud,FULL_AMOUNT_REFUND;HIGH_VALUE_REFUND,APPROVED
order_1015,return_3015,customer_404,agent_005,3,Full-amount refund approved for expensive order,fraud,FULL_AMOUNT_REFUND;HIGH_VALUE_REFUND,APPROVED
order_101434,return_301434,customer_0383,agent_001,1,Normal refund approval with evidence and reasonable timing,normal,,APPROVED
order_104388,return_304388,customer_1849,agent_703,7,Support agent with unusually high approval rate,fraud,AGENT_HIGH_APPROVAL_RATE,APPROVED
order_101710,return_301710,customer_1906,agent_003,1,Normal refund approval with evidence and reasonable timing,normal,,APPROVED
order_102130,return_302130,customer_1903,agent_018,1,Normal refund approval with evidence and reasonable timing,normal,,APPROVED
order_100373,return_300373,customer_1136,agent_003,1,Normal refund approval with evidence and reasonable timing,normal,,DECLINED
order_102797,return_302797,customer_1574,agent_006,1,Normal refund approval with evidence and reasonable timing,normal,,APPROVED
order_101734,return_301734,customer_0125,agent_011,1,Normal refund approval with evidence and reasonable timing,normal,,APPROVED
order_102194,return_302194,customer_1519,agent_018,1,Normal refund approval with evidence and reasonable timing,normal,,DECLINED
order_100395,return_300395,customer_0046,agent_018,1,Normal refund approval with evidence and reasonable timing,normal,,DECLINED
order_102885,return_302885,customer_1722,agent_021,1,Normal refund approval with evidence and reasonable timing,normal,,APPROVED
order_103236,return_303236,customer_0158,agent_004,2,High-value refund approved without evidence,fraud,NO_EVIDENCE;HIGH_VALUE_REFUND,APPROVED
order_102778,return_302778,customer_1499,agent_010,1,Normal refund approval with evidence and reasonable timing,normal,,APPROVED
order_103772,return_303772,customer_0261,agent_103,4,Very fast approval by support agent,fraud,FAST_APPROVAL,APPROVED
order_102396,return_302396,customer_0485,agent_025,1,Normal refund approval with evidence and reasonable timing,normal,,DECLINED
order_101356,return_301356,customer_0850,agent_025,1,Normal refund approval with evidence and reasonable timing,normal,,DECLINED
order_100595,return_300595,customer_0695,agent_030,1,Normal refund approval with evidence and reasonable timing,normal,,APPROVED
order_102546,return_302546,customer_1533,agent_022,1,Normal refund approval with evidence and reasonable timing,normal,,DECLINED
order_103330,return_303330,customer_0101,agent_026,3,Full-amount refund approved for expensive order,fraud,FULL_AMOUNT_REFUND;HIGH_VALUE_REFUND,APPROVED
order_104161,return_304161,customer_9008,agent_002,6,Customer with frequent refund requests,fraud,CUSTOMER_FREQUENT_RETURNS,APPROVED
order_100288,return_300288,customer_1568,agent_017,1,Normal refund approval with evidence and reasonable timing,normal,,DECLINED
order_103078,return_303078,customer_0188,agent_009,2,High-value refund approved without evidence,fraud,NO_EVIDENCE;HIGH_VALUE_REFUND,APPROVED
order_103669,return_303669,customer_0020,agent_102,4,Very fast approval by support agent,fraud,FAST_APPROVAL,APPROVED
order_100834,return_300834,customer_1361,agent_011,1,Normal refund approval with evidence and reasonable timing,normal,,APPROVED
order_101592,return_301592,customer_0766,agent_001,1,Normal refund approval with evidence and reasonable timing,normal,,DECLINED
order_101829,return_301829,customer_1591,agent_009,1,Normal refund approval with evidence and reasonable timing,normal,,APPROVED
order_104270,return_304270,customer_9005,agent_028,6,Customer with frequent refund requests,fraud,CUSTOMER_FREQUENT_RETURNS,APPROVED
order_101166,return_301166,customer_0707,agent_027,1,Normal refund approval with evidence and reasonable timing,normal,,DECLINED
order_102247,return_302247,customer_1087,agent_013,1,Normal refund approval with evidence and reasonable timing,normal,,APPROVED
order_101218,return_301218,customer_0911,agent_023,1,Normal refund approval with evidence and reasonable timing,normal,,APPROVED
order_102288,return_302288,customer_0642,agent_018,1,Normal refund approval with evidence and reasonable timing,normal,,APPROVED
order_102182,return_302182,customer_0652,agent_026,1,Normal refund approval with evidence and reasonable timing,normal,,DECLINED
order_101185,return_301185,customer_0335,agent_017,1,Normal refund approval with evidence and reasonable timing,normal,,DECLINED
order_102816,return_302816,customer_1321,agent_020,1,Normal refund approval with evidence and reasonable timing,normal,,APPROVED
order_100378,return_300378,customer_0741,agent_011,1,Normal refund approval with evidence and reasonable timing,normal,,APPROVED
order_102898,return_302898,customer_0744,agent_007,1,Normal refund approval with evidence and reasonable timing,normal,,APPROVED
order_103446,return_303446,customer_0463,agent_021,3,Full-amount refund approved for expensive order,fraud,FULL_AMOUNT_REFUND;HIGH_VALUE_REFUND,APPROVED
order_102304,return_302304,customer_0732,agent_027,1,Normal refund approval with evidence and reasonable timing,normal,,APPROVED
order_101925,return_301925,customer_0335,agent_023,1,Normal refund approval with evidence and reasonable timing,normal,,APPROVED
order_103823,return_303823,customer_0125,agent_028,5,Manual override on high-value refund,fraud,MANUAL_OVERRIDE;HIGH_VALUE_REFUND,APPROVED
order_104024,return_304024,customer_0209,agent_001,5,Manual override on high-value refund,fraud,MANUAL_OVERRIDE;HIGH_VALUE_REFUND,APPROVED
order_103146,return_303146,customer_0846,agent_103,2,High-value refund approved without evidence,fraud,NO_EVIDENCE;HIGH_VALUE_REFUND,APPROVED
order_104580,return_304580,customer_8002,agent_802,8,Repeated agent-customer approval pattern,fraud,REPEATED_AGENT_CUSTOMER_PAIR,APPROVED
order_101664,return_301664,customer_1106,agent_023,1,Normal refund approval with evidence and reasonable timing,normal,,APPROVED
order_104136,return_304136,customer_9007,agent_030,6,Customer with frequent refund requests,fraud,CUSTOMER_FREQUENT_RETURNS,APPROVED
order_102852,return_302852,customer_0570,agent_016,1,Normal refund approval with evidence and reasonable timing,normal,,DECLINED
order_100862,return_300862,customer_1544,agent_011,1,Normal refund approval with evidence and reasonable timing,normal,,APPROVED
order_104160,return_304160,customer_9007,agent_027,6,Customer with frequent refund requests,fraud,CUSTOMER_FREQUENT_RETURNS,APPROVED
order_103845,return_303845,customer_1737,agent_103,5,Manual override on high-value refund,fraud,MANUAL_OVERRIDE;HIGH_VALUE_REFUND,APPROVED
order_104526,return_304526,customer_0015,agent_703,7,Support agent with unusually high approval rate,fraud,AGENT_HIGH_APPROVAL_RATE,APPROVED
order_104027,return_304027,customer_0305,agent_020,5,Manual override on high-value refund,fraud,MANUAL_OVERRIDE;HIGH_VALUE_REFUND,APPROVED
order_103140,return_303140,customer_1955,agent_023,2,High-value refund approved without evidence,fraud,NO_EVIDENCE;HIGH_VALUE_REFUND,APPROVED
order_104074,return_304074,customer_1369,agent_028,5,Manual override on high-value refund,fraud,MANUAL_OVERRIDE;HIGH_VALUE_REFUND,APPROVED
order_103605,return_303605,customer_1461,agent_102,4,Very fast approval by support agent,fraud,FAST_APPROVAL,APPROVED
order_101392,return_301392,customer_1056,agent_028,1,Normal refund approval with evidence and reasonable timing,normal,,APPROVED
order_103594,return_303594,customer_1291,agent_101,4,Very fast approval by support agent,fraud,FAST_APPROVAL,APPROVED
order_100644,return_300644,customer_1146,agent_021,1,Normal refund approval with evidence and reasonable timing,normal,,DECLINED
order_1016,return_3016,customer_500,agent_101,4,Very fast approval by support agent,fraud,FAST_APPROVAL,APPROVED
order_1017,return_3017,customer_501,agent_102,4,Very fast approval by support agent,fraud,FAST_APPROVAL,APPROVED
order_1018,return_3018,customer_502,agent_102,4,Very fast approval by support agent,fraud,FAST_APPROVAL,APPROVED
order_1019,return_3019,customer_503,agent_101,4,Very fast approval by support agent,fraud,FAST_APPROVAL,APPROVED
order_1020,return_3020,customer_504,agent_101,4,Very fast approval by support agent,fraud,FAST_APPROVAL,APPROVED
order_100105,return_300105,customer_1989,agent_028,1,Normal refund approval with evidence and reasonable timing,normal,,APPROVED
order_102061,return_302061,customer_1309,agent_019,1,Normal refund approval with evidence and reasonable timing,normal,,APPROVED
order_100369,return_300369,customer_1973,agent_012,1,Normal refund approval with evidence and reasonable timing,normal,,APPROVED
order_100998,return_300998,customer_0499,agent_027,1,Normal refund approval with evidence and reasonable timing,normal,,APPROVED
order_103001,return_303001,customer_0726,agent_020,2,High-value refund approved without evidence,fraud,NO_EVIDENCE;HIGH_VALUE_REFUND,APPROVED
order_100292,return_300292,customer_0603,agent_019,1,Normal refund approval with evidence and reasonable timing,normal,,APPROVED
order_102835,return_302835,customer_1606,agent_012,1,Normal refund approval with evidence and reasonable timing,normal,,APPROVED
order_102292,return_302292,customer_0067,agent_026,1,Normal refund approval with evidence and reasonable timing,normal,,DECLINED
order_103322,return_303322,customer_0711,agent_004,3,Full-amount refund approved for expensive order,fraud,FULL_AMOUNT_REFUND;HIGH_VALUE_REFUND,APPROVED
order_104216,return_304216,customer_9007,agent_101,6,Customer with frequent refund requests,fraud,CUSTOMER_FREQUENT_RETURNS,APPROVED
order_101258,return_301258,customer_1682,agent_012,1,Normal refund approval with evidence and reasonable timing,normal,,DECLINED
order_102193,return_302193,customer_0780,agent_009,1,Normal refund approval with evidence and reasonable timing,normal,,APPROVED
order_101282,return_301282,customer_0019,agent_025,1,Normal refund approval with evidence and reasonable timing,normal,,APPROVED
order_103189,return_303189,customer_1563,agent_003,2,High-value refund approved without evidence,fraud,NO_EVIDENCE;HIGH_VALUE_REFUND,APPROVED
order_100478,return_300478,customer_0869,agent_017,1,Normal refund approval with evidence and reasonable timing,normal,,APPROVED
order_103449,return_303449,customer_0812,agent_015,3,Full-amount refund approved for expensive order,fraud,FULL_AMOUNT_REFUND;HIGH_VALUE_REFUND,APPROVED
order_100164,return_300164,customer_1481,agent_019,1,Normal refund approval with evidence and reasonable timing,normal,,APPROVED
order_103520,return_303520,customer_0844,agent_028,3,Full-amount refund approved for expensive order,fraud,FULL_AMOUNT_REFUND;HIGH_VALUE_REFUND,APPROVED
order_102356,return_302356,customer_1359,agent_008,1,Normal refund approval with evidence and reasonable timing,normal,,APPROVED
order_101267,return_301267,customer_1688,agent_004,1,Normal refund approval with evidence and reasonable timing,normal,,DECLINED
order_102283,return_302283,customer_0163,agent_025,1,Normal refund approval with evidence and reasonable timing,normal,,APPROVED
order_101008,return_301008,customer_1966,agent_021,1,Normal refund approval with evidence and reasonable timing,normal,,APPROVED
order_101472,return_301472,customer_0284,agent_018,1,Normal refund approval with evidence and reasonable timing,normal,,DECLINED
order_101800,return_301800,customer_1451,agent_004,1,Normal refund approval with evidence and reasonable timing,normal,,APPROVED
order_100777,return_300777,customer_1966,agent_016,1,Normal refund approval with evidence and reasonable timing,normal,,APPROVED
order_102155,return_302155,customer_1530,agent_030,1,Normal refund approval with evidence and reasonable timing,normal,,APPROVED
order_102187,return_302187,customer_0035,agent_021,1,Normal refund approval with evidence and reasonable timing,normal,,APPROVED
order_102595,return_302595,customer_1261,agent_010,1,Normal refund approval with evidence and reasonable timing,normal,,APPROVED
order_104236,return_304236,customer_9003,agent_029,6,Customer with frequent refund requests,fraud,CUSTOMER_FREQUENT_RETURNS,APPROVED
order_102780,return_302780,customer_1126,agent_028,1,Normal refund approval with evidence and reasonable timing,normal,,DECLINED
order_102844,return_302844,customer_1043,agent_014,1,Normal refund approval with evidence and reasonable timing,normal,,DECLINED
order_104727,return_304727,customer_8002,agent_802,8,Repeated agent-customer approval pattern,fraud,REPEATED_AGENT_CUSTOMER_PAIR,APPROVED
order_101214,return_301214,customer_1592,agent_018,1,Normal refund approval with evidence and reasonable timing,normal,,APPROVED
order_100146,return_300146,customer_0750,agent_024,1,Normal refund approval with evidence and reasonable timing,normal,,APPROVED
order_103373,return_303373,customer_1868,agent_101,3,Full-amount refund approved for expensive order,fraud,FULL_AMOUNT_REFUND;HIGH_VALUE_REFUND,APPROVED
order_104921,return_304921,customer_9906,agent_902,9,"Suspicious cluster: same agent, frequent customer returns, manual overrides",fraud,SUSPICIOUS_CLUSTER;NO_EVIDENCE;MANUAL_OVERRIDE;HIGH_VALUE_REFUND,APPROVED
order_102946,return_302946,customer_0133,agent_009,1,Normal refund approval with evidence and reasonable timing,normal,,APPROVED
order_103048,return_303048,customer_1286,agent_102,2,High-value refund approved without evidence,fraud,NO_EVIDENCE;HIGH_VALUE_REFUND,APPROVED
order_104172,return_304172,customer_9003,agent_021,6,Customer with frequent refund requests,fraud,CUSTOMER_FREQUENT_RETURNS,APPROVED
order_101797,return_301797,customer_1128,agent_018,1,Normal refund approval with evidence and reasonable timing,normal,,DECLINED
order_101513,return_301513,customer_1406,agent_021,1,Normal refund approval with evidence and reasonable timing,normal,,APPROVED
order_101024,return_301024,customer_1845,agent_014,1,Normal refund approval with evidence and reasonable timing,normal,,APPROVED
order_100321,return_300321,customer_0430,agent_007,1,Normal refund approval with evidence and reasonable timing,normal,,APPROVED
order_100672,return_300672,customer_0962,agent_005,1,Normal refund approval with evidence and reasonable timing,normal,,APPROVED
order_104570,return_304570,customer_8001,agent_801,8,Repeated agent-customer approval pattern,fraud,REPEATED_AGENT_CUSTOMER_PAIR,APPROVED
order_104046,return_304046,customer_0796,agent_018,5,Manual override on high-value refund,fraud,MANUAL_OVERRIDE;HIGH_VALUE_REFUND,APPROVED
order_100718,return_300718,customer_0413,agent_021,1,Normal refund approval with evidence and reasonable timing,normal,,DECLINED
order_100641,return_300641,customer_0635,agent_019,1,Normal refund approval with evidence and reasonable timing,normal,,APPROVED
order_103564,return_303564,customer_0986,agent_103,4,Very fast approval by support agent,fraud,FAST_APPROVAL,APPROVED
order_101029,return_301029,customer_1832,agent_003,1,Normal refund approval with evidence and reasonable timing,normal,,APPROVED
order_104102,return_304102,customer_9005,agent_011,6,Customer with frequent refund requests,fraud,CUSTOMER_FREQUENT_RETURNS,APPROVED
order_103344,return_303344,customer_1186,agent_019,3,Full-amount refund approved for expensive order,fraud,FULL_AMOUNT_REFUND;HIGH_VALUE_REFUND,APPROVED
order_103790,return_303790,customer_0024,agent_102,4,Very fast approval by support agent,fraud,FAST_APPROVAL,APPROVED
order_103235,return_303235,customer_1952,agent_028,2,High-value refund approved without evidence,fraud,NO_EVIDENCE;HIGH_VALUE_REFUND,APPROVED
order_100238,return_300238,customer_1024,agent_002,1,Normal refund approval with evidence and reasonable timing,normal,,DECLINED
order_102387,return_302387,customer_0357,agent_005,1,Normal refund approval with evidence and reasonable timing,normal,,APPROVED
order_100284,return_300284,customer_0334,agent_002,1,Normal refund approval with evidence and reasonable timing,normal,,APPROVED
order_103771,return_303771,customer_1417,agent_101,4,Very fast approval by support agent,fraud,FAST_APPROVAL,APPROVED
order_1021,return_3021,customer_600,agent_005,5,Manual override on high-value refund,fraud,MANUAL_OVERRIDE;HIGH_VALUE_REFUND,APPROVED
order_103469,return_303469,customer_0978,agent_001,3,Full-amount refund approved for expensive order,fraud,FULL_AMOUNT_REFUND;HIGH_VALUE_REFUND,APPROVED
order_104339,return_304339,customer_0891,agent_702,7,Support agent with unusually high approval rate,fraud,AGENT_HIGH_APPROVAL_RATE,APPROVED
order_1022,return_3022,customer_601,agent_002,5,Manual override on high-value refund,fraud,MANUAL_OVERRIDE;HIGH_VALUE_REFUND,APPROVED
order_103095,return_303095,customer_0816,agent_011,2,High-value refund approved without evidence,fraud,NO_EVIDENCE;HIGH_VALUE_REFUND,APPROVED
order_1023,return_3023,customer_602,agent_102,5,Manual override on high-value refund,fraud,MANUAL_OVERRIDE;HIGH_VALUE_REFUND,APPROVED
order_1024,return_3024,customer_603,agent_004,5,Manual override on high-value refund,fraud,MANUAL_OVERRIDE;HIGH_VALUE_REFUND,APPROVED
order_1025,return_3025,customer_604,agent_102,5,Manual override on high-value refund,fraud,MANUAL_OVERRIDE;HIGH_VALUE_REFUND,APPROVED
order_100943,return_300943,customer_0838,agent_030,1,Normal refund approval with evidence and reasonable timing,normal,,DECLINED
order_104451,return_304451,customer_1660,agent_703,7,Support agent with unusually high approval rate,fraud,AGENT_HIGH_APPROVAL_RATE,APPROVED
order_103414,return_303414,customer_1383,agent_010,3,Full-amount refund approved for expensive order,fraud,FULL_AMOUNT_REFUND;HIGH_VALUE_REFUND,APPROVED
order_100426,return_300426,customer_1746,agent_022,1,Normal refund approval with evidence and reasonable timing,normal,,APPROVED
order_102973,return_302973,customer_1828,agent_022,1,Normal refund approval with evidence and reasonable timing,normal,,DECLINED
order_104688,return_304688,customer_8002,agent_802,8,Repeated agent-customer approval pattern,fraud,REPEATED_AGENT_CUSTOMER_PAIR,APPROVED
order_101806,return_301806,customer_1597,agent_005,1,Normal refund approval with evidence and reasonable timing,normal,,APPROVED
order_102217,return_302217,customer_1918,agent_022,1,Normal refund approval with evidence and reasonable timing,normal,,DECLINED
order_100097,return_300097,customer_0323,agent_005,1,Normal refund approval with evidence and reasonable timing,normal,,APPROVED
order_101454,return_301454,customer_1724,agent_016,1,Normal refund approval with evidence and reasonable timing,normal,,APPROVED
order_100064,return_300064,customer_1445,agent_017,1,Normal refund approval with evidence and reasonable timing,normal,,APPROVED
order_104337,return_304337,customer_0276,agent_703,7,Support agent with unusually high approval rate,fraud,AGENT_HIGH_APPROVAL_RATE,APPROVED
order_102149,return_302149,customer_0671,agent_014,1,Normal refund approval with evidence and reasonable timing,normal,,APPROVED
order_101389,return_301389,customer_0485,agent_002,1,Normal refund approval with evidence and reasonable timing,normal,,APPROVED
order_102703,return_302703,customer_1917,agent_009,1,Normal refund approval with evidence and reasonable timing,normal,,APPROVED
order_100134,return_300134,customer_0133,agent_023,1,Normal refund approval with evidence and reasonable timing,normal,,APPROVED
order_102208,return_302208,customer_1473,agent_014,1,Normal refund approval with evidence and reasonable timing,normal,,APPROVED
order_101793,return_301793,customer_1700,agent_015,1,Normal refund approval with evidence and reasonable timing,normal,,APPROVED
order_102732,return_302732,customer_0454,agent_020,1,Normal refund approval with evidence and reasonable timing,normal,,APPROVED
order_104425,return_304425,customer_1240,agent_701,7,Support agent with unusually high approval rate,fraud,AGENT_HIGH_APPROVAL_RATE,APPROVED
order_101437,return_301437,customer_1032,agent_017,1,Normal refund approval with evidence and reasonable timing,normal,,APPROVED
order_100111,return_300111,customer_1622,agent_021,1,Normal refund approval with evidence and reasonable timing,normal,,DECLINED
order_100535,return_300535,customer_1079,agent_019,1,Normal refund approval with evidence and reasonable timing,normal,,APPROVED
order_104171,return_304171,customer_9002,agent_103,6,Customer with frequent refund requests,fraud,CUSTOMER_FREQUENT_RETURNS,APPROVED
order_103970,return_303970,customer_1804,agent_010,5,Manual override on high-value refund,fraud,MANUAL_OVERRIDE;HIGH_VALUE_REFUND,APPROVED
order_103509,return_303509,customer_1312,agent_018,3,Full-amount refund approved for expensive order,fraud,FULL_AMOUNT_REFUND;HIGH_VALUE_REFUND,APPROVED
order_104242,return_304242,customer_9001,agent_014,6,Customer with frequent refund requests,fraud,CUSTOMER_FREQUENT_RETURNS,APPROVED
order_104782,return_304782,customer_9901,agent_901,9,"Suspicious cluster: same agent, frequent customer returns, manual overrides",fraud,SUSPICIOUS_CLUSTER;NO_EVIDENCE;MANUAL_OVERRIDE;HIGH_VALUE_REFUND,APPROVED
order_101047,return_301047,customer_0699,agent_008,1,Normal refund approval with evidence and reasonable timing,normal,,APPROVED
order_103353,return_303353,customer_0042,agent_103,3,Full-amount refund approved for expensive order,fraud,FULL_AMOUNT_REFUND;HIGH_VALUE_REFUND,APPROVED
order_102639,return_302639,customer_0419,agent_026,1,Normal refund approval with evidence and reasonable timing,normal,,DECLINED
order_100631,return_300631,customer_0076,agent_003,1,Normal refund approval with evidence and reasonable timing,normal,,DECLINED
order_101235,return_301235,customer_0007,agent_013,1,Normal refund approval with evidence and reasonable timing,normal,,APPROVED
order_101410,return_301410,customer_0657,agent_020,1,Normal refund approval with evidence and reasonable timing,normal,,APPROVED
order_100934,return_300934,customer_0092,agent_012,1,Normal refund approval with evidence and reasonable timing,normal,,APPROVED
order_104072,return_304072,customer_0107,agent_012,5,Manual override on high-value refund,fraud,MANUAL_OVERRIDE;HIGH_VALUE_REFUND,APPROVED
order_104157,return_304157,customer_9004,agent_028,6,Customer with frequent refund requests,fraud,CUSTOMER_FREQUENT_RETURNS,APPROVED
order_104595,return_304595,customer_8002,agent_802,8,Repeated agent-customer approval pattern,fraud,REPEATED_AGENT_CUSTOMER_PAIR,APPROVED
order_100825,return_300825,customer_1991,agent_004,1,Normal refund approval with evidence and reasonable timing,normal,,APPROVED
order_102322,return_302322,customer_0949,agent_018,1,Normal refund approval with evidence and reasonable timing,normal,,APPROVED
order_104352,return_304352,customer_0757,agent_703,7,Support agent with unusually high approval rate,fraud,AGENT_HIGH_APPROVAL_RATE,APPROVED
order_104757,return_304757,customer_9904,agent_902,9,"Suspicious cluster: same agent, frequent customer returns, manual overrides",fraud,SUSPICIOUS_CLUSTER;NO_EVIDENCE;MANUAL_OVERRIDE;HIGH_VALUE_REFUND,APPROVED
order_101386,return_301386,customer_1842,agent_028,1,Normal refund approval with evidence and reasonable timing,normal,,APPROVED
order_101887,return_301887,customer_1225,agent_022,1,Normal refund approval with evidence and reasonable timing,normal,,APPROVED
order_101805,return_301805,customer_0458,agent_011,1,Normal refund approval with evidence and reasonable timing,normal,,APPROVED
order_104340,return_304340,customer_0013,agent_703,7,Support agent with unusually high approval rate,fraud,AGENT_HIGH_APPROVAL_RATE,APPROVED
order_104747,return_304747,customer_8001,agent_801,8,Repeated agent-customer approval pattern,fraud,REPEATED_AGENT_CUSTOMER_PAIR,APPROVED
order_1026,return_3026,customer_900,agent_003,6,Customer with frequent refund requests,fraud,CUSTOMER_FREQUENT_RETURNS,APPROVED
order_104188,return_304188,customer_9003,agent_016,6,Customer with frequent refund requests,fraud,CUSTOMER_FREQUENT_RETURNS,APPROVED
order_100627,return_300627,customer_0839,agent_030,1,Normal refund approval with evidence and reasonable timing,normal,,APPROVED
order_104217,return_304217,customer_9008,agent_018,6,Customer with frequent refund requests,fraud,CUSTOMER_FREQUENT_RETURNS,APPROVED
order_104541,return_304541,customer_1448,agent_703,7,Support agent with unusually high approval rate,fraud,AGENT_HIGH_APPROVAL_RATE,APPROVED
order_101688,return_301688,customer_0195,agent_013,1,Normal refund approval with evidence and reasonable timing,normal,,APPROVED
order_101727,return_301727,customer_0674,agent_030,1,Normal refund approval with evidence and reasonable timing,normal,,APPROVED
order_100439,return_300439,customer_0901,agent_010,1,Normal refund approval with evidence and reasonable timing,normal,,APPROVED
order_103920,return_303920,customer_0153,agent_013,5,Manual override on high-value refund,fraud,MANUAL_OVERRIDE;HIGH_VALUE_REFUND,APPROVED
order_101649,return_301649,customer_0801,agent_014,1,Normal refund approval with evidence and reasonable timing,normal,,DECLINED
order_104020,return_304020,customer_1017,agent_012,5,Manual override on high-value refund,fraud,MANUAL_OVERRIDE;HIGH_VALUE_REFUND,APPROVED
order_101568,return_301568,customer_1953,agent_008,1,Normal refund approval with evidence and reasonable timing,normal,,APPROVED
order_101362,return_301362,customer_0197,agent_023,1,Normal refund approval with evidence and reasonable timing,normal,,APPROVED
order_100175,return_300175,customer_1032,agent_005,1,Normal refund approval with evidence and reasonable timing,normal,,DECLINED
order_104311,return_304311,customer_9006,agent_022,6,Customer with frequent refund requests,fraud,CUSTOMER_FREQUENT_RETURNS,APPROVED
order_100350,return_300350,customer_1700,agent_021,1,Normal refund approval with evidence and reasonable timing,normal,,APPROVED
order_102952,return_302952,customer_0092,agent_030,1,Normal refund approval with evidence and reasonable timing,normal,,APPROVED
order_101305,return_301305,customer_0448,agent_016,1,Normal refund approval with evidence and reasonable timing,normal,,DECLINED
order_100366,return_300366,customer_1458,agent_010,1,Normal refund approval with evidence and reasonable timing,normal,,APPROVED
order_101723,return_301723,customer_0175,agent_023,1,Normal refund approval with evidence and reasonable timing,normal,,DECLINED
order_100087,return_300087,customer_0131,agent_024,1,Normal refund approval with evidence and reasonable timing,normal,,APPROVED
order_104756,return_304756,customer_9902,agent_901,9,"Suspicious cluster: same agent, frequent customer returns, manual overrides",fraud,SUSPICIOUS_CLUSTER;NO_EVIDENCE;MANUAL_OVERRIDE;HIGH_VALUE_REFUND,APPROVED
order_103628,return_303628,customer_1629,agent_102,4,Very fast approval by support agent,fraud,FAST_APPROVAL,APPROVED
order_101253,return_301253,customer_1084,agent_015,1,Normal refund approval with evidence and reasonable timing,normal,,APPROVED
order_104357,return_304357,customer_1131,agent_702,7,Support agent with unusually high approval rate,fraud,AGENT_HIGH_APPROVAL_RATE,APPROVED
order_100061,return_300061,customer_1987,agent_004,1,Normal refund approval with evidence and reasonable timing,normal,,APPROVED
order_103307,return_303307,customer_1341,agent_009,3,Full-amount refund approved for expensive order,fraud,FULL_AMOUNT_REFUND;HIGH_VALUE_REFUND,APPROVED
order_102597,return_302597,customer_0499,agent_025,1,Normal refund approval with evidence and reasonable timing,normal,,APPROVED
order_100280,return_300280,customer_1692,agent_025,1,Normal refund approval with evidence and reasonable timing,normal,,APPROVED
order_102669,return_302669,customer_0015,agent_008,1,Normal refund approval with evidence and reasonable timing,normal,,APPROVED
order_104497,return_304497,customer_0715,agent_701,7,Support agent with unusually high approval rate,fraud,AGENT_HIGH_APPROVAL_RATE,APPROVED
order_101986,return_301986,customer_0205,agent_012,1,Normal refund approval with evidence and reasonable timing,normal,,APPROVED
order_100272,return_300272,customer_1541,agent_005,1,Normal refund approval with evidence and reasonable timing,normal,,DECLINED
order_102146,return_302146,customer_1145,agent_023,1,Normal refund approval with evidence and reasonable timing,normal,,APPROVED
order_100607,return_300607,customer_0596,agent_003,1,Normal refund approval with evidence and reasonable timing,normal,,APPROVED
order_102584,return_302584,customer_1718,agent_003,1,Normal refund approval with evidence and reasonable timing,normal,,APPROVED
order_101855,return_301855,customer_0193,agent_011,1,Normal refund approval with evidence and reasonable timing,normal,,APPROVED
order_104222,return_304222,customer_9005,agent_023,6,Customer with frequent refund requests,fraud,CUSTOMER_FREQUENT_RETURNS,APPROVED
order_104002,return_304002,customer_0501,agent_005,5,Manual override on high-value refund,fraud,MANUAL_OVERRIDE;HIGH_VALUE_REFUND,APPROVED
order_100501,return_300501,customer_1663,agent_027,1,Normal refund approval with evidence and reasonable timing,normal,,APPROVED
order_101215,return_301215,customer_0372,agent_017,1,Normal refund approval with evidence and reasonable timing,normal,,DECLINED
order_103064,return_303064,customer_0516,agent_017,2,High-value refund approved without evidence,fraud,NO_EVIDENCE;HIGH_VALUE_REFUND,APPROVED
order_103240,return_303240,customer_0728,agent_103,2,High-value refund approved without evidence,fraud,NO_EVIDENCE;HIGH_VALUE_REFUND,APPROVED
order_104396,return_304396,customer_1835,agent_702,7,Support agent with unusually high approval rate,fraud,AGENT_HIGH_APPROVAL_RATE,APPROVED
order_101421,return_301421,customer_0697,agent_011,1,Normal refund approval with evidence and reasonable timing,normal,,APPROVED
order_104181,return_304181,customer_9004,agent_018,6,Customer with frequent refund requests,fraud,CUSTOMER_FREQUENT_RETURNS,APPROVED
order_104814,return_304814,customer_9903,agent_901,9,"Suspicious cluster: same agent, frequent customer returns, manual overrides",fraud,SUSPICIOUS_CLUSTER;NO_EVIDENCE;MANUAL_OVERRIDE;HIGH_VALUE_REFUND,APPROVED
order_100273,return_300273,customer_1776,agent_022,1,Normal refund approval with evidence and reasonable timing,normal,,APPROVED
order_101078,return_301078,customer_1260,agent_029,1,Normal refund approval with evidence and reasonable timing,normal,,APPROVED
order_103018,return_303018,customer_0175,agent_002,2,High-value refund approved without evidence,fraud,NO_EVIDENCE;HIGH_VALUE_REFUND,APPROVED
order_102683,return_302683,customer_1148,agent_017,1,Normal refund approval with evidence and reasonable timing,normal,,DECLINED
order_102957,return_302957,customer_1967,agent_020,1,Normal refund approval with evidence and reasonable timing,normal,,APPROVED
order_102607,return_302607,customer_0891,agent_020,1,Normal refund approval with evidence and reasonable timing,normal,,APPROVED
order_102100,return_302100,customer_1833,agent_019,1,Normal refund approval with evidence and reasonable timing,normal,,APPROVED
order_100910,return_300910,customer_1697,agent_030,1,Normal refund approval with evidence and reasonable timing,normal,,DECLINED
order_102270,return_302270,customer_0043,agent_011,1,Normal refund approval with evidence and reasonable timing,normal,,APPROVED
order_100526,return_300526,customer_1839,agent_013,1,Normal refund approval with evidence and reasonable timing,normal,,APPROVED
order_102281,return_302281,customer_0354,agent_024,1,Normal refund approval with evidence and reasonable timing,normal,,DECLINED
order_102457,return_302457,customer_0073,agent_021,1,Normal refund approval with evidence and reasonable timing,normal,,DECLINED
order_1027,return_3027,customer_900,agent_002,6,Customer with frequent refund requests,fraud,CUSTOMER_FREQUENT_RETURNS,APPROVED
order_101125,return_301125,customer_1005,agent_003,1,Normal refund approval with evidence and reasonable timing,normal,,APPROVED
order_100189,return_300189,customer_1305,agent_002,1,Normal refund approval with evidence and reasonable timing,normal,,APPROVED
order_104114,return_304114,customer_9001,agent_101,6,Customer with frequent refund requests,fraud,CUSTOMER_FREQUENT_RETURNS,APPROVED
order_101570,return_301570,customer_0371,agent_001,1,Normal refund approval with evidence and reasonable timing,normal,,APPROVED
order_103786,return_303786,customer_1989,agent_102,4,Very fast approval by support agent,fraud,FAST_APPROVAL,APPROVED
order_104647,return_304647,customer_8003,agent_803,8,Repeated agent-customer approval pattern,fraud,REPEATED_AGENT_CUSTOMER_PAIR,APPROVED
order_104568,return_304568,customer_8002,agent_802,8,Repeated agent-customer approval pattern,fraud,REPEATED_AGENT_CUSTOMER_PAIR,APPROVED
order_102524,return_302524,customer_1048,agent_005,1,Normal refund approval with evidence and reasonable timing,normal,,APPROVED
order_103973,return_303973,customer_1750,agent_008,5,Manual override on high-value refund,fraud,MANUAL_OVERRIDE;HIGH_VALUE_REFUND,APPROVED
order_101423,return_301423,customer_1530,agent_005,1,Normal refund approval with evidence and reasonable timing,normal,,DECLINED
order_101040,return_301040,customer_0460,agent_007,1,Normal refund approval with evidence and reasonable timing,normal,,APPROVED
order_104128,return_304128,customer_9007,agent_016,6,Customer with frequent refund requests,fraud,CUSTOMER_FREQUENT_RETURNS,APPROVED
order_101545,return_301545,customer_1403,agent_008,1,Normal refund approval with evidence and reasonable timing,normal,,DECLINED
order_101767,return_301767,customer_1800,agent_026,1,Normal refund approval with evidence and reasonable timing,normal,,APPROVED
order_103079,return_303079,customer_0327,agent_019,2,High-value refund approved without evidence,fraud,NO_EVIDENCE;HIGH_VALUE_REFUND,APPROVED
order_101726,return_301726,customer_1084,agent_010,1,Normal refund approval with evidence and reasonable timing,normal,,APPROVED
order_100427,return_300427,customer_1776,agent_016,1,Normal refund approval with evidence and reasonable timing,normal,,DECLINED
order_103803,return_303803,customer_1770,agent_103,4,Very fast approval by support agent,fraud,FAST_APPROVAL,APPROVED
order_103380,return_303380,customer_0570,agent_004,3,Full-amount refund approved for expensive order,fraud,FULL_AMOUNT_REFUND;HIGH_VALUE_REFUND,APPROVED
order_104602,return_304602,customer_8003,agent_803,8,Repeated agent-customer approval pattern,fraud,REPEATED_AGENT_CUSTOMER_PAIR,APPROVED
order_100803,return_300803,customer_0157,agent_012,1,Normal refund approval with evidence and reasonable timing,normal,,DECLINED
order_104768,return_304768,customer_9902,agent_901,9,"Suspicious cluster: same agent, frequent customer returns, manual overrides",fraud,SUSPICIOUS_CLUSTER;NO_EVIDENCE;MANUAL_OVERRIDE;HIGH_VALUE_REFUND,APPROVED
order_102337,return_302337,customer_1031,agent_030,1,Normal refund approval with evidence and reasonable timing,normal,,APPROVED
order_101823,return_301823,customer_1734,agent_017,1,Normal refund approval with evidence and reasonable timing,normal,,APPROVED
order_101602,return_301602,customer_0547,agent_009,1,Normal refund approval with evidence and reasonable timing,normal,,APPROVED
order_102897,return_302897,customer_1373,agent_026,1,Normal refund approval with evidence and reasonable timing,normal,,APPROVED
order_100358,return_300358,customer_1236,agent_029,1,Normal refund approval with evidence and reasonable timing,normal,,APPROVED
order_101923,return_301923,customer_1801,agent_005,1,Normal refund approval with evidence and reasonable timing,normal,,DECLINED
order_103441,return_303441,customer_0445,agent_005,3,Full-amount refund approved for expensive order,fraud,FULL_AMOUNT_REFUND;HIGH_VALUE_REFUND,APPROVED
order_100166,return_300166,customer_0965,agent_030,1,Normal refund approval with evidence and reasonable timing,normal,,DECLINED
order_104816,return_304816,customer_9903,agent_901,9,"Suspicious cluster: same agent, frequent customer returns, manual overrides",fraud,SUSPICIOUS_CLUSTER;NO_EVIDENCE;MANUAL_OVERRIDE;HIGH_VALUE_REFUND,APPROVED
order_101365,return_301365,customer_0432,agent_020,1,Normal refund approval with evidence and reasonable timing,normal,,DECLINED
order_104414,return_304414,customer_0996,agent_702,7,Support agent with unusually high approval rate,fraud,AGENT_HIGH_APPROVAL_RATE,APPROVED
order_103276,return_303276,customer_1588,agent_025,3,Full-amount refund approved for expensive order,fraud,FULL_AMOUNT_REFUND;HIGH_VALUE_REFUND,APPROVED
order_103799,return_303799,customer_1723,agent_103,4,Very fast approval by support agent,fraud,FAST_APPROVAL,APPROVED
order_101591,return_301591,customer_0534,agent_008,1,Normal refund approval with evidence and reasonable timing,normal,,APPROVED
order_102831,return_302831,customer_0270,agent_028,1,Normal refund approval with evidence and reasonable timing,normal,,APPROVED
order_102724,return_302724,customer_1881,agent_012,1,Normal refund approval with evidence and reasonable timing,normal,,APPROVED
order_100031,return_300031,customer_1647,agent_006,1,Normal refund approval with evidence and reasonable timing,normal,,APPROVED
order_100599,return_300599,customer_1779,agent_007,1,Normal refund approval with evidence and reasonable timing,normal,,DECLINED
order_102092,return_302092,customer_1747,agent_027,1,Normal refund approval with evidence and reasonable timing,normal,,DECLINED
order_102366,return_302366,customer_0512,agent_022,1,Normal refund approval with evidence and reasonable timing,normal,,DECLINED
order_100629,return_300629,customer_0859,agent_010,1,Normal refund approval with evidence and reasonable timing,normal,,APPROVED
order_104926,return_304926,customer_9901,agent_901,9,"Suspicious cluster: same agent, frequent customer returns, manual overrides",fraud,SUSPICIOUS_CLUSTER;NO_EVIDENCE;MANUAL_OVERRIDE;HIGH_VALUE_REFUND,APPROVED
order_100606,return_300606,customer_1292,agent_014,1,Normal refund approval with evidence and reasonable timing,normal,,APPROVED
order_102691,return_302691,customer_1704,agent_001,1,Normal refund approval with evidence and reasonable timing,normal,,APPROVED
order_101958,return_301958,customer_1924,agent_023,1,Normal refund approval with evidence and reasonable timing,normal,,DECLINED
order_104537,return_304537,customer_1826,agent_702,7,Support agent with unusually high approval rate,fraud,AGENT_HIGH_APPROVAL_RATE,APPROVED
order_104808,return_304808,customer_9901,agent_901,9,"Suspicious cluster: same agent, frequent customer returns, manual overrides",fraud,SUSPICIOUS_CLUSTER;NO_EVIDENCE;MANUAL_OVERRIDE;HIGH_VALUE_REFUND,APPROVED
order_104890,return_304890,customer_9903,agent_901,9,"Suspicious cluster: same agent, frequent customer returns, manual overrides",fraud,SUSPICIOUS_CLUSTER;NO_EVIDENCE;MANUAL_OVERRIDE;HIGH_VALUE_REFUND,APPROVED
order_103751,return_303751,customer_1698,agent_103,4,Very fast approval by support agent,fraud,FAST_APPROVAL,APPROVED
order_102246,return_302246,customer_1223,agent_014,1,Normal refund approval with evidence and reasonable timing,normal,,APPROVED
order_102333,return_302333,customer_1825,agent_019,1,Normal refund approval with evidence and reasonable timing,normal,,APPROVED
order_104313,return_304313,customer_9008,agent_018,6,Customer with frequent refund requests,fraud,CUSTOMER_FREQUENT_RETURNS,APPROVED
order_102599,return_302599,customer_1182,agent_027,1,Normal refund approval with evidence and reasonable timing,normal,,DECLINED
order_104062,return_304062,customer_1262,agent_005,5,Manual override on high-value refund,fraud,MANUAL_OVERRIDE;HIGH_VALUE_REFUND,APPROVED
order_102661,return_302661,customer_1112,agent_016,1,Normal refund approval with evidence and reasonable timing,normal,,APPROVED
order_1028,return_3028,customer_900,agent_003,6,Customer with frequent refund requests,fraud,CUSTOMER_FREQUENT_RETURNS,APPROVED
order_102171,return_302171,customer_0108,agent_019,1,Normal refund approval with evidence and reasonable timing,normal,,APPROVED
order_101674,return_301674,customer_1098,agent_014,1,Normal refund approval with evidence and reasonable timing,normal,,APPROVED
order_101003,return_301003,customer_0652,agent_005,1,Normal refund approval with evidence and reasonable timing,normal,,DECLINED
order_101320,return_301320,customer_1961,agent_014,1,Normal refund approval with evidence and reasonable timing,normal,,DECLINED
order_104004,return_304004,customer_0509,agent_005,5,Manual override on high-value refund,fraud,MANUAL_OVERRIDE;HIGH_VALUE_REFUND,APPROVED
order_104693,return_304693,customer_8001,agent_801,8,Repeated agent-customer approval pattern,fraud,REPEATED_AGENT_CUSTOMER_PAIR,APPROVED
order_101211,return_301211,customer_1260,agent_021,1,Normal refund approval with evidence and reasonable timing,normal,,APPROVED
order_104951,return_304951,customer_9906,agent_902,9,"Suspicious cluster: same agent, frequent customer returns, manual overrides",fraud,SUSPICIOUS_CLUSTER;NO_EVIDENCE;MANUAL_OVERRIDE;HIGH_VALUE_REFUND,APPROVED
order_100792,return_300792,customer_1310,agent_002,1,Normal refund approval with evidence and reasonable timing,normal,,APPROVED
order_103306,return_303306,customer_1992,agent_029,3,Full-amount refund approved for expensive order,fraud,FULL_AMOUNT_REFUND;HIGH_VALUE_REFUND,APPROVED
order_102985,return_302985,customer_0675,agent_006,2,High-value refund approved without evidence,fraud,NO_EVIDENCE;HIGH_VALUE_REFUND,APPROVED
order_103326,return_303326,customer_0792,agent_014,3,Full-amount refund approved for expensive order,fraud,FULL_AMOUNT_REFUND;HIGH_VALUE_REFUND,APPROVED
order_100741,return_300741,customer_1930,agent_024,1,Normal refund approval with evidence and reasonable timing,normal,,DECLINED
order_100295,return_300295,customer_1609,agent_016,1,Normal refund approval with evidence and reasonable timing,normal,,DECLINED
order_100959,return_300959,customer_0112,agent_030,1,Normal refund approval with evidence and reasonable timing,normal,,DECLINED
order_104268,return_304268,customer_9003,agent_026,6,Customer with frequent refund requests,fraud,CUSTOMER_FREQUENT_RETURNS,APPROVED
order_100337,return_300337,customer_1612,agent_010,1,Normal refund approval with evidence and reasonable timing,normal,,DECLINED
order_102620,return_302620,customer_1870,agent_017,1,Normal refund approval with evidence and reasonable timing,normal,,APPROVED
order_101590,return_301590,customer_0275,agent_029,1,Normal refund approval with evidence and reasonable timing,normal,,APPROVED
order_100791,return_300791,customer_1450,agent_017,1,Normal refund approval with evidence and reasonable timing,normal,,APPROVED
order_101563,return_301563,customer_0023,agent_027,1,Normal refund approval with evidence and reasonable timing,normal,,APPROVED
order_103162,return_303162,customer_1303,agent_010,2,High-value refund approved without evidence,fraud,NO_EVIDENCE;HIGH_VALUE_REFUND,APPROVED
order_102049,return_302049,customer_1342,agent_005,1,Normal refund approval with evidence and reasonable timing,normal,,DECLINED
order_101025,return_301025,customer_0462,agent_013,1,Normal refund approval with evidence and reasonable timing,normal,,DECLINED
order_102421,return_302421,customer_0181,agent_026,1,Normal refund approval with evidence and reasonable timing,normal,,APPROVED
order_101085,return_301085,customer_0035,agent_025,1,Normal refund approval with evidence and reasonable timing,normal,,APPROVED
order_101571,return_301571,customer_1864,agent_019,1,Normal refund approval with evidence and reasonable timing,normal,,APPROVED
order_100172,return_300172,customer_0261,agent_017,1,Normal refund approval with evidence and reasonable timing,normal,,APPROVED
order_102265,return_302265,customer_0782,agent_023,1,Normal refund approval with evidence and reasonable timing,normal,,APPROVED
order_103719,return_303719,customer_0907,agent_101,4,Very fast approval by support agent,fraud,FAST_APPROVAL,APPROVED
order_100222,return_300222,customer_0006,agent_019,1,Normal refund approval with evidence and reasonable timing,normal,,DECLINED
order_104754,return_304754,customer_8002,agent_802,8,Repeated agent-customer approval pattern,fraud,REPEATED_AGENT_CUSTOMER_PAIR,APPROVED
order_102300,return_302300,customer_1443,agent_019,1,Normal refund approval with evidence and reasonable timing,normal,,APPROVED
order_101892,return_301892,customer_0858,agent_005,1,Normal refund approval with evidence and reasonable timing,normal,,DECLINED
order_101988,return_301988,customer_1050,agent_025,1,Normal refund approval with evidence and reasonable timing,normal,,APPROVED
order_101949,return_301949,customer_0958,agent_019,1,Normal refund approval with evidence and reasonable timing,normal,,APPROVED
order_103863,return_303863,customer_0243,agent_010,5,Manual override on high-value refund,fraud,MANUAL_OVERRIDE;HIGH_VALUE_REFUND,APPROVED
order_101075,return_301075,customer_0206,agent_006,1,Normal refund approval with evidence and reasonable timing,normal,,DECLINED
order_102574,return_302574,customer_0949,agent_021,1,Normal refund approval with evidence and reasonable timing,normal,,APPROVED
order_103780,return_303780,customer_0602,agent_103,4,Very fast approval by support agent,fraud,FAST_APPROVAL,APPROVED
order_100975,return_300975,customer_0651,agent_001,1,Normal refund approval with evidence and reasonable timing,normal,,DECLINED
order_100925,return_300925,customer_0876,agent_028,1,Normal refund approval with evidence and reasonable timing,normal,,DECLINED
order_102041,return_302041,customer_1333,agent_016,1,Normal refund approval with evidence and reasonable timing,normal,,DECLINED
order_103467,return_303467,customer_1480,agent_014,3,Full-amount refund approved for expensive order,fraud,FULL_AMOUNT_REFUND;HIGH_VALUE_REFUND,APPROVED
order_104127,return_304127,customer_9006,agent_010,6,Customer with frequent refund requests,fraud,CUSTOMER_FREQUENT_RETURNS,APPROVED
order_101499,return_301499,customer_0057,agent_013,1,Normal refund approval with evidence and reasonable timing,normal,,APPROVED
order_101458,return_301458,customer_1008,agent_009,1,Normal refund approval with evidence and reasonable timing,normal,,APPROVED
order_104855,return_304855,customer_9904,agent_902,9,"Suspicious cluster: same agent, frequent customer returns, manual overrides",fraud,SUSPICIOUS_CLUSTER;NO_EVIDENCE;MANUAL_OVERRIDE;HIGH_VALUE_REFUND,APPROVED
order_102279,return_302279,customer_0637,agent_011,1,Normal refund approval with evidence and reasonable timing,normal,,APPROVED
order_102935,return_302935,customer_1635,agent_010,1,Normal refund approval with evidence and reasonable timing,normal,,APPROVED
order_101930,return_301930,customer_0070,agent_021,1,Normal refund approval with evidence and reasonable timing,normal,,DECLINED
order_103762,return_303762,customer_1663,agent_102,4,Very fast approval by support agent,fraud,FAST_APPROVAL,APPROVED
order_101866,return_301866,customer_0081,agent_021,1,Normal refund approval with evidence and reasonable timing,normal,,DECLINED
order_104044,return_304044,customer_0686,agent_009,5,Manual override on high-value refund,fraud,MANUAL_OVERRIDE;HIGH_VALUE_REFUND,APPROVED
order_100289,return_300289,customer_0858,agent_030,1,Normal refund approval with evidence and reasonable timing,normal,,DECLINED
order_101942,return_301942,customer_0463,agent_011,1,Normal refund approval with evidence and reasonable timing,normal,,APPROVED
order_101480,return_301480,customer_1291,agent_027,1,Normal refund approval with evidence and reasonable timing,normal,,APPROVED
order_100768,return_300768,customer_1523,agent_003,1,Normal refund approval with evidence and reasonable timing,normal,,APPROVED
order_103650,return_303650,customer_1464,agent_102,4,Very fast approval by support agent,fraud,FAST_APPROVAL,APPROVED
order_101934,return_301934,customer_1106,agent_004,1,Normal refund approval with evidence and reasonable timing,normal,,DECLINED
order_101205,return_301205,customer_1636,agent_028,1,Normal refund approval with evidence and reasonable timing,normal,,DECLINED
order_100931,return_300931,customer_1134,agent_002,1,Normal refund approval with evidence and reasonable timing,normal,,APPROVED
order_104274,return_304274,customer_9001,agent_102,6,Customer with frequent refund requests,fraud,CUSTOMER_FREQUENT_RETURNS,APPROVED
order_1029,return_3029,customer_900,agent_004,6,Customer with frequent refund requests,fraud,CUSTOMER_FREQUENT_RETURNS,APPROVED
order_103887,return_303887,customer_0577,agent_004,5,Manual override on high-value refund,fraud,MANUAL_OVERRIDE;HIGH_VALUE_REFUND,APPROVED
order_102148,return_302148,customer_1782,agent_016,1,Normal refund approval with evidence and reasonable timing,normal,,DECLINED
order_104618,return_304618,customer_8001,agent_801,8,Repeated agent-customer approval pattern,fraud,REPEATED_AGENT_CUSTOMER_PAIR,APPROVED
order_101780,return_301780,customer_0829,agent_028,1,Normal refund approval with evidence and reasonable timing,normal,,APPROVED
order_102664,return_302664,customer_0734,agent_009,1,Normal refund approval with evidence and reasonable timing,normal,,APPROVED
order_104798,return_304798,customer_9903,agent_901,9,"Suspicious cluster: same agent, frequent customer returns, manual overrides",fraud,SUSPICIOUS_CLUSTER;NO_EVIDENCE;MANUAL_OVERRIDE;HIGH_VALUE_REFUND,APPROVED
order_104457,return_304457,customer_1975,agent_703,7,Support agent with unusually high approval rate,fraud,AGENT_HIGH_APPROVAL_RATE,APPROVED
order_104336,return_304336,customer_1292,agent_702,7,Support agent with unusually high approval rate,fraud,AGENT_HIGH_APPROVAL_RATE,APPROVED
order_103787,return_303787,customer_0943,agent_101,4,Very fast approval by support agent,fraud,FAST_APPROVAL,APPROVED
order_101404,return_301404,customer_0800,agent_025,1,Normal refund approval with evidence and reasonable timing,normal,,APPROVED
order_101168,return_301168,customer_0538,agent_019,1,Normal refund approval with evidence and reasonable timing,normal,,DECLINED
order_101431,return_301431,customer_1133,agent_008,1,Normal refund approval with evidence and reasonable timing,normal,,APPROVED
order_102378,return_302378,customer_1356,agent_009,1,Normal refund approval with evidence and reasonable timing,normal,,DECLINED
order_102341,return_302341,customer_1554,agent_003,1,Normal refund approval with evidence and reasonable timing,normal,,APPROVED
order_100174,return_300174,customer_0207,agent_003,1,Normal refund approval with evidence and reasonable timing,normal,,DECLINED
order_100216,return_300216,customer_0232,agent_017,1,Normal refund approval with evidence and reasonable timing,normal,,DECLINED
order_103974,return_303974,customer_0031,agent_003,5,Manual override on high-value refund,fraud,MANUAL_OVERRIDE;HIGH_VALUE_REFUND,APPROVED
order_101656,return_301656,customer_1690,agent_011,1,Normal refund approval with evidence and reasonable timing,normal,,APPROVED
order_101391,return_301391,customer_1173,agent_006,1,Normal refund approval with evidence and reasonable timing,normal,,DECLINED
order_103592,return_303592,customer_1308,agent_102,4,Very fast approval by support agent,fraud,FAST_APPROVAL,APPROVED
order_102099,return_302099,customer_1668,agent_011,1,Normal refund approval with evidence and reasonable timing,normal,,APPROVED
order_102789,return_302789,customer_0995,agent_003,1,Normal refund approval with evidence and reasonable timing,normal,,APPROVED
order_104830,return_304830,customer_9903,agent_901,9,"Suspicious cluster: same agent, frequent customer returns, manual overrides",fraud,SUSPICIOUS_CLUSTER;NO_EVIDENCE;MANUAL_OVERRIDE;HIGH_VALUE_REFUND,APPROVED
order_103766,return_303766,customer_1887,agent_103,4,Very fast approval by support agent,fraud,FAST_APPROVAL,APPROVED
order_100191,return_300191,customer_1203,agent_007,1,Normal refund approval with evidence and reasonable timing,normal,,DECLINED
order_103308,return_303308,customer_0645,agent_007,3,Full-amount refund approved for expensive order,fraud,FULL_AMOUNT_REFUND;HIGH_VALUE_REFUND,APPROVED
order_101558,return_301558,customer_0615,agent_018,1,Normal refund approval with evidence and reasonable timing,normal,,DECLINED
order_103547,return_303547,customer_1942,agent_102,4,Very fast approval by support agent,fraud,FAST_APPROVAL,APPROVED
order_104862,return_304862,customer_9902,agent_901,9,"Suspicious cluster: same agent, frequent customer returns, manual overrides",fraud,SUSPICIOUS_CLUSTER;NO_EVIDENCE;MANUAL_OVERRIDE;HIGH_VALUE_REFUND,APPROVED
order_102240,return_302240,customer_0676,agent_013,1,Normal refund approval with evidence and reasonable timing,normal,,APPROVED
order_100034,return_300034,customer_1829,agent_011,1,Normal refund approval with evidence and reasonable timing,normal,,APPROVED
order_103111,return_303111,customer_1387,agent_017,2,High-value refund approved without evidence,fraud,NO_EVIDENCE;HIGH_VALUE_REFUND,APPROVED
order_101717,return_301717,customer_0077,agent_030,1,Normal refund approval with evidence and reasonable timing,normal,,DECLINED
order_100955,return_300955,customer_1955,agent_022,1,Normal refund approval with evidence and reasonable timing,normal,,APPROVED
order_104828,return_304828,customer_9902,agent_901,9,"Suspicious cluster: same agent, frequent customer returns, manual overrides",fraud,SUSPICIOUS_CLUSTER;NO_EVIDENCE;MANUAL_OVERRIDE;HIGH_VALUE_REFUND,APPROVED
order_102880,return_302880,customer_0227,agent_024,1,Normal refund approval with evidence and reasonable timing,normal,,APPROVED
order_102223,return_302223,customer_0836,agent_009,1,Normal refund approval with evidence and reasonable timing,normal,,APPROVED
order_102548,return_302548,customer_1298,agent_004,1,Normal refund approval with evidence and reasonable timing,normal,,APPROVED
order_104407,return_304407,customer_1287,agent_701,7,Support agent with unusually high approval rate,fraud,AGENT_HIGH_APPROVAL_RATE,APPROVED
order_104137,return_304137,customer_9008,agent_013,6,Customer with frequent refund requests,fraud,CUSTOMER_FREQUENT_RETURNS,APPROVED
order_101699,return_301699,customer_0454,agent_025,1,Normal refund approval with evidence and reasonable timing,normal,,APPROVED
order_101232,return_301232,customer_1350,agent_022,1,Normal refund approval with evidence and reasonable timing,normal,,DECLINED
order_101406,return_301406,customer_1949,agent_021,1,Normal refund approval with evidence and reasonable timing,normal,,APPROVED
order_103068,return_303068,customer_0885,agent_026,2,High-value refund approved without evidence,fraud,NO_EVIDENCE;HIGH_VALUE_REFUND,APPROVED
order_100480,return_300480,customer_1059,agent_015,1,Normal refund approval with evidence and reasonable timing,normal,,APPROVED
order_103623,return_303623,customer_0496,agent_103,4,Very fast approval by support agent,fraud,FAST_APPROVAL,APPROVED
order_103117,return_303117,customer_0623,agent_011,2,High-value refund approved without evidence,fraud,NO_EVIDENCE;HIGH_VALUE_REFUND,APPROVED
order_101990,return_301990,customer_1919,agent_026,1,Normal refund approval with evidence and reasonable timing,normal,,APPROVED
order_101204,return_301204,customer_0956,agent_021,1,Normal refund approval with evidence and reasonable timing,normal,,DECLINED
order_102962,return_302962,customer_1283,agent_008,1,Normal refund approval with evidence and reasonable timing,normal,,DECLINED
order_104248,return_304248,customer_9007,agent_102,6,Customer with frequent refund requests,fraud,CUSTOMER_FREQUENT_RETURNS,APPROVED
order_104061,return_304061,customer_1337,agent_022,5,Manual override on high-value refund,fraud,MANUAL_OVERRIDE;HIGH_VALUE_REFUND,APPROVED
order_101629,return_301629,customer_1888,agent_026,1,Normal refund approval with evidence and reasonable timing,normal,,APPROVED
order_102814,return_302814,customer_0958,agent_025,1,Normal refund approval with evidence and reasonable timing,normal,,APPROVED
order_102070,return_302070,customer_1364,agent_030,1,Normal refund approval with evidence and reasonable timing,normal,,DECLINED
order_104084,return_304084,customer_9003,agent_010,6,Customer with frequent refund requests,fraud,CUSTOMER_FREQUENT_RETURNS,APPROVED
order_101808,return_301808,customer_0694,agent_016,1,Normal refund approval with evidence and reasonable timing,normal,,APPROVED
order_1030,return_3030,customer_900,agent_102,6,Customer with frequent refund requests,fraud,CUSTOMER_FREQUENT_RETURNS,APPROVED
order_101188,return_301188,customer_0662,agent_011,1,Normal refund approval with evidence and reasonable timing,normal,,APPROVED
order_102026,return_302026,customer_0131,agent_014,1,Normal refund approval with evidence and reasonable timing,normal,,DECLINED
order_102555,return_302555,customer_1037,agent_012,1,Normal refund approval with evidence and reasonable timing,normal,,DECLINED
order_101512,return_301512,customer_1089,agent_027,1,Normal refund approval with evidence and reasonable timing,normal,,APPROVED
order_103419,return_303419,customer_0444,agent_018,3,Full-amount refund approved for expensive order,fraud,FULL_AMOUNT_REFUND;HIGH_VALUE_REFUND,APPROVED
order_100700,return_300700,customer_1287,agent_029,1,Normal refund approval with evidence and reasonable timing,normal,,DECLINED
order_102250,return_302250,customer_1057,agent_012,1,Normal refund approval with evidence and reasonable timing,normal,,APPROVED
order_100784,return_300784,customer_1861,agent_009,1,Normal refund approval with evidence and reasonable timing,normal,,APPROVED
order_100019,return_300019,customer_0876,agent_023,1,Normal refund approval with evidence and reasonable timing,normal,,DECLINED
order_103965,return_303965,customer_0075,agent_016,5,Manual override on high-value refund,fraud,MANUAL_OVERRIDE;HIGH_VALUE_REFUND,APPROVED
order_104637,return_304637,customer_8002,agent_802,8,Repeated agent-customer approval pattern,fraud,REPEATED_AGENT_CUSTOMER_PAIR,APPROVED
order_100719,return_300719,customer_0320,agent_025,1,Normal refund approval with evidence and reasonable timing,normal,,APPROVED
order_102460,return_302460,customer_1066,agent_029,1,Normal refund approval with evidence and reasonable timing,normal,,APPROVED
order_102689,return_302689,customer_1990,agent_019,1,Normal refund approval with evidence and reasonable timing,normal,,APPROVED
order_101959,return_301959,customer_0891,agent_013,1,Normal refund approval with evidence and reasonable timing,normal,,APPROVED
order_104417,return_304417,customer_0496,agent_702,7,Support agent with unusually high approval rate,fraud,AGENT_HIGH_APPROVAL_RATE,APPROVED
order_100813,return_300813,customer_0123,agent_005,1,Normal refund approval with evidence and reasonable timing,normal,,APPROVED
order_100345,return_300345,customer_0155,agent_024,1,Normal refund approval with evidence and reasonable timing,normal,,DECLINED
order_100994,return_300994,customer_1102,agent_005,1,Normal refund approval with evidence and reasonable timing,normal,,DECLINED
order_101083,return_301083,customer_1602,agent_003,1,Normal refund approval with evidence and reasonable timing,normal,,APPROVED
order_103947,return_303947,customer_1790,agent_015,5,Manual override on high-value refund,fraud,MANUAL_OVERRIDE;HIGH_VALUE_REFUND,APPROVED
order_100016,return_300016,customer_0501,agent_029,1,Normal refund approval with evidence and reasonable timing,normal,,DECLINED
order_104312,return_304312,customer_9007,agent_018,6,Customer with frequent refund requests,fraud,CUSTOMER_FREQUENT_RETURNS,APPROVED
order_102036,return_302036,customer_0375,agent_021,1,Normal refund approval with evidence and reasonable timing,normal,,APPROVED
order_101817,return_301817,customer_0532,agent_014,1,Normal refund approval with evidence and reasonable timing,normal,,DECLINED
order_101297,return_301297,customer_1766,agent_011,1,Normal refund approval with evidence and reasonable timing,normal,,APPROVED
order_102623,return_302623,customer_1197,agent_023,1,Normal refund approval with evidence and reasonable timing,normal,,APPROVED
order_104400,return_304400,customer_1204,agent_703,7,Support agent with unusually high approval rate,fraud,AGENT_HIGH_APPROVAL_RATE,APPROVED
order_104099,return_304099,customer_9002,agent_019,6,Customer with frequent refund requests,fraud,CUSTOMER_FREQUENT_RETURNS,APPROVED
order_104880,return_304880,customer_9902,agent_901,9,"Suspicious cluster: same agent, frequent customer returns, manual overrides",fraud,SUSPICIOUS_CLUSTER;NO_EVIDENCE;MANUAL_OVERRIDE;HIGH_VALUE_REFUND,APPROVED
order_102034,return_302034,customer_0623,agent_015,1,Normal refund approval with evidence and reasonable timing,normal,,APPROVED
order_103120,return_303120,customer_0776,agent_025,2,High-value refund approved without evidence,fraud,NO_EVIDENCE;HIGH_VALUE_REFUND,APPROVED
order_101121,return_301121,customer_0370,agent_022,1,Normal refund approval with evidence and reasonable timing,normal,,APPROVED
order_104796,return_304796,customer_9903,agent_901,9,"Suspicious cluster: same agent, frequent customer returns, manual overrides",fraud,SUSPICIOUS_CLUSTER;NO_EVIDENCE;MANUAL_OVERRIDE;HIGH_VALUE_REFUND,APPROVED
order_104744,return_304744,customer_8001,agent_801,8,Repeated agent-customer approval pattern,fraud,REPEATED_AGENT_CUSTOMER_PAIR,APPROVED
order_101935,return_301935,customer_0784,agent_019,1,Normal refund approval with evidence and reasonable timing,normal,,DECLINED
order_100411,return_300411,customer_0217,agent_024,1,Normal refund approval with evidence and reasonable timing,normal,,APPROVED
order_100761,return_300761,customer_0315,agent_027,1,Normal refund approval with evidence and reasonable timing,normal,,DECLINED
order_102798,return_302798,customer_1714,agent_024,1,Normal refund approval with evidence and reasonable timing,normal,,APPROVED
order_100809,return_300809,customer_1887,agent_005,1,Normal refund approval with evidence and reasonable timing,normal,,DECLINED
order_102203,return_302203,customer_0723,agent_022,1,Normal refund approval with evidence and reasonable timing,normal,,APPROVED
order_103134,return_303134,customer_0892,agent_021,2,High-value refund approved without evidence,fraud,NO_EVIDENCE;HIGH_VALUE_REFUND,APPROVED
order_102498,return_302498,customer_1078,agent_028,1,Normal refund approval with evidence and reasonable timing,normal,,DECLINED
order_104897,return_304897,customer_9905,agent_902,9,"Suspicious cluster: same agent, frequent customer returns, manual overrides",fraud,SUSPICIOUS_CLUSTER;NO_EVIDENCE;MANUAL_OVERRIDE;HIGH_VALUE_REFUND,APPROVED
order_100940,return_300940,customer_1180,agent_005,1,Normal refund approval with evidence and reasonable timing,normal,,APPROVED
order_103430,return_303430,customer_0048,agent_009,3,Full-amount refund approved for expensive order,fraud,FULL_AMOUNT_REFUND;HIGH_VALUE_REFUND,APPROVED
order_102820,return_302820,customer_0597,agent_028,1,Normal refund approval with evidence and reasonable timing,normal,,APPROVED
order_100414,return_300414,customer_0277,agent_017,1,Normal refund approval with evidence and reasonable timing,normal,,APPROVED
order_103924,return_303924,customer_0439,agent_025,5,Manual override on high-value refund,fraud,MANUAL_OVERRIDE;HIGH_VALUE_REFUND,APPROVED
order_101301,return_301301,customer_1573,agent_009,1,Normal refund approval with evidence and reasonable timing,normal,,APPROVED
order_101745,return_301745,customer_1534,agent_018,1,Normal refund approval with evidence and reasonable timing,normal,,APPROVED
order_103510,return_303510,customer_1669,agent_024,3,Full-amount refund approved for expensive order,fraud,FULL_AMOUNT_REFUND;HIGH_VALUE_REFUND,APPROVED
order_100182,return_300182,customer_1720,agent_025,1,Normal refund approval with evidence and reasonable timing,normal,,APPROVED
order_100764,return_300764,customer_1245,agent_009,1,Normal refund approval with evidence and reasonable timing,normal,,APPROVED
order_102754,return_302754,customer_1575,agent_005,1,Normal refund approval with evidence and reasonable timing,normal,,APPROVED
order_101151,return_301151,customer_1644,agent_004,1,Normal refund approval with evidence and reasonable timing,normal,,APPROVED
order_100320,return_300320,customer_1649,agent_015,1,Normal refund approval with evidence and reasonable timing,normal,,APPROVED
order_101476,return_301476,customer_1462,agent_008,1,Normal refund approval with evidence and reasonable timing,normal,,APPROVED
order_101751,return_301751,customer_1414,agent_023,1,Normal refund approval with evidence and reasonable timing,normal,,APPROVED
order_103665,return_303665,customer_0326,agent_101,4,Very fast approval by support agent,fraud,FAST_APPROVAL,APPROVED
order_102132,return_302132,customer_0896,agent_010,1,Normal refund approval with evidence and reasonable timing,normal,,APPROVED
order_101951,return_301951,customer_0654,agent_002,1,Normal refund approval with evidence and reasonable timing,normal,,DECLINED
order_1031,return_3031,customer_700,agent_777,7,Support agent with unusually high approval rate,fraud,AGENT_HIGH_APPROVAL_RATE,APPROVED
order_104052,return_304052,customer_0015,agent_008,5,Manual override on high-value refund,fraud,MANUAL_OVERRIDE;HIGH_VALUE_REFUND,APPROVED
order_102646,return_302646,customer_0177,agent_020,1,Normal refund approval with evidence and reasonable timing,normal,,DECLINED
order_1032,return_3032,customer_701,agent_777,7,Support agent with unusually high approval rate,fraud,AGENT_HIGH_APPROVAL_RATE,APPROVED
order_100623,return_300623,customer_1372,agent_020,1,Normal refund approval with evidence and reasonable timing,normal,,DECLINED
order_103558,return_303558,customer_1635,agent_101,4,Very fast approval by support agent,fraud,FAST_APPROVAL,APPROVED
order_1033,return_3033,customer_702,agent_777,7,Support agent with unusually high approval rate,fraud,AGENT_HIGH_APPROVAL_RATE,APPROVED
order_101117,return_301117,customer_0720,agent_008,1,Normal refund approval with evidence and reasonable timing,normal,,DECLINED
order_1034,return_3034,customer_703,agent_777,7,Support agent with unusually high approval rate,fraud,AGENT_HIGH_APPROVAL_RATE,APPROVED
order_103793,return_303793,customer_0935,agent_101,4,Very fast approval by support agent,fraud,FAST_APPROVAL,APPROVED
order_1035,return_3035,customer_704,agent_777,7,Support agent with unusually high approval rate,fraud,AGENT_HIGH_APPROVAL_RATE,APPROVED
order_100522,return_300522,customer_1937,agent_017,1,Normal refund approval with evidence and reasonable timing,normal,,APPROVED
order_104163,return_304163,customer_9002,agent_103,6,Customer with frequent refund requests,fraud,CUSTOMER_FREQUENT_RETURNS,APPROVED
order_101500,return_301500,customer_0013,agent_002,1,Normal refund approval with evidence and reasonable timing,normal,,APPROVED
order_103987,return_303987,customer_0706,agent_017,5,Manual override on high-value refund,fraud,MANUAL_OVERRIDE;HIGH_VALUE_REFUND,APPROVED
order_101181,return_301181,customer_0607,agent_005,1,Normal refund approval with evidence and reasonable timing,normal,,APPROVED
order_104513,return_304513,customer_0427,agent_702,7,Support agent with unusually high approval rate,fraud,AGENT_HIGH_APPROVAL_RATE,APPROVED
order_102027,return_302027,customer_0203,agent_029,1,Normal refund approval with evidence and reasonable timing,normal,,APPROVED
order_101683,return_301683,customer_0924,agent_002,1,Normal refund approval with evidence and reasonable timing,normal,,APPROVED
order_102708,return_302708,customer_1986,agent_021,1,Normal refund approval with evidence and reasonable timing,normal,,APPROVED
order_103349,return_303349,customer_1230,agent_011,3,Full-amount refund approved for expensive order,fraud,FULL_AMOUNT_REFUND;HIGH_VALUE_REFUND,APPROVED
order_104571,return_304571,customer_8002,agent_802,8,Repeated agent-customer approval pattern,fraud,REPEATED_AGENT_CUSTOMER_PAIR,APPROVED
order_104200,return_304200,customer_9007,agent_024,6,Customer with frequent refund requests,fraud,CUSTOMER_FREQUENT_RETURNS,APPROVED
order_103424,return_303424,customer_0106,agent_026,3,Full-amount refund approved for expensive order,fraud,FULL_AMOUNT_REFUND;HIGH_VALUE_REFUND,APPROVED
order_100327,return_300327,customer_0920,agent_010,1,Normal refund approval with evidence and reasonable timing,normal,,APPROVED
order_102803,return_302803,customer_0074,agent_021,1,Normal refund approval with evidence and reasonable timing,normal,,APPROVED
order_100653,return_300653,customer_1722,agent_019,1,Normal refund approval with evidence and reasonable timing,normal,,APPROVED
order_104144,return_304144,customer_9007,agent_011,6,Customer with frequent refund requests,fraud,CUSTOMER_FREQUENT_RETURNS,APPROVED
order_101409,return_301409,customer_1925,agent_028,1,Normal refund approval with evidence and reasonable timing,normal,,APPROVED
order_101589,return_301589,customer_0492,agent_021,1,Normal refund approval with evidence and reasonable timing,normal,,APPROVED
order_100787,return_300787,customer_1486,agent_010,1,Normal refund approval with evidence and reasonable timing,normal,,APPROVED
order_101415,return_301415,customer_0124,agent_018,1,Normal refund approval with evidence and reasonable timing,normal,,APPROVED
order_102739,return_302739,customer_1364,agent_002,1,Normal refund approval with evidence and reasonable timing,normal,,DECLINED
order_102993,return_302993,customer_0426,agent_030,2,High-value refund approved without evidence,fraud,NO_EVIDENCE;HIGH_VALUE_REFUND,APPROVED
order_102474,return_302474,customer_0369,agent_028,1,Normal refund approval with evidence and reasonable timing,normal,,APPROVED
order_103404,return_303404,customer_0775,agent_012,3,Full-amount refund approved for expensive order,fraud,FULL_AMOUNT_REFUND;HIGH_VALUE_REFUND,APPROVED
order_103239,return_303239,customer_1458,agent_019,2,High-value refund approved without evidence,fraud,NO_EVIDENCE;HIGH_VALUE_REFUND,APPROVED
order_103154,return_303154,customer_0721,agent_004,2,High-value refund approved without evidence,fraud,NO_EVIDENCE;HIGH_VALUE_REFUND,APPROVED
order_102095,return_302095,customer_0682,agent_020,1,Normal refund approval with evidence and reasonable timing,normal,,DECLINED
order_101802,return_301802,customer_1883,agent_010,1,Normal refund approval with evidence and reasonable timing,normal,,DECLINED
order_104458,return_304458,customer_1904,agent_701,7,Support agent with unusually high approval rate,fraud,AGENT_HIGH_APPROVAL_RATE,APPROVED
order_103171,return_303171,customer_0822,agent_012,2,High-value refund approved without evidence,fraud,NO_EVIDENCE;HIGH_VALUE_REFUND,APPROVED
order_103806,return_303806,customer_1750,agent_009,5,Manual override on high-value refund,fraud,MANUAL_OVERRIDE;HIGH_VALUE_REFUND,APPROVED
order_104272,return_304272,customer_9007,agent_016,6,Customer with frequent refund requests,fraud,CUSTOMER_FREQUENT_RETURNS,APPROVED
order_103647,return_303647,customer_0510,agent_101,4,Very fast approval by support agent,fraud,FAST_APPROVAL,APPROVED
order_100651,return_300651,customer_1734,agent_003,1,Normal refund approval with evidence and reasonable timing,normal,,APPROVED
order_104145,return_304145,customer_9008,agent_010,6,Customer with frequent refund requests,fraud,CUSTOMER_FREQUENT_RETURNS,APPROVED
order_101295,return_301295,customer_0344,agent_007,1,Normal refund approval with evidence and reasonable timing,normal,,APPROVED
order_102531,return_302531,customer_1771,agent_001,1,Normal refund approval with evidence and reasonable timing,normal,,APPROVED
order_102857,return_302857,customer_1720,agent_006,1,Normal refund approval with evidence and reasonable timing,normal,,APPROVED
order_103759,return_303759,customer_1255,agent_101,4,Very fast approval by support agent,fraud,FAST_APPROVAL,APPROVED
order_100195,return_300195,customer_0188,agent_004,1,Normal refund approval with evidence and reasonable timing,normal,,APPROVED
order_100462,return_300462,customer_0567,agent_010,1,Normal refund approval with evidence and reasonable timing,normal,,APPROVED
order_103994,return_303994,customer_0577,agent_003,5,Manual override on high-value refund,fraud,MANUAL_OVERRIDE;HIGH_VALUE_REFUND,APPROVED
order_103624,return_303624,customer_1712,agent_103,4,Very fast approval by support agent,fraud,FAST_APPROVAL,APPROVED
order_100362,return_300362,customer_0749,agent_019,1,Normal refund approval with evidence and reasonable timing,normal,,APPROVED
order_104953,return_304953,customer_9904,agent_902,9,"Suspicious cluster: same agent, frequent customer returns, manual overrides",fraud,SUSPICIOUS_CLUSTER;NO_EVIDENCE;MANUAL_OVERRIDE;HIGH_VALUE_REFUND,APPROVED
order_100410,return_300410,customer_0199,agent_017,1,Normal refund approval with evidence and reasonable timing,normal,,APPROVED
order_102714,return_302714,customer_0422,agent_010,1,Normal refund approval with evidence and reasonable timing,normal,,DECLINED
order_103013,return_303013,customer_0229,agent_024,2,High-value refund approved without evidence,fraud,NO_EVIDENCE;HIGH_VALUE_REFUND,APPROVED
order_100368,return_300368,customer_1372,agent_012,1,Normal refund approval with evidence and reasonable timing,normal,,APPROVED
order_102255,return_302255,customer_1203,agent_021,1,Normal refund approval with evidence and reasonable timing,normal,,DECLINED
order_104800,return_304800,customer_9903,agent_901,9,"Suspicious cluster: same agent, frequent customer returns, manual overrides",fraud,SUSPICIOUS_CLUSTER;NO_EVIDENCE;MANUAL_OVERRIDE;HIGH_VALUE_REFUND,APPROVED
order_101538,return_301538,customer_0149,agent_014,1,Normal refund approval with evidence and reasonable timing,normal,,DECLINED
order_100643,return_300643,customer_1963,agent_002,1,Normal refund approval with evidence and reasonable timing,normal,,APPROVED
order_104349,return_304349,customer_0354,agent_703,7,Support agent with unusually high approval rate,fraud,AGENT_HIGH_APPROVAL_RATE,APPROVED
order_104053,return_304053,customer_1248,agent_021,5,Manual override on high-value refund,fraud,MANUAL_OVERRIDE;HIGH_VALUE_REFUND,APPROVED
order_102077,return_302077,customer_1736,agent_030,1,Normal refund approval with evidence and reasonable timing,normal,,APPROVED
order_103926,return_303926,customer_0848,agent_026,5,Manual override on high-value refund,fraud,MANUAL_OVERRIDE;HIGH_VALUE_REFUND,APPROVED
order_101544,return_301544,customer_1103,agent_026,1,Normal refund approval with evidence and reasonable timing,normal,,APPROVED
order_103496,return_303496,customer_0656,agent_008,3,Full-amount refund approved for expensive order,fraud,FULL_AMOUNT_REFUND;HIGH_VALUE_REFUND,APPROVED
order_100261,return_300261,customer_0661,agent_010,1,Normal refund approval with evidence and reasonable timing,normal,,DECLINED
order_103387,return_303387,customer_1925,agent_018,3,Full-amount refund approved for expensive order,fraud,FULL_AMOUNT_REFUND;HIGH_VALUE_REFUND,APPROVED
order_101757,return_301757,customer_1195,agent_018,1,Normal refund approval with evidence and reasonable timing,normal,,APPROVED
order_104924,return_304924,customer_9903,agent_901,9,"Suspicious cluster: same agent, frequent customer returns, manual overrides",fraud,SUSPICIOUS_CLUSTER;NO_EVIDENCE;MANUAL_OVERRIDE;HIGH_VALUE_REFUND,APPROVED
order_1036,return_3036,customer_888,agent_888,8,Repeated agent-customer approval pattern,fraud,REPEATED_AGENT_CUSTOMER_PAIR,APPROVED
order_100139,return_300139,customer_0257,agent_009,1,Normal refund approval with evidence and reasonable timing,normal,,APPROVED
order_102054,return_302054,customer_0476,agent_027,1,Normal refund approval with evidence and reasonable timing,normal,,APPROVED
order_102906,return_302906,customer_1714,agent_012,1,Normal refund approval with evidence and reasonable timing,normal,,DECLINED
order_104047,return_304047,customer_1569,agent_026,5,Manual override on high-value refund,fraud,MANUAL_OVERRIDE;HIGH_VALUE_REFUND,APPROVED
order_104556,return_304556,customer_1411,agent_703,7,Support agent with unusually high approval rate,fraud,AGENT_HIGH_APPROVAL_RATE,APPROVED
order_101060,return_301060,customer_1966,agent_002,1,Normal refund approval with evidence and reasonable timing,normal,,APPROVED
order_103819,return_303819,customer_0813,agent_013,5,Manual override on high-value refund,fraud,MANUAL_OVERRIDE;HIGH_VALUE_REFUND,APPROVED
order_100967,return_300967,customer_1563,agent_012,1,Normal refund approval with evidence and reasonable timing,normal,,DECLINED
order_102494,return_302494,customer_1356,agent_022,1,Normal refund approval with evidence and reasonable timing,normal,,DECLINED
order_100589,return_300589,customer_0537,agent_007,1,Normal refund approval with evidence and reasonable timing,normal,,APPROVED
order_100938,return_300938,customer_0164,agent_012,1,Normal refund approval with evidence and reasonable timing,normal,,APPROVED
order_100539,return_300539,customer_1912,agent_003,1,Normal refund approval with evidence and reasonable timing,normal,,APPROVED
order_104715,return_304715,customer_8002,agent_802,8,Repeated agent-customer approval pattern,fraud,REPEATED_AGENT_CUSTOMER_PAIR,APPROVED
order_101961,return_301961,customer_1422,agent_024,1,Normal refund approval with evidence and reasonable timing,normal,,APPROVED
order_103825,return_303825,customer_1844,agent_102,5,Manual override on high-value refund,fraud,MANUAL_OVERRIDE;HIGH_VALUE_REFUND,APPROVED
order_104865,return_304865,customer_9905,agent_902,9,"Suspicious cluster: same agent, frequent customer returns, manual overrides",fraud,SUSPICIOUS_CLUSTER;NO_EVIDENCE;MANUAL_OVERRIDE;HIGH_VALUE_REFUND,APPROVED
order_104220,return_304220,customer_9003,agent_012,6,Customer with frequent refund requests,fraud,CUSTOMER_FREQUENT_RETURNS,APPROVED
order_103777,return_303777,customer_1261,agent_102,4,Very fast approval by support agent,fraud,FAST_APPROVAL,APPROVED
order_104005,return_304005,customer_1298,agent_103,5,Manual override on high-value refund,fraud,MANUAL_OVERRIDE;HIGH_VALUE_REFUND,APPROVED
order_103718,return_303718,customer_1207,agent_103,4,Very fast approval by support agent,fraud,FAST_APPROVAL,APPROVED
order_104512,return_304512,customer_1915,agent_701,7,Support agent with unusually high approval rate,fraud,AGENT_HIGH_APPROVAL_RATE,APPROVED
order_102002,return_302002,customer_1830,agent_030,1,Normal refund approval with evidence and reasonable timing,normal,,APPROVED
order_100469,return_300469,customer_0500,agent_020,1,Normal refund approval with evidence and reasonable timing,normal,,APPROVED
order_103904,return_303904,customer_1431,agent_015,5,Manual override on high-value refund,fraud,MANUAL_OVERRIDE;HIGH_VALUE_REFUND,APPROVED
order_103431,return_303431,customer_0382,agent_017,3,Full-amount refund approved for expensive order,fraud,FULL_AMOUNT_REFUND;HIGH_VALUE_REFUND,APPROVED
order_102106,return_302106,customer_0222,agent_020,1,Normal refund approval with evidence and reasonable timing,normal,,DECLINED
order_104870,return_304870,customer_9903,agent_901,9,"Suspicious cluster: same agent, frequent customer returns, manual overrides",fraud,SUSPICIOUS_CLUSTER;NO_EVIDENCE;MANUAL_OVERRIDE;HIGH_VALUE_REFUND,APPROVED
order_103110,return_303110,customer_0068,agent_010,2,High-value refund approved without evidence,fraud,NO_EVIDENCE;HIGH_VALUE_REFUND,APPROVED
order_100650,return_300650,customer_1815,agent_030,1,Normal refund approval with evidence and reasonable timing,normal,,APPROVED
order_100811,return_300811,customer_1192,agent_022,1,Normal refund approval with evidence and reasonable timing,normal,,APPROVED
order_103093,return_303093,customer_0547,agent_026,2,High-value refund approved without evidence,fraud,NO_EVIDENCE;HIGH_VALUE_REFUND,APPROVED
order_104779,return_304779,customer_9904,agent_902,9,"Suspicious cluster: same agent, frequent customer returns, manual overrides",fraud,SUSPICIOUS_CLUSTER;NO_EVIDENCE;MANUAL_OVERRIDE;HIGH_VALUE_REFUND,APPROVED
order_104716,return_304716,customer_8003,agent_803,8,Repeated agent-customer approval pattern,fraud,REPEATED_AGENT_CUSTOMER_PAIR,APPROVED
order_101013,return_301013,customer_1489,agent_005,1,Normal refund approval with evidence and reasonable timing,normal,,APPROVED
order_102588,return_302588,customer_1670,agent_002,1,Normal refund approval with evidence and reasonable timing,normal,,DECLINED
order_104600,return_304600,customer_8001,agent_801,8,Repeated agent-customer approval pattern,fraud,REPEATED_AGENT_CUSTOMER_PAIR,APPROVED
order_100215,return_300215,customer_0170,agent_006,1,Normal refund approval with evidence and reasonable timing,normal,,APPROVED
order_103738,return_303738,customer_0114,agent_103,4,Very fast approval by support agent,fraud,FAST_APPROVAL,APPROVED
order_100935,return_300935,customer_0776,agent_007,1,Normal refund approval with evidence and reasonable timing,normal,,APPROVED
order_103423,return_303423,customer_0236,agent_017,3,Full-amount refund approved for expensive order,fraud,FULL_AMOUNT_REFUND;HIGH_VALUE_REFUND,APPROVED
order_102444,return_302444,customer_0371,agent_002,1,Normal refund approval with evidence and reasonable timing,normal,,APPROVED
order_104362,return_304362,customer_0557,agent_701,7,Support agent with unusually high approval rate,fraud,AGENT_HIGH_APPROVAL_RATE,APPROVED
order_100817,return_300817,customer_0434,agent_003,1,Normal refund approval with evidence and reasonable timing,normal,,APPROVED
order_103834,return_303834,customer_0004,agent_012,5,Manual override on high-value refund,fraud,MANUAL_OVERRIDE;HIGH_VALUE_REFUND,APPROVED
order_101123,return_301123,customer_1728,agent_026,1,Normal refund approval with evidence and reasonable timing,normal,,APPROVED
order_103919,return_303919,customer_1931,agent_029,5,Manual override on high-value refund,fraud,MANUAL_OVERRIDE;HIGH_VALUE_REFUND,APPROVED
order_103072,return_303072,customer_1209,agent_024,2,High-value refund approved without evidence,fraud,NO_EVIDENCE;HIGH_VALUE_REFUND,APPROVED
order_101526,return_301526,customer_1584,agent_012,1,Normal refund approval with evidence and reasonable timing,normal,,APPROVED
order_100822,return_300822,customer_1753,agent_020,1,Normal refund approval with evidence and reasonable timing,normal,,DECLINED
order_102635,return_302635,customer_1168,agent_020,1,Normal refund approval with evidence and reasonable timing,normal,,APPROVED
order_104118,return_304118,customer_9005,agent_019,6,Customer with frequent refund requests,fraud,CUSTOMER_FREQUENT_RETURNS,APPROVED
order_101628,return_301628,customer_0094,agent_005,1,Normal refund approval with evidence and reasonable timing,normal,,APPROVED
order_100104,return_300104,customer_0314,agent_020,1,Normal refund approval with evidence and reasonable timing,normal,,DECLINED
order_103654,return_303654,customer_1596,agent_103,4,Very fast approval by support agent,fraud,FAST_APPROVAL,APPROVED
order_104609,return_304609,customer_8001,agent_801,8,Repeated agent-customer approval pattern,fraud,REPEATED_AGENT_CUSTOMER_PAIR,APPROVED
order_100037,return_300037,customer_0689,agent_013,1,Normal refund approval with evidence and reasonable timing,normal,,DECLINED
order_101678,return_301678,customer_0131,agent_023,1,Normal refund approval with evidence and reasonable timing,normal,,APPROVED
order_100836,return_300836,customer_1528,agent_007,1,Normal refund approval with evidence and reasonable timing,normal,,APPROVED
order_1037,return_3037,customer_888,agent_888,8,Repeated agent-customer approval pattern,fraud,REPEATED_AGENT_CUSTOMER_PAIR,APPROVED
order_102438,return_302438,customer_0617,agent_024,1,Normal refund approval with evidence and reasonable timing,normal,,APPROVED
order_100419,return_300419,customer_1542,agent_015,1,Normal refund approval with evidence and reasonable timing,normal,,APPROVED
order_100482,return_300482,customer_0073,agent_006,1,Normal refund approval with evidence and reasonable timing,normal,,DECLINED
order_104342,return_304342,customer_0246,agent_702,7,Support agent with unusually high approval rate,fraud,AGENT_HIGH_APPROVAL_RATE,APPROVED
order_104778,return_304778,customer_9903,agent_901,9,"Suspicious cluster: same agent, frequent customer returns, manual overrides",fraud,SUSPICIOUS_CLUSTER;NO_EVIDENCE;MANUAL_OVERRIDE;HIGH_VALUE_REFUND,APPROVED
order_102517,return_302517,customer_1312,agent_025,1,Normal refund approval with evidence and reasonable timing,normal,,APPROVED
order_102530,return_302530,customer_0292,agent_022,1,Normal refund approval with evidence and reasonable timing,normal,,APPROVED
order_103499,return_303499,customer_1524,agent_029,3,Full-amount refund approved for expensive order,fraud,FULL_AMOUNT_REFUND;HIGH_VALUE_REFUND,APPROVED
order_102118,return_302118,customer_1458,agent_014,1,Normal refund approval with evidence and reasonable timing,normal,,APPROVED
order_104430,return_304430,customer_0447,agent_703,7,Support agent with unusually high approval rate,fraud,AGENT_HIGH_APPROVAL_RATE,APPROVED
order_100420,return_300420,customer_0538,agent_013,1,Normal refund approval with evidence and reasonable timing,normal,,APPROVED
order_102888,return_302888,customer_0718,agent_013,1,Normal refund approval with evidence and reasonable timing,normal,,DECLINED
order_102389,return_302389,customer_0837,agent_001,1,Normal refund approval with evidence and reasonable timing,normal,,DECLINED
order_103850,return_303850,customer_0420,agent_022,5,Manual override on high-value refund,fraud,MANUAL_OVERRIDE;HIGH_VALUE_REFUND,APPROVED
order_102278,return_302278,customer_0039,agent_011,1,Normal refund approval with evidence and reasonable timing,normal,,APPROVED
order_104405,return_304405,customer_1947,agent_702,7,Support agent with unusually high approval rate,fraud,AGENT_HIGH_APPROVAL_RATE,APPROVED
order_101728,return_301728,customer_1488,agent_006,1,Normal refund approval with evidence and reasonable timing,normal,,APPROVED
order_101875,return_301875,customer_0548,agent_025,1,Normal refund approval with evidence and reasonable timing,normal,,APPROVED
order_102786,return_302786,customer_1412,agent_003,1,Normal refund approval with evidence and reasonable timing,normal,,APPROVED
order_101015,return_301015,customer_0821,agent_014,1,Normal refund approval with evidence and reasonable timing,normal,,DECLINED
order_101943,return_301943,customer_1312,agent_030,1,Normal refund approval with evidence and reasonable timing,normal,,APPROVED
order_100763,return_300763,customer_1896,agent_026,1,Normal refund approval with evidence and reasonable timing,normal,,DECLINED
order_101694,return_301694,customer_0045,agent_016,1,Normal refund approval with evidence and reasonable timing,normal,,APPROVED
order_103898,return_303898,customer_1557,agent_029,5,Manual override on high-value refund,fraud,MANUAL_OVERRIDE;HIGH_VALUE_REFUND,APPROVED
order_102335,return_302335,customer_1015,agent_021,1,Normal refund approval with evidence and reasonable timing,normal,,APPROVED
order_104938,return_304938,customer_9901,agent_901,9,"Suspicious cluster: same agent, frequent customer returns, manual overrides",fraud,SUSPICIOUS_CLUSTER;NO_EVIDENCE;MANUAL_OVERRIDE;HIGH_VALUE_REFUND,APPROVED
order_102695,return_302695,customer_0739,agent_013,1,Normal refund approval with evidence and reasonable timing,normal,,APPROVED
order_104068,return_304068,customer_0807,agent_018,5,Manual override on high-value refund,fraud,MANUAL_OVERRIDE;HIGH_VALUE_REFUND,APPROVED
order_101811,return_301811,customer_1365,agent_013,1,Normal refund approval with evidence and reasonable timing,normal,,APPROVED
order_100846,return_300846,customer_0418,agent_011,1,Normal refund approval with evidence and reasonable timing,normal,,DECLINED
order_100212,return_300212,customer_0275,agent_022,1,Normal refund approval with evidence and reasonable timing,normal,,APPROVED
order_100262,return_300262,customer_1364,agent_008,1,Normal refund approval with evidence and reasonable timing,normal,,APPROVED
order_104443,return_304443,customer_1947,agent_701,7,Support agent with unusually high approval rate,fraud,AGENT_HIGH_APPROVAL_RATE,APPROVED
order_102735,return_302735,customer_1871,agent_007,1,Normal refund approval with evidence and reasonable timing,normal,,DECLINED
order_103304,return_303304,customer_1538,agent_025,3,Full-amount refund approved for expensive order,fraud,FULL_AMOUNT_REFUND;HIGH_VALUE_REFUND,APPROVED
order_104899,return_304899,customer_9904,agent_902,9,"Suspicious cluster: same agent, frequent customer returns, manual overrides",fraud,SUSPICIOUS_CLUSTER;NO_EVIDENCE;MANUAL_OVERRIDE;HIGH_VALUE_REFUND,APPROVED
order_104751,return_304751,customer_8002,agent_802,8,Repeated agent-customer approval pattern,fraud,REPEATED_AGENT_CUSTOMER_PAIR,APPROVED
order_102310,return_302310,customer_0531,agent_007,1,Normal refund approval with evidence and reasonable timing,normal,,APPROVED
order_100965,return_300965,customer_1241,agent_027,1,Normal refund approval with evidence and reasonable timing,normal,,APPROVED
order_102351,return_302351,customer_1377,agent_007,1,Normal refund approval with evidence and reasonable timing,normal,,APPROVED
order_102953,return_302953,customer_0870,agent_003,1,Normal refund approval with evidence and reasonable timing,normal,,DECLINED
order_103250,return_303250,customer_1993,agent_001,2,High-value refund approved without evidence,fraud,NO_EVIDENCE;HIGH_VALUE_REFUND,APPROVED
order_104711,return_304711,customer_8001,agent_801,8,Repeated agent-customer approval pattern,fraud,REPEATED_AGENT_CUSTOMER_PAIR,APPROVED
order_101316,return_301316,customer_1961,agent_019,1,Normal refund approval with evidence and reasonable timing,normal,,DECLINED
order_102057,return_302057,customer_0651,agent_024,1,Normal refund approval with evidence and reasonable timing,normal,,APPROVED
order_100515,return_300515,customer_0280,agent_009,1,Normal refund approval with evidence and reasonable timing,normal,,APPROVED
order_100905,return_300905,customer_0767,agent_025,1,Normal refund approval with evidence and reasonable timing,normal,,APPROVED
order_104939,return_304939,customer_9904,agent_902,9,"Suspicious cluster: same agent, frequent customer returns, manual overrides",fraud,SUSPICIOUS_CLUSTER;NO_EVIDENCE;MANUAL_OVERRIDE;HIGH_VALUE_REFUND,APPROVED
order_100007,return_300007,customer_0139,agent_008,1,Normal refund approval with evidence and reasonable timing,normal,,APPROVED
order_103385,return_303385,customer_1521,agent_030,3,Full-amount refund approved for expensive order,fraud,FULL_AMOUNT_REFUND;HIGH_VALUE_REFUND,APPROVED
order_104775,return_304775,customer_9906,agent_902,9,"Suspicious cluster: same agent, frequent customer returns, manual overrides",fraud,SUSPICIOUS_CLUSTER;NO_EVIDENCE;MANUAL_OVERRIDE;HIGH_VALUE_REFUND,APPROVED
order_101693,return_301693,customer_0550,agent_015,1,Normal refund approval with evidence and reasonable timing,normal,,APPROVED
order_103427,return_303427,customer_1763,agent_023,3,Full-amount refund approved for expensive order,fraud,FULL_AMOUNT_REFUND;HIGH_VALUE_REFUND,APPROVED
order_102719,return_302719,customer_0906,agent_024,1,Normal refund approval with evidence and reasonable timing,normal,,APPROVED
order_104817,return_304817,customer_9905,agent_902,9,"Suspicious cluster: same agent, frequent customer returns, manual overrides",fraud,SUSPICIOUS_CLUSTER;NO_EVIDENCE;MANUAL_OVERRIDE;HIGH_VALUE_REFUND,APPROVED
order_101729,return_301729,customer_1104,agent_027,1,Normal refund approval with evidence and reasonable timing,normal,,APPROVED
order_104500,return_304500,customer_1068,agent_701,7,Support agent with unusually high approval rate,fraud,AGENT_HIGH_APPROVAL_RATE,APPROVED
order_102749,return_302749,customer_1935,agent_023,1,Normal refund approval with evidence and reasonable timing,normal,,APPROVED
order_102705,return_302705,customer_0207,agent_015,1,Normal refund approval with evidence and reasonable timing,normal,,APPROVED
order_103392,return_303392,customer_0002,agent_101,3,Full-amount refund approved for expensive order,fraud,FULL_AMOUNT_REFUND;HIGH_VALUE_REFUND,APPROVED
order_101833,return_301833,customer_0234,agent_012,1,Normal refund approval with evidence and reasonable timing,normal,,APPROVED
order_103185,return_303185,customer_0159,agent_003,2,High-value refund approved without evidence,fraud,NO_EVIDENCE;HIGH_VALUE_REFUND,APPROVED
order_103707,return_303707,customer_0095,agent_101,4,Very fast approval by support agent,fraud,FAST_APPROVAL,APPROVED
order_100519,return_300519,customer_0606,agent_012,1,Normal refund approval with evidence and reasonable timing,normal,,APPROVED
order_104481,return_304481,customer_0905,agent_703,7,Support agent with unusually high approval rate,fraud,AGENT_HIGH_APPROVAL_RATE,APPROVED
order_103483,return_303483,customer_1428,agent_029,3,Full-amount refund approved for expensive order,fraud,FULL_AMOUNT_REFUND;HIGH_VALUE_REFUND,APPROVED
order_1038,return_3038,customer_888,agent_888,8,Repeated agent-customer approval pattern,fraud,REPEATED_AGENT_CUSTOMER_PAIR,APPROVED
order_104490,return_304490,customer_1579,agent_703,7,Support agent with unusually high approval rate,fraud,AGENT_HIGH_APPROVAL_RATE,APPROVED
order_104091,return_304091,customer_9002,agent_009,6,Customer with frequent refund requests,fraud,CUSTOMER_FREQUENT_RETURNS,APPROVED
order_103593,return_303593,customer_1519,agent_102,4,Very fast approval by support agent,fraud,FAST_APPROVAL,APPROVED
order_101430,return_301430,customer_1181,agent_005,1,Normal refund approval with evidence and reasonable timing,normal,,APPROVED
order_101335,return_301335,customer_0056,agent_025,1,Normal refund approval with evidence and reasonable timing,normal,,APPROVED
order_104664,return_304664,customer_8002,agent_802,8,Repeated agent-customer approval pattern,fraud,REPEATED_AGENT_CUSTOMER_PAIR,APPROVED
order_101765,return_301765,customer_1107,agent_019,1,Normal refund approval with evidence and reasonable timing,normal,,APPROVED
order_100835,return_300835,customer_1987,agent_026,1,Normal refund approval with evidence and reasonable timing,normal,,DECLINED
order_100276,return_300276,customer_1789,agent_030,1,Normal refund approval with evidence and reasonable timing,normal,,DECLINED
order_102833,return_302833,customer_1028,agent_024,1,Normal refund approval with evidence and reasonable timing,normal,,APPROVED
order_101331,return_301331,customer_1423,agent_026,1,Normal refund approval with evidence and reasonable timing,normal,,APPROVED
order_103952,return_303952,customer_0067,agent_008,5,Manual override on high-value refund,fraud,MANUAL_OVERRIDE;HIGH_VALUE_REFUND,APPROVED
order_102924,return_302924,customer_0226,agent_010,1,Normal refund approval with evidence and reasonable timing,normal,,APPROVED
order_102570,return_302570,customer_1923,agent_021,1,Normal refund approval with evidence and reasonable timing,normal,,DECLINED
order_101287,return_301287,customer_0034,agent_014,1,Normal refund approval with evidence and reasonable timing,normal,,DECLINED
order_103085,return_303085,customer_0877,agent_007,2,High-value refund approved without evidence,fraud,NO_EVIDENCE;HIGH_VALUE_REFUND,APPROVED
order_103310,return_303310,customer_1116,agent_001,3,Full-amount refund approved for expensive order,fraud,FULL_AMOUNT_REFUND;HIGH_VALUE_REFUND,APPROVED
order_102950,return_302950,customer_0034,agent_029,1,Normal refund approval with evidence and reasonable timing,normal,,APPROVED
order_104652,return_304652,customer_8002,agent_802,8,Repeated agent-customer approval pattern,fraud,REPEATED_AGENT_CUSTOMER_PAIR,APPROVED
order_103200,return_303200,customer_1795,agent_019,2,High-value refund approved without evidence,fraud,NO_EVIDENCE;HIGH_VALUE_REFUND,APPROVED
order_102878,return_302878,customer_0578,agent_017,1,Normal refund approval with evidence and reasonable timing,normal,,DECLINED
order_102998,return_302998,customer_0762,agent_026,2,High-value refund approved without evidence,fraud,NO_EVIDENCE;HIGH_VALUE_REFUND,APPROVED
order_104920,return_304920,customer_9902,agent_901,9,"Suspicious cluster: same agent, frequent customer returns, manual overrides",fraud,SUSPICIOUS_CLUSTER;NO_EVIDENCE;MANUAL_OVERRIDE;HIGH_VALUE_REFUND,APPROVED
order_104772,return_304772,customer_9903,agent_901,9,"Suspicious cluster: same agent, frequent customer returns, manual overrides",fraud,SUSPICIOUS_CLUSTER;NO_EVIDENCE;MANUAL_OVERRIDE;HIGH_VALUE_REFUND,APPROVED
order_104387,return_304387,customer_1193,agent_702,7,Support agent with unusually high approval rate,fraud,AGENT_HIGH_APPROVAL_RATE,APPROVED
order_100545,return_300545,customer_0661,agent_018,1,Normal refund approval with evidence and reasonable timing,normal,,APPROVED
order_103457,return_303457,customer_1170,agent_014,3,Full-amount refund approved for expensive order,fraud,FULL_AMOUNT_REFUND;HIGH_VALUE_REFUND,APPROVED
order_104629,return_304629,customer_8003,agent_803,8,Repeated agent-customer approval pattern,fraud,REPEATED_AGENT_CUSTOMER_PAIR,APPROVED
order_101107,return_301107,customer_0500,agent_010,1,Normal refund approval with evidence and reasonable timing,normal,,APPROVED
order_104478,return_304478,customer_1866,agent_703,7,Support agent with unusually high approval rate,fraud,AGENT_HIGH_APPROVAL_RATE,APPROVED
order_101913,return_301913,customer_0378,agent_013,1,Normal refund approval with evidence and reasonable timing,normal,,APPROVED
order_103103,return_303103,customer_0736,agent_102,2,High-value refund approved without evidence,fraud,NO_EVIDENCE;HIGH_VALUE_REFUND,APPROVED
order_104281,return_304281,customer_9008,agent_025,6,Customer with frequent refund requests,fraud,CUSTOMER_FREQUENT_RETURNS,APPROVED
order_102845,return_302845,customer_0412,agent_010,1,Normal refund approval with evidence and reasonable timing,normal,,DECLINED
order_104708,return_304708,customer_8001,agent_801,8,Repeated agent-customer approval pattern,fraud,REPEATED_AGENT_CUSTOMER_PAIR,APPROVED
order_101217,return_301217,customer_0012,agent_008,1,Normal refund approval with evidence and reasonable timing,normal,,APPROVED
order_101416,return_301416,customer_1824,agent_006,1,Normal refund approval with evidence and reasonable timing,normal,,DECLINED
order_100671,return_300671,customer_0498,agent_006,1,Normal refund approval with evidence and reasonable timing,normal,,APPROVED
order_100430,return_300430,customer_0493,agent_014,1,Normal refund approval with evidence and reasonable timing,normal,,DECLINED
order_103323,return_303323,customer_1368,agent_101,3,Full-amount refund approved for expensive order,fraud,FULL_AMOUNT_REFUND;HIGH_VALUE_REFUND,APPROVED
order_104090,return_304090,customer_9001,agent_007,6,Customer with frequent refund requests,fraud,CUSTOMER_FREQUENT_RETURNS,APPROVED
order_102783,return_302783,customer_0475,agent_012,1,Normal refund approval with evidence and reasonable timing,normal,,APPROVED
order_103206,return_303206,customer_1611,agent_028,2,High-value refund approved without evidence,fraud,NO_EVIDENCE;HIGH_VALUE_REFUND,APPROVED
order_100150,return_300150,customer_0679,agent_012,1,Normal refund approval with evidence and reasonable timing,normal,,APPROVED
order_102495,return_302495,customer_1393,agent_025,1,Normal refund approval with evidence and reasonable timing,normal,,APPROVED
order_102181,return_302181,customer_0666,agent_027,1,Normal refund approval with evidence and reasonable timing,normal,,APPROVED
order_100558,return_300558,customer_1998,agent_012,1,Normal refund approval with evidence and reasonable timing,normal,,APPROVED
order_102242,return_302242,customer_0918,agent_022,1,Normal refund approval with evidence and reasonable timing,normal,,APPROVED
order_104579,return_304579,customer_8001,agent_801,8,Repeated agent-customer approval pattern,fraud,REPEATED_AGENT_CUSTOMER_PAIR,APPROVED
order_102409,return_302409,customer_1926,agent_028,1,Normal refund approval with evidence and reasonable timing,normal,,APPROVED
order_103264,return_303264,customer_0918,agent_009,3,Full-amount refund approved for expensive order,fraud,FULL_AMOUNT_REFUND;HIGH_VALUE_REFUND,APPROVED
order_104223,return_304223,customer_9006,agent_024,6,Customer with frequent refund requests,fraud,CUSTOMER_FREQUENT_RETURNS,APPROVED
order_103131,return_303131,customer_0029,agent_026,2,High-value refund approved without evidence,fraud,NO_EVIDENCE;HIGH_VALUE_REFUND,APPROVED
order_104516,return_304516,customer_1892,agent_702,7,Support agent with unusually high approval rate,fraud,AGENT_HIGH_APPROVAL_RATE,APPROVED
order_104250,return_304250,customer_9001,agent_009,6,Customer with frequent refund requests,fraud,CUSTOMER_FREQUENT_RETURNS,APPROVED
order_103291,return_303291,customer_1454,agent_017,3,Full-amount refund approved for expensive order,fraud,FULL_AMOUNT_REFUND;HIGH_VALUE_REFUND,APPROVED
order_100193,return_300193,customer_0669,agent_025,1,Normal refund approval with evidence and reasonable timing,normal,,APPROVED
order_103516,return_303516,customer_0755,agent_013,3,Full-amount refund approved for expensive order,fraud,FULL_AMOUNT_REFUND;HIGH_VALUE_REFUND,APPROVED
order_102794,return_302794,customer_1889,agent_022,1,Normal refund approval with evidence and reasonable timing,normal,,APPROVED
order_102076,return_302076,customer_1613,agent_011,1,Normal refund approval with evidence and reasonable timing,normal,,DECLINED
order_104123,return_304123,customer_9002,agent_015,6,Customer with frequent refund requests,fraud,CUSTOMER_FREQUENT_RETURNS,APPROVED
order_101561,return_301561,customer_1026,agent_016,1,Normal refund approval with evidence and reasonable timing,normal,,DECLINED
order_104547,return_304547,customer_0596,agent_703,7,Support agent with unusually high approval rate,fraud,AGENT_HIGH_APPROVAL_RATE,APPROVED
order_100567,return_300567,customer_0348,agent_011,1,Normal refund approval with evidence and reasonable timing,normal,,DECLINED
order_100691,return_300691,customer_1350,agent_026,1,Normal refund approval with evidence and reasonable timing,normal,,DECLINED
order_102214,return_302214,customer_0966,agent_005,1,Normal refund approval with evidence and reasonable timing,normal,,APPROVED
order_103293,return_303293,customer_0643,agent_005,3,Full-amount refund approved for expensive order,fraud,FULL_AMOUNT_REFUND;HIGH_VALUE_REFUND,APPROVED
order_101947,return_301947,customer_1497,agent_005,1,Normal refund approval with evidence and reasonable timing,normal,,APPROVED
order_1039,return_3039,customer_888,agent_888,8,Repeated agent-customer approval pattern,fraud,REPEATED_AGENT_CUSTOMER_PAIR,APPROVED
order_100579,return_300579,customer_1533,agent_026,1,Normal refund approval with evidence and reasonable timing,normal,,APPROVED
order_101163,return_301163,customer_0657,agent_013,1,Normal refund approval with evidence and reasonable timing,normal,,APPROVED
order_101720,return_301720,customer_0600,agent_007,1,Normal refund approval with evidence and reasonable timing,normal,,APPROVED
order_100721,return_300721,customer_1026,agent_028,1,Normal refund approval with evidence and reasonable timing,normal,,APPROVED
order_104142,return_304142,customer_9005,agent_007,6,Customer with frequent refund requests,fraud,CUSTOMER_FREQUENT_RETURNS,APPROVED
order_100260,return_300260,customer_1202,agent_005,1,Normal refund approval with evidence and reasonable timing,normal,,APPROVED
order_101355,return_301355,customer_1132,agent_025,1,Normal refund approval with evidence and reasonable timing,normal,,DECLINED
order_103704,return_303704,customer_1006,agent_103,4,Very fast approval by support agent,fraud,FAST_APPROVAL,APPROVED
order_103689,return_303689,customer_1422,agent_102,4,Very fast approval by support agent,fraud,FAST_APPROVAL,APPROVED
order_104790,return_304790,customer_9901,agent_901,9,"Suspicious cluster: same agent, frequent customer returns, manual overrides",fraud,SUSPICIOUS_CLUSTER;NO_EVIDENCE;MANUAL_OVERRIDE;HIGH_VALUE_REFUND,APPROVED
order_101255,return_301255,customer_0770,agent_013,1,Normal refund approval with evidence and reasonable timing,normal,,APPROVED
order_103944,return_303944,customer_1212,agent_014,5,Manual override on high-value refund,fraud,MANUAL_OVERRIDE;HIGH_VALUE_REFUND,APPROVED
order_102775,return_302775,customer_0190,agent_017,1,Normal refund approval with evidence and reasonable timing,normal,,DECLINED
order_101853,return_301853,customer_1855,agent_029,1,Normal refund approval with evidence and reasonable timing,normal,,APPROVED
order_104410,return_304410,customer_1701,agent_701,7,Support agent with unusually high approval rate,fraud,AGENT_HIGH_APPROVAL_RATE,APPROVED
order_100752,return_300752,customer_0170,agent_004,1,Normal refund approval with evidence and reasonable timing,normal,,APPROVED
order_100553,return_300553,customer_1847,agent_006,1,Normal refund approval with evidence and reasonable timing,normal,,DECLINED
order_101307,return_301307,customer_0511,agent_009,1,Normal refund approval with evidence and reasonable timing,normal,,APPROVED
order_100669,return_300669,customer_0951,agent_013,1,Normal refund approval with evidence and reasonable timing,normal,,APPROVED
order_104684,return_304684,customer_8001,agent_801,8,Repeated agent-customer approval pattern,fraud,REPEATED_AGENT_CUSTOMER_PAIR,APPROVED
order_102839,return_302839,customer_0874,agent_014,1,Normal refund approval with evidence and reasonable timing,normal,,APPROVED
order_102799,return_302799,customer_1901,agent_002,1,Normal refund approval with evidence and reasonable timing,normal,,APPROVED
order_101266,return_301266,customer_1669,agent_008,1,Normal refund approval with evidence and reasonable timing,normal,,APPROVED
order_101192,return_301192,customer_0794,agent_002,1,Normal refund approval with evidence and reasonable timing,normal,,APPROVED
order_100725,return_300725,customer_1864,agent_017,1,Normal refund approval with evidence and reasonable timing,normal,,APPROVED
order_101113,return_301113,customer_1103,agent_010,1,Normal refund approval with evidence and reasonable timing,normal,,DECLINED
order_102393,return_302393,customer_1864,agent_009,1,Normal refund approval with evidence and reasonable timing,normal,,DECLINED
order_104358,return_304358,customer_1941,agent_703,7,Support agent with unusually high approval rate,fraud,AGENT_HIGH_APPROVAL_RATE,APPROVED
order_103488,return_303488,customer_0354,agent_005,3,Full-amount refund approved for expensive order,fraud,FULL_AMOUNT_REFUND;HIGH_VALUE_REFUND,APPROVED
order_100758,return_300758,customer_1679,agent_022,1,Normal refund approval with evidence and reasonable timing,normal,,DECLINED
order_103613,return_303613,customer_0333,agent_103,4,Very fast approval by support agent,fraud,FAST_APPROVAL,APPROVED
order_104725,return_304725,customer_8003,agent_803,8,Repeated agent-customer approval pattern,fraud,REPEATED_AGENT_CUSTOMER_PAIR,APPROVED
order_100964,return_300964,customer_1034,agent_003,1,Normal refund approval with evidence and reasonable timing,normal,,APPROVED
order_104937,return_304937,customer_9906,agent_902,9,"Suspicious cluster: same agent, frequent customer returns, manual overrides",fraud,SUSPICIOUS_CLUSTER;NO_EVIDENCE;MANUAL_OVERRIDE;HIGH_VALUE_REFUND,APPROVED
order_101306,return_301306,customer_1122,agent_016,1,Normal refund approval with evidence and reasonable timing,normal,,APPROVED
order_100468,return_300468,customer_0211,agent_017,1,Normal refund approval with evidence and reasonable timing,normal,,APPROVED
order_101689,return_301689,customer_1578,agent_008,1,Normal refund approval with evidence and reasonable timing,normal,,DECLINED
order_104235,return_304235,customer_9002,agent_005,6,Customer with frequent refund requests,fraud,CUSTOMER_FREQUENT_RETURNS,APPROVED
order_104045,return_304045,customer_1896,agent_018,5,Manual override on high-value refund,fraud,MANUAL_OVERRIDE;HIGH_VALUE_REFUND,APPROVED
order_104078,return_304078,customer_1356,agent_009,5,Manual override on high-value refund,fraud,MANUAL_OVERRIDE;HIGH_VALUE_REFUND,APPROVED
order_102811,return_302811,customer_0092,agent_014,1,Normal refund approval with evidence and reasonable timing,normal,,APPROVED
order_103929,return_303929,customer_1050,agent_103,5,Manual override on high-value refund,fraud,MANUAL_OVERRIDE;HIGH_VALUE_REFUND,APPROVED
order_103503,return_303503,customer_1314,agent_101,3,Full-amount refund approved for expensive order,fraud,FULL_AMOUNT_REFUND;HIGH_VALUE_REFUND,APPROVED
order_101746,return_301746,customer_0217,agent_026,1,Normal refund approval with evidence and reasonable timing,normal,,DECLINED
order_104934,return_304934,customer_9902,agent_901,9,"Suspicious cluster: same agent, frequent customer returns, manual overrides",fraud,SUSPICIOUS_CLUSTER;NO_EVIDENCE;MANUAL_OVERRIDE;HIGH_VALUE_REFUND,APPROVED
order_101414,return_301414,customer_1947,agent_010,1,Normal refund approval with evidence and reasonable timing,normal,,APPROVED
order_100868,return_300868,customer_1991,agent_003,1,Normal refund approval with evidence and reasonable timing,normal,,APPROVED
order_102761,return_302761,customer_1618,agent_030,1,Normal refund approval with evidence and reasonable timing,normal,,DECLINED
order_102542,return_302542,customer_0834,agent_019,1,Normal refund approval with evidence and reasonable timing,normal,,DECLINED
order_100716,return_300716,customer_0013,agent_021,1,Normal refund approval with evidence and reasonable timing,normal,,APPROVED
order_101858,return_301858,customer_0085,agent_016,1,Normal refund approval with evidence and reasonable timing,normal,,APPROVED
order_103058,return_303058,customer_1101,agent_024,2,High-value refund approved without evidence,fraud,NO_EVIDENCE;HIGH_VALUE_REFUND,APPROVED
order_103859,return_303859,customer_0515,agent_007,5,Manual override on high-value refund,fraud,MANUAL_OVERRIDE;HIGH_VALUE_REFUND,APPROVED
order_100902,return_300902,customer_1972,agent_013,1,Normal refund approval with evidence and reasonable timing,normal,,DECLINED
order_103407,return_303407,customer_0547,agent_102,3,Full-amount refund approved for expensive order,fraud,FULL_AMOUNT_REFUND;HIGH_VALUE_REFUND,APPROVED
order_101328,return_301328,customer_0150,agent_007,1,Normal refund approval with evidence and reasonable timing,normal,,DECLINED
order_103913,return_303913,customer_1508,agent_103,5,Manual override on high-value refund,fraud,MANUAL_OVERRIDE;HIGH_VALUE_REFUND,APPROVED
order_104655,return_304655,customer_8002,agent_802,8,Repeated agent-customer approval pattern,fraud,REPEATED_AGENT_CUSTOMER_PAIR,APPROVED
order_104902,return_304902,customer_9902,agent_901,9,"Suspicious cluster: same agent, frequent customer returns, manual overrides",fraud,SUSPICIOUS_CLUSTER;NO_EVIDENCE;MANUAL_OVERRIDE;HIGH_VALUE_REFUND,APPROVED
order_104927,return_304927,customer_9905,agent_902,9,"Suspicious cluster: same agent, frequent customer returns, manual overrides",fraud,SUSPICIOUS_CLUSTER;NO_EVIDENCE;MANUAL_OVERRIDE;HIGH_VALUE_REFUND,APPROVED
order_100234,return_300234,customer_1262,agent_018,1,Normal refund approval with evidence and reasonable timing,normal,,DECLINED
order_100205,return_300205,customer_0202,agent_001,1,Normal refund approval with evidence and reasonable timing,normal,,APPROVED
order_101974,return_301974,customer_0146,agent_024,1,Normal refund approval with evidence and reasonable timing,normal,,APPROVED
order_103828,return_303828,customer_1318,agent_102,5,Manual override on high-value refund,fraud,MANUAL_OVERRIDE;HIGH_VALUE_REFUND,APPROVED
order_103950,return_303950,customer_1317,agent_019,5,Manual override on high-value refund,fraud,MANUAL_OVERRIDE;HIGH_VALUE_REFUND,APPROVED
order_101657,return_301657,customer_1886,agent_028,1,Normal refund approval with evidence and reasonable timing,normal,,APPROVED
order_102456,return_302456,customer_0835,agent_004,1,Normal refund approval with evidence and reasonable timing,normal,,APPROVED
order_1040,return_3040,customer_888,agent_888,8,Repeated agent-customer approval pattern,fraud,REPEATED_AGENT_CUSTOMER_PAIR,APPROVED
order_104213,return_304213,customer_9004,agent_024,6,Customer with frequent refund requests,fraud,CUSTOMER_FREQUENT_RETURNS,APPROVED
order_100096,return_300096,customer_1529,agent_003,1,Normal refund approval with evidence and reasonable timing,normal,,APPROVED
order_100460,return_300460,customer_0272,agent_022,1,Normal refund approval with evidence and reasonable timing,normal,,DECLINED
order_103931,return_303931,customer_1530,agent_003,5,Manual override on high-value refund,fraud,MANUAL_OVERRIDE;HIGH_VALUE_REFUND,APPROVED
order_103468,return_303468,customer_0143,agent_004,3,Full-amount refund approved for expensive order,fraud,FULL_AMOUNT_REFUND;HIGH_VALUE_REFUND,APPROVED
order_103484,return_303484,customer_1421,agent_006,3,Full-amount refund approved for expensive order,fraud,FULL_AMOUNT_REFUND;HIGH_VALUE_REFUND,APPROVED
order_103606,return_303606,customer_1080,agent_101,4,Very fast approval by support agent,fraud,FAST_APPROVAL,APPROVED
order_102547,return_302547,customer_0217,agent_029,1,Normal refund approval with evidence and reasonable timing,normal,,APPROVED
order_102479,return_302479,customer_0209,agent_027,1,Normal refund approval with evidence and reasonable timing,normal,,APPROVED
order_100400,return_300400,customer_0031,agent_011,1,Normal refund approval with evidence and reasonable timing,normal,,DECLINED
order_104208,return_304208,customer_9007,agent_018,6,Customer with frequent refund requests,fraud,CUSTOMER_FREQUENT_RETURNS,APPROVED
order_103925,return_303925,customer_0188,agent_025,5,Manual override on high-value refund,fraud,MANUAL_OVERRIDE;HIGH_VALUE_REFUND,APPROVED
order_102197,return_302197,customer_1097,agent_028,1,Normal refund approval with evidence and reasonable timing,normal,,APPROVED
order_101716,return_301716,customer_0063,agent_018,1,Normal refund approval with evidence and reasonable timing,normal,,APPROVED
order_102736,return_302736,customer_0167,agent_015,1,Normal refund approval with evidence and reasonable timing,normal,,APPROVED
order_102502,return_302502,customer_1221,agent_023,1,Normal refund approval with evidence and reasonable timing,normal,,DECLINED
order_103659,return_303659,customer_0214,agent_103,4,Very fast approval by support agent,fraud,FAST_APPROVAL,APPROVED
order_104604,return_304604,customer_8002,agent_802,8,Repeated agent-customer approval pattern,fraud,REPEATED_AGENT_CUSTOMER_PAIR,APPROVED
order_100788,return_300788,customer_1290,agent_015,1,Normal refund approval with evidence and reasonable timing,normal,,APPROVED
order_104635,return_304635,customer_8003,agent_803,8,Repeated agent-customer approval pattern,fraud,REPEATED_AGENT_CUSTOMER_PAIR,APPROVED
order_104426,return_304426,customer_0931,agent_702,7,Support agent with unusually high approval rate,fraud,AGENT_HIGH_APPROVAL_RATE,APPROVED
order_102107,return_302107,customer_0569,agent_006,1,Normal refund approval with evidence and reasonable timing,normal,,DECLINED
order_102734,return_302734,customer_0603,agent_028,1,Normal refund approval with evidence and reasonable timing,normal,,APPROVED
order_103938,return_303938,customer_1956,agent_002,5,Manual override on high-value refund,fraud,MANUAL_OVERRIDE;HIGH_VALUE_REFUND,APPROVED
order_103482,return_303482,customer_0328,agent_027,3,Full-amount refund approved for expensive order,fraud,FULL_AMOUNT_REFUND;HIGH_VALUE_REFUND,APPROVED
order_101661,return_301661,customer_1289,agent_026,1,Normal refund approval with evidence and reasonable timing,normal,,DECLINED
order_104845,return_304845,customer_9905,agent_902,9,"Suspicious cluster: same agent, frequent customer returns, manual overrides",fraud,SUSPICIOUS_CLUSTER;NO_EVIDENCE;MANUAL_OVERRIDE;HIGH_VALUE_REFUND,APPROVED
order_100743,return_300743,customer_0297,agent_011,1,Normal refund approval with evidence and reasonable timing,normal,,APPROVED
order_101877,return_301877,customer_1410,agent_009,1,Normal refund approval with evidence and reasonable timing,normal,,APPROVED
order_102751,return_302751,customer_0883,agent_030,1,Normal refund approval with evidence and reasonable timing,normal,,APPROVED
order_101701,return_301701,customer_0759,agent_026,1,Normal refund approval with evidence and reasonable timing,normal,,DECLINED
order_102249,return_302249,customer_0549,agent_011,1,Normal refund approval with evidence and reasonable timing,normal,,APPROVED
order_103601,return_303601,customer_0734,agent_102,4,Very fast approval by support agent,fraud,FAST_APPROVAL,APPROVED
order_102894,return_302894,customer_1375,agent_009,1,Normal refund approval with evidence and reasonable timing,normal,,APPROVED
order_104364,return_304364,customer_1055,agent_703,7,Support agent with unusually high approval rate,fraud,AGENT_HIGH_APPROVAL_RATE,APPROVED
order_104464,return_304464,customer_1358,agent_701,7,Support agent with unusually high approval rate,fraud,AGENT_HIGH_APPROVAL_RATE,APPROVED
order_102339,return_302339,customer_1613,agent_012,1,Normal refund approval with evidence and reasonable timing,normal,,APPROVED
order_101828,return_301828,customer_1075,agent_022,1,Normal refund approval with evidence and reasonable timing,normal,,APPROVED
order_104507,return_304507,customer_0269,agent_702,7,Support agent with unusually high approval rate,fraud,AGENT_HIGH_APPROVAL_RATE,APPROVED
order_104212,return_304212,customer_9003,agent_018,6,Customer with frequent refund requests,fraud,CUSTOMER_FREQUENT_RETURNS,APPROVED
order_101819,return_301819,customer_1153,agent_025,1,Normal refund approval with evidence and reasonable timing,normal,,APPROVED
order_103303,return_303303,customer_0988,agent_029,3,Full-amount refund approved for expensive order,fraud,FULL_AMOUNT_REFUND;HIGH_VALUE_REFUND,APPROVED
order_102934,return_302934,customer_1410,agent_027,1,Normal refund approval with evidence and reasonable timing,normal,,APPROVED
order_101230,return_301230,customer_1417,agent_003,1,Normal refund approval with evidence and reasonable timing,normal,,APPROVED
order_103591,return_303591,customer_1509,agent_103,4,Very fast approval by support agent,fraud,FAST_APPROVAL,APPROVED
order_101074,return_301074,customer_0053,agent_026,1,Normal refund approval with evidence and reasonable timing,normal,,DECLINED
order_102098,return_302098,customer_0455,agent_004,1,Normal refund approval with evidence and reasonable timing,normal,,APPROVED
order_100648,return_300648,customer_0799,agent_010,1,Normal refund approval with evidence and reasonable timing,normal,,APPROVED
order_100464,return_300464,customer_0104,agent_015,1,Normal refund approval with evidence and reasonable timing,normal,,APPROVED
order_104459,return_304459,customer_0175,agent_702,7,Support agent with unusually high approval rate,fraud,AGENT_HIGH_APPROVAL_RATE,APPROVED
order_104251,return_304251,customer_9002,agent_005,6,Customer with frequent refund requests,fraud,CUSTOMER_FREQUENT_RETURNS,APPROVED
order_104666,return_304666,customer_8001,agent_801,8,Repeated agent-customer approval pattern,fraud,REPEATED_AGENT_CUSTOMER_PAIR,APPROVED
order_102336,return_302336,customer_0301,agent_011,1,Normal refund approval with evidence and reasonable timing,normal,,DECLINED
order_100416,return_300416,customer_1880,agent_019,1,Normal refund approval with evidence and reasonable timing,normal,,APPROVED
order_104733,return_304733,customer_8002,agent_802,8,Repeated agent-customer approval pattern,fraud,REPEATED_AGENT_CUSTOMER_PAIR,APPROVED
order_104303,return_304303,customer_9006,agent_004,6,Customer with frequent refund requests,fraud,CUSTOMER_FREQUENT_RETURNS,APPROVED
order_101337,return_301337,customer_0777,agent_011,1,Normal refund approval with evidence and reasonable timing,normal,,APPROVED
order_102516,return_302516,customer_0050,agent_009,1,Normal refund approval with evidence and reasonable timing,normal,,APPROVED
order_102644,return_302644,customer_0620,agent_026,1,Normal refund approval with evidence and reasonable timing,normal,,DECLINED
order_100673,return_300673,customer_0705,agent_014,1,Normal refund approval with evidence and reasonable timing,normal,,DECLINED
order_104290,return_304290,customer_9001,agent_026,6,Customer with frequent refund requests,fraud,CUSTOMER_FREQUENT_RETURNS,APPROVED
order_103155,return_303155,customer_1625,agent_006,2,High-value refund approved without evidence,fraud,NO_EVIDENCE;HIGH_VALUE_REFUND,APPROVED
order_100851,return_300851,customer_1999,agent_004,1,Normal refund approval with evidence and reasonable timing,normal,,DECLINED
order_1041,return_3041,customer_999,agent_999,9,"Suspicious cluster: same agent, frequent customer returns, manual overrides",fraud,SUSPICIOUS_CLUSTER;NO_EVIDENCE;MANUAL_OVERRIDE;HIGH_VALUE_REFUND,APPROVED
order_102569,return_302569,customer_1940,agent_006,1,Normal refund approval with evidence and reasonable timing,normal,,APPROVED
order_100769,return_300769,customer_0029,agent_013,1,Normal refund approval with evidence and reasonable timing,normal,,APPROVED
order_101929,return_301929,customer_0264,agent_028,1,Normal refund approval with evidence and reasonable timing,normal,,DECLINED
order_103167,return_303167,customer_1631,agent_015,2,High-value refund approved without evidence,fraud,NO_EVIDENCE;HIGH_VALUE_REFUND,APPROVED
order_102759,return_302759,customer_1968,agent_020,1,Normal refund approval with evidence and reasonable timing,normal,,APPROVED
order_100703,return_300703,customer_1124,agent_003,1,Normal refund approval with evidence and reasonable timing,normal,,APPROVED
order_102927,return_302927,customer_0152,agent_018,1,Normal refund approval with evidence and reasonable timing,normal,,DECLINED
order_100160,return_300160,customer_0814,agent_027,1,Normal refund approval with evidence and reasonable timing,normal,,DECLINED
order_104822,return_304822,customer_9901,agent_901,9,"Suspicious cluster: same agent, frequent customer returns, manual overrides",fraud,SUSPICIOUS_CLUSTER;NO_EVIDENCE;MANUAL_OVERRIDE;HIGH_VALUE_REFUND,APPROVED
order_104930,return_304930,customer_9903,agent_901,9,"Suspicious cluster: same agent, frequent customer returns, manual overrides",fraud,SUSPICIOUS_CLUSTER;NO_EVIDENCE;MANUAL_OVERRIDE;HIGH_VALUE_REFUND,APPROVED
order_100760,return_300760,customer_0418,agent_018,1,Normal refund approval with evidence and reasonable timing,normal,,DECLINED
order_102350,return_302350,customer_1034,agent_020,1,Normal refund approval with evidence and reasonable timing,normal,,APPROVED
order_101585,return_301585,customer_0588,agent_019,1,Normal refund approval with evidence and reasonable timing,normal,,APPROVED
order_103858,return_303858,customer_1345,agent_014,5,Manual override on high-value refund,fraud,MANUAL_OVERRIDE;HIGH_VALUE_REFUND,APPROVED
order_100326,return_300326,customer_1271,agent_007,1,Normal refund approval with evidence and reasonable timing,normal,,APPROVED
order_100382,return_300382,customer_1525,agent_015,1,Normal refund approval with evidence and reasonable timing,normal,,DECLINED
order_100180,return_300180,customer_1960,agent_010,1,Normal refund approval with evidence and reasonable timing,normal,,DECLINED
order_103476,return_303476,customer_0776,agent_005,3,Full-amount refund approved for expensive order,fraud,FULL_AMOUNT_REFUND;HIGH_VALUE_REFUND,APPROVED
order_102078,return_302078,customer_0189,agent_010,1,Normal refund approval with evidence and reasonable timing,normal,,DECLINED
order_100610,return_300610,customer_1373,agent_025,1,Normal refund approval with evidence and reasonable timing,normal,,DECLINED
order_102578,return_302578,customer_0446,agent_015,1,Normal refund approval with evidence and reasonable timing,normal,,APPROVED
order_104788,return_304788,customer_9903,agent_901,9,"Suspicious cluster: same agent, frequent customer returns, manual overrides",fraud,SUSPICIOUS_CLUSTER;NO_EVIDENCE;MANUAL_OVERRIDE;HIGH_VALUE_REFUND,APPROVED
order_100645,return_300645,customer_1918,agent_022,1,Normal refund approval with evidence and reasonable timing,normal,,APPROVED
order_103229,return_303229,customer_1472,agent_006,2,High-value refund approved without evidence,fraud,NO_EVIDENCE;HIGH_VALUE_REFUND,APPROVED
order_101251,return_301251,customer_1666,agent_017,1,Normal refund approval with evidence and reasonable timing,normal,,APPROVED
order_104528,return_304528,customer_1783,agent_702,7,Support agent with unusually high approval rate,fraud,AGENT_HIGH_APPROVAL_RATE,APPROVED
order_100918,return_300918,customer_0117,agent_003,1,Normal refund approval with evidence and reasonable timing,normal,,APPROVED
order_102138,return_302138,customer_1542,agent_007,1,Normal refund approval with evidence and reasonable timing,normal,,APPROVED
order_100638,return_300638,customer_1052,agent_023,1,Normal refund approval with evidence and reasonable timing,normal,,APPROVED
order_103666,return_303666,customer_0658,agent_101,4,Very fast approval by support agent,fraud,FAST_APPROVAL,APPROVED
order_103346,return_303346,customer_1122,agent_029,3,Full-amount refund approved for expensive order,fraud,FULL_AMOUNT_REFUND;HIGH_VALUE_REFUND,APPROVED
order_100089,return_300089,customer_0259,agent_003,1,Normal refund approval with evidence and reasonable timing,normal,,APPROVED
order_104630,return_304630,customer_8001,agent_801,8,Repeated agent-customer approval pattern,fraud,REPEATED_AGENT_CUSTOMER_PAIR,APPROVED
order_104594,return_304594,customer_8001,agent_801,8,Repeated agent-customer approval pattern,fraud,REPEATED_AGENT_CUSTOMER_PAIR,APPROVED
order_101018,return_301018,customer_1227,agent_015,1,Normal refund approval with evidence and reasonable timing,normal,,APPROVED
order_101937,return_301937,customer_0896,agent_023,1,Normal refund approval with evidence and reasonable timing,normal,,APPROVED
order_103833,return_303833,customer_0260,agent_017,5,Manual override on high-value refund,fraud,MANUAL_OVERRIDE;HIGH_VALUE_REFUND,APPROVED
order_100277,return_300277,customer_1597,agent_019,1,Normal refund approval with evidence and reasonable timing,normal,,APPROVED
order_104760,return_304760,customer_9902,agent_901,9,"Suspicious cluster: same agent, frequent customer returns, manual overrides",fraud,SUSPICIOUS_CLUSTER;NO_EVIDENCE;MANUAL_OVERRIDE;HIGH_VALUE_REFUND,APPROVED
order_103253,return_303253,customer_0766,agent_023,3,Full-amount refund approved for expensive order,fraud,FULL_AMOUNT_REFUND;HIGH_VALUE_REFUND,APPROVED
order_102886,return_302886,customer_1564,agent_001,1,Normal refund approval with evidence and reasonable timing,normal,,APPROVED
order_101777,return_301777,customer_0199,agent_029,1,Normal refund approval with evidence and reasonable timing,normal,,DECLINED
order_102452,return_302452,customer_0270,agent_011,1,Normal refund approval with evidence and reasonable timing,normal,,DECLINED
order_101318,return_301318,customer_0223,agent_006,1,Normal refund approval with evidence and reasonable timing,normal,,APPROVED
order_104918,return_304918,customer_9902,agent_901,9,"Suspicious cluster: same agent, frequent customer returns, manual overrides",fraud,SUSPICIOUS_CLUSTER;NO_EVIDENCE;MANUAL_OVERRIDE;HIGH_VALUE_REFUND,APPROVED
order_101433,return_301433,customer_0682,agent_019,1,Normal refund approval with evidence and reasonable timing,normal,,DECLINED
order_100052,return_300052,customer_1290,agent_019,1,Normal refund approval with evidence and reasonable timing,normal,,DECLINED
order_101359,return_301359,customer_0703,agent_016,1,Normal refund approval with evidence and reasonable timing,normal,,APPROVED
order_103569,return_303569,customer_1196,agent_103,4,Very fast approval by support agent,fraud,FAST_APPROVAL,APPROVED
order_101967,return_301967,customer_0173,agent_028,1,Normal refund approval with evidence and reasonable timing,normal,,DECLINED
order_100985,return_300985,customer_0090,agent_013,1,Normal refund approval with evidence and reasonable timing,normal,,APPROVED
order_102726,return_302726,customer_0663,agent_024,1,Normal refund approval with evidence and reasonable timing,normal,,APPROVED
order_101167,return_301167,customer_1548,agent_020,1,Normal refund approval with evidence and reasonable timing,normal,,DECLINED
order_101436,return_301436,customer_1494,agent_013,1,Normal refund approval with evidence and reasonable timing,normal,,APPROVED
order_100987,return_300987,customer_1709,agent_014,1,Normal refund approval with evidence and reasonable timing,normal,,APPROVED
order_102492,return_302492,customer_0212,agent_017,1,Normal refund approval with evidence and reasonable timing,normal,,APPROVED
order_1042,return_3042,customer_999,agent_999,9,"Suspicious cluster: same agent, frequent customer returns, manual overrides",fraud,SUSPICIOUS_CLUSTER;NO_EVIDENCE;MANUAL_OVERRIDE;HIGH_VALUE_REFUND,APPROVED
order_102837,return_302837,customer_1451,agent_029,1,Normal refund approval with evidence and reasonable timing,normal,,DECLINED
order_104267,return_304267,customer_9002,agent_027,6,Customer with frequent refund requests,fraud,CUSTOMER_FREQUENT_RETURNS,APPROVED
order_104048,return_304048,customer_1197,agent_008,5,Manual override on high-value refund,fraud,MANUAL_OVERRIDE;HIGH_VALUE_REFUND,APPROVED
order_100310,return_300310,customer_1435,agent_023,1,Normal refund approval with evidence and reasonable timing,normal,,APPROVED
order_103885,return_303885,customer_1104,agent_027,5,Manual override on high-value refund,fraud,MANUAL_OVERRIDE;HIGH_VALUE_REFUND,APPROVED
order_100913,return_300913,customer_1942,agent_026,1,Normal refund approval with evidence and reasonable timing,normal,,DECLINED
order_101712,return_301712,customer_1396,agent_006,1,Normal refund approval with evidence and reasonable timing,normal,,APPROVED
order_102712,return_302712,customer_0965,agent_014,1,Normal refund approval with evidence and reasonable timing,normal,,DECLINED
order_101484,return_301484,customer_1700,agent_025,1,Normal refund approval with evidence and reasonable timing,normal,,DECLINED
order_103709,return_303709,customer_0777,agent_101,4,Very fast approval by support agent,fraud,FAST_APPROVAL,APPROVED
order_100896,return_300896,customer_0250,agent_030,1,Normal refund approval with evidence and reasonable timing,normal,,APPROVED
order_101489,return_301489,customer_0640,agent_019,1,Normal refund approval with evidence and reasonable timing,normal,,APPROVED
order_104379,return_304379,customer_1389,agent_703,7,Support agent with unusually high approval rate,fraud,AGENT_HIGH_APPROVAL_RATE,APPROVED
order_102601,return_302601,customer_1120,agent_010,1,Normal refund approval with evidence and reasonable timing,normal,,DECLINED
order_102572,return_302572,customer_1406,agent_025,1,Normal refund approval with evidence and reasonable timing,normal,,DECLINED
order_103619,return_303619,customer_1945,agent_102,4,Very fast approval by support agent,fraud,FAST_APPROVAL,APPROVED
order_101682,return_301682,customer_0501,agent_009,1,Normal refund approval with evidence and reasonable timing,normal,,APPROVED
order_104954,return_304954,customer_9902,agent_901,9,"Suspicious cluster: same agent, frequent customer returns, manual overrides",fraud,SUSPICIOUS_CLUSTER;NO_EVIDENCE;MANUAL_OVERRIDE;HIGH_VALUE_REFUND,APPROVED
order_104051,return_304051,customer_0113,agent_011,5,Manual override on high-value refund,fraud,MANUAL_OVERRIDE;HIGH_VALUE_REFUND,APPROVED
order_100661,return_300661,customer_1912,agent_009,1,Normal refund approval with evidence and reasonable timing,normal,,APPROVED
order_104877,return_304877,customer_9904,agent_902,9,"Suspicious cluster: same agent, frequent customer returns, manual overrides",fraud,SUSPICIOUS_CLUSTER;NO_EVIDENCE;MANUAL_OVERRIDE;HIGH_VALUE_REFUND,APPROVED
order_102268,return_302268,customer_1060,agent_022,1,Normal refund approval with evidence and reasonable timing,normal,,APPROVED
order_102352,return_302352,customer_0912,agent_015,1,Normal refund approval with evidence and reasonable timing,normal,,DECLINED
order_104370,return_304370,customer_1313,agent_703,7,Support agent with unusually high approval rate,fraud,AGENT_HIGH_APPROVAL_RATE,APPROVED
order_102615,return_302615,customer_0694,agent_006,1,Normal refund approval with evidence and reasonable timing,normal,,APPROVED
order_104017,return_304017,customer_1822,agent_101,5,Manual override on high-value refund,fraud,MANUAL_OVERRIDE;HIGH_VALUE_REFUND,APPROVED
order_103639,return_303639,customer_0230,agent_103,4,Very fast approval by support agent,fraud,FAST_APPROVAL,APPROVED
order_100793,return_300793,customer_0712,agent_021,1,Normal refund approval with evidence and reasonable timing,normal,,DECLINED
order_104156,return_304156,customer_9003,agent_010,6,Customer with frequent refund requests,fraud,CUSTOMER_FREQUENT_RETURNS,APPROVED
order_101970,return_301970,customer_0980,agent_024,1,Normal refund approval with evidence and reasonable timing,normal,,APPROVED
order_101665,return_301665,customer_0555,agent_001,1,Normal refund approval with evidence and reasonable timing,normal,,APPROVED
order_101536,return_301536,customer_1947,agent_009,1,Normal refund approval with evidence and reasonable timing,normal,,APPROVED
order_102854,return_302854,customer_0795,agent_010,1,Normal refund approval with evidence and reasonable timing,normal,,DECLINED
order_101379,return_301379,customer_1813,agent_030,1,Normal refund approval with evidence and reasonable timing,normal,,DECLINED
order_100463,return_300463,customer_1112,agent_007,1,Normal refund approval with evidence and reasonable timing,normal,,APPROVED
order_104436,return_304436,customer_0966,agent_703,7,Support agent with unusually high approval rate,fraud,AGENT_HIGH_APPROVAL_RATE,APPROVED
order_101264,return_301264,customer_0136,agent_026,1,Normal refund approval with evidence and reasonable timing,normal,,DECLINED
order_102051,return_302051,customer_1705,agent_011,1,Normal refund approval with evidence and reasonable timing,normal,,APPROVED
order_103015,return_303015,customer_1741,agent_014,2,High-value refund approved without evidence,fraud,NO_EVIDENCE;HIGH_VALUE_REFUND,APPROVED
order_104055,return_304055,customer_0356,agent_014,5,Manual override on high-value refund,fraud,MANUAL_OVERRIDE;HIGH_VALUE_REFUND,APPROVED
order_100185,return_300185,customer_0014,agent_025,1,Normal refund approval with evidence and reasonable timing,normal,,APPROVED
order_101796,return_301796,customer_1987,agent_001,1,Normal refund approval with evidence and reasonable timing,normal,,APPROVED
order_103536,return_303536,customer_0367,agent_102,4,Very fast approval by support agent,fraud,FAST_APPROVAL,APPROVED
order_101226,return_301226,customer_0395,agent_001,1,Normal refund approval with evidence and reasonable timing,normal,,APPROVED
order_104685,return_304685,customer_8002,agent_802,8,Repeated agent-customer approval pattern,fraud,REPEATED_AGENT_CUSTOMER_PAIR,APPROVED
order_104640,return_304640,customer_8002,agent_802,8,Repeated agent-customer approval pattern,fraud,REPEATED_AGENT_CUSTOMER_PAIR,APPROVED
order_103415,return_303415,customer_1416,agent_007,3,Full-amount refund approved for expensive order,fraud,FULL_AMOUNT_REFUND;HIGH_VALUE_REFUND,APPROVED
order_102031,return_302031,customer_1662,agent_006,1,Normal refund approval with evidence and reasonable timing,normal,,DECLINED
order_102742,return_302742,customer_0099,agent_014,1,Normal refund approval with evidence and reasonable timing,normal,,APPROVED
order_101838,return_301838,customer_1106,agent_001,1,Normal refund approval with evidence and reasonable timing,normal,,DECLINED
order_100433,return_300433,customer_1913,agent_024,1,Normal refund approval with evidence and reasonable timing,normal,,APPROVED
order_104013,return_304013,customer_0835,agent_009,5,Manual override on high-value refund,fraud,MANUAL_OVERRIDE;HIGH_VALUE_REFUND,APPROVED
order_100365,return_300365,customer_1230,agent_030,1,Normal refund approval with evidence and reasonable timing,normal,,APPROVED
order_100447,return_300447,customer_1184,agent_022,1,Normal refund approval with evidence and reasonable timing,normal,,APPROVED
order_101076,return_301076,customer_1236,agent_028,1,Normal refund approval with evidence and reasonable timing,normal,,DECLINED
order_100978,return_300978,customer_0366,agent_009,1,Normal refund approval with evidence and reasonable timing,normal,,APPROVED
order_103234,return_303234,customer_1403,agent_023,2,High-value refund approved without evidence,fraud,NO_EVIDENCE;HIGH_VALUE_REFUND,APPROVED
order_100668,return_300668,customer_0209,agent_003,1,Normal refund approval with evidence and reasonable timing,normal,,APPROVED
order_100933,return_300933,customer_0580,agent_029,1,Normal refund approval with evidence and reasonable timing,normal,,APPROVED
order_1043,return_3043,customer_999,agent_999,9,"Suspicious cluster: same agent, frequent customer returns, manual overrides",fraud,SUSPICIOUS_CLUSTER;NO_EVIDENCE;MANUAL_OVERRIDE;HIGH_VALUE_REFUND,APPROVED
order_104314,return_304314,customer_9001,agent_028,6,Customer with frequent refund requests,fraud,CUSTOMER_FREQUENT_RETURNS,APPROVED
order_101248,return_301248,customer_0291,agent_010,1,Normal refund approval with evidence and reasonable timing,normal,,APPROVED
order_100814,return_300814,customer_1453,agent_010,1,Normal refund approval with evidence and reasonable timing,normal,,APPROVED
order_100712,return_300712,customer_1204,agent_017,1,Normal refund approval with evidence and reasonable timing,normal,,DECLINED
order_103897,return_303897,customer_1764,agent_003,5,Manual override on high-value refund,fraud,MANUAL_OVERRIDE;HIGH_VALUE_REFUND,APPROVED
order_104498,return_304498,customer_0628,agent_702,7,Support agent with unusually high approval rate,fraud,AGENT_HIGH_APPROVAL_RATE,APPROVED
order_100113,return_300113,customer_1513,agent_027,1,Normal refund approval with evidence and reasonable timing,normal,,DECLINED
order_100477,return_300477,customer_1478,agent_005,1,Normal refund approval with evidence and reasonable timing,normal,,APPROVED
order_103649,return_303649,customer_1659,agent_103,4,Very fast approval by support agent,fraud,FAST_APPROVAL,APPROVED
order_100075,return_300075,customer_1242,agent_030,1,Normal refund approval with evidence and reasonable timing,normal,,DECLINED
order_101921,return_301921,customer_1063,agent_002,1,Normal refund approval with evidence and reasonable timing,normal,,APPROVED
order_103456,return_303456,customer_1952,agent_029,3,Full-amount refund approved for expensive order,fraud,FULL_AMOUNT_REFUND;HIGH_VALUE_REFUND,APPROVED
order_102728,return_302728,customer_0066,agent_013,1,Normal refund approval with evidence and reasonable timing,normal,,APPROVED
order_103266,return_303266,customer_0258,agent_030,3,Full-amount refund approved for expensive order,fraud,FULL_AMOUNT_REFUND;HIGH_VALUE_REFUND,APPROVED
order_101792,return_301792,customer_1959,agent_003,1,Normal refund approval with evidence and reasonable timing,normal,,APPROVED
order_101595,return_301595,customer_0575,agent_029,1,Normal refund approval with evidence and reasonable timing,normal,,APPROVED
order_103073,return_303073,customer_1342,agent_006,2,High-value refund approved without evidence,fraud,NO_EVIDENCE;HIGH_VALUE_REFUND,APPROVED
order_101073,return_301073,customer_1801,agent_012,1,Normal refund approval with evidence and reasonable timing,normal,,APPROVED
order_102412,return_302412,customer_0469,agent_002,1,Normal refund approval with evidence and reasonable timing,normal,,APPROVED
order_104624,return_304624,customer_8001,agent_801,8,Repeated agent-customer approval pattern,fraud,REPEATED_AGENT_CUSTOMER_PAIR,APPROVED
order_100521,return_300521,customer_0067,agent_017,1,Normal refund approval with evidence and reasonable timing,normal,,APPROVED
order_101616,return_301616,customer_1671,agent_023,1,Normal refund approval with evidence and reasonable timing,normal,,APPROVED
order_100450,return_300450,customer_0991,agent_003,1,Normal refund approval with evidence and reasonable timing,normal,,APPROVED
order_104234,return_304234,customer_9001,agent_003,6,Customer with frequent refund requests,fraud,CUSTOMER_FREQUENT_RETURNS,APPROVED
order_104185,return_304185,customer_9008,agent_020,6,Customer with frequent refund requests,fraud,CUSTOMER_FREQUENT_RETURNS,APPROVED
order_103723,return_303723,customer_0865,agent_102,4,Very fast approval by support agent,fraud,FAST_APPROVAL,APPROVED
order_101588,return_301588,customer_1391,agent_004,1,Normal refund approval with evidence and reasonable timing,normal,,APPROVED
order_104852,return_304852,customer_9902,agent_901,9,"Suspicious cluster: same agent, frequent customer returns, manual overrides",fraud,SUSPICIOUS_CLUSTER;NO_EVIDENCE;MANUAL_OVERRIDE;HIGH_VALUE_REFUND,APPROVED
order_100678,return_300678,customer_1342,agent_013,1,Normal refund approval with evidence and reasonable timing,normal,,APPROVED
order_101110,return_301110,customer_0714,agent_024,1,Normal refund approval with evidence and reasonable timing,normal,,DECLINED
order_104707,return_304707,customer_8003,agent_803,8,Repeated agent-customer approval pattern,fraud,REPEATED_AGENT_CUSTOMER_PAIR,APPROVED
order_102809,return_302809,customer_0885,agent_028,1,Normal refund approval with evidence and reasonable timing,normal,,DECLINED
order_100875,return_300875,customer_0422,agent_016,1,Normal refund approval with evidence and reasonable timing,normal,,DECLINED
order_102821,return_302821,customer_1359,agent_026,1,Normal refund approval with evidence and reasonable timing,normal,,DECLINED
order_102604,return_302604,customer_0689,agent_016,1,Normal refund approval with evidence and reasonable timing,normal,,APPROVED
order_101813,return_301813,customer_1928,agent_002,1,Normal refund approval with evidence and reasonable timing,normal,,DECLINED
order_102073,return_302073,customer_1702,agent_018,1,Normal refund approval with evidence and reasonable timing,normal,,APPROVED
order_101238,return_301238,customer_1353,agent_029,1,Normal refund approval with evidence and reasonable timing,normal,,APPROVED
order_103716,return_303716,customer_1944,agent_101,4,Very fast approval by support agent,fraud,FAST_APPROVAL,APPROVED
order_101368,return_301368,customer_0373,agent_019,1,Normal refund approval with evidence and reasonable timing,normal,,APPROVED
order_101841,return_301841,customer_0679,agent_021,1,Normal refund approval with evidence and reasonable timing,normal,,APPROVED
order_102388,return_302388,customer_1727,agent_028,1,Normal refund approval with evidence and reasonable timing,normal,,APPROVED
order_103377,return_303377,customer_1202,agent_010,3,Full-amount refund approved for expensive order,fraud,FULL_AMOUNT_REFUND;HIGH_VALUE_REFUND,APPROVED
order_100355,return_300355,customer_1243,agent_015,1,Normal refund approval with evidence and reasonable timing,normal,,DECLINED
order_104386,return_304386,customer_1833,agent_701,7,Support agent with unusually high approval rate,fraud,AGENT_HIGH_APPROVAL_RATE,APPROVED
order_103542,return_303542,customer_0283,agent_101,4,Very fast approval by support agent,fraud,FAST_APPROVAL,APPROVED
order_103297,return_303297,customer_0490,agent_103,3,Full-amount refund approved for expensive order,fraud,FULL_AMOUNT_REFUND;HIGH_VALUE_REFUND,APPROVED
order_101103,return_301103,customer_0033,agent_011,1,Normal refund approval with evidence and reasonable timing,normal,,APPROVED
order_102915,return_302915,customer_0853,agent_010,1,Normal refund approval with evidence and reasonable timing,normal,,APPROVED
order_100300,return_300300,customer_1713,agent_021,1,Normal refund approval with evidence and reasonable timing,normal,,APPROVED
order_103923,return_303923,customer_1334,agent_001,5,Manual override on high-value refund,fraud,MANUAL_OVERRIDE;HIGH_VALUE_REFUND,APPROVED
order_1044,return_3044,customer_999,agent_999,9,"Suspicious cluster: same agent, frequent customer returns, manual overrides",fraud,SUSPICIOUS_CLUSTER;NO_EVIDENCE;MANUAL_OVERRIDE;HIGH_VALUE_REFUND,APPROVED
order_100438,return_300438,customer_1798,agent_027,1,Normal refund approval with evidence and reasonable timing,normal,,APPROVED
order_104391,return_304391,customer_1064,agent_703,7,Support agent with unusually high approval rate,fraud,AGENT_HIGH_APPROVAL_RATE,APPROVED
order_103888,return_303888,customer_0523,agent_007,5,Manual override on high-value refund,fraud,MANUAL_OVERRIDE;HIGH_VALUE_REFUND,APPROVED
order_101725,return_301725,customer_1520,agent_017,1,Normal refund approval with evidence and reasonable timing,normal,,APPROVED
order_103642,return_303642,customer_0943,agent_103,4,Very fast approval by support agent,fraud,FAST_APPROVAL,APPROVED
order_103394,return_303394,customer_1245,agent_011,3,Full-amount refund approved for expensive order,fraud,FULL_AMOUNT_REFUND;HIGH_VALUE_REFUND,APPROVED
order_102042,return_302042,customer_0640,agent_003,1,Normal refund approval with evidence and reasonable timing,normal,,APPROVED
order_103682,return_303682,customer_0138,agent_101,4,Very fast approval by support agent,fraud,FAST_APPROVAL,APPROVED
order_104860,return_304860,customer_9902,agent_901,9,"Suspicious cluster: same agent, frequent customer returns, manual overrides",fraud,SUSPICIOUS_CLUSTER;NO_EVIDENCE;MANUAL_OVERRIDE;HIGH_VALUE_REFUND,APPROVED
order_103827,return_303827,customer_0474,agent_026,5,Manual override on high-value refund,fraud,MANUAL_OVERRIDE;HIGH_VALUE_REFUND,APPROVED
order_104148,return_304148,customer_9003,agent_010,6,Customer with frequent refund requests,fraud,CUSTOMER_FREQUENT_RETURNS,APPROVED
order_101173,return_301173,customer_1446,agent_011,1,Normal refund approval with evidence and reasonable timing,normal,,DECLINED
order_102937,return_302937,customer_0212,agent_022,1,Normal refund approval with evidence and reasonable timing,normal,,DECLINED
order_104491,return_304491,customer_0596,agent_701,7,Support agent with unusually high approval rate,fraud,AGENT_HIGH_APPROVAL_RATE,APPROVED
order_104810,return_304810,customer_9903,agent_901,9,"Suspicious cluster: same agent, frequent customer returns, manual overrides",fraud,SUSPICIOUS_CLUSTER;NO_EVIDENCE;MANUAL_OVERRIDE;HIGH_VALUE_REFUND,APPROVED
order_104121,return_304121,customer_9008,agent_029,6,Customer with frequent refund requests,fraud,CUSTOMER_FREQUENT_RETURNS,APPROVED
order_101575,return_301575,customer_0283,agent_017,1,Normal refund approval with evidence and reasonable timing,normal,,APPROVED
order_101322,return_301322,customer_1206,agent_021,1,Normal refund approval with evidence and reasonable timing,normal,,DECLINED
order_102523,return_302523,customer_0063,agent_007,1,Normal refund approval with evidence and reasonable timing,normal,,DECLINED
order_100428,return_300428,customer_0806,agent_016,1,Normal refund approval with evidence and reasonable timing,normal,,APPROVED
order_101899,return_301899,customer_0673,agent_003,1,Normal refund approval with evidence and reasonable timing,normal,,APPROVED
order_100508,return_300508,customer_0923,agent_017,1,Normal refund approval with evidence and reasonable timing,normal,,APPROVED
order_103714,return_303714,customer_0497,agent_101,4,Very fast approval by support agent,fraud,FAST_APPROVAL,APPROVED
order_104134,return_304134,customer_9005,agent_016,6,Customer with frequent refund requests,fraud,CUSTOMER_FREQUENT_RETURNS,APPROVED
order_102345,return_302345,customer_1824,agent_020,1,Normal refund approval with evidence and reasonable timing,normal,,DECLINED
order_100565,return_300565,customer_0583,agent_025,1,Normal refund approval with evidence and reasonable timing,normal,,DECLINED
order_101143,return_301143,customer_0043,agent_024,1,Normal refund approval with evidence and reasonable timing,normal,,APPROVED
order_101763,return_301763,customer_1520,agent_010,1,Normal refund approval with evidence and reasonable timing,normal,,APPROVED
order_102877,return_302877,customer_0370,agent_026,1,Normal refund approval with evidence and reasonable timing,normal,,APPROVED
order_101487,return_301487,customer_0557,agent_004,1,Normal refund approval with evidence and reasonable timing,normal,,DECLINED
order_102855,return_302855,customer_1660,agent_003,1,Normal refund approval with evidence and reasonable timing,normal,,APPROVED
order_102007,return_302007,customer_1054,agent_015,1,Normal refund approval with evidence and reasonable timing,normal,,APPROVED
order_103752,return_303752,customer_1215,agent_101,4,Very fast approval by support agent,fraud,FAST_APPROVAL,APPROVED
order_100335,return_300335,customer_0180,agent_002,1,Normal refund approval with evidence and reasonable timing,normal,,APPROVED
order_101639,return_301639,customer_0126,agent_005,1,Normal refund approval with evidence and reasonable timing,normal,,APPROVED
order_102508,return_302508,customer_0126,agent_003,1,Normal refund approval with evidence and reasonable timing,normal,,APPROVED
order_100666,return_300666,customer_1705,agent_011,1,Normal refund approval with evidence and reasonable timing,normal,,DECLINED
order_102707,return_302707,customer_1427,agent_022,1,Normal refund approval with evidence and reasonable timing,normal,,APPROVED
order_104742,return_304742,customer_8002,agent_802,8,Repeated agent-customer approval pattern,fraud,REPEATED_AGENT_CUSTOMER_PAIR,APPROVED
order_103316,return_303316,customer_0514,agent_030,3,Full-amount refund approved for expensive order,fraud,FULL_AMOUNT_REFUND;HIGH_VALUE_REFUND,APPROVED
order_102505,return_302505,customer_1676,agent_003,1,Normal refund approval with evidence and reasonable timing,normal,,APPROVED
order_100380,return_300380,customer_1754,agent_014,1,Normal refund approval with evidence and reasonable timing,normal,,APPROVED
order_102785,return_302785,customer_1398,agent_018,1,Normal refund approval with evidence and reasonable timing,normal,,APPROVED
order_100800,return_300800,customer_1556,agent_016,1,Normal refund approval with evidence and reasonable timing,normal,,APPROVED
order_102614,return_302614,customer_1052,agent_011,1,Normal refund approval with evidence and reasonable timing,normal,,APPROVED
order_103174,return_303174,customer_0980,agent_017,2,High-value refund approved without evidence,fraud,NO_EVIDENCE;HIGH_VALUE_REFUND,APPROVED
order_104871,return_304871,customer_9906,agent_902,9,"Suspicious cluster: same agent, frequent customer returns, manual overrides",fraud,SUSPICIOUS_CLUSTER;NO_EVIDENCE;MANUAL_OVERRIDE;HIGH_VALUE_REFUND,APPROVED
order_104714,return_304714,customer_8001,agent_801,8,Repeated agent-customer approval pattern,fraud,REPEATED_AGENT_CUSTOMER_PAIR,APPROVED
order_102912,return_302912,customer_1743,agent_004,1,Normal refund approval with evidence and reasonable timing,normal,,DECLINED
order_101950,return_301950,customer_1768,agent_005,1,Normal refund approval with evidence and reasonable timing,normal,,APPROVED
order_101519,return_301519,customer_1821,agent_006,1,Normal refund approval with evidence and reasonable timing,normal,,APPROVED
order_100269,return_300269,customer_0487,agent_010,1,Normal refund approval with evidence and reasonable timing,normal,,APPROVED
order_100062,return_300062,customer_0906,agent_021,1,Normal refund approval with evidence and reasonable timing,normal,,DECLINED
order_100328,return_300328,customer_1197,agent_006,1,Normal refund approval with evidence and reasonable timing,normal,,DECLINED
order_104746,return_304746,customer_8003,agent_803,8,Repeated agent-customer approval pattern,fraud,REPEATED_AGENT_CUSTOMER_PAIR,APPROVED
order_103011,return_303011,customer_0904,agent_001,2,High-value refund approved without evidence,fraud,NO_EVIDENCE;HIGH_VALUE_REFUND,APPROVED
order_100780,return_300780,customer_1681,agent_022,1,Normal refund approval with evidence and reasonable timing,normal,,APPROVED
order_102359,return_302359,customer_1000,agent_027,1,Normal refund approval with evidence and reasonable timing,normal,,APPROVED
order_100250,return_300250,customer_1647,agent_004,1,Normal refund approval with evidence and reasonable timing,normal,,DECLINED
order_101032,return_301032,customer_1487,agent_027,1,Normal refund approval with evidence and reasonable timing,normal,,APPROVED
order_102450,return_302450,customer_1550,agent_028,1,Normal refund approval with evidence and reasonable timing,normal,,DECLINED
order_102890,return_302890,customer_0302,agent_014,1,Normal refund approval with evidence and reasonable timing,normal,,APPROVED
order_100509,return_300509,customer_0010,agent_014,1,Normal refund approval with evidence and reasonable timing,normal,,DECLINED
order_101620,return_301620,customer_0749,agent_022,1,Normal refund approval with evidence and reasonable timing,normal,,APPROVED
order_100723,return_300723,customer_1411,agent_021,1,Normal refund approval with evidence and reasonable timing,normal,,APPROVED
order_102199,return_302199,customer_0466,agent_015,1,Normal refund approval with evidence and reasonable timing,normal,,DECLINED
order_103450,return_303450,customer_1630,agent_002,3,Full-amount refund approved for expensive order,fraud,FULL_AMOUNT_REFUND;HIGH_VALUE_REFUND,APPROVED
order_101131,return_301131,customer_1414,agent_014,1,Normal refund approval with evidence and reasonable timing,normal,,DECLINED
order_1045,return_3045,customer_999,agent_999,9,"Suspicious cluster: same agent, frequent customer returns, manual overrides",fraud,SUSPICIOUS_CLUSTER;NO_EVIDENCE;MANUAL_OVERRIDE;HIGH_VALUE_REFUND,APPROVED
