order_amount,agent_id,customer_id,override,decision_time_minutes,order_id,created_at,category,evidence,return_id,return_amount,decision,reason
"1.431,11",agent_025,buyer_1535,0,63,purchase_101803,08.04.2026 01:19,electronics,0,refund_req_301803,"647,10",reject,missing_accessory
"43,18",agent_021,buyer_0637,0,60,purchase_101174,19.05.2026 03:17,books,1,refund_req_301174,"12,06",approve,changed_mind
"907,98",agent_005,buyer_0509,1,34,purchase_104004,08.06.2026 10:32,luxury,,refund_req_304004,"811,00",approve,damaged_item
"2.073,79",agent_009,buyer_0547,0,25,purchase_101602,07.06.2026 22:01,luxury,1,refund_req_301602,"1.329,64",approve,damaged_item
"1.627,38",agent_030,buyer_1364,0,105,purchase_102070,10.06.2026 07:35,luxury,0,refund_req_302070,"1.171,83",reject,item_not_as_described
"232,22",agent_102,buyer_0481,0,1,purchase_103657,19.05.2026 22:01,clothing,1,refund_req_303657,"209,79",approve,wrong_size
"2.892,76",agent_006,buyer_0173,1,19,purchase_103091,23.04.2026 09:08,luxury,0,refund_req_303091,"2.547,70",approve,damaged_item
"858,81",agent_028,buyer_1827,0,58,purchase_100036,27.05.2026 00:34,appliances,0,refund_req_300036,"589,05",approve,not_working
"2.689,14",agent_016,buyer_9001,0,56,purchase_104082,06.05.2026 05:38,luxury,1,refund_req_304082,"2.264,98",approve,damaged_item
"174,08",agent_007,buyer_9001,0,47,purchase_104178,29.05.2026 23:46,home,1,refund_req_304178,"168,08", approve ,damaged_item
"1.716,51",agent_016,buyer_1804,0,,purchase_101344,21.04.2026 06:58,luxury,0,refund_req_301344,"765,15",reject,  item_not_as_described  
"1.386,42",agent_025,buyer_0417,0,,purchase_102401,26.05.2026 20:56,electronics,1,refund_req_302401,"509,63",approve,missing_accessory
"267,69",agent_004,buyer_1743,0,55,purchase_102912,21.06.2026 04:00,electronics,0,refund_req_302912,"148,49",reject,  not_working  
"1.342,02",agent_002,buyer_1178,0,42,purchase_103194,27.04.2026 21:18,electronics,0,refund_req_303194,"1.039,55",approve,item_not_as_described
"29,84",agent_011,buyer_1854,0,76,purchase_102832,13.05.2026 18:21,clothing,1,refund_req_302832,"7,01",approve,item_not_as_described
"280,90",agent_017,buyer_0136,0,108,purchase_100585,25.04.2026 05:30,sports,0,refund_req_300585,"204,70",reject,wrong_size
"1.992,06",agent_029,buyer_0857,0,,purchase_103010,15.05.2026 12:05, luxury ,0,refund_req_303010,"1.345,80",approve,damaged_item
"1.277,23",agent_020,buyer_0615,0,15,purchase_103175,17.05.2026 10:32,luxury,0,refund_req_303175,"1.045,94",approve,
"1.215,61",agent_010,buyer_1960,0,74,purchase_102928,04.04.2026 11:14,appliances,0,refund_req_302928,"340,91",reject,not_working
"1.174,58",agent_103,buyer_1631,0,5,purchase_103789,24.04.2026 01:15,electronics,0,refund_req_303789,"954,54",approve,item_not_as_described
"973,37",agent_005,buyer_0776,0,60,purchase_103476,17.06.2026 14:59,fashion,1,refund_req_303476,"973,37",approve,wrong_size
"77,20",agent_025,buyer_0397,0,43,purchase_102360,03.04.2026 23:52,clothing,,refund_req_302360,"52,66",approve,changed_mind
"304,93",agent_002,buyer_1731,1,55,purchase_101490,11.04.2026 00:11,home,0,refund_req_301490,"132,60",reject,item_not_as_described
"959,60",agent_003,buyer_1586,0,59,purchase_103383,06.04.2026 23:10,fashion,,refund_req_303383,"959,60",approve,wrong_size
"505,10",agent_029,buyer_1427,0,76,purchase_100656,28.05.2026 06:56,fashion,0,refund_req_300656,"277,70",reject,wrong_size
"1.617,17",agent_011,buyer_0193,0,40,purchase_101855,06.06.2026 23:04,electronics,1,refund_req_301855,"470,15",approve,damaged_item
"162,67",agent_001,buyer_1655,0,58,purchase_101525,07.04.2026 01:50,sports,0,refund_req_301525,"74,70",reject,damaged_item
"1.144,58",agent_029,buyer_0232,0,26,purchase_103507,05.05.2026 04:30,luxury,0,refund_req_303507,"1.144,58",approve,damaged_item
"112,84",agent_014,buyer_1437,0,62,purchase_100916,26.05.2026 09:58,home,0,refund_req_300916,"54,69",reject,missing_part
"314,87",agent_002,buyer_0485,0,104,purchase_101389,05.06.2026 13:48,sports,1,refund_req_301389,"233,26",approve,
"1.130,73",agent_014,buyer_0984,0,48,purchase_100779,05.05.2026 07:55,electronics,1,refund_req_300779,"785,39",approve,damaged_item
"1.678,15",agent_003,buyer_1736,0,63,purchase_101980,08.04.2026 19:15,luxury,1,refund_req_301980,"489,81",reject,damaged_item
"157,37",agent_011,buyer_0612,1,51,purchase_101366,19.05.2026 04:58,beauty,1,refund_req_301366,"124,84",approve,damaged_item
"1.350,46",agent_023,buyer_1414,0,68,purchase_101751,11.06.2026 05:57,electronics,1,refund_req_301751,"888,20",approve,missing_accessory
"2.327,30",agent_013,buyer_0976,0,64,purchase_100487,20.04.2026 02:06,luxury,,refund_req_300487,"1.603,69",approve,damaged_item
"2.681,84",agent_013,buyer_0951,0,73,purchase_100669,15.06.2026 14:34,luxury,0,refund_req_300669,"1.615,81",approve,item_not_as_described
"299,48",agent_102,buyer_0897,0,3,purchase_103770,02.04.2026 20:20,home,1,refund_req_303770,"163,50",approve,item_not_as_described
"1.882,40",agent_013,buyer_1232,1,28,purchase_103292,23.04.2026 06:35,electronics,0,refund_req_303292,"1.882,40",approve,missing_accessory
"36,21",agent_004,buyer_0026,0,81,purchase_100670,25.05.2026 00:25, clothing ,1,refund_req_300670,"25,82",approve,item_not_as_described
"283,67",agent_007,buyer_0460,0,45,purchase_101040,07.06.2026 15:47,sports,1,refund_req_301040,"191,11",approve,damaged_item
"195,95",agent_802,buyer_8002,0,11,purchase_104748,08.05.2026 14:01,fashion,,refund_req_304748,"189,27", approve ,changed_mind
"1.373,80",agent_102,buyer_9006,0,29,purchase_104167,27.05.2026 12:30,luxury,0,refund_req_304167,"1.341,27",approve,item_not_as_described
"1.508,33",agent_020,buyer_0523,0,45,purchase_102776,27.04.2026 15:19,luxury,1,refund_req_302776,"1.201,99",approve,changed_mind
"132,93",agent_801,buyer_8001,0,16,purchase_104717,09.04.2026 17:34,fashion,1,refund_req_304717,"130,26",approve,wrong_size
"1.748,64",agent_013,buyer_0422,0,12,purchase_103222,11.05.2026 06:21, electronics ,0,refund_req_303222,"1.587,02",APPROVE,missing_accessory
"57,61",agent_028,buyer_1920,1,53,purchase_102485,03.05.2026 04:46,beauty,0,refund_req_302485,"35,02",approve,
"2.523,72",agent_020,buyer_1669,1,34,purchase_104056,01.06.2026 10:17,Luxury,1,refund_req_304056,"2.355,81",approve,item_not_as_described
"1.061,99",agent_023,buyer_1318,0,34,purchase_103019,05.04.2026 12:29,appliances,0,refund_req_303019,"858,80",approve,  missing_part  
"1.903,20",agent_008,buyer_0574,0,83,purchase_101055,07.05.2026 11:47,luxury,1,refund_req_301055,"454,02",approve,damaged_item
"150,67",agent_102,buyer_0024,0,4,purchase_103790,05.06.2026 07:14,clothing,1,refund_req_303790,"118,58", approve ,wrong_size
"118,30",agent_023,buyer_0175,0,103,purchase_101723,06.06.2026 18:09,clothing,1,refund_req_301723,"63,80",REJECT,changed_mind
"334,49",agent_005,buyer_0707,0,79,purchase_100206,14.05.2026 23:32,FASHION,1,refund_req_300206,"131,13",reject,item_not_as_described
"1.347,85",agent_010,buyer_1185,0,49,purchase_102072,05.04.2026 13:08,electronics,1,refund_req_302072,"845,78",reject,missing_accessory
"649,04",agent_011,buyer_1347,0,63,purchase_100412,26.05.2026 19:02,fashion,,refund_req_300412,"316,70",approve,changed_mind
"960,95",agent_007,buyer_1719,0,61,purchase_100040,18.05.2026 13:43,beauty,1,refund_req_300040,"271,03",approve,allergic_reaction
"845,49",agent_023,buyer_1473,0,95,purchase_100136,31.05.2026 07:12,appliances,1,refund_req_300136,"394,11",approve,damaged_item
"67,45",agent_102,buyer_0430,1,1,purchase_103724,04.04.2026 11:53,beauty,1,refund_req_303724,"36,39",approve,damaged_item
"627,28",agent_011,buyer_0031,0,67,purchase_100400,16.06.2026 13:17,appliances,1,refund_req_300400,"174,24",reject,not_working
"1.367,10",agent_101,buyer_1739,0,1,purchase_103763,07.05.2026 17:38,luxury,1,refund_req_303763,"1.069,91",approve,damaged_item
"156,35",agent_002,buyer_0197,0,78,purchase_102752,20.05.2026 01:42,beauty,,refund_req_302752,"60,30",approve,damaged_item
"1.537,12",agent_028,buyer_1952,0,16,purchase_103235,05.06.2026 07:48,electronics,0,refund_req_303235,"1.330,48",approve,missing_accessory
"1.623,57",agent_025,buyer_0370,1,16,purchase_104033,02.05.2026 01:54,electronics,1,refund_req_304033,"1.207,79",approve,item_not_as_described
"1.049,75",agent_003,buyer_0733,0,34,purchase_100676,26.04.2026 14:45,electronics,1,refund_req_300676,"408,22",approve,missing_accessory
"127,01",agent_007,buyer_0518,0,57,purchase_100906,13.04.2026 03:52,Beauty,1,refund_req_300906,"44,02",approve,changed_mind
"1.162,85",agent_007,buyer_0531,0,68,purchase_102310,13.06.2026 23:48,appliances,1,refund_req_302310,"849,67",approve,missing_part
"1.209,14",agent_015,buyer_1431,1,17,purchase_103904,12.06.2026 19:55,luxury,1,refund_req_303904,"885,28",approve,item_not_as_described
"227,93",agent_029,buyer_0915,0,47,purchase_102287,02.05.2026 21:23,  clothing  ,1,refund_req_302287,"113,88",reject,  changed_mind  
"198,28",agent_002,buyer_0794,0,68,purchase_101192,15.06.2026 18:21,clothing,1,refund_req_301192,"152,33",approve,item_not_as_described
"1.887,49",agent_017,buyer_1464,0,26,purchase_103208,19.04.2026 22:09,  electronics  ,,refund_req_303208,"1.358,75",approve,not_working
"137,86",agent_025,buyer_0035,0,75,purchase_101085,08.06.2026 20:22,beauty,1,refund_req_301085,"74,67",approve,changed_mind
"116,39",agent_008,buyer_1368,0,76,purchase_101816,16.04.2026 17:25,beauty,1,refund_req_301816,"48,24",approve,allergic_reaction
"514,03",agent_016,buyer_1112,0,70,purchase_102661,08.06.2026 08:34,appliances,0,refund_req_302661,"340,18",APPROVE,missing_part
"539,61",agent_012,buyer_1237,0,79,purchase_101826,04.04.2026 16:59,home,1,refund_req_301826,"259,18",approve,damaged_item
"587,83",agent_015,buyer_9008,0,66,purchase_104105,07.05.2026 00:41,electronics,0,refund_req_304105,"478,62",APPROVE,missing_accessory
"438,29",agent_027,buyer_1195,0,92,purchase_102802,27.05.2026 16:37,Sports,0,refund_req_302802,"299,78",approve,item_not_as_described
"54,11",agent_016,buyer_0209,0,63,purchase_101662,21.04.2026 08:43,Clothing,1,refund_req_301662,"28,13",approve,wrong_size
"178,75",agent_103,buyer_1906,0,4,purchase_103655,02.06.2026 04:11,beauty,0,refund_req_303655,"94,56",  approve  ,allergic_reaction
"139,58",agent_020,buyer_1967,0,49,purchase_102957,07.06.2026 04:28,beauty,0,refund_req_302957,"118,24",approve,damaged_item
"1.107,07",agent_016,buyer_0699,0,80,purchase_100945,23.04.2026 12:53,sports,0,refund_req_300945,"599,34",approve,damaged_item
"10,67",agent_007,buyer_0776,0,59,purchase_100935,13.06.2026 01:11,books,0,refund_req_300935,"7,17",approve,wrong_item_received
"337,66",agent_008,buyer_1968,0,69,purchase_100132,28.05.2026 15:19,sports,1,refund_req_300132,"177,06",  approve  ,damaged_item
"1.488,49",agent_005,buyer_1478,0,94,purchase_100477,19.06.2026 14:08,electronics,1,refund_req_300477,"1.241,00",approve,item_not_as_described
"1.014,76",agent_010,buyer_1383,0,12,purchase_103414,05.06.2026 11:14,  appliances  ,0,refund_req_303414,"1.014,76",approve,damaged_item
"311,40",agent_103,buyer_9005,0,62,purchase_104086,03.04.2026 07:10,fashion,0,refund_req_304086,"224,19",approve,wrong_size
"87,11",agent_009,buyer_1107,0,89,purchase_101770,23.05.2026 18:52,beauty,0,refund_req_301770,"42,85",reject,allergic_reaction
"1.154,64",agent_025,buyer_1472,0,41,purchase_102069,05.05.2026 15:21,appliances,0,refund_req_302069,"779,84",approve,not_working
"1.288,22",agent_001,buyer_1116,0,14,purchase_103310,14.06.2026 15:37, fashion ,0,refund_req_303310,"1.288,22",approve,wrong_size
"117,37",agent_027,buyer_0459,0,,purchase_102202,15.04.2026 12:51,Beauty,1,refund_req_302202,"86,98",approve,changed_mind
"253,82",agent_018,buyer_0865,0,68,purchase_101488,11.05.2026 01:17,sports,0,refund_req_301488,"183,54",approve,damaged_item
"40,56",agent_102,buyer_0790,0,4,purchase_103562,20.04.2026 11:00,beauty,1,refund_req_303562,"27,44",approve,allergic_reaction
"88,55",agent_007,buyer_9006,0,47,purchase_104271,12.05.2026 09:47,beauty,0,refund_req_304271,"72,82",approve,changed_mind
"175,69",agent_030,buyer_1618,0,94,purchase_102761,16.06.2026 02:34,fashion,1,refund_req_302761,"114,47",reject,item_not_as_described
"1.237,13",agent_018,buyer_0034,0,49,purchase_102706,13.04.2026 20:32,appliances,0,refund_req_302706,"557,95",approve,damaged_item
"32,78",agent_103,buyer_1728,0,2,purchase_103725,01.06.2026 09:57,books,0,refund_req_303725,"22,87",approve,wrong_item_received
"93,06",agent_016,buyer_1364,0,44,purchase_102206,24.05.2026 12:37,clothing,1,refund_req_302206,"68,75",approve,item_not_as_described
"2.151,67",agent_803,buyer_8003,0,16,purchase_104650,03.05.2026 21:01,electronics,1,refund_req_304650,"1.451,04",approve,missing_accessory
"116,14",agent_018,buyer_0063,0,73,purchase_101716,16.06.2026 14:13,fashion,0,refund_req_301716,"39,67",approve,
"1.193,07",agent_018,buyer_0418,0,72,purchase_100760,17.06.2026 13:35,home,1,refund_req_300760,"1.010,51",reject,missing_part
"2.963,61",agent_024,buyer_0509,1,17,purchase_103902,31.05.2026 20:20,luxury,0,refund_req_303902,"2.762,36",approve,item_not_as_described
"301,44",agent_008,buyer_0326,0,39,purchase_102196,27.05.2026 04:22,sports,1,refund_req_302196,"211,44",approve,
"521,72",agent_802,buyer_8002,0,19,purchase_104619,27.05.2026 05:01,fashion,1,refund_req_304619,"464,60",approve,wrong_size
"9,07",agent_008,buyer_1241,0,64,purchase_100408,08.04.2026 20:19,books,0,refund_req_300408,"7,24",approve,wrong_item_received
"428,31",agent_101,buyer_0283,1,5,purchase_103542,20.06.2026 07:16,sports,1,refund_req_303542,"332,74",approve,wrong_size
"2.073,98",agent_029,buyer_0356,1,19,purchase_103832,09.04.2026 20:56,luxury,0,refund_req_303832,"1.559,73",approve,damaged_item
"484,01",agent_014,buyer_0031,0,64,purchase_102101,27.05.2026 09:28,fashion,1,refund_req_302101,"219,03",approve,changed_mind
"68,73",agent_702,buyer_1947,0,9,purchase_104405,13.06.2026 16:08,fashion,1,refund_req_304405,"44,45",approve,wrong_size
"293,58",agent_101,buyer_0986,0,4,purchase_103678,25.04.2026 11:27,sports,0,refund_req_303678,"247,16",approve,damaged_item
"1.015,64",agent_102,buyer_1663,0,,purchase_103762,09.06.2026 04:47,electronics,0,refund_req_303762,"622,15",approve,missing_accessory
"328,49",agent_803,buyer_8003,0,26,purchase_104617,22.05.2026 03:06,electronics,1,refund_req_304617,"317,88",approve,damaged_item
"599,41",agent_012,buyer_0606,0,84,purchase_100519,14.06.2026 08:49,home,,refund_req_300519,"126,09",approve,  missing_part  
"284,89",agent_014,buyer_1098,0,,purchase_101674,08.06.2026 09:59,fashion,1,refund_req_301674,"222,46",approve,item_not_as_described
"1.096,76",agent_030,buyer_0816,0,34,purchase_101933,10.05.2026 18:53,clothing,1,refund_req_301933,"556,40",approve,wrong_size
"1.175,38",agent_017,buyer_0260,1,26,purchase_103833,18.06.2026 00:02,luxury,0,refund_req_303833,"816,93",approve,changed_mind
"945,93",agent_029,buyer_0166,0,79,purchase_102528,23.04.2026 15:05,books,1,refund_req_302528,"375,84",approve,wrong_item_received
"1.271,53",agent_027,buyer_0372,0,81,purchase_101115,20.05.2026 21:54,home,1,refund_req_301115,"856,55",approve,missing_part
"98,38",agent_004,buyer_0506,0,48,purchase_101916,12.05.2026 14:49,sports,1,refund_req_301916,"53,14",  reject  ,item_not_as_described
"1.330,18",agent_001,buyer_1016,1,17,purchase_103855,23.04.2026 02:59,ELECTRONICS,0,refund_req_303855,"965,07",approve,  item_not_as_described  
"46,57",agent_004,buyer_0461,0,53,purchase_101764,05.05.2026 19:46,books,1,refund_req_301764,"11,70",approve,changed_mind
"419,57",agent_002,buyer_1039,0,84,purchase_101339,12.04.2026 20:20,LUXURY,,refund_req_301339,"247,33",approve,item_not_as_described
"1.773,47",agent_027,buyer_1229,1,24,purchase_103805,25.05.2026 19:42,appliances,0,refund_req_303805,"1.238,98",approve,missing_part
"14,34",agent_030,buyer_0661,0,54,purchase_102425,03.04.2026 23:55,books,0,refund_req_302425,"10,72",reject,wrong_item_received
"305,07",agent_019,buyer_1880,0,49,purchase_100416,17.06.2026 05:55,appliances,1,refund_req_300416,"125,40",approve, missing_part 
"92,58",agent_701,buyer_0714,1,8,purchase_104440,22.05.2026 05:06,home,1,refund_req_304440,"54,55",approve,damaged_item
"1.074,57",agent_010,buyer_1253,0,74,purchase_102571,26.04.2026 07:24,sports,1,refund_req_302571,"547,12",approve,wrong_size
"81,69",agent_802,buyer_8002,0,5,purchase_104724,03.06.2026 07:20,sports,0,refund_req_304724,"72,17",Approve,wrong_size
"103,39",agent_702,buyer_1889,0,15,purchase_104525,19.04.2026 02:46,clothing,0,refund_req_304525,"99,92",approve,item_not_as_described
"64,89",agent_008,buyer_0034,0,59,purchase_100871,11.04.2026 20:05,clothing,1,refund_req_300871,"14,18",approve,
"877,10",agent_017,buyer_1937,0,48,purchase_100522,11.06.2026 10:17,electronics,,refund_req_300522,"204,82",approve,not_working
"237,74",agent_801,buyer_8001,0,18,purchase_104708,15.06.2026 00:17,sports,0,refund_req_304708,"209,64",approve,damaged_item
"563,13",agent_010,buyer_0338,0,55,purchase_100138,27.04.2026 05:40,home,,refund_req_300138,"195,16",reject,missing_part
"446,99",agent_020,buyer_1153,0,64,purchase_100451,01.04.2026 12:02,home,0,refund_req_300451,"234,01", reject ,damaged_item
"187,92",agent_002,buyer_9007,0,12,purchase_104232,08.05.2026 15:31,home,1,refund_req_304232,"162,22",approve,damaged_item
"372,99",agent_006,buyer_1278,0,73,purchase_101873,27.05.2026 08:40,sports,0,refund_req_301873,"287,95",reject,damaged_item
"34,88",agent_802,buyer_8002,0,26,purchase_104718,10.05.2026 03:03,beauty,0,refund_req_304718,"31,27",approve,changed_mind
"55,69",agent_008,buyer_1650,0,43,purchase_100634,08.05.2026 06:45,books,0,refund_req_300634,"37,01",reject,changed_mind
"250,04",agent_014,buyer_0720,0,42,purchase_102873,24.05.2026 12:58,appliances,0,refund_req_302873,"86,03",approve,damaged_item
"2.250,16",agent_012,buyer_0504,0,53,purchase_101234,16.04.2026 20:51,luxury,1,refund_req_301234,"1.813,89",approve,changed_mind
"1.276,15",agent_006,buyer_1181,0,35,purchase_103470,21.05.2026 22:04,fashion,1,refund_req_303470,"1.276,15",approve,
"513,88",agent_008,buyer_0063,1,73,purchase_101991,27.05.2026 05:46,fashion,1,refund_req_301991,"195,63",approve,
"1.810,82",agent_005,buyer_1262,1,14,purchase_104062,08.06.2026 08:18,electronics,0,refund_req_304062,"1.724,65",approve,damaged_item
"145,82",agent_002,buyer_0792,0,70,purchase_101509,13.05.2026 15:50,beauty,0,refund_req_301509,"50,92",reject,allergic_reaction
"487,47",agent_021,buyer_0824,0,106,purchase_101148,12.05.2026 04:50,  home  ,1,refund_req_301148,"145,24",approve,item_not_as_described
"8,76",agent_030,buyer_1540,0,66,purchase_100015,17.04.2026 19:54,Books,1,refund_req_300015,"5,29",approve,changed_mind
"2.947,58",agent_019,buyer_0583,0,63,purchase_102551,31.05.2026 07:20,luxury,0,refund_req_302551,"2.217,39",reject,changed_mind
"529,22",agent_030,buyer_0965,0,43,purchase_100166,07.06.2026 23:14,fashion,0,refund_req_300166,"389,85",reject,item_not_as_described
"1.273,11",agent_012,buyer_0652,0,35,purchase_103408,02.05.2026 18:42,fashion,1,refund_req_303408,"1.273,11",approve,item_not_as_described
"601,11",agent_016,buyer_1333,0,52,purchase_102041,09.06.2026 00:23,luxury,0,refund_req_302041,"196,15",reject,damaged_item
"1.114,03",agent_024,buyer_0217,0,46,purchase_100411,10.06.2026 21:42,appliances,1,refund_req_300411,"711,22",Approve,not_working
"54,95",agent_013,buyer_1169,0,74,purchase_100568,23.04.2026 04:59,books,,refund_req_300568,"39,86",approve,damaged_item
"1.849,20",agent_008,buyer_9003,0,35,purchase_104116,06.05.2026 22:18,  luxury  ,0,refund_req_304116,"930,67",approve,changed_mind
"133,35",agent_025,buyer_1050,0,,purchase_101988,08.06.2026 22:32,CLOTHING,0,refund_req_301988,"52,34",approve,wrong_size
"1.156,86",agent_101,buyer_0834,1,18,purchase_103999,01.06.2026 06:09,electronics,1,refund_req_303999,"1.031,52",approve,  not_working  
"2.997,03",agent_021,buyer_1975,0,53,purchase_100088,11.04.2026 18:59,luxury,1,refund_req_300088,"2.250,00",approve,
"523,37",agent_025,buyer_1654,0,34,purchase_101394,24.04.2026 15:38,fashion,1,refund_req_301394,"228,87",approve,  wrong_size  
"215,59",agent_014,buyer_0801,0,49,purchase_101649,06.06.2026 13:13,sports,0,refund_req_301649,"90,31",reject,wrong_size
"377,81",agent_005,buyer_1189,0,40,purchase_102534,11.05.2026 08:37,sports,1,refund_req_302534,"117,30",approve,
"175,47",agent_014,buyer_1008,0,74,purchase_100244,24.05.2026 07:55,beauty,1,refund_req_300244,"51,33",approve,allergic_reaction
"557,23",agent_008,buyer_1306,0,41,purchase_101438,09.05.2026 16:03,Home,0,refund_req_301438,"400,73",reject,damaged_item
"1.205,98",agent_020,buyer_0368,0,74,purchase_101895,01.05.2026 03:09,Appliances,1,refund_req_301895,"663,40",approve,missing_part
"872,58",agent_023,buyer_0361,0,52,purchase_102645,20.04.2026 08:53,appliances,1,refund_req_302645,"410,47",approve,
"1.300,65",agent_015,buyer_0919,1,18,purchase_103983,21.04.2026 03:42,electronics,0,refund_req_303983,"855,01",approve,item_not_as_described
"440,33",agent_007,buyer_1408,0,,purchase_100854,02.06.2026 22:47,home,0,refund_req_300854,"363,37",approve,item_not_as_described
"68,62",agent_006,buyer_0805,0,74,purchase_100149,10.05.2026 00:12,books,1,refund_req_300149,"27,07",approve,changed_mind
"1.254,75",agent_002,buyer_1355,0,57,purchase_103341,04.04.2026 22:31,luxury,1,refund_req_303341,"1.254,75",approve,damaged_item
"1.980,81",agent_025,buyer_1724,0,22,purchase_103295,10.05.2026 08:34,electronics,0,refund_req_303295,"1.980,81",approve,missing_accessory
"2.442,61",agent_022,buyer_0420,1,32,purchase_103850,13.06.2026 15:46,luxury,0,refund_req_303850,"1.752,75",approve,item_not_as_described
"74,20",agent_018,buyer_0097,1,44,purchase_100621,14.05.2026 22:41,beauty,1,refund_req_300621,"27,42",reject,changed_mind
"249,10",agent_021,buyer_0688,0,114,purchase_100528,27.05.2026 23:37,fashion,1,refund_req_300528,"154,43",approve,item_not_as_described
"979,51",agent_011,buyer_0598,0,45,purchase_103007,16.05.2026 13:47,luxury,0,refund_req_303007,"853,38",Approve,damaged_item
"70,76",agent_020,buyer_1372,0,53,purchase_100623,11.06.2026 09:25,fashion,0,refund_req_300623,"57,67",reject,wrong_size
"1.238,94",agent_024,buyer_1209,1,22,purchase_104031,28.04.2026 15:51,appliances,,refund_req_304031,"1.006,09",approve,not_working
"1.240,48",agent_006,buyer_0192,1,12,purchase_103996,21.04.2026 04:07,electronics,1,refund_req_303996,"891,04",approve,not_working
"1.050,25",agent_029,buyer_9008,0,20,purchase_104297,12.05.2026 00:31,electronics,1,refund_req_304297,"980,49",approve,missing_accessory
"1.229,66",agent_005,buyer_1530,0,48,purchase_101423,07.06.2026 15:27,appliances,1,refund_req_301423,"657,81",reject,damaged_item
"38,07",agent_019,buyer_0958,0,82,purchase_101949,08.06.2026 22:41,books,1,refund_req_301949,"28,83",approve,damaged_item
"2.165,50",agent_902,buyer_9906,1,5,purchase_104843,23.04.2026 22:36,electronics,0,refund_req_304843,"1.891,47",approve,missing_accessory
"1.382,69",agent_009,buyer_0093,1,17,purchase_103107,25.05.2026 18:28, luxury ,0,refund_req_303107,"1.021,50",approve,changed_mind
"862,51",agent_025,buyer_1325,0,51,purchase_100126,22.05.2026 23:00,electronics,0,refund_req_300126,"610,27",reject,not_working
"250,48",agent_027,buyer_0707,0,42,purchase_101166,03.06.2026 19:44,  sports  ,1,refund_req_301166,"156,71",reject,wrong_size
"50,22",agent_014,buyer_1650,0,63,purchase_102326,26.05.2026 07:47,books,1,refund_req_302326,"26,11",approve,changed_mind
"140,11",agent_023,buyer_1547,0,55,purchase_102232,22.05.2026 21:01,clothing,1,refund_req_302232,"96,33",reject,changed_mind
"62,30",agent_022,buyer_0272,0,88,purchase_100460,16.06.2026 10:58,fashion,1,refund_req_300460,"28,16",reject,changed_mind
"47,55",agent_009,buyer_1914,0,72,purchase_102930,01.06.2026 10:47,fashion,0,refund_req_302930,"13,39",reject,changed_mind
"1.863,01",agent_902,buyer_9906,1,9,purchase_104819,06.04.2026 04:23,electronics,0,refund_req_304819,"1.675,44",approve,not_working
"174,77",agent_006,buyer_1313,0,58,purchase_102059,05.05.2026 15:15,clothing,0,refund_req_302059,"141,06",reject,item_not_as_described
"1.393,98",agent_027,buyer_1193,0,45,purchase_102354,15.05.2026 15:11,  electronics  ,0,refund_req_302354,"1.092,09",approve,damaged_item
"225,89",agent_017,buyer_0213,0,,purchase_102481,21.04.2026 18:44,clothing,1,refund_req_302481,"170,70",approve,changed_mind
"57,79",agent_007,buyer_0245,0,69,purchase_101582,21.05.2026 13:32,Fashion,0,refund_req_301582,"20,87",reject,changed_mind
"2.488,52",agent_027,buyer_0329,0,75,purchase_101089,25.04.2026 16:29,luxury,0,refund_req_301089,"2.035,84",approve,damaged_item
"1.271,90",agent_803,buyer_8003,0,22,purchase_104719,06.04.2026 18:38,sports,1,refund_req_304719,"853,83",approve,wrong_size
"416,30",agent_005,buyer_0330,0,110,purchase_100340,31.05.2026 06:00,fashion,1,refund_req_300340,"151,65",approve,item_not_as_described
"110,68",agent_022,buyer_1132,0,86,purchase_101288,26.04.2026 08:29,fashion,0,refund_req_301288,"39,03",reject,
"78,64",agent_029,buyer_0199,0,65,purchase_101777,18.06.2026 02:57,clothing,0,refund_req_301777,"38,51",reject,wrong_size
"1.838,20",agent_023,buyer_0407,0,94,purchase_102947,10.04.2026 01:57,electronics,1,refund_req_302947,"573,74",approve,damaged_item
"1.264,66",agent_703,buyer_0757,0,11,purchase_104352,06.06.2026 05:58,sports,0,refund_req_304352,"935,15",approve,wrong_size
"1.093,36",agent_008,buyer_1669,0,,purchase_101266,15.06.2026 18:15,beauty,1,refund_req_301266,"451,89",approve,changed_mind
"2.453,25",agent_103,buyer_0845,1,7,purchase_103811,30.04.2026 20:18,luxury,0,refund_req_303811,"1.754,93",approve,changed_mind
"570,02",agent_101,buyer_0475,0,2,purchase_103708,07.05.2026 05:16,home,0,refund_req_303708,"421,91",approve,damaged_item
"168,56",agent_102,buyer_0029,1,4,purchase_103549,24.05.2026 02:12,fashion,1,refund_req_303549,"126,24",approve,  item_not_as_described  
"339,59",agent_021,buyer_1562,0,95,purchase_102919,09.04.2026 21:04,sports,1,refund_req_302919,"68,02",  approve  ,wrong_size
"79,10",agent_025,buyer_9002,0,8,purchase_104307,30.04.2026 18:24,beauty,1,refund_req_304307,"57,52",approve,damaged_item
"369,44",agent_101,buyer_1665,0,2,purchase_103782,15.04.2026 06:34,sports,1,refund_req_303782,"223,55",approve,wrong_size
"213,01",agent_023,buyer_0162,0,109,purchase_100156,05.05.2026 12:41,sports,1,refund_req_300156,"78,11",approve,item_not_as_described
"1.448,25",agent_019,buyer_0429,1,11,purchase_103927,26.04.2026 13:55,luxury,1,refund_req_303927,"1.331,60",approve,changed_mind
"132,92",agent_028,buyer_1554,0,24,purchase_102602,08.05.2026 13:57,clothing,1,refund_req_302602,"85,60",approve,changed_mind
"930,73",agent_026,buyer_1806,0,37,purchase_103272,15.05.2026 05:20,fashion,0,refund_req_303272,"930,73",approve,wrong_size
"1.067,58",agent_028,buyer_0784,0,12,purchase_103335,08.04.2026 14:14,luxury,0,refund_req_303335,"1.067,58",approve,  damaged_item  
"1.504,88",agent_014,buyer_0103,0,64,purchase_101494,02.06.2026 23:07,luxury,0,refund_req_301494,"459,27",reject,changed_mind
"1.520,97",agent_022,buyer_0106,0,54,purchase_102370,20.05.2026 08:51,electronics,0,refund_req_302370,"529,93",approve,missing_accessory
"1.835,78",agent_008,buyer_0433,1,10,purchase_103966,05.04.2026 02:32,luxury,0,refund_req_303966,"1.587,49",approve,damaged_item
"50,65",agent_007,buyer_1635,0,66,purchase_101233,25.04.2026 06:06,books,1,refund_req_301233,"13,99",approve,
"15,22",agent_016,buyer_1776,1,71,purchase_100427,07.06.2026 18:24,books,0,refund_req_300427,"5,01",reject,changed_mind
"629,12",agent_005,buyer_0858,0,40,purchase_101892,08.06.2026 22:26,fashion,,refund_req_301892,"440,48",reject,wrong_size
"999,27",agent_019,buyer_1869,0,35,purchase_103350,16.05.2026 16:46,luxury,0,refund_req_303350,"999,27",  approve  ,damaged_item
"343,36",agent_014,buyer_1124,0,75,purchase_102060,19.04.2026 18:06,sports,1,refund_req_302060,"123,65",approve,wrong_size
"1.389,13",agent_702,buyer_1783,1,26,purchase_104528,17.06.2026 21:17,electronics,1,refund_req_304528,"635,91",approve,not_working
"76,73",agent_006,buyer_0194,0,81,purchase_102710,04.04.2026 12:21,beauty,0,refund_req_302710,"44,36",approve,damaged_item
"1.827,02",agent_016,buyer_0441,1,6,purchase_103986,09.04.2026 15:26,luxury,1,refund_req_303986,"1.653,65",approve,changed_mind
"63,48",agent_102,buyer_0675,0,3,purchase_103640,30.04.2026 05:52, home ,1,refund_req_303640,"59,02",approve,item_not_as_described
"938,38",agent_011,buyer_1053,0,77,purchase_100333,29.04.2026 07:23,beauty,0,refund_req_300333,"780,32",reject,
"1.993,32",agent_010,buyer_1202,0,45,purchase_103377,20.06.2026 05:53,electronics,1,refund_req_303377,"1.993,32",approve,not_working
"940,41",agent_015,buyer_1802,0,78,purchase_101900,21.04.2026 02:02,electronics,0,refund_req_301900,"572,63",approve,
"337,87",agent_018,buyer_0318,0,59,purchase_102090,05.04.2026 08:02,home,0,refund_req_302090,"171,02",reject,missing_part
"1.888,92",agent_015,buyer_1318,1,62,purchase_102220,11.05.2026 09:44,electronics,1,refund_req_302220,"1.286,95",reject,damaged_item
"1.266,09",agent_703,buyer_1207,0,12,purchase_104469,17.04.2026 20:08,luxury,1,refund_req_304469,"824,10",approve,damaged_item
"391,84",agent_002,buyer_0512,1,84,purchase_102864,23.05.2026 20:46,home,1,refund_req_302864,"101,98",reject, item_not_as_described 
"64,88",agent_019,buyer_0854,0,70,purchase_101586,16.04.2026 11:01,BEAUTY,1,refund_req_301586,"38,47",approve,
"2.170,95",agent_013,buyer_0153,1,16,purchase_103920,06.06.2026 13:11,luxury,0,refund_req_303920,"1.610,95",approve,item_not_as_described
"255,04",agent_102,buyer_1005,0,5,purchase_103696,05.05.2026 20:11, home ,0,refund_req_303696,"207,85",approve, missing_part 
"1.198,36",agent_007,buyer_1208,0,55,purchase_101189,21.05.2026 15:15,electronics,1,refund_req_301189,"622,49",approve,missing_accessory
"518,48",agent_011,buyer_1304,0,57,purchase_101860,27.05.2026 00:18,fashion,0,refund_req_301860,"351,48",approve,item_not_as_described
"1.530,33",agent_011,buyer_1271,1,16,purchase_103846,21.05.2026 03:18,appliances,0,refund_req_303846,"1.343,81",approve,missing_part
"1.141,11",agent_702,buyer_0931,0,31,purchase_104426,16.06.2026 17:56,clothing,0,refund_req_304426,"573,77",APPROVE,wrong_size
"46,86",agent_005,buyer_0782,0,70,purchase_102901,05.04.2026 15:15, clothing ,,refund_req_302901,"12,08",Approve,wrong_size
"1.068,02",agent_001,buyer_0308,0,32,purchase_103252,25.05.2026 00:03,fashion,1,refund_req_303252,"1.068,02",approve,wrong_size
"2.059,65",agent_023,buyer_1639,0,28,purchase_103046,03.05.2026 20:47,electronics,,refund_req_303046,"1.746,08",approve,missing_accessory
"751,69",agent_030,buyer_0457,1,50,purchase_100351,27.05.2026 13:39, appliances ,1,refund_req_300351,"574,30",approve,missing_part
"1.490,65",agent_012,buyer_0406,0,65,purchase_103411,14.05.2026 02:05,electronics,0,refund_req_303411,"1.490,65",approve,missing_accessory
"227,37",agent_023,buyer_1935,0,82,purchase_102749,14.06.2026 06:19,home,,refund_req_302749,"109,35",approve,item_not_as_described
"164,04",agent_027,buyer_0285,0,56,purchase_100472,21.05.2026 05:00,beauty,1,refund_req_300472,"100,64",approve,allergic_reaction
"57,09",agent_021,buyer_0849,0,91,purchase_100221,30.05.2026 00:39,sports,0,refund_req_300221,"40,90",reject,item_not_as_described
"118,08",agent_030,buyer_1464,0,46,purchase_101578,02.05.2026 20:43,sports,1,refund_req_301578,"33,69",approve,wrong_size
"216,59",agent_701,buyer_0529,1,9,purchase_104392,02.06.2026 16:53,clothing,1,refund_req_304392,"151,32",approve,item_not_as_described
"1.442,33",agent_011,buyer_1957,0,35,purchase_103378,05.04.2026 05:46,luxury,0,refund_req_303378,"1.442,33",approve,damaged_item
"1.826,49",agent_027,buyer_1442,0,57,purchase_103453,28.05.2026 06:00,electronics,0,refund_req_303453,"1.826,49",approve,item_not_as_described
"352,65",agent_801,buyer_8001,0,15,purchase_104570,05.06.2026 03:14,SPORTS,0,refund_req_304570,"263,72",approve,wrong_size
"267,41",agent_020,buyer_0454,1,,purchase_102732,05.06.2026 18:42,fashion,0,refund_req_302732,"200,37", approve ,  changed_mind  
"407,35",agent_803,buyer_8003,0,8,purchase_104734,22.04.2026 20:54,fashion,1,refund_req_304734,"275,92", approve ,wrong_size
"197,07",agent_010,buyer_1499,0,69,purchase_102778,03.06.2026 16:43,clothing,1,refund_req_302778,"155,10",approve,changed_mind
"1.777,67",agent_101,buyer_0785,0,4,purchase_103597,06.05.2026 12:27,appliances,0,refund_req_303597,"1.608,30",approve,  not_working  
"20,30",agent_014,buyer_0671,0,78,purchase_102149,05.06.2026 13:34,  books  ,1,refund_req_302149,"8,94",approve,wrong_item_received
"301,85",agent_029,buyer_0990,0,77,purchase_102017,07.04.2026 14:46,sports,0,refund_req_302017,"198,02",reject,item_not_as_described
"177,39",agent_013,buyer_1837,0,91,purchase_102062,17.04.2026 20:57, Clothing ,,refund_req_302062,"115,57",approve,changed_mind
"264,57",agent_029,buyer_0599,0,79,purchase_100525,29.05.2026 10:58,fashion,,refund_req_300525,"168,70",reject,wrong_size
"1.200,80",agent_703,buyer_0966,0,29,purchase_104436,18.06.2026 19:47,fashion,0,refund_req_304436,"501,78",approve,wrong_size
"1.296,81",agent_002,buyer_1364,0,107,purchase_102739,11.06.2026 19:54,sports,1,refund_req_302739,"439,07",Reject, damaged_item 
"1.280,72",agent_026,buyer_0901,1,30,purchase_104057,09.04.2026 21:46,luxury,0,refund_req_304057,"1.014,63",approve,damaged_item
"141,34",agent_019,buyer_1118,0,43,purchase_100413,05.04.2026 17:42,beauty,0,refund_req_300413,"113,35",approve,damaged_item
"983,07",agent_026,buyer_0320,0,60,purchase_102166,20.04.2026 01:41,beauty,0,refund_req_302166,"798,81",reject,  changed_mind  
"233,22",agent_009,buyer_1573,0,61,purchase_101301,11.06.2026 02:28,clothing,0,refund_req_301301,"74,33",approve, wrong_size 
"523,17",agent_028,buyer_1884,0,46,purchase_102696,22.05.2026 04:52,electronics,1,refund_req_302696,"218,16",approve,damaged_item
"195,39",agent_016,buyer_1214,0,74,purchase_100765,08.04.2026 05:49,appliances,1,refund_req_300765,"104,30",approve,
"598,35",agent_013,buyer_0682,0,53,purchase_100494,02.06.2026 11:42,appliances,1,refund_req_300494,"435,79",approve,not_working
"1.485,59",agent_008,buyer_0457,1,20,purchase_103836,06.05.2026 09:54,appliances,1,refund_req_303836,"1.482,42",approve,damaged_item
"1.341,40",agent_021,buyer_1722,1,56,purchase_102885,03.06.2026 16:04,luxury,0,refund_req_302885,"729,68",approve,changed_mind
"240,59",agent_013,buyer_0386,0,101,purchase_100693,23.04.2026 09:05,fashion,1,refund_req_300693,"198,55",approve,wrong_size
"66,23",agent_024,buyer_1548,0,49,purchase_100992,25.04.2026 17:18,beauty,1,refund_req_300992,"29,58",approve,changed_mind
"354,22",agent_020,buyer_1656,0,51,purchase_100044,06.05.2026 23:23,sports,0,refund_req_300044,"177,88",reject,damaged_item
"49,46",agent_001,buyer_0928,0,51,purchase_101842,23.05.2026 08:44,books,1,refund_req_301842,"27,45", approve ,changed_mind
"1.187,88",agent_030,buyer_0095,0,61,purchase_102013,25.04.2026 19:32,luxury,1,refund_req_302013,"562,43",approve,changed_mind
"128,37",agent_002,buyer_0210,0,115,purchase_101367,09.04.2026 17:52,clothing,1,refund_req_301367,"83,58",approve,changed_mind
"170,80",agent_101,buyer_0894,0,5,purchase_103692,25.05.2026 00:33,clothing,0,refund_req_303692,"157,62",approve,item_not_as_described
"1.422,05",agent_701,buyer_1915,0,23,purchase_104512,12.06.2026 18:22,appliances,,refund_req_304512,"714,81",approve,missing_part
"75,30",agent_012,buyer_0157,0,64,purchase_100803,07.06.2026 19:25,sports,0,refund_req_300803,"60,25",reject,item_not_as_described
"24,74",agent_011,buyer_0043,0,72,purchase_102270,07.06.2026 05:12,books,,refund_req_302270,"18,15",approve,wrong_item_received
"1.261,84",agent_019,buyer_1330,0,55,purchase_102892,19.04.2026 01:03,Electronics,1,refund_req_302892,"721,33",reject,item_not_as_described
"45,17",agent_026,buyer_1763,0,55,purchase_100467,16.05.2026 04:37,books,1,refund_req_300467,"9,92",approve,damaged_item
"124,12",agent_017,buyer_1332,0,88,purchase_100750,10.05.2026 07:28,clothing,1,refund_req_300750,"36,81",reject,
"1.562,90",agent_701,buyer_0369,0,25,purchase_104320,24.04.2026 12:17,appliances,0,refund_req_304320,"1.096,10",approve,damaged_item
"14,75",agent_004,buyer_0080,0,98,purchase_101273,14.04.2026 17:07,books,0,refund_req_301273,"3,33",approve,wrong_item_received
"1.857,79",agent_026,buyer_1306,1,44,purchase_103105,21.04.2026 14:16,electronics,0,refund_req_303105,"1.450,08",approve,damaged_item
"173,80",agent_029,buyer_0275,0,46,purchase_101590,08.06.2026 16:03,beauty,0,refund_req_301590,"66,59",approve,damaged_item
"425,01",agent_028,buyer_9007,0,58,purchase_104088,03.04.2026 23:23,fashion,0,refund_req_304088,"337,57",approve,item_not_as_described
"1.095,28",agent_002,buyer_0521,0,56,purchase_103367,09.05.2026 23:32,luxury,0,refund_req_303367,"1.095,28",approve,damaged_item
"1.055,01",agent_801,buyer_8001,0,17,purchase_104750,28.05.2026 06:53,electronics,0,refund_req_304750,"818,84",approve,item_not_as_described
"511,73",agent_012,buyer_1428,0,48,purchase_102701,24.04.2026 19:30,fashion,1,refund_req_302701,"358,73",approve,wrong_size
"249,41",agent_027,buyer_0912,0,79,purchase_100471,08.04.2026 11:05,clothing,0,refund_req_300471,"61,17",approve,changed_mind
"307,60",agent_018,buyer_0261,0,40,purchase_100027,09.05.2026 17:47,sports,1,refund_req_300027,"137,33",reject, item_not_as_described 
"795,16",agent_013,buyer_0574,0,60,purchase_102395,12.04.2026 05:48,electronics,0,refund_req_302395,"652,20",reject,item_not_as_described
"1.268,87",agent_002,buyer_1898,0,58,purchase_100317,03.06.2026 08:08,appliances,0,refund_req_300317,"355,40",reject,missing_part
"1.027,10",agent_902,buyer_9906,1,2,purchase_104935,27.04.2026 08:20,appliances,0,refund_req_304935,"963,96",approve,not_working
"1.283,43",agent_030,buyer_0514,0,23,purchase_103316,21.06.2026 00:01,fashion,1,refund_req_303316,"1.283,43",approve,changed_mind
"18,78",agent_024,buyer_0422,0,62,purchase_102651,05.04.2026 00:49,beauty,0,refund_req_302651,"14,59",approve,damaged_item
"79,00",agent_026,buyer_1664,0,85,purchase_100754,28.04.2026 06:28,fashion,0,refund_req_300754,"58,79",approve,item_not_as_described
"11,28",agent_020,buyer_1753,0,59,purchase_100822,13.06.2026 05:25,books,1,refund_req_300822,"7,48",reject,changed_mind
"63,47",agent_025,buyer_0706,0,65,purchase_102239,23.04.2026 00:28,clothing,1,refund_req_302239,"51,97",APPROVE,item_not_as_described
"22,33",agent_013,buyer_1763,1,57,purchase_100377,20.05.2026 03:49,books,,refund_req_300377,"18,64",approve,changed_mind
"2.198,37",agent_702,buyer_0493,0,,purchase_104486,04.05.2026 04:55,electronics,0,refund_req_304486,"1.304,08",approve,item_not_as_described
"1.746,61",agent_006,buyer_0432,0,66,purchase_101467,02.04.2026 10:17,appliances,1,refund_req_301467,"1.109,67",approve,not_working
"579,18",agent_019,buyer_0056,0,70,purchase_102004,11.05.2026 17:18,FASHION,1,refund_req_302004,"201,67",approve,wrong_size
"239,00",agent_012,buyer_1057,0,74,purchase_102250,10.06.2026 12:13,sports,0,refund_req_302250,"100,89",approve,wrong_size
"2.200,27",agent_103,buyer_0169,0,4,purchase_103529,28.05.2026 14:12,luxury,0,refund_req_303529,"1.126,58",approve,item_not_as_described
"1.211,64",agent_011,buyer_0270,0,57,purchase_102452,18.06.2026 03:11,beauty,1,refund_req_302452,"603,19",reject,damaged_item
"135,43",agent_026,buyer_0620,0,50,purchase_102644,17.06.2026 07:24,beauty,0,refund_req_302644,"47,62",reject,damaged_item
"1.076,26",agent_801,buyer_8001,0,21,purchase_104588,24.04.2026 07:05,fashion,0,refund_req_304588,"802,00",approve,
"205,75",agent_103,buyer_0496,0,4,purchase_103623,10.06.2026 04:25,sports,1,refund_req_303623,"193,90",approve,item_not_as_described
"2.693,84",agent_018,buyer_1506,1,14,purchase_103817,02.04.2026 06:04,luxury,0,refund_req_303817,"1.873,84",Approve,changed_mind
"107,49",agent_015,buyer_0235,0,71,purchase_102636,22.04.2026 07:32,clothing,0,refund_req_302636,"83,69",reject,item_not_as_described
"726,63",agent_018,buyer_0110,0,72,purchase_102019,08.05.2026 16:59,luxury,0,refund_req_302019,"447,04", approve ,changed_mind
"90,39",agent_703,buyer_1941,0,4,purchase_104358,15.06.2026 19:54,beauty,1,refund_req_304358,"64,38",approve,changed_mind
"1.411,75",agent_026,buyer_1313,0,82,purchase_100586,18.04.2026 04:16,luxury,1,refund_req_300586,"858,90",approve,item_not_as_described
"36,03",agent_009,buyer_1950,0,83,purchase_100267,04.04.2026 22:43,books,1,refund_req_300267,"28,00",approve,wrong_item_received
"1.745,17",agent_001,buyer_0116,0,20,purchase_103169,02.05.2026 17:13,appliances,0,refund_req_303169,"1.432,38",approve,not_working
"1.828,93",agent_007,buyer_1961,0,76,purchase_100154,12.05.2026 00:22,luxury,0,refund_req_300154,"633,11",reject,changed_mind
"50,72",agent_016,buyer_1362,0,96,purchase_101822,08.05.2026 10:29,beauty,1,refund_req_301822,"26,19",approve,allergic_reaction
"56,09",agent_016,buyer_1372,0,104,purchase_101004,02.04.2026 04:50,books,0,refund_req_301004,"19,30",reject,  damaged_item  
"1.788,71",agent_025,buyer_1345,0,23,purchase_103472,20.04.2026 19:53,luxury,0,refund_req_303472,"1.788,71",approve,item_not_as_described
"73,93",agent_007,buyer_0122,0,48,purchase_102743,25.05.2026 13:08,beauty,1,refund_req_302743,"56,82",approve,  changed_mind  
"960,28",agent_901,buyer_9902,1,6,purchase_104760,18.06.2026 00:38,luxury,0,refund_req_304760,"883,53",approve,item_not_as_described
"149,63",agent_014,buyer_9004,0,18,purchase_104285,03.06.2026 02:20,fashion,,refund_req_304285,"117,64",approve,wrong_size
"454,32",agent_017,buyer_1119,0,36,purchase_102847,12.04.2026 11:41,fashion,1,refund_req_302847,"380,12",approve,item_not_as_described
"127,61",agent_029,buyer_0874,0,63,purchase_101290,09.04.2026 10:36,home,1,refund_req_301290,"33,62",reject,item_not_as_described
"306,10",agent_005,buyer_1052,0,91,purchase_102241,08.04.2026 00:23,home,1,refund_req_302241,"164,40",approve,missing_part
"1.797,88",agent_013,buyer_1031,0,33,purchase_103181,09.05.2026 16:08,APPLIANCES,0,refund_req_303181,"1.094,91",approve,not_working
"130,54",agent_008,buyer_1266,0,44,purchase_100592,22.05.2026 07:26,sports,1,refund_req_300592,"75,57",approve,damaged_item
"166,01",agent_802,buyer_8002,0,14,purchase_104706,27.05.2026 07:58,beauty,1,refund_req_304706,"113,63",approve,changed_mind
"1.989,80",agent_703,buyer_0481,1,8,purchase_104433,15.04.2026 15:22,luxury,0,refund_req_304433,"1.464,87",approve,item_not_as_described
"1.027,82",agent_017,buyer_9004,0,10,purchase_104197,22.05.2026 10:37,home,0,refund_req_304197,"886,12",approve,missing_part
"916,75",agent_001,buyer_0542,0,34,purchase_100079,01.05.2026 00:05,appliances,1,refund_req_300079,"584,28",approve,missing_part
"1.251,96",agent_003,buyer_0721,0,35,purchase_102807,19.04.2026 21:54,sports,0,refund_req_302807,"428,14",reject,wrong_size
"83,25",agent_007,buyer_1377,0,66,purchase_102351,14.06.2026 00:14,books,1,refund_req_302351,"50,20",approve,wrong_item_received
"238,09",agent_803,buyer_8003,1,10,purchase_104752,02.06.2026 17:34, sports ,1,refund_req_304752,"217,84",approve,item_not_as_described
"1.087,49",agent_027,buyer_0598,1,5,purchase_104022,09.05.2026 15:18,appliances,1,refund_req_304022,"768,47",approve,not_working
"1.779,72",agent_016,buyer_0075,1,21,purchase_103965,10.06.2026 13:37,appliances,0,refund_req_303965,"1.436,58",approve,damaged_item
"1.147,07",agent_026,buyer_9003,0,47,purchase_104268,08.06.2026 15:11,luxury,0,refund_req_304268,"935,06",approve,item_not_as_described
"1.929,99",agent_901,buyer_9903,1,2,purchase_104948,15.05.2026 01:47,electronics,0,refund_req_304948,"1.935,67",approve,damaged_item
"225,21",agent_101,buyer_0907,0,4,purchase_103719,08.06.2026 21:05,clothing,1,refund_req_303719,"221,55", approve ,wrong_size
"585,66",agent_010,buyer_1635,0,81,purchase_102935,09.06.2026 04:13,home,1,refund_req_302935,"248,34",  approve  ,  damaged_item  
"1.343,82",agent_009,buyer_9002,0,65,purchase_104091,14.06.2026 09:36, electronics ,1,refund_req_304091,"1.331,40",approve, damaged_item 
"86,33",agent_021,buyer_0929,0,53,purchase_100493,06.05.2026 10:07,clothing,0,refund_req_300493,"41,23",reject,  changed_mind  
"113,62",agent_703,buyer_1686,0,23,purchase_104484,04.04.2026 08:08,home,1,refund_req_304484,"85,50",approve,missing_part
"507,29",agent_009,buyer_0752,0,23,purchase_102704,05.05.2026 23:51,fashion,1,refund_req_302704,"128,66",approve,item_not_as_described
"355,45",agent_012,buyer_1563,0,67,purchase_100967,12.06.2026 11:43,appliances,0,refund_req_300967,"122,86",reject,not_working
"457,20",agent_020,buyer_1488,0,77,purchase_102625,14.04.2026 11:32,fashion,0,refund_req_302625,"383,00",reject,changed_mind
"109,54",agent_027,buyer_1309,0,76,purchase_100003,13.05.2026 00:40,sports,0,refund_req_300003,"48,53",approve,item_not_as_described
"146,90",agent_026,buyer_1511,0,76,purchase_100483,06.05.2026 17:23,sports,0,refund_req_300483,"37,26",approve,damaged_item
"1.905,53",agent_029,buyer_0320,0,31,purchase_102600,02.04.2026 19:25,electronics,0,refund_req_302600,"708,96",approve,item_not_as_described
"1.235,91",agent_701,buyer_0887,0,26,purchase_104554,28.04.2026 21:16,sports,0,refund_req_304554,"981,13",approve,damaged_item
"747,83",agent_017,buyer_0277,0,61,purchase_100414,11.06.2026 01:27,electronics,0,refund_req_300414,"295,56",approve,
"1.032,08",agent_001,buyer_0280,0,42,purchase_101650,26.04.2026 16:39,beauty,1,refund_req_301650,"591,23",approve,allergic_reaction
"23,91",agent_021,buyer_1606,0,60,purchase_100224,09.05.2026 13:25,clothing,1,refund_req_300224,"19,23",approve,changed_mind
"602,14",agent_017,buyer_0369,0,96,purchase_101332,11.04.2026 19:34,ELECTRONICS,0,refund_req_301332,"169,91",reject,not_working
"1.885,52",agent_103,buyer_0497,1,14,purchase_103903,11.05.2026 13:06,  electronics  ,0,refund_req_303903,"1.628,01",approve,not_working
"136,35",agent_027,buyer_1244,0,,purchase_101992,14.05.2026 13:13,clothing,0,refund_req_301992,"102,13",reject,
"1.420,78",agent_007,buyer_0725,1,23,purchase_103977,15.05.2026 17:28,appliances,1,refund_req_303977,"940,91",approve,damaged_item
"1.303,98",agent_001,buyer_1451,0,72,purchase_101219,25.05.2026 10:17,appliances,1,refund_req_301219,"798,87",approve,
"387,31",agent_801,buyer_8001,0,27,purchase_104690,03.06.2026 07:05,fashion,1,refund_req_304690,"250,31",approve,changed_mind
"1.759,72",agent_026,buyer_0885,0,21,purchase_103068,10.06.2026 03:37,appliances,0,refund_req_303068,"1.618,68",approve,not_working
"1.891,04",agent_902,buyer_9905,1,1,purchase_104783,07.04.2026 20:40,luxury,0,refund_req_304783,"1.715,33",approve,item_not_as_described
"62,21",agent_013,buyer_9008,0,26,purchase_104137,10.06.2026 02:19,beauty,0,refund_req_304137,"36,59",approve,allergic_reaction
"21,17",agent_009,buyer_0734,0,44,purchase_102664,09.06.2026 11:50,clothing,1,refund_req_302664,"5,66", approve ,wrong_size
"946,18",agent_003,buyer_0660,1,33,purchase_101812,28.04.2026 14:44,home,1,refund_req_301812,"439,28",approve, damaged_item 
"413,62",agent_703,buyer_1246,0,13,purchase_104496,06.05.2026 06:30,home,1,refund_req_304496,"253,77",  approve  ,missing_part
"118,43",agent_803,buyer_8003,0,6,purchase_104686,30.05.2026 20:21,fashion,1,refund_req_304686,"90,64", approve , wrong_size 
"91,43",agent_703,buyer_0327,0,17,purchase_104493,26.04.2026 03:25,home,0,refund_req_304493,"83,24",approve,damaged_item
"40,78",agent_102,buyer_1156,0,1,purchase_103554,30.05.2026 15:54,sports,1,refund_req_303554,"21,61",approve,item_not_as_described
"540,18",agent_005,buyer_0768,0,82,purchase_100713,18.04.2026 17:29,electronics,1,refund_req_300713,"239,97",reject,item_not_as_described
"430,66",agent_888,buyer_888,0,24,purchase_1040,16.06.2026 09:43,sports,0,refund_req_3040,"428,90",approve,item_not_as_described
"448,95",agent_027,buyer_1468,0,84,purchase_100745,21.05.2026 18:12,home,1,refund_req_300745,"326,28",approve, damaged_item 
"107,41",agent_013,buyer_9006,0,27,purchase_104295,19.04.2026 19:56,beauty,0,refund_req_304295,"59,51",approve,changed_mind
"1.184,81",agent_007,buyer_1674,0,,purchase_103196,14.05.2026 22:48,appliances,0,refund_req_303196,"1.030,97",approve,not_working
"769,76",agent_101,buyer_1816,0,3,purchase_103596,24.04.2026 08:14,electronics,0,refund_req_303596,"396,81",approve,damaged_item
"2.973,70",agent_901,buyer_9903,1,2,purchase_104800,12.06.2026 05:41,luxury,0,refund_req_304800,"2.961,24",approve,changed_mind
"973,49",agent_003,buyer_0732,0,,purchase_101400,05.04.2026 05:00,LUXURY,1,refund_req_301400,"538,90",approve,damaged_item
"305,63",agent_029,buyer_1692,0,27,purchase_102152,18.05.2026 10:05,home,0,refund_req_302152,"137,46",approve,damaged_item
"788,91",agent_025,buyer_1279,0,71,purchase_101369,29.05.2026 11:03, appliances ,1,refund_req_301369,"558,03",approve,missing_part
"983,87",agent_103,buyer_0032,0,,purchase_103691,12.05.2026 03:37,appliances,0,refund_req_303691,"948,62", approve ,missing_part
"1.309,27",agent_901,buyer_9902,1,7,purchase_104946,07.05.2026 17:29,  electronics  ,0,refund_req_304946,"1.307,96",approve,not_working
"46,70",agent_007,buyer_1973,0,59,purchase_102257,08.05.2026 08:22,beauty,0,refund_req_302257,"22,36",approve,allergic_reaction
"143,25",agent_022,buyer_0212,0,87,purchase_102937,20.06.2026 13:40,fashion,0,refund_req_302937,"115,05",reject,item_not_as_described
"120,37",agent_022,buyer_9008,0,29,purchase_104289,04.04.2026 07:31,beauty,1,refund_req_304289,"62,68",  approve  ,changed_mind
"2.373,83",agent_006,buyer_1382,0,41,purchase_100770,26.05.2026 00:54,luxury,1,refund_req_300770,"1.869,32",approve,item_not_as_described
"861,70",agent_024,buyer_0389,0,76,purchase_100500,11.05.2026 01:03,luxury,1,refund_req_300500,"575,47",approve,item_not_as_described
"82,95",agent_024,buyer_1250,0,37,purchase_101092,19.05.2026 16:43,fashion,0,refund_req_301092,"69,37",reject,changed_mind
"1.674,48",agent_803,buyer_8003,0,6,purchase_104587,07.04.2026 13:15,electronics,0,refund_req_304587,"1.353,85",approve,not_working
"221,50",agent_018,buyer_1882,0,62,purchase_102941,29.05.2026 20:53,fashion,1,refund_req_302941,"84,98",approve,  changed_mind  
"1.376,96",agent_004,buyer_1827,0,81,purchase_102184,21.05.2026 19:58,luxury,0,refund_req_302184,"707,55",reject,item_not_as_described
"330,51",agent_006,buyer_0449,0,54,purchase_100677,13.04.2026 08:42,sports,1,refund_req_300677,"139,11",approve,wrong_size
"1.695,69",agent_901,buyer_9901,1,6,purchase_104794,21.04.2026 16:31,electronics,0,refund_req_304794,"1.503,24",approve, missing_accessory 
"1.933,04",agent_703,buyer_1579,0,29,purchase_104490,14.06.2026 09:24,electronics,0,refund_req_304490,"1.243,63",  approve  ,missing_accessory
"521,66",agent_020,buyer_1829,0,83,purchase_101684,16.04.2026 05:32,fashion,1,refund_req_301684,"429,76",approve,item_not_as_described
"1.194,79",agent_016,buyer_1935,0,53,purchase_103466,02.06.2026 00:59,appliances,0,refund_req_303466,"1.194,79",approve,  damaged_item  
"2.053,55",agent_003,buyer_1523,0,65,purchase_100768,09.06.2026 07:49,electronics,0,refund_req_300768,"1.489,70",approve,damaged_item
"1.152,99",agent_009,buyer_0133,0,84,purchase_102946,04.06.2026 23:54,electronics,1,refund_req_302946,"921,27",approve,damaged_item
"1.170,97",agent_005,buyer_0870,0,42,purchase_103374,30.05.2026 14:10,fashion,0,refund_req_303374,"1.170,97",approve,item_not_as_described
"1.341,30",agent_023,buyer_0766,0,59,purchase_103253,18.06.2026 01:46,Appliances,0,refund_req_303253,"1.341,30",approve,
"590,79",agent_019,buyer_1769,0,85,purchase_101898,20.04.2026 06:19,  Fashion  ,0,refund_req_301898,"138,05",approve,
"407,03",agent_703,buyer_1528,0,24,purchase_104544,07.04.2026 01:29,fashion,0,refund_req_304544,"221,42",approve,
"927,82",agent_027,buyer_1523,0,9,purchase_103183,20.05.2026 04:18,luxury,0,refund_req_303183,"693,31",approve,damaged_item
"414,80",agent_009,buyer_0257,0,65,purchase_100139,12.06.2026 09:24, fashion ,1,refund_req_300139,"108,15",approve,item_not_as_described
"1.732,74",agent_027,buyer_1682,0,25,purchase_103352,18.04.2026 04:09,electronics,1,refund_req_303352,"1.732,74",approve,not_working
"31,37",agent_010,buyer_0784,0,83,purchase_101755,22.04.2026 09:54,beauty,1,refund_req_301755,"14,05",approve,changed_mind
"549,19",agent_002,buyer_0692,0,44,purchase_101884,22.05.2026 00:29,appliances,1,refund_req_301884,"198,36",approve,
"1.267,23",agent_008,buyer_0569,0,50,purchase_102606,02.04.2026 07:35,clothing,0,refund_req_302606,"1.016,36",approve,item_not_as_described
"301,79",agent_028,buyer_1564,0,45,purchase_102372,10.04.2026 17:00,fashion,1,refund_req_302372,"174,78",approve,wrong_size
"1.254,95",agent_801,buyer_8001,0,16,purchase_104561,11.05.2026 08:35,sports,0,refund_req_304561,"1.132,57",Approve,item_not_as_described
"404,57",agent_021,buyer_1206,0,112,purchase_101322,20.06.2026 16:13,sports,0,refund_req_301322,"105,50",reject,wrong_size
"1.270,16",agent_009,buyer_1437,0,71,purchase_102499,27.05.2026 09:08,clothing,0,refund_req_302499,"453,35", approve ,changed_mind
"1.341,11",agent_013,buyer_1202,0,87,purchase_101422,09.05.2026 05:57,appliances,0,refund_req_301422,"393,81",reject,not_working
"220,08",agent_017,buyer_1734,0,76,purchase_101823,07.06.2026 21:44,sports,1,refund_req_301823,"69,92",approve,damaged_item
"48,99",agent_025,buyer_1671,0,43,purchase_101101,13.04.2026 11:05,books,1,refund_req_301101,"12,63",approve,wrong_item_received
"1.229,01",agent_010,buyer_1948,0,,purchase_102640,07.05.2026 17:45,home,1,refund_req_302640,"535,29",reject,damaged_item
"1.834,34",agent_902,buyer_9905,1,9,purchase_104945,15.05.2026 10:51,  electronics  ,0,refund_req_304945,"1.919,74",approve,damaged_item
"1.663,63",agent_901,buyer_9902,1,7,purchase_104756,06.06.2026 19:01,appliances,0,refund_req_304756,"1.500,99",approve,
"51,99",agent_007,buyer_0817,0,61,purchase_101696,08.05.2026 18:47,books,,refund_req_301696,"28,42",reject,changed_mind
"116,44",agent_011,buyer_1316,0,62,purchase_102065,27.04.2026 14:31,home,1,refund_req_302065,"67,05",reject,item_not_as_described
"99,72",agent_102,buyer_0296,0,3,purchase_103758,17.05.2026 09:34,beauty,1,refund_req_303758,"59,23", approve ,allergic_reaction
"383,46",agent_016,buyer_0448,0,40,purchase_101305,06.06.2026 17:19,electronics,0,refund_req_301305,"260,60",reject,damaged_item
"374,05",agent_024,buyer_1920,0,48,purchase_100399,15.04.2026 16:03,electronics,,refund_req_300399,"191,81",approve,not_working
"1.561,83",agent_801,buyer_8001,0,9,purchase_104672,01.05.2026 07:22,electronics,0,refund_req_304672,"1.427,49",approve,damaged_item
"51,30",agent_009,buyer_1446,0,45,purchase_102813,23.05.2026 09:04,books,0,refund_req_302813,"17,27",approve,damaged_item
"39,35",agent_019,buyer_1107,0,77,purchase_101765,14.06.2026 11:06,books,1,refund_req_301765,"11,23",approve,damaged_item
"2.073,39",agent_024,buyer_0229,0,8,purchase_103013,12.06.2026 03:22,electronics,0,refund_req_303013,"1.589,75",approve,not_working
"998,00",agent_014,buyer_1272,0,15,purchase_103020,29.05.2026 20:18,Electronics,0,refund_req_303020,"713,32",approve,item_not_as_described
"414,43",agent_026,buyer_1919,0,40,purchase_101990,10.06.2026 04:52,sports,1,refund_req_301990,"221,00",approve,item_not_as_described
"1.624,56",agent_103,buyer_1824,0,2,purchase_103658,12.04.2026 11:24,appliances,0,refund_req_303658,"861,71",approve,missing_part
"1.499,64",agent_017,buyer_1621,1,23,purchase_103989,16.04.2026 17:34,ELECTRONICS,0,refund_req_303989,"1.227,48",approve,damaged_item
"85,40",agent_015,buyer_1754,0,32,purchase_101054,21.05.2026 07:28,fashion,0,refund_req_301054,"25,98",approve,item_not_as_described
"612,66",agent_001,buyer_0766,0,45,purchase_101592,03.06.2026 19:17,appliances,0,refund_req_301592,"466,43",reject,missing_part
"2.083,62",agent_103,buyer_1887,0,5,purchase_103766,09.06.2026 19:11,electronics,0,refund_req_303766,"1.091,57",approve,not_working
"1.828,33",agent_013,buyer_1395,1,7,purchase_104041,07.05.2026 11:22,LUXURY,,refund_req_304041,"1.235,58",approve,changed_mind
"480,26",agent_016,buyer_1867,0,122,purchase_100285,06.05.2026 22:27,electronics,0,refund_req_300285,"346,06",approve,missing_accessory
"1.840,73",agent_017,buyer_1806,1,14,purchase_103826,30.04.2026 09:41,electronics,1,refund_req_303826,"1.630,13",approve,missing_accessory
"241,95",agent_003,buyer_1032,0,68,purchase_101324,22.04.2026 08:55,clothing,1,refund_req_301324,"92,06",approve,changed_mind
"1.271,79",agent_030,buyer_1691,0,104,purchase_102093,07.04.2026 04:26,home,0,refund_req_302093,"493,49",approve,missing_part
"1.284,11",agent_803,buyer_8003,0,26,purchase_104611,02.06.2026 08:57,sports,0,refund_req_304611,"1.004,72",approve,wrong_size
"1.494,29",agent_017,buyer_1184,0,28,purchase_100808,18.05.2026 03:03,appliances,1,refund_req_300808,"511,89",approve,not_working
"2.923,91",agent_010,buyer_1146,0,79,purchase_102687,19.04.2026 19:37,LUXURY,1,refund_req_302687,"1.526,65",approve,damaged_item
"476,27",agent_006,buyer_0175,0,52,purchase_100626,18.04.2026 22:38,fashion,1,refund_req_300626,"223,73",approve,item_not_as_described
"1.115,53",agent_014,buyer_1586,0,74,purchase_100999,27.04.2026 03:23,appliances,1,refund_req_300999,"653,14",approve,
"309,23",agent_028,buyer_0065,0,99,purchase_100407,03.05.2026 09:40,home,0,refund_req_300407,"81,70", approve ,
"52,55",agent_010,buyer_0931,0,46,purchase_100161,13.05.2026 13:32,books,0,refund_req_300161,"27,38",reject,damaged_item
"1.780,14",agent_013,buyer_0689,0,106,purchase_100037,13.06.2026 06:37,electronics,0,refund_req_300037,"1.193,97",reject,not_working
"156,07",agent_005,buyer_0764,0,46,purchase_101912,03.05.2026 14:20,clothing,0,refund_req_301912,"80,37", reject ,wrong_size
"997,71",agent_002,buyer_1956,1,9,purchase_103938,16.06.2026 18:38,electronics,1,refund_req_303938,"879,86",approve,not_working
"953,71",agent_024,buyer_0856,0,44,purchase_103325,11.05.2026 21:10,appliances,0,refund_req_303325,"953,71",approve,not_working
"2.016,80",agent_802,buyer_8002,1,27,purchase_104571,11.06.2026 16:01,electronics,1,refund_req_304571,"1.854,66",Approve,missing_accessory
"40,02",agent_014,buyer_1638,0,51,purchase_101263,05.04.2026 17:03,beauty,0,refund_req_301263,"22,23",APPROVE,allergic_reaction
"76,94",agent_006,buyer_0121,0,82,purchase_101948,26.04.2026 23:42,clothing,,refund_req_301948,"16,83",approve,changed_mind
"79,97",agent_103,buyer_0827,0,3,purchase_103544,17.05.2026 19:06,beauty,1,refund_req_303544,"62,47",approve,damaged_item
"65,94",agent_020,buyer_1708,1,,purchase_102504,16.04.2026 06:46,home,0,refund_req_302504,"14,21",reject,damaged_item
"1.142,60",agent_023,buyer_9001,0,43,purchase_104282,27.05.2026 22:00,sports,1,refund_req_304282,"607,52",approve,wrong_size
"1.039,83",agent_028,buyer_1351,0,22,purchase_103464,06.04.2026 19:47,  fashion  ,0,refund_req_303464,"1.039,83",approve,wrong_size
"1.733,67",agent_028,buyer_0415,0,83,purchase_101087,12.05.2026 12:38,appliances,0,refund_req_301087,"1.416,03",approve,damaged_item
"422,36",agent_022,buyer_0106,0,83,purchase_100848,16.04.2026 11:39,sports,0,refund_req_300848,"256,73",reject,wrong_size
"1.497,05",agent_024,buyer_1622,0,13,purchase_103451,21.05.2026 03:40,appliances,1,refund_req_303451,"1.497,05",approve,missing_part
"179,53",agent_003,buyer_0539,0,43,purchase_101220,13.04.2026 03:28,clothing,1,refund_req_301220,"91,29",approve,
"1.121,63",agent_030,buyer_1815,0,71,purchase_100650,12.06.2026 21:53,beauty,0,refund_req_300650,"651,68",approve,changed_mind
"323,89",agent_030,buyer_1697,0,,purchase_100910,07.06.2026 04:51,sports,0,refund_req_300910,"79,08",  reject  ,wrong_size
"701,39",agent_022,buyer_1230,0,62,purchase_100319,21.05.2026 19:42,appliances,0,refund_req_300319,"542,11",approve,missing_part
"1.783,54",agent_020,buyer_0435,1,20,purchase_104073,24.04.2026 19:42,electronics,0,refund_req_304073,"1.675,77",approve,missing_accessory
"1.584,11",agent_019,buyer_0640,0,50,purchase_101489,18.06.2026 12:36,appliances,0,refund_req_301489,"653,86",approve,
"385,32",agent_020,buyer_1046,1,111,purchase_100474,16.05.2026 11:44,electronics,1,refund_req_300474,"150,74",approve,not_working
"2.171,19",agent_027,buyer_0569,0,42,purchase_103402,26.05.2026 10:30,electronics,1,refund_req_303402,"2.171,19", approve ,
"1.312,87",agent_021,buyer_1793,0,,purchase_103203,20.04.2026 19:16,appliances,0,refund_req_303203,"890,43",approve,damaged_item
"2.490,76",agent_025,buyer_1373,0,71,purchase_100610,17.06.2026 16:51,luxury,0,refund_req_300610,"1.050,77",reject,item_not_as_described
"349,61",agent_002,buyer_0654,0,56,purchase_101951,11.06.2026 08:33,home,0,refund_req_301951,"207,40",reject,damaged_item
"1.650,57",agent_011,buyer_0301,0,58,purchase_102336,17.06.2026 05:27,luxury,0,refund_req_302336,"545,40",reject,changed_mind
"765,67",agent_008,buyer_1081,0,72,purchase_102713,22.05.2026 16:15,electronics,1,refund_req_302713,"579,41",approve,  missing_accessory  
"2.095,15",agent_029,buyer_1557,1,24,purchase_103898,13.06.2026 18:26,electronics,1,refund_req_303898,"1.718,47",approve,item_not_as_described
"16,07",agent_025,buyer_1153,1,66,purchase_101819,16.06.2026 23:45,books,0,refund_req_301819,"7,00",approve,changed_mind
"1.061,75",agent_007,buyer_0877,0,,purchase_103085,14.06.2026 15:24,appliances,0,refund_req_303085,"781,84",approve,not_working
"2.055,19",agent_902,buyer_9905,1,8,purchase_104803,12.04.2026 09:12,electronics,0,refund_req_304803,"1.852,07",approve,not_working
"218,93",agent_009,buyer_0066,0,28,purchase_102630,29.04.2026 16:21,appliances,1,refund_req_302630,"122,79",approve,not_working
"1.776,73",agent_005,buyer_1704,0,38,purchase_103153,10.04.2026 11:01,electronics,0,refund_req_303153,"1.462,80",approve,missing_accessory
"1.599,37",agent_029,buyer_0444,0,12,purchase_103032,21.04.2026 17:30,electronics,0,refund_req_303032,"1.459,37",approve,item_not_as_described
"1.173,30",agent_018,buyer_0158,0,37,purchase_103413,13.05.2026 16:28,fashion,1,refund_req_303413,"1.173,30",approve,changed_mind
"14,31",agent_009,buyer_0326,0,45,purchase_101830,01.06.2026 15:10,books,1,refund_req_301830,"9,41",approve,changed_mind
"83,91",agent_018,buyer_0338,0,,purchase_100506,04.04.2026 00:37,books,1,refund_req_300506,"19,00",approve,changed_mind
"123,83",agent_029,buyer_0551,0,78,purchase_101854,13.05.2026 20:06,fashion,1,refund_req_301854,"29,68",approve,changed_mind
"1.638,33",agent_014,buyer_1043,0,42,purchase_102844,04.06.2026 22:14,appliances,0,refund_req_302844,"980,20",reject,missing_part
"396,07",agent_003,buyer_0029,0,,purchase_101390,05.05.2026 01:43,home,0,refund_req_301390,"305,30",reject,damaged_item
"506,04",agent_029,buyer_0850,0,51,purchase_100082,27.05.2026 16:03,home,1,refund_req_300082,"303,71",reject,item_not_as_described
"1.811,20",agent_001,buyer_0420,1,26,purchase_103941,30.04.2026 16:13,luxury,0,refund_req_303941,"1.711,35",approve,damaged_item
"11,44",agent_023,buyer_0925,0,62,purchase_102562,24.05.2026 18:33,books,1,refund_req_302562,"9,59",approve,damaged_item
"274,14",agent_010,buyer_1123,0,43,purchase_101249,13.04.2026 17:11,home,0,refund_req_301249,"84,75",approve,item_not_as_described
"117,83",agent_008,buyer_0437,0,56,purchase_101483,13.04.2026 21:40,clothing,1,refund_req_301483,"23,60",approve,changed_mind
"48,87",agent_014,buyer_0639,0,50,purchase_100396,08.04.2026 17:05,books,1,refund_req_300396,"21,57",reject,
"1.931,97",agent_017,buyer_1979,0,112,purchase_100211,10.05.2026 04:58,luxury,1,refund_req_300211,"1.154,06",approve,changed_mind
"2.427,78",agent_018,buyer_0414,0,39,purchase_103368,05.04.2026 17:24, luxury ,0,refund_req_303368,"2.427,78",approve,damaged_item
"621,08",agent_014,buyer_0034,0,72,purchase_101287,14.06.2026 15:17,fashion,1,refund_req_301287,"445,01",reject,item_not_as_described
"1.167,36",agent_026,buyer_0162,0,81,purchase_101643,12.05.2026 21:32,appliances,1,refund_req_301643,"950,05",approve,damaged_item
"651,98",agent_005,buyer_304,0,35,purchase_1010,02.06.2026 10:40,luxury,0,refund_req_3010,"479,91",approve,damaged_item
"1.773,38",agent_888,buyer_888,0,10,purchase_1037,13.06.2026 09:16,electronics,0,refund_req_3037,"1.161,28",approve,item_not_as_described
"29,45",agent_005,buyer_1932,0,50,purchase_101159,12.05.2026 01:22,books,1,refund_req_301159,"9,58",approve,damaged_item
"1.161,82",agent_004,buyer_1065,0,68,purchase_100361,05.05.2026 02:17,fashion,1,refund_req_300361,"751,75",approve,wrong_size
"133,55",agent_101,buyer_0006,0,5,purchase_103532,19.05.2026 02:06,clothing,1,refund_req_303532,"98,79", approve ,changed_mind
"146,95",agent_802,buyer_8002,0,11,purchase_104736,02.04.2026 03:47,sports,0,refund_req_304736,"116,63",approve,item_not_as_described
"15,82",agent_016,buyer_1759,0,55,purchase_102111,01.05.2026 04:00,beauty,1,refund_req_302111,"5,44",approve,allergic_reaction
"1.038,92",agent_018,buyer_1498,0,11,purchase_103351,25.04.2026 15:40,appliances,0,refund_req_303351,"1.038,92",approve,missing_part
"1.127,99",agent_028,buyer_0736,0,86,purchase_100214,24.05.2026 23:09,ELECTRONICS,1,refund_req_300214,"368,66",approve,
"1.145,34",agent_026,buyer_0083,0,22,purchase_103148,12.05.2026 19:11,appliances,0,refund_req_303148,"805,11",approve,
"993,52",agent_013,buyer_0584,1,28,purchase_103876,08.04.2026 02:45,appliances,0,refund_req_303876,"845,82",approve,damaged_item
"376,90",agent_006,buyer_0333,0,73,purchase_101810,16.05.2026 23:33,appliances,0,refund_req_301810,"218,72",reject,missing_part
"149,71",agent_019,buyer_0167,0,,purchase_101583,24.05.2026 21:25,home,1,refund_req_301583,"41,47",approve,missing_part
"104,53",agent_027,buyer_1291,0,63,purchase_101480,09.06.2026 07:46,beauty,1,refund_req_301480,"29,40",approve,
"1.451,56",agent_006,buyer_0796,0,74,purchase_101527,17.04.2026 00:07,appliances,1,refund_req_301527,"788,44",approve,missing_part
"225,25",agent_011,buyer_1613,0,43,purchase_102076,15.06.2026 07:16,clothing,1,refund_req_302076,"174,44",reject,wrong_size
"143,69",agent_702,buyer_0474,0,30,purchase_104393,25.05.2026 09:46,fashion,0,refund_req_304393,"83,93",approve,changed_mind
"1.632,50",agent_016,buyer_0787,1,27,purchase_103946,01.06.2026 17:29,electronics,0,refund_req_303946,"1.188,14",approve, damaged_item 
"1.079,34",agent_001,buyer_0904,1,20,purchase_103011,21.06.2026 05:23,electronics,0,refund_req_303011,"648,14",  approve  ,damaged_item
"183,71",agent_019,buyer_1829,0,,purchase_100859,06.04.2026 17:22,clothing,1,refund_req_300859,"88,71",reject,wrong_size
"1.108,77",agent_003,buyer_1101,0,45,purchase_103366,30.05.2026 16:04,fashion,1,refund_req_303366,"1.108,77",approve,changed_mind
"316,12",agent_016,buyer_0502,0,99,purchase_100141,27.04.2026 19:36,sports,1,refund_req_300141,"124,34",approve,damaged_item
"1.857,64",agent_017,buyer_1032,0,111,purchase_101437,05.06.2026 20:11,luxury,0,refund_req_301437,"793,31",approve,damaged_item
"151,18",agent_015,buyer_0503,1,125,purchase_101057,10.04.2026 07:52,clothing,0,refund_req_301057,"95,16",  approve  ,item_not_as_described
"938,43",agent_103,buyer_1698,0,1,purchase_103751,08.06.2026 07:08,luxury,0,refund_req_303751,"667,61",approve,changed_mind
"51,40",agent_002,buyer_1892,0,109,purchase_102173,05.04.2026 01:28,beauty,1,refund_req_302173,"25,10",approve,damaged_item
"991,44",agent_002,buyer_1188,0,38,purchase_103287,28.04.2026 01:43,electronics,0,refund_req_303287,"991,44",approve,not_working
"1.625,35",agent_012,buyer_0613,0,47,purchase_100775,18.04.2026 20:04,appliances,0,refund_req_300775,"891,79",approve,missing_part
"1.517,25",agent_803,buyer_8003,1,13,purchase_104566,10.04.2026 04:27,Electronics,0,refund_req_304566,"1.019,85",approve,item_not_as_described
"130,05",agent_030,buyer_0320,0,40,purchase_101907,03.05.2026 04:49,clothing,0,refund_req_301907,"47,03",approve,item_not_as_described
"1.303,92",agent_801,buyer_8001,0,7,purchase_104642,19.05.2026 13:14,electronics,0,refund_req_304642,"828,85",approve,not_working
"134,53",agent_010,buyer_1151,0,80,purchase_101373,03.05.2026 01:45,beauty,0,refund_req_301373,"72,38",approve,changed_mind
"2.564,79",agent_101,buyer_1159,0,17,purchase_103116,12.05.2026 23:17,  luxury  ,0,refund_req_303116,"1.877,30",approve,item_not_as_described
"1.775,85",agent_018,buyer_0074,0,35,purchase_103076,23.05.2026 15:24,  luxury  ,0,refund_req_303076,"1.179,17",approve,item_not_as_described
"550,66",agent_012,buyer_0234,0,64,purchase_101833,14.06.2026 08:16,fashion,1,refund_req_301833,"254,79", approve , wrong_size 
"15,98",agent_702,buyer_1500,0,27,purchase_104351,29.05.2026 06:56, books ,1,refund_req_304351,"10,27",Approve,wrong_item_received
"1.046,93",agent_007,buyer_9008,0,33,purchase_104113,12.05.2026 07:15,clothing,0,refund_req_304113,"534,30",approve,changed_mind
"30,00",agent_029,buyer_0897,0,52,purchase_100306,05.05.2026 21:09,books,1,refund_req_300306,"20,29",approve,wrong_item_received
"235,90",agent_003,buyer_1683,0,42,purchase_102119,17.04.2026 16:23,fashion,1,refund_req_302119,"131,12",approve,item_not_as_described
"1.770,58",agent_902,buyer_9904,1,5,purchase_104901,21.04.2026 12:48,luxury,0,refund_req_304901,"1.582,19",approve,damaged_item
"1.690,49",agent_011,buyer_1579,0,,purchase_102654,08.04.2026 22:29, electronics ,0,refund_req_302654,"1.411,15",reject,item_not_as_described
"936,02",agent_701,buyer_1498,0,15,purchase_104470,22.04.2026 01:18,electronics,,refund_req_304470,"603,93",approve,not_working
"81,03",agent_018,buyer_0711,0,59,purchase_102024,08.05.2026 21:07,clothing,1,refund_req_302024,"29,24",approve,changed_mind
"2.158,19",agent_012,buyer_0679,0,53,purchase_100150,15.06.2026 03:42,electronics,0,refund_req_300150,"1.250,47",  approve  ,not_working
"1.204,85",agent_901,buyer_9902,1,5,purchase_104770,06.05.2026 10:51, appliances ,0,refund_req_304770,"1.047,11",approve,  damaged_item  
"83,03",agent_008,buyer_0430,0,81,purchase_101721,14.05.2026 09:47,sports,1,refund_req_301721,"49,24",approve,damaged_item
"1.786,98",agent_013,buyer_0718,0,73,purchase_102888,13.06.2026 14:54,  electronics  ,0,refund_req_302888,"701,23",reject,  damaged_item  
"375,74",agent_012,buyer_0872,0,49,purchase_100048,11.05.2026 12:04,fashion,1,refund_req_300048,"161,07",approve,wrong_size
"345,23",agent_010,buyer_0151,0,67,purchase_102330,18.04.2026 03:08,sports,0,refund_req_302330,"127,30",reject,damaged_item
"1.453,43",agent_005,buyer_1497,1,67,purchase_101947,15.06.2026 09:29,electronics,0,refund_req_301947,"901,91",approve,  not_working  
"1.584,68",agent_028,buyer_0637,1,5,purchase_103870,24.05.2026 11:20,appliances,0,refund_req_303870,"1.133,10",approve,missing_part
"642,04",agent_009,buyer_0626,0,46,purchase_101505,20.04.2026 23:16,appliances,0,refund_req_301505,"323,39",approve,  not_working  
"1.283,43",agent_030,buyer_0514,0,23,purchase_103316,21.06.2026 00:01,fashion,1,refund_req_303316,"1.283,43",approve,changed_mind
"1.061,59",agent_030,buyer_0952,1,,purchase_103465,28.04.2026 16:44,electronics,0,refund_req_303465,"1.061,59",approve,damaged_item
"77,90",agent_015,buyer_0044,0,28,purchase_102889,01.06.2026 02:21,books,1,refund_req_302889,"65,73",reject,damaged_item
"462,99",agent_015,buyer_0019,0,123,purchase_102817,23.05.2026 05:53,fashion,1,refund_req_302817,"326,88",approve,  wrong_size  
"1.016,53",agent_030,buyer_1566,1,34,purchase_103830,21.04.2026 01:24,appliances,0,refund_req_303830,"887,13",approve,damaged_item
"1.436,56",agent_901,buyer_9901,1,3,purchase_104844,26.04.2026 01:46,electronics,0,refund_req_304844,"1.360,26",approve,damaged_item
"2.197,77",agent_102,buyer_1933,0,4,purchase_103727,28.04.2026 23:28,Electronics,0,refund_req_303727,"1.106,37",approve,not_working
"505,31",agent_101,buyer_1658,0,1,purchase_103583,27.05.2026 15:42,fashion,0,refund_req_303583,"393,42",approve,item_not_as_described
"419,80",agent_020,buyer_0672,0,49,purchase_102307,23.04.2026 02:54,fashion,0,refund_req_302307,"253,11",  reject  , item_not_as_described 
"363,83",agent_008,buyer_1421,0,38,purchase_101086,21.04.2026 02:27,fashion,1,refund_req_301086,"161,32",approve,item_not_as_described
"1.293,10",agent_004,buyer_0979,0,10,purchase_103227,21.04.2026 15:48,appliances,0,refund_req_303227,"923,94",approve,not_working
"42,21",agent_018,buyer_1950,0,53,purchase_100603,21.04.2026 21:15,clothing,0,refund_req_300603,"15,44",approve, changed_mind 
"166,03",agent_028,buyer_1727,0,48,purchase_102388,20.06.2026 05:48,home,1,refund_req_302388,"116,60",approve,item_not_as_described
"1.205,56",agent_102,buyer_0667,0,45,purchase_103518,20.04.2026 07:56,fashion,0,refund_req_303518,"1.205,56",approve,item_not_as_described
"23,29",agent_028,buyer_1762,0,90,purchase_102514,06.05.2026 16:28,books,1,refund_req_302514,"7,46",approve,damaged_item
"156,85",agent_005,buyer_0980,0,91,purchase_101825,31.05.2026 22:15,beauty,1,refund_req_301825,"103,39",reject,changed_mind
"916,59",agent_101,buyer_1657,1,25,purchase_103914,03.05.2026 01:16,luxury,0,refund_req_303914,"605,74",approve,damaged_item
"238,31",agent_006,buyer_1599,0,56,purchase_100383,31.05.2026 05:33,fashion,0,refund_req_300383,"126,73",reject,wrong_size
"89,91",agent_028,buyer_0041,0,77,purchase_102348,04.05.2026 15:25,beauty,,refund_req_302348,"69,10",approve,allergic_reaction
"408,19",agent_802,buyer_8002,0,27,purchase_104640,19.06.2026 02:40,sports,0,refund_req_304640,"269,20",  approve  ,wrong_size
"248,82",agent_010,buyer_1431,0,77,purchase_100235,08.04.2026 18:33,clothing,0,refund_req_300235,"88,36",approve,wrong_size
"160,42",agent_015,buyer_0285,0,100,purchase_102066,05.05.2026 01:15,clothing,1,refund_req_302066,"116,18",  approve  ,wrong_size
"221,59",agent_703,buyer_1290,0,9,purchase_104520,24.04.2026 19:25,home,1,refund_req_304520,"202,83",approve,item_not_as_described
"310,32",agent_005,buyer_0504,0,85,purchase_102561,11.05.2026 20:33,home,1,refund_req_302561,"120,97",reject,damaged_item
"102,90",agent_021,buyer_1949,0,68,purchase_101406,10.06.2026 03:32,beauty,1,refund_req_301406,"59,11",approve,allergic_reaction
"2.765,11",agent_005,buyer_1887,0,58,purchase_100809,10.06.2026 22:22,Luxury,0,refund_req_300809,"1.201,60",reject,item_not_as_described
"521,98",agent_102,buyer_0626,0,4,purchase_103717,19.04.2026 21:28,home,0,refund_req_303717,"431,84",approve,item_not_as_described
"45,21",agent_004,buyer_0602,0,100,purchase_100002,15.04.2026 05:20,books,1,refund_req_300002,"37,07",reject,changed_mind
"148,50",agent_102,buyer_1188,0,4,purchase_103577,03.04.2026 01:04,BEAUTY,1,refund_req_303577,"138,12",approve,allergic_reaction
"1.303,86",agent_014,buyer_9005,0,53,purchase_104318,16.04.2026 22:28,electronics,0,refund_req_304318,"1.201,82",approve, item_not_as_described 
"911,80",agent_902,buyer_9906,1,2,purchase_104889,29.05.2026 17:39,appliances,0,refund_req_304889,"809,70",approve,missing_part
"1.842,68",agent_029,buyer_1010,0,17,purchase_103002,27.05.2026 11:38,electronics,0,refund_req_303002,"1.573,61",approve,missing_accessory
"102,60",agent_702,buyer_1565,0,17,purchase_104450,19.04.2026 11:22,home,0,refund_req_304450,"69,85",approve,missing_part
"938,60",agent_008,buyer_1403,0,40,purchase_101545,07.06.2026 16:15,appliances,0,refund_req_301545,"368,78",reject,missing_part
"1.173,15",agent_022,buyer_1350,0,68,purchase_101232,10.06.2026 02:52,appliances,0,refund_req_301232,"834,67",reject,not_working
"56,13",agent_018,buyer_0148,0,43,purchase_102286,28.05.2026 15:30,clothing,1,refund_req_302286,"19,34",approve,changed_mind
"187,16",agent_002,buyer_1497,0,56,purchase_100417,01.05.2026 06:16,sports,1,refund_req_300417,"132,34",reject,damaged_item
"1.236,45",agent_017,buyer_1657,0,80,purchase_102453,05.04.2026 01:14,appliances,1,refund_req_302453,"726,01",approve,not_working
"1.467,37",agent_002,buyer_0684,0,111,purchase_100615,08.05.2026 09:15,appliances,0,refund_req_300615,"973,62",reject,missing_part
"437,77",agent_701,buyer_0849,1,5,purchase_104422,27.04.2026 18:58,luxury,0,refund_req_304422,"337,42",approve,changed_mind
"15,90",agent_005,buyer_0621,0,103,purchase_100561,03.06.2026 01:13,books,0,refund_req_300561,"3,97",reject,damaged_item
"38,16",agent_020,buyer_1168,0,57,purchase_102635,13.06.2026 05:33,books,1,refund_req_302635,"29,73",approve,changed_mind
"1.894,51",agent_011,buyer_1397,0,20,purchase_103118,01.05.2026 16:38,luxury,0,refund_req_303118,"1.173,08",approve,changed_mind
"102,65",agent_014,buyer_1123,0,45,purchase_102082,01.04.2026 12:44,clothing,,refund_req_302082,"31,69",approve,changed_mind
"217,91",agent_020,buyer_1124,0,100,purchase_102003,16.04.2026 23:22,appliances,1,refund_req_302003,"103,13",Approve,missing_part
"63,62",agent_027,buyer_0207,0,43,purchase_101799,24.04.2026 16:26,clothing,1,refund_req_301799,"19,38",  reject  ,
"279,70",agent_014,buyer_0304,0,76,purchase_102522,08.05.2026 13:28,fashion,1,refund_req_302522,"174,65",reject,
"279,85",agent_008,buyer_0604,0,64,purchase_102774,10.04.2026 02:06,sports,1,refund_req_302774,"122,24",approve,item_not_as_described
"2.328,02",agent_001,buyer_0634,0,40,purchase_103114,22.04.2026 07:17,luxury,0,refund_req_303114,"1.857,23", approve ,item_not_as_described
"1.077,80",agent_005,buyer_1540,0,97,purchase_100684,30.05.2026 22:45,clothing,0,refund_req_300684,"461,86",reject,item_not_as_described
"1.111,00",agent_022,buyer_9004,0,20,purchase_104301,08.04.2026 21:12,fashion,1,refund_req_304301,"941,79",approve,item_not_as_described
"202,63",agent_002,buyer_9001,0,60,purchase_104106,02.06.2026 02:03,clothing,0,refund_req_304106,"173,87",approve,item_not_as_described
"1.188,37",agent_020,buyer_0906,0,83,purchase_101334,04.04.2026 09:07,home,1,refund_req_301334,"659,99",reject,damaged_item
"33,93",agent_029,buyer_0114,0,40,purchase_102222,03.04.2026 04:38,books,1,refund_req_302222,"15,60",reject,changed_mind
"713,75",agent_008,buyer_1437,0,60,purchase_101452,28.05.2026 20:34,electronics,0,refund_req_301452,"258,59",approve,item_not_as_described
"21,02",agent_013,buyer_1110,0,103,purchase_101304,15.04.2026 05:31,books,1,refund_req_301304,"17,04",reject,damaged_item
"1.334,08",agent_028,buyer_9005,0,60,purchase_104270,03.06.2026 19:34,luxury,0,refund_req_304270,"1.313,43",approve,damaged_item
"68,94",agent_702,buyer_0422,1,25,purchase_104453,11.05.2026 15:04,beauty,1,refund_req_304453,"48,51",approve,allergic_reaction
"1.236,09",agent_019,buyer_0356,0,65,purchase_101744,15.04.2026 16:05,electronics,0,refund_req_301744,"936,74",reject,missing_accessory
"326,84",agent_015,buyer_0504,1,75,purchase_101252,18.04.2026 08:01,sports,1,refund_req_301252,"216,93",approve,wrong_size
"114,42",agent_021,buyer_1986,0,111,purchase_102708,11.06.2026 15:17,beauty,,refund_req_302708,"61,74",approve,changed_mind
"295,32",agent_103,buyer_1292,0,5,purchase_103546,05.04.2026 09:23,sports,1,refund_req_303546,"263,34",approve,item_not_as_described
"1.438,08",agent_021,buyer_1248,1,5,purchase_104053,12.06.2026 06:15,Electronics,0,refund_req_304053,"1.412,73",approve,not_working
"723,33",agent_004,buyer_0548,0,56,purchase_100143,13.05.2026 03:43,  luxury  ,0,refund_req_300143,"168,46",reject,changed_mind
"192,83",agent_015,buyer_1004,1,73,purchase_100982,31.05.2026 06:52,fashion,0,refund_req_300982,"53,64",reject,wrong_size
"300,47",agent_102,buyer_0500,0,4,purchase_103567,25.05.2026 22:59,home,0,refund_req_303567,"218,04",approve,damaged_item
"1.331,50",agent_025,buyer_1207,1,25,purchase_104043,29.05.2026 03:53,appliances,0,refund_req_304043,"1.083,53",approve,damaged_item
"1.456,42",agent_801,buyer_8001,0,18,purchase_104606,14.04.2026 08:41,electronics,0,refund_req_304606,"1.233,24",approve,damaged_item
"149,29",agent_009,buyer_0963,0,49,purchase_100953,01.04.2026 22:49,beauty,1,refund_req_300953,"101,04",approve,allergic_reaction
"311,03",agent_030,buyer_1031,1,70,purchase_102337,07.06.2026 21:10,home,1,refund_req_302337,"170,86",approve,
"1.527,86",agent_702,buyer_0924,0,23,purchase_104423,12.05.2026 21:33,appliances,0,refund_req_304423,"829,01",approve,not_working
"1.133,72",agent_011,buyer_1074,0,42,purchase_103384,13.05.2026 18:25,fashion,1,refund_req_303384,"1.133,72",approve,item_not_as_described
"494,26",agent_703,buyer_0845,0,24,purchase_104334,04.04.2026 20:52,appliances,0,refund_req_304334,"236,93",approve, damaged_item 
"381,89",agent_018,buyer_1575,1,56,purchase_100495,28.05.2026 08:38,home,1,refund_req_300495,"102,75",approve,damaged_item
"1.238,20",agent_902,buyer_9906,1,1,purchase_104759,12.05.2026 10:12, luxury ,0,refund_req_304759,"1.102,20",approve,changed_mind
"1.579,58",agent_028,buyer_0124,0,37,purchase_103311,07.04.2026 16:29,luxury,0,refund_req_303311,"1.579,58",APPROVE,item_not_as_described
"82,36",agent_004,buyer_1407,1,86,purchase_101784,15.04.2026 09:04,fashion,1,refund_req_301784,"25,93",reject,
"2.583,97",agent_009,buyer_0790,0,28,purchase_103238,24.04.2026 00:39,luxury,0,refund_req_303238,"2.224,84",approve,changed_mind
"1.199,68",agent_015,buyer_0531,0,31,purchase_101768,02.06.2026 17:57,sports,0,refund_req_301768,"581,74",approve,item_not_as_described
"1.397,18",agent_004,buyer_1508,0,47,purchase_100217,27.05.2026 12:00,appliances,,refund_req_300217,"549,81",reject,
"552,63",agent_010,buyer_0313,0,70,purchase_100183,02.06.2026 23:43, appliances ,1,refund_req_300183,"315,20",APPROVE,missing_part
"788,97",agent_011,buyer_0458,0,65,purchase_101805,06.06.2026 08:07,luxury,1,refund_req_301805,"219,02",approve,damaged_item
"1.459,36",agent_103,buyer_1737,1,35,purchase_103845,04.06.2026 06:38,appliances,1,refund_req_303845,"1.352,68",approve,missing_part
"1.241,19",agent_022,buyer_1309,0,78,purchase_101351,04.05.2026 04:02,sports,,refund_req_301351,"440,91",reject,damaged_item
"928,46",agent_003,buyer_1492,0,38,purchase_102071,14.04.2026 21:40,sports,1,refund_req_302071,"447,71",approve,damaged_item
"1.172,05",agent_101,buyer_1706,1,14,purchase_103839,11.04.2026 05:44,electronics,1,refund_req_303839,"1.045,28",approve,not_working
"113,89",agent_702,buyer_0641,0,24,purchase_104327,21.04.2026 19:54,clothing,0,refund_req_304327,"104,57",approve,wrong_size
"930,64",agent_018,buyer_1852,0,43,purchase_101475,05.05.2026 09:28,appliances,0,refund_req_301475,"641,12",approve,  damaged_item  
"977,54",agent_025,buyer_0787,0,25,purchase_103498,29.04.2026 15:59,fashion,1,refund_req_303498,"977,54",approve,item_not_as_described
"2.014,52",agent_019,buyer_9003,0,62,purchase_104100,09.05.2026 21:02,electronics,0,refund_req_304100,"1.244,11",approve,item_not_as_described
"98,42",agent_017,buyer_0016,0,108,purchase_102676,28.05.2026 14:59,home,0,refund_req_302676,"81,54",reject,item_not_as_described
"452,62",agent_102,buyer_0667,0,2,purchase_103768,24.04.2026 08:26,electronics,1,refund_req_303768,"263,56",approve,
"988,85",agent_901,buyer_9902,1,4,purchase_104860,20.06.2026 12:32,appliances,0,refund_req_304860,"979,28",approve,damaged_item
"215,06",agent_019,buyer_1201,0,48,purchase_100251,13.05.2026 12:10,clothing,0,refund_req_300251,"46,06",approve,changed_mind
"197,25",agent_011,buyer_0155,0,52,purchase_102047,28.04.2026 01:43,clothing,0,refund_req_302047,"112,07",approve,changed_mind
"1.604,81",agent_030,buyer_1748,0,37,purchase_103218,19.05.2026 18:37,appliances,0,refund_req_303218,"1.218,41",approve,
"974,59",agent_006,buyer_0670,0,62,purchase_100695,27.04.2026 12:26,electronics,1,refund_req_300695,"294,40",approve,item_not_as_described
"707,39",agent_022,buyer_1639,0,68,purchase_102860,30.05.2026 01:08,appliances,,refund_req_302860,"498,08",reject,missing_part
"587,14",agent_028,buyer_1636,0,,purchase_101205,09.06.2026 09:25,home,0,refund_req_301205,"419,79",reject,  missing_part  
"1.215,01",agent_008,buyer_1233,0,,purchase_100259,12.05.2026 10:01,electronics,1,refund_req_300259,"243,54",reject,damaged_item
"133,60",agent_007,buyer_1572,0,79,purchase_100099,01.05.2026 01:04,sports,0,refund_req_300099,"55,21",approve,wrong_size
"1.240,34",agent_008,buyer_0189,0,20,purchase_103170,04.05.2026 07:31,electronics,0,refund_req_303170,"1.125,16",approve,  missing_accessory  
"71,18",agent_007,buyer_0805,0,57,purchase_101146,28.04.2026 19:31,sports,0,refund_req_301146,"44,41",approve,item_not_as_described
"1.218,46",agent_029,buyer_0060,0,66,purchase_100071,24.04.2026 13:48,sports,1,refund_req_300071,"476,04",approve,item_not_as_described
"1.440,26",agent_008,buyer_0018,1,40,purchase_103502,17.04.2026 22:13,appliances,0,refund_req_303502,"1.440,26",approve,damaged_item
"1.343,40",agent_004,buyer_9006,0,67,purchase_104303,17.06.2026 06:20,electronics,0,refund_req_304303,"891,62",approve,damaged_item
"1.613,67",agent_010,buyer_1377,0,34,purchase_103400,27.05.2026 22:51,appliances,0,refund_req_303400,"1.613,67",approve,not_working
"1.280,08",agent_019,buyer_0067,0,66,purchase_100131,21.05.2026 18:43,appliances,0,refund_req_300131,"1.045,49",approve,missing_part
"309,36",agent_002,buyer_0307,0,89,purchase_102716,30.04.2026 07:18,electronics,0,refund_req_302716,"195,03",reject,damaged_item
"87,42",agent_010,buyer_0537,0,40,purchase_100849,23.05.2026 10:30,home,0,refund_req_300849,"45,57",approve,missing_part
"393,93",agent_028,buyer_0270,0,77,purchase_102831,08.06.2026 01:57,sports,,refund_req_302831,"104,00",approve,damaged_item
"1.258,40",agent_019,buyer_9005,0,61,purchase_104118,13.06.2026 05:50,luxury,0,refund_req_304118,"828,98",approve,changed_mind
"115,04",agent_802,buyer_8002,1,16,purchase_104661,17.04.2026 00:44,Fashion,0,refund_req_304661,"115,03",approve,item_not_as_described
"960,37",agent_018,buyer_0339,0,70,purchase_101426,30.05.2026 18:57,electronics,1,refund_req_301426,"632,89",reject,damaged_item
"228,99",agent_002,buyer_0843,1,,purchase_102955,15.04.2026 14:48,clothing,1,refund_req_302955,"165,59",approve,wrong_size
"25,86",agent_003,buyer_1910,0,58,purchase_102684,03.05.2026 16:41,sports,0,refund_req_302684,"17,40",approve,wrong_size
"37,98",agent_022,buyer_1879,0,50,purchase_102085,29.05.2026 13:19,books,1,refund_req_302085,"26,81",approve,wrong_item_received
"491,90",agent_016,buyer_0689,0,,purchase_102604,20.06.2026 01:11,home,0,refund_req_302604,"208,41",approve,damaged_item
"84,89",agent_024,buyer_0821,0,60,purchase_101852,03.05.2026 21:04,beauty,1,refund_req_301852,"69,44",approve,changed_mind
"291,76",agent_030,buyer_0456,0,103,purchase_101783,13.05.2026 11:39,home,1,refund_req_301783,"59,95",approve,item_not_as_described
"947,16",agent_025,buyer_0930,0,64,purchase_102053,17.05.2026 14:03,APPLIANCES,0,refund_req_302053,"746,54",reject,missing_part
"158,16",agent_015,buyer_0849,0,,purchase_100030,14.04.2026 22:30,clothing,1,refund_req_300030,"105,48",approve,wrong_size
"105,20",agent_015,buyer_0353,0,48,purchase_101863,21.04.2026 16:23,sports,,refund_req_301863,"73,04",reject,wrong_size
"152,98",agent_101,buyer_0138,0,4,purchase_103682,20.06.2026 12:20,fashion,0,refund_req_303682,"144,93",approve,wrong_size
"51,39",agent_004,buyer_0296,0,67,purchase_100679,07.04.2026 05:01,clothing,1,refund_req_300679,"16,61",approve,changed_mind
"253,55",agent_803,buyer_8003,0,15,purchase_104644,28.05.2026 04:40,electronics,0,refund_req_304644,"172,62",approve,item_not_as_described
"992,64",agent_021,buyer_0081,0,69,purchase_101866,09.06.2026 05:08,sports,1,refund_req_301866,"246,84",reject,wrong_size
"173,58",agent_011,buyer_0223,0,42,purchase_101839,22.04.2026 03:32, FASHION ,0,refund_req_301839,"102,94",approve,changed_mind
"306,07",agent_018,buyer_1519,0,66,purchase_102194,03.06.2026 15:22,sports,0,refund_req_302194,"245,60",reject,item_not_as_described
"1.028,59",agent_019,buyer_1071,0,72,purchase_101042,23.04.2026 09:22,luxury,0,refund_req_301042,"700,09",approve,item_not_as_described
"244,40",agent_011,buyer_0258,0,,purchase_102153,02.04.2026 02:16,home,1,refund_req_302153,"96,51",Approve,item_not_as_described
"83,97",agent_027,buyer_1369,0,74,purchase_100100,26.05.2026 03:34, fashion ,1,refund_req_300100,"63,83",approve,wrong_size
"450,14",agent_703,buyer_1476,1,15,purchase_104406,01.04.2026 22:25,home,1,refund_req_304406,"272,55",approve,item_not_as_described
"59,95",agent_011,buyer_9003,0,49,purchase_104196,31.05.2026 13:14,books,0,refund_req_304196,"52,49",  approve  ,changed_mind
"1.076,06",agent_012,buyer_1881,0,74,purchase_102724,08.06.2026 02:25,appliances,,refund_req_302724,"524,72",approve,damaged_item
"56,09",agent_023,buyer_0385,0,50,purchase_102253,28.04.2026 02:56,home,1,refund_req_302253,"36,60",approve,missing_part
"2.266,07",agent_008,buyer_0656,1,51,purchase_103496,12.06.2026 07:13,luxury,1,refund_req_303496,"2.266,07",approve,damaged_item
"22,99",agent_030,buyer_0796,0,88,purchase_101946,02.04.2026 20:39,beauty,1,refund_req_301946,"18,47",approve,damaged_item
"202,97",agent_003,buyer_1034,0,39,purchase_100964,15.06.2026 21:21,clothing,0,refund_req_300964,"95,40", approve ,item_not_as_described
"61,17",agent_013,buyer_1773,1,39,purchase_101039,14.05.2026 15:40,books,1,refund_req_301039,"46,86",approve,damaged_item
"71,51",agent_703,buyer_0711,0,29,purchase_104475,07.04.2026 22:30,BEAUTY,0,refund_req_304475,"61,10",approve,allergic_reaction
"217,67",agent_012,buyer_1321,0,48,purchase_101613,13.04.2026 00:49,clothing,0,refund_req_301613,"121,86",reject,item_not_as_described
"240,32",agent_002,buyer_1443,1,70,purchase_101162,27.04.2026 09:42,clothing,1,refund_req_301162,"192,80",approve,wrong_size
"121,73",agent_008,buyer_1504,0,51,purchase_101820,30.05.2026 23:59,home,0,refund_req_301820,"86,60",approve,missing_part
"1.932,26",agent_026,buyer_1367,0,33,purchase_103055,19.05.2026 00:10,luxury,0,refund_req_303055,"1.691,54",approve,changed_mind
"686,08",agent_001,buyer_0545,0,38,purchase_101479,17.05.2026 03:47,appliances,1,refund_req_301479,"166,10",approve,not_working
"2.213,31",agent_015,buyer_1581,0,107,purchase_100520,10.04.2026 21:08,luxury,0,refund_req_300520,"708,73",reject,damaged_item
"152,58",agent_101,buyer_1298,0,1,purchase_103728,14.04.2026 06:32,beauty,1,refund_req_303728,"112,99",approve,changed_mind
"990,30",agent_901,buyer_9903,1,8,purchase_104762,29.05.2026 12:51,appliances,0,refund_req_304762,"1.015,03",approve,missing_part
"1.414,92",agent_005,buyer_1842,0,32,purchase_103075,22.04.2026 18:24,Appliances,,refund_req_303075,"1.162,88",approve,damaged_item
"68,92",agent_012,buyer_1519,0,61,purchase_100785,12.04.2026 11:37,books,,refund_req_300785,"40,17",approve,damaged_item
"1.691,20",agent_027,buyer_0710,0,41,purchase_103066,28.04.2026 18:49,electronics,0,refund_req_303066,"1.569,00",approve,item_not_as_described
"115,35",agent_025,buyer_1593,0,53,purchase_101384,30.04.2026 11:02,clothing,1,refund_req_301384,"62,36",approve,wrong_size
"1.713,64",agent_026,buyer_0029,0,14,purchase_103131,15.06.2026 05:48,appliances,,refund_req_303131,"1.446,52",approve,not_working
"748,71",agent_023,buyer_1203,0,49,purchase_101212,31.05.2026 16:36,appliances,1,refund_req_301212,"622,47",approve,not_working
"1.447,11",agent_902,buyer_9906,1,4,purchase_104881,03.05.2026 13:29,appliances,0,refund_req_304881,"1.418,38",approve,damaged_item
"312,85",agent_008,buyer_0015,0,38,purchase_102669,06.06.2026 20:50,Electronics,1,refund_req_302669,"256,83",approve,item_not_as_described
"429,71",agent_004,buyer_1118,0,58,purchase_102225,06.04.2026 02:46,electronics,1,refund_req_302225,"113,47",approve,  missing_accessory  
"1.568,74",agent_012,buyer_1156,0,88,purchase_101594,09.04.2026 22:42,appliances,0,refund_req_301594,"714,51",reject,missing_part
"440,32",agent_007,buyer_1408,0,70,purchase_102234,19.05.2026 14:00,home,0,refund_req_302234,"361,50",approve,missing_part
"905,48",agent_016,buyer_0822,0,89,purchase_101630,15.05.2026 22:33,appliances,0,refund_req_301630,"446,03",approve,damaged_item
"462,32",agent_023,buyer_1790,0,65,purchase_102762,03.06.2026 05:15,home,0,refund_req_302762,"121,51", approve ,damaged_item
"1.895,06",agent_018,buyer_0095,0,17,purchase_103027,15.04.2026 00:37,electronics,0,refund_req_303027,"1.351,90",approve,missing_accessory
"581,45",agent_020,buyer_0110,0,86,purchase_102632,28.04.2026 15:03,fashion,1,refund_req_302632,"409,22",approve,wrong_size
"1.290,20",agent_901,buyer_9902,1,1,purchase_104806,23.04.2026 06:37,appliances,0,refund_req_304806,"1.268,81",approve,missing_part
"462,92",agent_102,buyer_501,0,6,purchase_1017,04.06.2026 09:17,home,1,refund_req_3017,"420,02",approve,item_not_as_described
"2.897,56",agent_006,buyer_0702,0,19,purchase_103132,08.05.2026 18:32,luxury,0,refund_req_303132,"2.120,08",approve,item_not_as_described
"82,34",agent_024,buyer_0123,0,,purchase_100633,01.04.2026 23:28,clothing,0,refund_req_300633,"43,63",approve,wrong_size
"1.103,18",agent_902,buyer_9905,1,1,purchase_104789,25.04.2026 19:06,APPLIANCES,0,refund_req_304789,"1.031,52",  approve  ,missing_part
"274,20",agent_701,buyer_1196,0,11,purchase_104539,05.05.2026 04:30,sports,1,refund_req_304539,"237,62",approve, wrong_size 
"113,28",agent_702,buyer_1826,0,7,purchase_104537,08.06.2026 06:00,clothing,0,refund_req_304537,"91,04",approve,changed_mind
"1.908,95",agent_026,buyer_0364,0,39,purchase_102221,28.04.2026 18:34,electronics,1,refund_req_302221,"849,93",reject,item_not_as_described
"2.533,65",agent_701,buyer_1165,0,26,purchase_104434,24.05.2026 01:10,luxury,,refund_req_304434,"1.771,76",approve,item_not_as_described
"47,19",agent_005,buyer_1489,0,45,purchase_100798,17.04.2026 16:28,fashion,1,refund_req_300798,"12,50",approve,wrong_size
"2.632,13",agent_011,buyer_0637,0,67,purchase_102279,09.06.2026 04:03, luxury ,1,refund_req_302279,"1.808,55",approve,damaged_item
"168,46",agent_014,buyer_1061,0,84,purchase_101139,30.04.2026 08:12,clothing,1,refund_req_301139,"52,30",reject,wrong_size
"987,21",agent_024,buyer_0341,0,13,purchase_102977,31.05.2026 09:56,appliances,0,refund_req_302977,"864,30",approve,damaged_item
"2.721,11",agent_006,buyer_0951,0,82,purchase_101872,27.04.2026 16:34, luxury ,1,refund_req_301872,"1.469,90",approve,item_not_as_described
"50,24",agent_007,buyer_0686,0,48,purchase_100912,02.05.2026 00:50,sports,1,refund_req_300912,"16,72",reject,item_not_as_described
"70,86",agent_003,buyer_1548,0,34,purchase_100701,11.04.2026 05:48,books,1,refund_req_300701,"29,19",approve,changed_mind
"246,49",agent_103,buyer_1867,0,2,purchase_103733,01.06.2026 21:51,clothing,1,refund_req_303733,"198,58",approve,item_not_as_described
"215,46",agent_026,buyer_1632,0,72,purchase_100325,07.04.2026 08:26,fashion,0,refund_req_300325,"136,15",reject,item_not_as_described
"16,42",agent_001,buyer_1598,0,45,purchase_102156,19.04.2026 14:36,beauty,1,refund_req_302156,"12,97",approve,allergic_reaction
"1.952,47",agent_024,buyer_0187,0,87,purchase_100698,23.04.2026 22:10,Electronics,0,refund_req_300698,"969,60",approve,missing_accessory
"1.692,73",agent_004,buyer_0154,0,61,purchase_102791,23.05.2026 16:34,electronics,1,refund_req_302791,"706,38",approve,missing_accessory
"450,48",agent_017,buyer_1431,1,47,purchase_101680,01.04.2026 10:07,home,1,refund_req_301680,"95,92",approve,missing_part
"55,80",agent_012,buyer_1052,0,75,purchase_102391,29.05.2026 11:24,books,0,refund_req_302391,"28,65",approve,damaged_item
"1.210,83",agent_028,buyer_0946,0,101,purchase_102655,02.05.2026 12:40,appliances,,refund_req_302655,"720,32",approve,damaged_item
"95,72",agent_003,buyer_0844,1,60,purchase_100516,02.05.2026 16:27,beauty,0,refund_req_300516,"81,09",approve,damaged_item
"31,10",agent_013,buyer_0808,0,55,purchase_101658,29.05.2026 03:34,books,1,refund_req_301658,"11,37",approve,wrong_item_received
"710,96",agent_001,buyer_0054,0,34,purchase_101300,17.05.2026 11:52,appliances,,refund_req_301300,"471,13",reject,missing_part
"392,59",agent_102,buyer_0793,0,5,purchase_103736,24.05.2026 11:44,sports,0,refund_req_303736,"344,91",approve,item_not_as_described
"1.069,99",agent_017,buyer_1854,0,59,purchase_101511,04.05.2026 22:35,SPORTS,1,refund_req_301511,"901,77",approve,item_not_as_described
"981,42",agent_004,buyer_0418,0,83,purchase_102305,26.04.2026 17:07,sports,1,refund_req_302305,"430,06",approve,wrong_size
"989,96",agent_803,buyer_8003,0,12,purchase_104725,15.06.2026 21:17,fashion,0,refund_req_304725,"702,42",approve,wrong_size
"80,16",agent_030,buyer_1312,0,64,purchase_101943,13.06.2026 17:17,home,0,refund_req_301943,"55,15",approve,item_not_as_described
"81,33",agent_011,buyer_1607,0,68,purchase_101464,22.05.2026 04:41,clothing,1,refund_req_301464,"48,45",approve,item_not_as_described
"955,54",agent_011,buyer_0849,0,40,purchase_103436,14.05.2026 15:52,fashion,1,refund_req_303436,"955,54",approve,
"1.168,06",agent_102,buyer_9004,0,61,purchase_104269,12.04.2026 12:03,appliances,0,refund_req_304269,"722,45",approve,not_working
"25,20",agent_803,buyer_8003,0,18,purchase_104674,12.04.2026 06:07,beauty,0,refund_req_304674,"19,56",approve,
"57,71",agent_008,buyer_0918,0,66,purchase_102394,26.05.2026 10:04,beauty,0,refund_req_302394,"39,90",approve,damaged_item
"981,92",agent_103,buyer_0230,0,5,purchase_103639,18.06.2026 17:48,luxury,0,refund_req_303639,"727,18",approve,changed_mind
"2.068,19",agent_012,buyer_1714,0,86,purchase_102906,12.06.2026 10:41,luxury,0,refund_req_302906,"838,80", reject ,changed_mind
"1.205,32",agent_011,buyer_0697,0,55,purchase_101421,07.06.2026 01:54,electronics,0,refund_req_301421,"737,32",approve,
"99,34",agent_103,buyer_1495,1,3,purchase_103545,24.04.2026 16:53,fashion,1,refund_req_303545,"51,58",approve,wrong_size
"358,28",agent_102,buyer_0096,0,1,purchase_103538,03.04.2026 17:46,sports,1,refund_req_303538,"291,87",approve,item_not_as_described
"167,58",agent_101,buyer_0459,1,1,purchase_103670,16.05.2026 05:28,beauty,0,refund_req_303670,"85,80",approve,  damaged_item  
"1.045,03",agent_701,buyer_1701,0,20,purchase_104410,15.06.2026 14:06,home,1,refund_req_304410,"854,75",approve,missing_part
"69,00",agent_703,buyer_1194,1,14,purchase_104361,03.05.2026 07:53,sports,0,refund_req_304361,"63,81", approve ,damaged_item
"2.666,72",agent_014,buyer_1741,0,16,purchase_103015,19.06.2026 00:15,Luxury,0,refund_req_303015,"2.035,98",approve,item_not_as_described
"93,19",agent_022,buyer_1681,0,82,purchase_100780,21.06.2026 05:39,beauty,0,refund_req_300780,"66,05",approve,changed_mind
"170,49",agent_006,buyer_0795,0,86,purchase_101224,10.04.2026 00:18,clothing,,refund_req_301224,"129,26",approve,item_not_as_described
"1.372,23",agent_102,buyer_0356,1,4,purchase_103560,08.05.2026 06:31,appliances,0,refund_req_303560,"900,50",approve,damaged_item
"29,52",agent_017,buyer_1985,0,68,purchase_102819,08.05.2026 07:33,sports,1,refund_req_302819,"10,78",reject,wrong_size
"260,36",agent_016,buyer_9003,0,68,purchase_104308,22.04.2026 14:11,fashion,1,refund_req_304308,"176,79",approve,wrong_size
"1.760,36",agent_018,buyer_0796,1,31,purchase_104046,05.06.2026 04:37,appliances,0,refund_req_304046,"1.289,36",approve,damaged_item
"1.250,70",agent_007,buyer_1416,0,14,purchase_103415,19.06.2026 03:03,electronics,1,refund_req_303415,"1.250,70",approve,not_working
"1.464,11",agent_013,buyer_0943,0,71,purchase_102364,12.05.2026 07:12,electronics,1,refund_req_302364,"839,68",approve,damaged_item
"1.716,68",agent_901,buyer_9903,1,4,purchase_104798,09.06.2026 11:57,appliances,0,refund_req_304798,"1.549,22",approve,missing_part
"362,33",agent_020,buyer_1053,0,95,purchase_101016,07.05.2026 07:30,sports,1,refund_req_301016,"235,97",approve,wrong_size
"79,91",agent_030,buyer_0881,0,54,purchase_100596,12.05.2026 00:46,books,1,refund_req_300596,"47,82",reject,damaged_item
"516,72",agent_006,buyer_1720,0,62,purchase_102857,12.06.2026 00:44,FASHION,1,refund_req_302857,"152,35",approve,item_not_as_described
"1.542,62",agent_017,buyer_0869,0,56,purchase_100478,04.06.2026 17:11, luxury ,0,refund_req_300478,"664,79",approve,damaged_item
"2.142,21",agent_021,buyer_0712,0,96,purchase_100793,18.06.2026 18:03,electronics,0,refund_req_300793,"880,37",reject,missing_accessory
"1.932,45",agent_021,buyer_0013,0,66,purchase_100716,16.06.2026 02:44,luxury,0,refund_req_300716,"1.584,38",approve,item_not_as_described
"211,20",agent_024,buyer_0394,0,80,purchase_100618,30.05.2026 12:28,sports,1,refund_req_300618,"111,93",approve,item_not_as_described
"585,70",agent_001,buyer_0241,1,46,purchase_102826,17.04.2026 14:50,home,1,refund_req_302826,"349,09",approve,missing_part
"1.425,74",agent_013,buyer_1639,0,11,purchase_103062,25.04.2026 11:02,appliances,0,refund_req_303062,"978,08",approve,not_working
"1.308,24",agent_022,buyer_0946,1,29,purchase_103867,17.05.2026 23:37,appliances,0,refund_req_303867,"1.168,30",approve,damaged_item
"997,34",agent_802,buyer_8002,0,19,purchase_104643,22.05.2026 19:31,beauty,1,refund_req_304643,"707,44",approve,changed_mind
"29,73",agent_017,buyer_9005,0,30,purchase_104174,19.04.2026 03:58,books,1,refund_req_304174,"27,48",approve,wrong_item_received
"1.200,37",agent_901,buyer_9902,1,3,purchase_104820,08.05.2026 11:33,appliances,0,refund_req_304820,"1.254,26",approve,
"273,89",agent_019,buyer_1443,0,82,purchase_102300,08.06.2026 22:24,HOME,,refund_req_302300,"105,65",approve,missing_part
"1.053,40",agent_024,buyer_1669,0,15,purchase_103510,11.06.2026 03:12,fashion,0,refund_req_303510,"1.053,40",approve,wrong_size
"75,07",agent_028,buyer_0272,0,56,purchase_101987,09.05.2026 16:52,fashion,1,refund_req_301987,"18,49",approve,wrong_size
"1.895,28",agent_015,buyer_1621,1,16,purchase_104058,19.04.2026 21:59,electronics,1,refund_req_304058,"1.492,18",approve,not_working
"1.811,93",agent_012,buyer_1587,0,49,purchase_100344,05.05.2026 05:23,luxury,0,refund_req_300344,"569,40",Approve,item_not_as_described
"1.264,53",agent_027,buyer_9007,0,9,purchase_104160,04.06.2026 06:25,home,1,refund_req_304160,"958,99",approve,missing_part
"1.186,85",agent_004,buyer_1368,0,11,purchase_103262,30.04.2026 00:44,fashion,0,refund_req_303262,"1.186,85",APPROVE,  item_not_as_described  
"989,22",agent_701,buyer_1737,0,14,purchase_104518,21.05.2026 21:54,appliances,,refund_req_304518,"607,64",approve,
"1.789,89",agent_014,buyer_0706,0,58,purchase_103317,24.04.2026 22:06,electronics,0,refund_req_303317,"1.789,89",approve,
"2.144,61",agent_017,buyer_9007,0,53,purchase_104112,26.05.2026 07:42,electronics,0,refund_req_304112,"1.944,83",approve,not_working
"1.226,54",agent_026,buyer_0547,0,18,purchase_103093,12.06.2026 22:16,electronics,0,refund_req_303093,"828,47",approve,missing_accessory
"24,43",agent_018,buyer_0938,0,49,purchase_101064,25.04.2026 13:03,books,0,refund_req_301064,"17,93",Reject,changed_mind
"1.161,45",agent_902,buyer_9906,1,7,purchase_104805,30.04.2026 00:59,appliances,0,refund_req_304805,"1.103,44",approve,not_working
"1.050,03",agent_017,buyer_0617,0,43,purchase_102377,22.04.2026 08:57,appliances,0,refund_req_302377,"822,78",reject,damaged_item
"420,47",agent_030,buyer_0783,0,62,purchase_101466,23.04.2026 19:00,appliances,0,refund_req_301466,"216,63",reject,missing_part
"475,29",agent_025,buyer_1502,0,55,purchase_102692,06.04.2026 03:28,fashion,0,refund_req_302692,"331,00",approve,wrong_size
"1.207,42",agent_007,buyer_9002,0,25,purchase_104131,01.04.2026 16:44,books,1,refund_req_304131,"1.111,66",approve,damaged_item
"2.685,42",agent_003,buyer_0031,1,4,purchase_103974,09.06.2026 15:40,luxury,0,refund_req_303974,"2.064,02",approve,changed_mind
"46,19",agent_015,buyer_0446,1,27,purchase_102578,17.06.2026 17:18,books,0,refund_req_302578,"16,76",approve,damaged_item
"1.209,11",agent_803,buyer_8003,0,8,purchase_104716,12.06.2026 23:18,fashion,0,refund_req_304716,"825,10",approve,
"1.250,90",agent_025,buyer_0454,0,43,purchase_101699,10.06.2026 02:48,clothing,1,refund_req_301699,"716,19",approve,wrong_size
"1.646,49",agent_007,buyer_1920,1,25,purchase_103912,20.05.2026 07:49,appliances,0,refund_req_303912,"1.574,12",approve,damaged_item
"840,44",agent_025,buyer_0515,0,47,purchase_101254,09.05.2026 11:56,appliances,0,refund_req_301254,"442,95",approve,not_working
"1.269,44",agent_012,buyer_0004,1,34,purchase_103834,13.06.2026 03:33,electronics,0,refund_req_303834,"1.088,23",approve,missing_accessory
"165,37",agent_701,buyer_0715,0,10,purchase_104497,06.06.2026 21:20,clothing,0,refund_req_304497,"133,78",  approve  ,
"306,03",agent_002,buyer_1855,0,65,purchase_102920,29.04.2026 07:00,fashion,0,refund_req_302920,"193,38",approve,changed_mind
"20,53",agent_015,buyer_1790,0,62,purchase_102482,07.04.2026 21:11,clothing,1,refund_req_302482,"8,27",approve,wrong_size
"176,04",agent_013,buyer_0377,0,82,purchase_100815,19.05.2026 13:37,beauty,0,refund_req_300815,"104,45",  approve  ,damaged_item
"20,62",agent_024,buyer_0581,0,75,purchase_100491,16.04.2026 12:05,beauty,1,refund_req_300491,"12,43",approve,allergic_reaction
"1.570,12",agent_005,buyer_301,0,30,purchase_1007,02.06.2026 09:27,appliances,0,refund_req_3007,"708,57",approve,damaged_item
"549,60",agent_027,buyer_1219,0,92,purchase_100275,07.05.2026 01:44,home,1,refund_req_300275,"436,50",approve,missing_part
"250,21",agent_101,buyer_0497,0,5,purchase_103714,20.06.2026 19:04,sports,1,refund_req_303714,"162,63",approve,damaged_item
"55,73",agent_101,buyer_0656,0,3,purchase_103537,03.06.2026 01:11,fashion,1,refund_req_303537,"42,93",approve,changed_mind
"192,89",agent_012,buyer_0178,0,54,purchase_101621,04.04.2026 03:26,clothing,0,refund_req_301621,"47,61",approve,changed_mind
"364,85",agent_010,buyer_0561,0,44,purchase_100990,24.04.2026 10:56, electronics ,1,refund_req_300990,"183,54",reject,  item_not_as_described  
"202,48",agent_703,buyer_1750,0,9,purchase_104463,14.04.2026 23:28,SPORTS,0,refund_req_304463,"172,46",approve,
"110,56",agent_010,buyer_0446,0,72,purchase_100012,21.04.2026 09:56,beauty,1,refund_req_300012,"61,08", reject ,changed_mind
"360,65",agent_020,buyer_1413,0,49,purchase_100547,15.04.2026 12:28,Fashion,0,refund_req_300547,"196,87", approve ,wrong_size
"104,60",agent_007,buyer_0063,0,55,purchase_102523,20.06.2026 16:37, beauty ,1,refund_req_302523,"45,50",reject, changed_mind 
"1.402,83",agent_010,buyer_9003,0,49,purchase_104148,20.06.2026 13:16,luxury,0,refund_req_304148,"1.068,88",approve,changed_mind
"824,03",agent_006,buyer_1080,0,79,purchase_102416,01.04.2026 10:48,electronics,1,refund_req_302416,"207,27",reject,damaged_item
"63,00",agent_801,buyer_8001,0,22,purchase_104579,15.06.2026 05:27, beauty ,0,refund_req_304579,"53,51",approve,allergic_reaction
"1.887,01",agent_101,buyer_1711,1,,purchase_103891,24.05.2026 00:00,electronics,1,refund_req_303891,"1.678,86",approve,missing_accessory
"32,59",agent_024,buyer_0043,0,43,purchase_101143,20.06.2026 20:02,books,0,refund_req_301143,"7,42",approve,wrong_item_received
"1.275,53",agent_007,buyer_0837,0,61,purchase_100929,06.05.2026 16:51,fashion,1,refund_req_300929,"484,31",approve,wrong_size
"32,88",agent_027,buyer_0943,0,59,purchase_102793,01.06.2026 15:39,sports,0,refund_req_302793,"24,51",reject,item_not_as_described
"100,11",agent_002,buyer_1606,0,61,purchase_100367,12.04.2026 17:25,beauty,1,refund_req_300367,"35,10",approve,allergic_reaction
"235,00",agent_103,buyer_0210,0,3,purchase_103722,03.05.2026 07:29,clothing,1,refund_req_303722,"171,57", approve ,item_not_as_described
"202,14",agent_015,buyer_9002,0,34,purchase_104211,25.04.2026 04:05,clothing,1,refund_req_304211,"162,13",approve,changed_mind
"274,63",agent_014,buyer_1458,0,42,purchase_102118,13.06.2026 13:27,appliances,0,refund_req_302118,"86,49",approve,damaged_item
"1.898,82",agent_016,buyer_0761,1,21,purchase_104016,16.05.2026 15:33,luxury,,refund_req_304016,"1.788,70",approve,changed_mind
"1.194,98",agent_028,buyer_1611,0,24,purchase_103206,15.06.2026 03:14,appliances,,refund_req_303206,"784,79",approve,missing_part
"44,36",agent_008,buyer_0675,0,55,purchase_102903,04.05.2026 00:23,beauty,1,refund_req_302903,"28,75",APPROVE,damaged_item
"131,37",agent_003,buyer_900,0,37,purchase_1028,08.06.2026 09:27,fashion,1,refund_req_3028,"125,29",approve,
"343,34",agent_027,buyer_0168,0,79,purchase_100039,06.04.2026 09:03,sports,1,refund_req_300039,"80,29", reject ,wrong_size
"183,57",agent_028,buyer_1056,0,26,purchase_101392,04.06.2026 07:59,clothing,,refund_req_301392,"74,71",approve,
"1.170,27",agent_005,buyer_600,1,4,purchase_1021,05.06.2026 09:00,luxury,0,refund_req_3021,"772,55",  approve  ,
"964,40",agent_003,buyer_1970,1,65,purchase_103438,30.05.2026 00:58,fashion,0,refund_req_303438,"964,40",approve, wrong_size 
"96,66",agent_029,buyer_0661,0,,purchase_101960,07.04.2026 14:20,beauty,1,refund_req_301960,"58,74",approve,allergic_reaction
"1.175,90",agent_021,buyer_1713,0,70,purchase_100300,20.06.2026 08:19,clothing,1,refund_req_300300,"553,74",approve,changed_mind
"317,97",agent_016,buyer_1703,0,,purchase_102455,03.05.2026 02:56,home,1,refund_req_302455,"83,88",reject,missing_part
"49,34",agent_024,buyer_9001,0,24,purchase_104154,23.05.2026 06:21,books,0,refund_req_304154,"35,91",approve,
"414,67",agent_702,buyer_0124,0,19,purchase_104366,30.04.2026 07:45,sports,1,refund_req_304366,"376,18",approve,wrong_size
"138,43",agent_005,buyer_1489,0,107,purchase_101013,12.06.2026 23:38,clothing,1,refund_req_301013,"108,01",approve,item_not_as_described
"1.501,46",agent_004,buyer_0721,0,40,purchase_103154,11.06.2026 21:50, appliances ,0,refund_req_303154,"1.043,56", approve ,damaged_item
"99,38",agent_003,buyer_0589,0,61,purchase_101864,06.04.2026 12:35,sports,1,refund_req_301864,"20,62",  approve  ,damaged_item
"155,18",agent_021,buyer_0516,0,66,purchase_102673,03.06.2026 03:28,fashion,1,refund_req_302673,"106,23",approve,wrong_size
"1.298,21",agent_802,buyer_8002,0,,purchase_104565,27.04.2026 17:23,sports,0,refund_req_304565,"1.282,99",approve,wrong_size
"1.028,54",agent_102,buyer_0075,1,27,purchase_103940,08.04.2026 07:45,appliances,0,refund_req_303940,"845,28",APPROVE,missing_part
"1.648,56",agent_015,buyer_0466,0,71,purchase_102199,21.06.2026 07:24,  luxury  ,0,refund_req_302199,"481,74",reject,damaged_item
"1.257,43",agent_701,buyer_1287,0,15,purchase_104407,10.06.2026 01:44,books,0,refund_req_304407,"795,90",approve,wrong_item_received
"1.076,56",agent_029,buyer_1370,0,24,purchase_103277,29.04.2026 02:47,electronics,1,refund_req_303277,"1.076,56",approve,  damaged_item  
"386,05",agent_028,buyer_0146,0,66,purchase_100909,03.04.2026 15:38,appliances,1,refund_req_300909,"207,00",approve,not_working
"249,03",agent_009,buyer_0344,0,24,purchase_100356,27.04.2026 01:50,fashion,1,refund_req_300356,"123,21",approve,changed_mind
"403,94",agent_023,buyer_0439,0,41,purchase_102665,26.04.2026 20:48,sports,1,refund_req_302665,"99,87",approve,damaged_item
"175,72",agent_005,buyer_1886,0,90,purchase_101781,19.04.2026 09:08,fashion,1,refund_req_301781,"86,17",reject,wrong_size
"23,15",agent_003,buyer_0821,0,61,purchase_100163,05.05.2026 19:15,  books  ,1,refund_req_300163,"6,75",approve,damaged_item
"431,88",agent_011,buyer_1762,0,71,purchase_101109,11.05.2026 11:34,home,1,refund_req_301109,"309,71",approve,item_not_as_described
"1.153,42",agent_902,buyer_9904,1,2,purchase_104807,25.05.2026 14:10,appliances,0,refund_req_304807,"1.003,38",approve,missing_part
"1.013,87",agent_028,buyer_0033,0,20,purchase_103216,12.04.2026 15:35,luxury,0,refund_req_303216,"672,46",approve,damaged_item
"373,71",agent_002,buyer_1392,0,77,purchase_101939,29.04.2026 10:41,home,0,refund_req_301939,"224,17",approve,item_not_as_described
"1.903,67",agent_010,buyer_0500,0,72,purchase_101107,14.06.2026 21:38,electronics,,refund_req_301107,"978,73",APPROVE,damaged_item
"1.516,63",agent_902,buyer_9906,1,2,purchase_104949,16.04.2026 09:48,appliances,0,refund_req_304949,"1.414,47",approve,missing_part
"645,99",agent_029,buyer_0872,0,69,purchase_101998,18.04.2026 04:41,fashion,1,refund_req_301998,"417,55",reject,  item_not_as_described  
"1.532,25",agent_011,buyer_1230,0,25,purchase_103349,11.06.2026 15:51,electronics,0,refund_req_303349,"1.532,25",approve,item_not_as_described
"1.057,53",agent_102,buyer_1789,0,1,purchase_103757,17.04.2026 20:16,appliances,,refund_req_303757,"738,46",  approve  ,missing_part
"1.766,99",agent_007,buyer_1566,0,27,purchase_102984,05.05.2026 12:50,appliances,0,refund_req_302984,"1.253,56",approve,missing_part
"132,68",agent_004,buyer_1945,0,46,purchase_100274,26.05.2026 14:53,home,0,refund_req_300274,"111,43",REJECT,damaged_item
"1.757,63",agent_902,buyer_9904,1,9,purchase_104779,12.06.2026 22:22,luxury,0,refund_req_304779,"1.686,33",approve,changed_mind
"400,52",agent_024,buyer_1995,0,44,purchase_102315,08.04.2026 22:13,fashion,0,refund_req_302315,"116,91",reject,item_not_as_described
"1.726,84",agent_901,buyer_9901,1,7,purchase_104804,26.05.2026 02:18,appliances,0,refund_req_304804,"1.504,47",approve, damaged_item 
"434,88",agent_020,buyer_0177,0,,purchase_102646,11.06.2026 09:10,home,1,refund_req_302646,"229,02",reject,
"1.240,06",agent_702,buyer_0451,0,30,purchase_104501,11.05.2026 15:23,clothing,0,refund_req_304501,"853,78",approve,wrong_size
"1.898,11",agent_010,buyer_1121,0,,purchase_103491,16.05.2026 12:54,electronics,0,refund_req_303491,"1.898,11",approve,damaged_item
"259,69",agent_101,buyer_0777,0,5,purchase_103709,18.06.2026 12:01,sports,1,refund_req_303709,"141,57",approve,item_not_as_described
"981,23",agent_702,buyer_0762,0,7,purchase_104348,16.05.2026 15:31,electronics,1,refund_req_304348,"949,39",approve,damaged_item
"2.718,06",agent_029,buyer_1672,0,10,purchase_103042,25.05.2026 09:30,luxury,0,refund_req_303042,"2.394,46",approve,item_not_as_described
"1.122,81",agent_028,buyer_0084,0,29,purchase_101347,24.04.2026 21:45,luxury,1,refund_req_301347,"941,40",approve,changed_mind
"1.098,48",agent_025,buyer_0548,0,48,purchase_101875,13.06.2026 16:43,Sports,0,refund_req_301875,"376,08",approve,wrong_size
"1.180,44",agent_026,buyer_0101,0,52,purchase_103330,03.06.2026 17:36,appliances,0,refund_req_303330,"1.180,44",approve,missing_part
"2.110,87",agent_003,buyer_0586,0,25,purchase_103190,18.04.2026 16:47,electronics,0,refund_req_303190,"1.744,77",  approve  ,  not_working  
"369,67",agent_017,buyer_1520,0,103,purchase_101725,20.06.2026 10:31,  home  ,0,refund_req_301725,"116,98",approve,missing_part
"109,80",agent_004,buyer_0085,0,76,purchase_100531,15.05.2026 13:02,beauty,1,refund_req_300531,"53,43",approve,changed_mind
"35,26",agent_802,buyer_8002,0,22,purchase_104745,14.04.2026 20:55,beauty,0,refund_req_304745,"27,47",approve,changed_mind
"426,01",agent_703,buyer_1413,0,12,purchase_104466,02.04.2026 11:59,fashion,1,refund_req_304466,"250,54",approve,item_not_as_described
"567,62",agent_101,buyer_9007,0,20,purchase_104216,04.06.2026 13:19,fashion,0,refund_req_304216,"339,29",approve,item_not_as_described
"78,70",agent_027,buyer_1271,0,,purchase_100199,09.05.2026 18:56,books,1,refund_req_300199,"38,26",approve,changed_mind
"153,26",agent_803,buyer_8003,0,24,purchase_104743,30.04.2026 04:55,beauty,1,refund_req_304743,"129,51",approve,changed_mind
"1.227,29",agent_021,buyer_1853,0,77,purchase_101787,10.05.2026 21:01,electronics,1,refund_req_301787,"544,02",approve,missing_accessory
"133,23",agent_020,buyer_1938,0,,purchase_101901,03.04.2026 23:37,home,1,refund_req_301901,"102,00",approve,
"647,46",agent_027,buyer_1663,0,,purchase_100501,06.06.2026 23:38,FASHION,0,refund_req_300501,"145,08",approve,
"1.119,94",agent_014,buyer_0713,1,4,purchase_103951,22.05.2026 08:32,electronics,0,refund_req_303951,"765,17",approve,not_working
"1.202,59",agent_803,buyer_8003,0,15,purchase_104641,30.05.2026 00:26,electronics,1,refund_req_304641,"1.027,28",approve,item_not_as_described
"2.696,91",agent_027,buyer_1922,0,34,purchase_103101,26.04.2026 19:21,luxury,0,refund_req_303101,"2.116,88",approve,item_not_as_described
"150,90",agent_023,buyer_0828,0,121,purchase_100630,22.05.2026 14:44,  home  ,0,refund_req_300630,"83,58",reject,item_not_as_described
"2.991,74",agent_102,buyer_0613,0,18,purchase_103059,01.04.2026 22:42,luxury,0,refund_req_303059,"2.285,11",approve,damaged_item
"944,45",agent_022,buyer_1007,0,82,purchase_100557,14.04.2026 13:45,electronics,1,refund_req_300557,"509,75",reject,item_not_as_described
"1.557,50",agent_018,buyer_1048,0,52,purchase_101028,12.05.2026 12:31,appliances,0,refund_req_301028,"474,88",approve,not_working
"56,68",agent_008,buyer_0247,0,79,purchase_100781,07.04.2026 20:58,  home  ,0,refund_req_300781,"47,82",reject,item_not_as_described
"23,23",agent_703,buyer_0531,0,8,purchase_104439,01.06.2026 14:07,books,1,refund_req_304439,"14,30",approve,wrong_item_received
"426,57",agent_015,buyer_1948,0,53,purchase_101210,09.05.2026 22:37,sports,1,refund_req_301210,"268,75",approve,damaged_item
"1.237,66",agent_011,buyer_1295,0,70,purchase_102015,02.06.2026 05:05,books,,refund_req_302015,"503,59",Approve,wrong_item_received
"36,08",agent_003,buyer_1417,0,51,purchase_101230,17.06.2026 01:31,books,1,refund_req_301230,"19,34",approve,damaged_item
"148,27",agent_011,buyer_0168,0,49,purchase_100664,22.04.2026 19:14,beauty,0,refund_req_300664,"125,09",approve,allergic_reaction
"1.047,23",agent_011,buyer_0026,0,21,purchase_103137,23.04.2026 17:03,  electronics  ,0,refund_req_303137,"872,47",approve,not_working
"449,97",agent_011,buyer_9001,0,61,purchase_104210,03.06.2026 03:21,fashion,1,refund_req_304210,"284,55",approve,wrong_size
"1.499,19",agent_015,buyer_0679,1,7,purchase_103862,13.05.2026 07:00,appliances,0,refund_req_303862,"1.191,72",approve,not_working
"1.272,96",agent_102,buyer_9004,0,20,purchase_104317,09.04.2026 17:57,clothing,0,refund_req_304317,"1.174,14",approve, wrong_size 
"187,31",agent_017,buyer_0372,0,41,purchase_101215,07.06.2026 00:45,clothing,0,refund_req_301215,"84,72",reject,  wrong_size  
"234,51",agent_022,buyer_0205,0,72,purchase_100898,19.04.2026 08:57,sports,1,refund_req_300898,"148,68",approve,wrong_size
"231,84",agent_007,buyer_0127,0,60,purchase_102929,08.05.2026 14:14,clothing,0,refund_req_302929,"79,18",approve,item_not_as_described
"41,83",agent_008,buyer_0201,0,,purchase_100513,26.05.2026 12:56,books,1,refund_req_300513,"13,80",reject,changed_mind
"1.798,08",agent_018,buyer_9004,0,52,purchase_104181,07.06.2026 02:12,appliances,,refund_req_304181,"1.083,79",approve,missing_part
"616,64",agent_029,buyer_0074,0,29,purchase_100874,30.04.2026 07:36,electronics,0,refund_req_300874,"336,61",approve,
"145,88",agent_023,buyer_0334,0,96,purchase_102536,28.05.2026 05:42,beauty,1,refund_req_302536,"81,58",approve,changed_mind
"77,45",agent_017,buyer_0359,0,60,purchase_101504,07.04.2026 09:04,sports,0,refund_req_301504,"43,56",Reject,damaged_item
"33,15",agent_019,buyer_0743,0,61,purchase_101036,21.04.2026 07:43,books,1,refund_req_301036,"22,05",approve,changed_mind
"609,94",agent_021,buyer_0389,0,66,purchase_100708,02.04.2026 21:43,fashion,1,refund_req_300708,"278,62",approve,wrong_size
"1.533,81",agent_702,buyer_0357,0,32,purchase_104510,21.04.2026 11:22,appliances,0,refund_req_304510,"1.186,86",approve,not_working
"1.410,00",agent_028,buyer_0597,0,81,purchase_102820,11.06.2026 01:16,electronics,,refund_req_302820,"721,19",approve,damaged_item
"1.351,82",agent_901,buyer_9903,1,5,purchase_104802,05.05.2026 22:35,electronics,0,refund_req_304802,"1.277,73",Approve,not_working
"1.492,24",agent_902,buyer_9904,1,5,purchase_104791,24.04.2026 16:34,electronics,0,refund_req_304791,"1.329,29",approve,not_working
"2.999,63",agent_013,buyer_0490,0,13,purchase_103063,14.04.2026 11:49,luxury,0,refund_req_303063,"2.661,47",approve,item_not_as_described
"1.295,55",agent_014,buyer_0447,1,45,purchase_103097,06.04.2026 10:02,luxury,0,refund_req_303097,"1.117,69",approve,item_not_as_described
"67,10",agent_022,buyer_1437,0,50,purchase_100372,23.05.2026 06:59,BEAUTY,1,refund_req_300372,"55,09",approve,damaged_item
"49,49",agent_012,buyer_0171,0,40,purchase_100826,03.05.2026 07:53,books,0,refund_req_300826,"18,35",reject,changed_mind
"1.096,20",agent_002,buyer_0262,0,38,purchase_103255,10.05.2026 07:42,appliances,0,refund_req_303255,"1.096,20",approve,damaged_item
"2.508,16",agent_019,buyer_1153,0,46,purchase_103458,12.04.2026 00:20,luxury,0,refund_req_303458,"2.508,16",approve,damaged_item
"1.360,34",agent_901,buyer_9902,1,6,purchase_104888,29.04.2026 04:28, luxury ,0,refund_req_304888,"1.332,42",approve,changed_mind
"1.647,98",agent_010,buyer_1804,1,14,purchase_103970,05.06.2026 22:44,luxury,0,refund_req_303970,"1.580,37",approve,damaged_item
"2.149,86",agent_012,buyer_1594,1,54,purchase_103421,25.05.2026 03:24,electronics,0,refund_req_303421,"2.149,86", approve ,damaged_item
"889,43",agent_021,buyer_0906,0,47,purchase_100062,21.06.2026 04:46, luxury ,0,refund_req_300062,"495,41",reject,
"426,92",agent_001,buyer_0239,0,40,purchase_100614,09.05.2026 03:26,appliances,0,refund_req_300614,"280,35",reject,damaged_item
"63,16",agent_025,buyer_0599,0,40,purchase_101203,18.04.2026 19:21,books,1,refund_req_301203,"49,15",approve,damaged_item
"55,26",agent_027,buyer_1179,0,45,purchase_100937,01.05.2026 23:11,beauty,0,refund_req_300937,"19,78",reject,damaged_item
"699,59",agent_030,buyer_0695,0,49,purchase_100595,03.06.2026 17:35,luxury,1,refund_req_300595,"284,21",approve,item_not_as_described
"744,80",agent_025,buyer_0922,0,38,purchase_100642,21.05.2026 19:34,luxury,0,refund_req_300642,"501,33",approve,damaged_item
"1.028,34",agent_016,buyer_1782,0,85,purchase_102148,09.06.2026 10:17,clothing,0,refund_req_302148,"224,44",reject,changed_mind
"411,33",agent_017,buyer_9002,1,34,purchase_104203,21.05.2026 19:50,sports,0,refund_req_304203,"211,06",approve,damaged_item
"1.723,73",agent_003,buyer_0094,0,67,purchase_100140,09.05.2026 05:54,electronics,1,refund_req_300140,"641,27",approve,not_working
"971,55",agent_902,buyer_9905,1,1,purchase_104797,05.04.2026 09:41,luxury,0,refund_req_304797,"874,44", approve ,damaged_item
"1.179,88",agent_703,buyer_1485,0,8,purchase_104385,28.04.2026 02:50,home,1,refund_req_304385,"1.131,70",approve,damaged_item
"1.926,59",agent_030,buyer_0258,0,64,purchase_103266,19.06.2026 17:58,electronics,1,refund_req_303266,"1.926,59",approve,item_not_as_described
"293,18",agent_103,buyer_0363,0,4,purchase_103742,06.04.2026 18:00,fashion,1,refund_req_303742,"259,60",approve,changed_mind
"243,23",agent_010,buyer_0291,0,82,purchase_101197,05.04.2026 00:15,clothing,1,refund_req_301197,"188,94",reject,item_not_as_described
"2.562,32",agent_027,buyer_0476,0,59,purchase_102054,12.06.2026 10:15,luxury,0,refund_req_302054,"665,88",approve,changed_mind
"117,13",agent_021,buyer_0499,1,46,purchase_102113,25.04.2026 03:51,beauty,1,refund_req_302113,"60,69",approve,allergic_reaction
"118,23",agent_020,buyer_1864,0,66,purchase_102022,05.04.2026 12:39,home,1,refund_req_302022,"57,40",approve, item_not_as_described 
"650,69",agent_027,buyer_1484,0,87,purchase_102961,11.05.2026 07:07,luxury,,refund_req_302961,"365,09",approve,damaged_item
"1.674,85",agent_901,buyer_9902,1,2,purchase_104876,12.04.2026 21:08,luxury,0,refund_req_304876,"1.611,05",approve,item_not_as_described
"19,98",agent_027,buyer_1272,0,50,purchase_101179,26.04.2026 04:23,books,0,refund_req_301179,"7,54",approve,changed_mind
"439,72",agent_011,buyer_0295,0,42,purchase_100968,19.04.2026 21:45,sports,0,refund_req_300968,"115,21",approve,damaged_item
"69,69",agent_025,buyer_1861,0,,purchase_102123,19.04.2026 16:51,books,0,refund_req_302123,"39,51",approve,changed_mind
"1.099,69",agent_011,buyer_0485,0,46,purchase_101789,04.05.2026 16:01,clothing,1,refund_req_301789,"751,41",approve,item_not_as_described
"401,71",agent_007,buyer_9004,0,44,purchase_104117,13.05.2026 14:32,sports,,refund_req_304117,"271,14",approve,item_not_as_described
"160,68",agent_101,buyer_0943,0,5,purchase_103787,09.06.2026 13:47,beauty,1,refund_req_303787,"83,81",approve,allergic_reaction
"1.122,21",agent_009,buyer_1111,0,39,purchase_103294,20.05.2026 22:41,appliances,1,refund_req_303294,"1.122,21",approve,missing_part
"70,33",agent_007,buyer_0788,0,70,purchase_100074,06.05.2026 08:16,sports,1,refund_req_300074,"31,50",  approve  ,item_not_as_described
"2.981,66",agent_902,buyer_9905,1,3,purchase_104931,02.05.2026 21:21,luxury,0,refund_req_304931,"2.730,13",approve,damaged_item
"226,60",agent_029,buyer_9004,0,47,purchase_104253,20.04.2026 20:08,fashion,0,refund_req_304253,"122,01",approve,item_not_as_described
"121,42",agent_024,buyer_0714,0,64,purchase_101110,19.06.2026 22:56,beauty,0,refund_req_301110,"68,01", reject ,changed_mind
"94,32",agent_015,buyer_1278,0,50,purchase_100675,01.04.2026 20:23,  beauty  ,0,refund_req_300675,"65,97",reject,damaged_item
"46,30",agent_013,buyer_1543,0,67,purchase_101647,09.04.2026 23:53, Sports ,1,refund_req_301647,"35,93",approve,damaged_item
"841,27",agent_020,buyer_0477,0,102,purchase_102177,26.05.2026 00:20,appliances,0,refund_req_302177,"640,45",reject,not_working
"1.183,22",agent_901,buyer_9902,1,6,purchase_104848,26.05.2026 14:53,appliances,0,refund_req_304848,"1.155,89",approve,missing_part
"218,43",agent_103,buyer_9006,0,10,purchase_104175,14.05.2026 06:44,sports,0,refund_req_304175,"140,52",APPROVE,wrong_size
"100,96",agent_101,buyer_0257,0,1,purchase_103580,13.05.2026 00:23,clothing,1,refund_req_303580,"98,71",  approve  ,wrong_size
"72,79",agent_003,buyer_0787,0,62,purchase_101566,14.05.2026 03:12,clothing,1,refund_req_301566,"21,00", reject ,item_not_as_described
"102,97",agent_014,buyer_0909,0,62,purchase_102338,29.04.2026 17:09, home ,1,refund_req_302338,"70,67",approve,missing_part
"2.487,84",agent_102,buyer_1422,0,1,purchase_103689,15.06.2026 12:06,luxury,0,refund_req_303689,"1.781,95",approve,changed_mind
"286,04",agent_016,buyer_1556,0,74,purchase_100800,21.06.2026 02:33,home,1,refund_req_300800,"87,54",approve,damaged_item
"173,94",agent_004,buyer_0170,0,48,purchase_100752,15.06.2026 14:10,clothing,1,refund_req_300752,"137,50",approve,item_not_as_described
"1.035,25",agent_017,buyer_1980,0,101,purchase_102376,28.04.2026 23:10,beauty,1,refund_req_302376,"246,04",approve,changed_mind
"1.488,28",agent_023,buyer_1804,0,86,purchase_102168,03.04.2026 18:54,electronics,1,refund_req_302168,"317,77", Approve ,missing_accessory
"68,54",agent_009,buyer_0914,0,92,purchase_101100,12.05.2026 21:41,beauty,0,refund_req_301100,"44,85",approve,allergic_reaction
"1.358,72",agent_101,buyer_1942,1,6,purchase_103981,26.04.2026 07:05,luxury,0,refund_req_303981,"1.341,26",approve,item_not_as_described
"49,45",agent_003,buyer_1029,0,59,purchase_102763,15.05.2026 23:48,fashion,1,refund_req_302763,"11,26",approve,changed_mind
"198,78",agent_015,buyer_0081,0,59,purchase_101698,17.05.2026 01:45,home,0,refund_req_301698,"117,52",approve,damaged_item
"359,20",agent_003,buyer_1276,0,58,purchase_102787,15.05.2026 03:40,home,0,refund_req_302787,"117,91",APPROVE,missing_part
"1.135,05",agent_025,buyer_1735,0,36,purchase_102311,08.05.2026 11:05,beauty,,refund_req_302311,"908,53",approve,allergic_reaction
"397,09",agent_008,buyer_0415,0,66,purchase_101222,06.05.2026 03:59,electronics,,refund_req_301222,"260,47",approve,not_working
"1.091,11",agent_022,buyer_0194,0,37,purchase_103284,24.05.2026 12:21,appliances,0,refund_req_303284,"1.091,11",approve,not_working
"1.182,65",agent_009,buyer_1841,0,66,purchase_100403,12.05.2026 23:59, home ,1,refund_req_300403,"666,26",approve,item_not_as_described
"2.172,37",agent_010,buyer_1860,1,23,purchase_103822,23.05.2026 19:33,electronics,1,refund_req_303822,"2.167,77",approve,missing_accessory
"1.027,52",agent_005,buyer_1303,0,100,purchase_100897,01.06.2026 17:53,appliances,1,refund_req_300897,"702,81",approve,missing_part
"598,38",agent_029,buyer_1271,0,,purchase_101922,18.05.2026 21:43,fashion,0,refund_req_301922,"340,75",reject,wrong_size
"135,20",agent_022,buyer_0766,0,63,purchase_100423,02.04.2026 19:43,beauty,1,refund_req_300423,"34,58",reject,changed_mind
"2.724,76",agent_024,buyer_1483,1,7,purchase_103909,18.05.2026 20:01,luxury,0,refund_req_303909,"2.678,74",approve,item_not_as_described
"38,65",agent_025,buyer_1537,1,50,purchase_101559,03.06.2026 03:26,books,1,refund_req_301559,"21,98",approve,wrong_item_received
"1.981,17",agent_023,buyer_0991,0,40,purchase_103463,09.05.2026 07:37,luxury,1,refund_req_303463,"1.981,17",Approve, item_not_as_described 
"243,98",agent_029,buyer_0016,0,40,purchase_100944,13.04.2026 15:55,home,1,refund_req_300944,"151,78",approve,
"1.741,15",agent_023,buyer_9004,0,27,purchase_104277,06.05.2026 04:27,luxury,0,refund_req_304277,"944,02",approve,item_not_as_described
"1.525,25",agent_005,buyer_1650,1,23,purchase_103214,27.04.2026 07:07,electronics,0,refund_req_303214,"1.344,59",approve,
"1.491,18",agent_703,buyer_0691,0,18,purchase_104367,02.05.2026 14:22,electronics,0,refund_req_304367,"1.335,14",approve,missing_accessory
"803,15",agent_016,buyer_0039,0,79,purchase_100923,06.04.2026 02:29,appliances,1,refund_req_300923,"183,82",approve,damaged_item
"2.801,39",agent_023,buyer_0670,0,29,purchase_103115,25.05.2026 13:38,luxury,0,refund_req_303115,"1.696,91",approve,changed_mind
"834,01",agent_006,buyer_1522,0,81,purchase_102037,04.05.2026 02:45,electronics,0,refund_req_302037,"561,78",reject,missing_accessory
"1.388,18",agent_902,buyer_9904,1,9,purchase_104917,18.04.2026 11:13,luxury,0,refund_req_304917,"1.281,61",approve,damaged_item
"837,42",agent_701,buyer_0049,0,16,purchase_104431,24.05.2026 19:27,appliances,0,refund_req_304431,"658,77",approve,missing_part
"515,96",agent_012,buyer_0263,0,40,purchase_100137,17.04.2026 01:41,fashion,0,refund_req_300137,"317,76",approve,changed_mind
"1.229,42",agent_014,buyer_1414,0,41,purchase_101131,21.06.2026 07:38,sports,1,refund_req_301131,"547,26",reject,damaged_item
"591,92",agent_003,buyer_1482,0,39,purchase_100304,23.04.2026 09:20,fashion,0,refund_req_300304,"366,29",approve,changed_mind
"1.659,02",agent_015,buyer_1777,0,102,purchase_101067,16.04.2026 11:10,electronics,1,refund_req_301067,"742,03",approve,damaged_item
"1.086,03",agent_013,buyer_1924,0,40,purchase_103519,29.05.2026 15:29,fashion,,refund_req_303519,"1.086,03",approve,changed_mind
"206,29",agent_017,buyer_1045,0,44,purchase_100103,03.05.2026 14:44,clothing,0,refund_req_300103,"88,34",reject,wrong_size
"1.527,42",agent_009,buyer_0382,0,11,purchase_103135,07.04.2026 05:16,electronics,0,refund_req_303135,"1.201,41",approve,not_working
"2.103,89",agent_902,buyer_9905,1,3,purchase_104927,16.06.2026 05:22,luxury,0,refund_req_304927,"2.063,55",approve,item_not_as_described
"105,30",agent_703,buyer_1458,1,8,purchase_104538,05.04.2026 05:17,Home,1,refund_req_304538,"42,80",approve,damaged_item
"85,19",agent_103,buyer_1049,0,5,purchase_103574,02.04.2026 13:22, books ,1,refund_req_303574,"73,61",approve,wrong_item_received
"912,35",agent_001,buyer_0520,0,44,purchase_100594,23.04.2026 01:11,electronics,1,refund_req_300594,"762,17",APPROVE,not_working
"235,45",agent_803,buyer_8003,0,13,purchase_104635,16.06.2026 17:53,fashion,0,refund_req_304635,"212,49",approve,item_not_as_described
"42,01",agent_011,buyer_1614,0,69,purchase_102715,02.06.2026 15:24,books,1,refund_req_302715,"20,29",approve,wrong_item_received
"1.452,14",agent_021,buyer_0277,1,20,purchase_103959,27.04.2026 22:05,Electronics,0,refund_req_303959,"1.410,15",approve,item_not_as_described
"2.745,51",agent_014,buyer_1517,0,41,purchase_103033,19.04.2026 16:49,luxury,0,refund_req_303033,"1.752,54",approve,changed_mind
"561,80",agent_101,buyer_0123,0,4,purchase_103578,23.04.2026 12:53,appliances,1,refund_req_303578,"387,66",approve,damaged_item
"137,64",agent_029,buyer_9007,0,43,purchase_104288,18.04.2026 03:40,fashion,1,refund_req_304288,"90,18",approve,
"22,38",agent_008,buyer_1364,1,68,purchase_100262,13.06.2026 21:21,books,1,refund_req_300262,"8,94",approve,changed_mind
"1.257,07",agent_014,buyer_1618,0,64,purchase_101243,19.04.2026 10:38,luxury,1,refund_req_301243,"268,34",Approve,changed_mind
"1.195,61",agent_701,buyer_0197,0,9,purchase_104374,05.05.2026 01:54,appliances,1,refund_req_304374,"579,08",approve,damaged_item
"935,39",agent_024,buyer_1455,1,24,purchase_103942,09.04.2026 09:13,electronics,0,refund_req_303942,"920,57",approve,damaged_item
"476,89",agent_004,buyer_1946,0,104,purchase_101673,20.04.2026 22:51,home,1,refund_req_301673,"210,73",approve,damaged_item
"215,44",agent_701,buyer_0903,0,,purchase_104353,20.04.2026 10:28,clothing,1,refund_req_304353,"137,93",approve,item_not_as_described
"124,72",agent_004,buyer_1155,0,50,purchase_101997,10.05.2026 10:16, beauty ,1,refund_req_301997,"63,14",approve,changed_mind
"2.195,55",agent_011,buyer_0467,0,77,purchase_101503,22.04.2026 20:34,luxury,0,refund_req_301503,"1.480,18",reject,  changed_mind  
"142,52",agent_026,buyer_0945,0,79,purchase_101531,19.04.2026 00:39,clothing,1,refund_req_301531,"118,50",approve,changed_mind
"1.690,02",agent_026,buyer_1966,1,44,purchase_101612,20.04.2026 21:31,LUXURY,0,refund_req_301612,"512,00",reject,item_not_as_described
"1.252,67",agent_023,buyer_0015,0,119,purchase_101736,08.05.2026 23:22,electronics,0,refund_req_301736,"1.044,76",reject,item_not_as_described
"44,66",agent_027,buyer_0766,0,84,purchase_100863,26.05.2026 15:43,clothing,1,refund_req_300863,"15,43",reject,changed_mind
"773,99",agent_027,buyer_1747,0,79,purchase_102092,08.06.2026 04:12,electronics,0,refund_req_302092,"315,13",reject,damaged_item
"575,86",agent_020,buyer_1829,0,63,purchase_102541,06.04.2026 19:07,home,1,refund_req_302541,"238,12",reject,item_not_as_described
"942,93",agent_016,buyer_1174,0,38,purchase_103477,13.05.2026 21:27,fashion,1,refund_req_303477,"942,93",approve,changed_mind
"112,48",agent_005,buyer_9002,0,9,purchase_104251,17.06.2026 04:51,beauty,0,refund_req_304251,"61,77",approve,changed_mind
"55,59",agent_015,buyer_9003,0,16,purchase_104244,30.05.2026 00:11,sports,,refund_req_304244,"39,00",APPROVE,item_not_as_described
"142,94",agent_009,buyer_1601,0,33,purchase_102212,09.05.2026 06:11, beauty ,,refund_req_302212,"114,04", approve ,changed_mind
"402,84",agent_701,buyer_1358,0,9,purchase_104464,16.06.2026 22:32,fashion,1,refund_req_304464,"368,10",approve,item_not_as_described
"412,01",agent_022,buyer_0871,0,76,purchase_100804,18.05.2026 17:03,home,1,refund_req_300804,"163,16",reject,damaged_item
"223,06",agent_022,buyer_1955,0,67,purchase_100955,10.06.2026 00:25,fashion,1,refund_req_300955,"78,23",  approve  ,item_not_as_described
"16,66",agent_103,buyer_0898,0,4,purchase_103756,21.04.2026 03:32,books,1,refund_req_303756,"9,36",approve,  damaged_item  
"1.076,19",agent_023,buyer_1719,0,20,purchase_103269,18.04.2026 21:12,fashion,1,refund_req_303269,"1.076,19",approve,changed_mind
"1.211,11",agent_015,buyer_9002,0,51,purchase_104123,15.06.2026 07:19,books,1,refund_req_304123,"1.073,99",approve, wrong_item_received 
"116,50",agent_012,buyer_0839,0,88,purchase_102609,30.05.2026 08:57,clothing,1,refund_req_302609,"76,71",approve,
"143,16",agent_005,buyer_201,0,,purchase_1002,01.06.2026 09:22,sports,1,refund_req_3002,"131,27",approve,
"334,34",agent_020,buyer_1644,0,,purchase_102262,05.04.2026 18:55,electronics,1,refund_req_302262,"174,44",approve,not_working
"1.219,78",agent_701,buyer_1015,0,33,purchase_104350,13.05.2026 19:00,fashion,1,refund_req_304350,"1.215,64",approve,wrong_size
"394,71",agent_018,buyer_1748,1,56,purchase_100597,21.04.2026 23:56,home,1,refund_req_300597,"191,83",approve,damaged_item
"112,07",agent_018,buyer_1517,0,40,purchase_100894,03.06.2026 05:17,home,1,refund_req_300894,"87,61",reject,item_not_as_described
"107,39",agent_028,buyer_1925,0,73,purchase_101409,11.06.2026 19:04,beauty,0,refund_req_301409,"48,79",approve,damaged_item
"24,09",agent_004,buyer_0779,0,104,purchase_101319,14.05.2026 00:49,books,1,refund_req_301319,"8,65",approve,damaged_item
"2.420,74",agent_015,buyer_0202,0,,purchase_101044,26.04.2026 11:24,luxury,1,refund_req_301044,"985,87",approve,item_not_as_described
"323,44",agent_028,buyer_0064,0,51,purchase_100475,24.04.2026 00:12,sports,1,refund_req_300475,"147,58",approve,damaged_item
"1.684,28",agent_028,buyer_0876,0,60,purchase_100925,08.06.2026 23:49,appliances,0,refund_req_300925,"1.160,57",reject,missing_part
"76,32",agent_001,buyer_1827,0,84,purchase_100296,15.05.2026 18:39,books,1,refund_req_300296,"24,72",approve,wrong_item_received
"405,36",agent_020,buyer_0314,0,97,purchase_100104,13.06.2026 05:56,home,0,refund_req_300104,"127,75",reject,item_not_as_described
"406,85",agent_026,buyer_0818,0,80,purchase_101941,21.04.2026 13:00,home,1,refund_req_301941,"110,84",REJECT,missing_part
"104,67",agent_024,buyer_1384,1,40,purchase_101348,31.05.2026 20:52,beauty,0,refund_req_301348,"33,65",approve, changed_mind 
"1.763,30",agent_014,buyer_0092,0,,purchase_102811,15.06.2026 23:45,luxury,1,refund_req_302811,"1.134,40",approve,changed_mind
"1.472,85",agent_008,buyer_0466,1,7,purchase_103854,24.05.2026 14:35,appliances,0,refund_req_303854,"1.443,10",approve,missing_part
"913,34",agent_003,buyer_1996,0,61,purchase_100667,08.04.2026 18:17,clothing,1,refund_req_300667,"368,65",reject,wrong_size
"919,78",agent_702,buyer_0993,0,,purchase_104432,03.04.2026 17:35,beauty,1,refund_req_304432,"815,79",approve,damaged_item
"192,00",agent_005,buyer_0278,0,62,purchase_102048,07.04.2026 20:42,home,0,refund_req_302048,"42,33",Approve,item_not_as_described
"1.240,08",agent_018,buyer_0501,1,27,purchase_103943,10.04.2026 19:32, appliances ,0,refund_req_303943,"857,93",approve,not_working
"845,54",agent_005,buyer_1768,0,74,purchase_101950,21.06.2026 04:09,electronics,1,refund_req_301950,"616,88",approve,missing_accessory
"41,96",agent_029,buyer_0852,0,74,purchase_101881,09.04.2026 20:33,books,1,refund_req_301881,"21,14",approve,wrong_item_received
"1.775,06",agent_012,buyer_0822,0,41,purchase_103171,11.06.2026 22:19,appliances,0,refund_req_303171,"1.323,24",approve,not_working
"593,17",agent_026,buyer_1259,0,46,purchase_100573,01.05.2026 13:08,fashion,1,refund_req_300573,"478,99",REJECT,wrong_size
"236,08",agent_701,buyer_1508,0,26,purchase_104485,28.05.2026 14:01,  home  ,1,refund_req_304485,"103,50",approve,damaged_item
"1.625,37",agent_001,buyer_1126,0,34,purchase_102544,16.05.2026 06:30,appliances,1,refund_req_302544,"701,87",approve,not_working
"1.078,48",agent_901,buyer_9901,1,,purchase_104898,12.05.2026 15:51,appliances,0,refund_req_304898,"1.085,94",approve,
"1.155,52",agent_103,buyer_0490,0,23,purchase_103297,20.06.2026 07:21,electronics,0,refund_req_303297,"1.155,52",  approve  ,damaged_item
"88,23",agent_101,buyer_1291,0,5,purchase_103594,04.06.2026 08:04,beauty,0,refund_req_303594,"50,50",approve,allergic_reaction
"33,69",agent_022,buyer_1414,0,51,purchase_100490,28.05.2026 19:59,books,1,refund_req_300490,"6,97",approve,damaged_item
"1.109,59",agent_023,buyer_1652,0,,purchase_103506,16.05.2026 06:20,fashion,0,refund_req_303506,"1.109,59",  approve  ,  changed_mind  
"772,07",agent_102,buyer_1035,0,3,purchase_103681,12.04.2026 06:40,appliances,0,refund_req_303681,"752,13",approve,missing_part
"1.255,79",agent_102,buyer_0547,0,31,purchase_103407,16.06.2026 03:53,fashion,1,refund_req_303407,"1.255,79",approve,changed_mind
"167,87",agent_002,buyer_1273,0,100,purchase_101752,05.04.2026 04:02,clothing,,refund_req_301752,"44,35",reject,changed_mind
"55,53",agent_701,buyer_1300,0,28,purchase_104488,24.05.2026 19:41,beauty,0,refund_req_304488,"52,16",approve,changed_mind
"2.035,94",agent_802,buyer_8002,0,24,purchase_104709,07.04.2026 20:49,electronics,0,refund_req_304709,"1.292,09",approve,missing_accessory
"1.937,52",agent_005,buyer_1341,1,28,purchase_103915,13.05.2026 23:27,electronics,,refund_req_303915,"1.737,10",approve,damaged_item
"1.491,90",agent_009,buyer_1861,0,23,purchase_100784,10.06.2026 12:26,Luxury,1,refund_req_300784,"543,01",approve,item_not_as_described
"1.285,59",agent_902,buyer_9905,1,2,purchase_104919,10.05.2026 23:41,electronics,0,refund_req_304919,"1.212,91",approve,missing_accessory
"1.978,44",agent_019,buyer_1990,0,56,purchase_102689,10.06.2026 15:20,luxury,1,refund_req_302689,"1.251,95",approve,damaged_item
"51,10",agent_001,buyer_0888,0,35,purchase_101312,07.05.2026 12:48,sports,1,refund_req_301312,"39,75",approve,damaged_item
"1.920,66",agent_028,buyer_0127,0,16,purchase_103061,10.05.2026 22:09,electronics,0,refund_req_303061,"1.337,68",approve,item_not_as_described
"120,26",agent_102,buyer_0897,0,1,purchase_103651,29.04.2026 15:07,beauty,0,refund_req_303651,"119,33",approve,changed_mind
"579,47",agent_025,buyer_1472,0,32,purchase_100821,14.05.2026 17:55,home,1,refund_req_300821,"310,36",approve,missing_part
"40,88",agent_005,buyer_1360,0,105,purchase_101686,29.04.2026 19:55,beauty,1,refund_req_301686,"32,09",reject,changed_mind
"1.250,53",agent_026,buyer_1350,0,57,purchase_100691,15.06.2026 08:47,luxury,0,refund_req_300691,"590,81",reject,damaged_item
"927,59",agent_005,buyer_0445,0,17,purchase_103441,07.06.2026 22:43,appliances,0,refund_req_303441,"927,59",approve,not_working
"166,16",agent_026,buyer_0218,0,55,purchase_100302,21.04.2026 09:20,clothing,0,refund_req_300302,"117,25",  reject  ,changed_mind
"1.169,52",agent_021,buyer_1015,0,79,purchase_102335,13.06.2026 19:06,appliances,1,refund_req_302335,"537,39",  APPROVE  ,damaged_item
"382,63",agent_007,buyer_0077,0,55,purchase_101648,22.04.2026 03:05,sports,0,refund_req_301648,"91,06",approve,damaged_item
"2.266,48",agent_012,buyer_1236,0,,purchase_103213,06.04.2026 17:47,luxury,0,refund_req_303213,"2.075,36",approve,item_not_as_described
"64,00",agent_005,buyer_0390,0,112,purchase_102519,02.06.2026 23:59,beauty,1,refund_req_302519,"35,06",Approve,damaged_item
"1.961,19",agent_024,buyer_1372,0,35,purchase_102983,16.04.2026 12:13,electronics,0,refund_req_302983,"1.561,48",approve,damaged_item
"1.125,74",agent_103,buyer_1712,0,1,purchase_103624,12.06.2026 01:59,electronics,1,refund_req_303624,"803,91",approve,missing_accessory
"2.276,96",agent_023,buyer_0522,0,118,purchase_102025,02.06.2026 17:08,luxury,1,refund_req_302025,"966,56",approve,changed_mind
"357,68",agent_016,buyer_0501,0,91,purchase_101676,10.05.2026 12:03,fashion,,refund_req_301676,"251,94",reject,changed_mind
"12,99",agent_002,buyer_1134,0,86,purchase_100931,09.06.2026 09:31,books,1,refund_req_300931,"8,63",approve,changed_mind
"521,06",agent_028,buyer_1886,0,64,purchase_101657,16.06.2026 09:22,fashion,1,refund_req_301657,"263,11", approve ,wrong_size
"368,25",agent_026,buyer_1888,0,56,purchase_101629,10.06.2026 06:42,luxury,0,refund_req_301629,"85,60",approve,changed_mind
"1.760,27",agent_025,buyer_0234,0,30,purchase_102162,06.04.2026 10:21,electronics,0,refund_req_302162,"1.023,39", approve ,not_working
"63,64",agent_014,buyer_0228,0,44,purchase_100098,01.04.2026 14:58,books,1,refund_req_300098,"32,86",reject,
"1.009,04",agent_025,buyer_1744,0,65,purchase_101672,11.04.2026 14:02,fashion,0,refund_req_301672,"552,33",reject,wrong_size
"1.865,55",agent_013,buyer_0406,0,65,purchase_101850,13.04.2026 03:19,luxury,1,refund_req_301850,"1.086,12",approve,  item_not_as_described  
"61,17",agent_702,buyer_0534,0,38,purchase_104456,22.04.2026 19:02,sports,1,refund_req_304456,"37,63",approve,wrong_size
"697,26",agent_007,buyer_1921,0,76,purchase_102021,17.05.2026 23:27, appliances ,,refund_req_302021,"238,54",approve,not_working
"204,44",agent_005,buyer_0997,0,74,purchase_101742,29.05.2026 11:57,sports,1,refund_req_301742,"164,95",approve,item_not_as_described
"1.517,67",agent_902,buyer_9905,1,5,purchase_104933,26.04.2026 08:48,appliances,0,refund_req_304933,"1.375,80",approve,damaged_item
"1.180,67",agent_019,buyer_0963,0,,purchase_101177,31.05.2026 04:34,luxury,1,refund_req_301177,"912,04", approve ,changed_mind
"1.170,29",agent_014,buyer_0922,0,,purchase_102274,03.04.2026 22:47,appliances,0,refund_req_302274,"430,48",approve, damaged_item 
"274,61",agent_020,buyer_0538,0,70,purchase_101893,13.04.2026 07:01,sports,1,refund_req_301893,"83,08",approve,item_not_as_described
"136,71",agent_011,buyer_0702,0,67,purchase_100829,20.04.2026 05:51,clothing,1,refund_req_300829,"89,75",approve,wrong_size
"1.105,46",agent_801,buyer_8001,0,7,purchase_104684,15.06.2026 15:21,beauty,1,refund_req_304684,"710,00",approve,changed_mind
"80,71",agent_016,buyer_0644,0,81,purchase_100200,19.05.2026 17:34,beauty,0,refund_req_300200,"32,88",reject,changed_mind
"108,67",agent_009,buyer_0969,0,78,purchase_102056,05.05.2026 21:26,clothing,0,refund_req_302056,"39,34",reject,wrong_size
"424,90",agent_022,buyer_0588,0,73,purchase_102289,29.05.2026 16:39,sports,1,refund_req_302289,"316,79",reject,damaged_item
"14,77",agent_006,buyer_1907,0,55,purchase_102108,03.04.2026 12:46,books,1,refund_req_302108,"9,10",reject,
"155,95",agent_004,buyer_0789,0,61,purchase_100025,17.05.2026 22:43,fashion,1,refund_req_300025,"35,69",approve,item_not_as_described
"521,13",agent_013,buyer_0208,0,35,purchase_100266,08.05.2026 08:41,fashion,1,refund_req_300266,"300,03",APPROVE,
"44,67",agent_020,buyer_0588,0,48,purchase_101447,01.04.2026 15:19,home,0,refund_req_301447,"32,84",approve,missing_part
"1.012,84",agent_027,buyer_0643,0,65,purchase_101976,08.05.2026 15:23,books,1,refund_req_301976,"664,86",approve,damaged_item
"89,71",agent_016,buyer_9003,0,44,purchase_104276,30.05.2026 19:51,  home  ,0,refund_req_304276,"79,32",approve,damaged_item
"1.043,10",agent_020,buyer_0321,0,90,purchase_102792,13.04.2026 21:07,luxury,1,refund_req_302792,"605,28",approve,damaged_item
"993,92",agent_001,buyer_0231,0,64,purchase_101198,01.06.2026 10:09,home,1,refund_req_301198,"760,71",approve,missing_part
"61,32",agent_016,buyer_1982,0,121,purchase_100659,21.05.2026 11:47,beauty,1,refund_req_300659,"48,32",reject,
"1.628,46",agent_015,buyer_1783,0,123,purchase_100733,02.05.2026 20:34,electronics,0,refund_req_300733,"1.265,61",approve,missing_accessory
"59,11",agent_102,buyer_1622,0,4,purchase_103673,15.05.2026 13:48,books,1,refund_req_303673,"40,93",approve,wrong_item_received
"1.416,15",agent_004,buyer_1750,0,24,purchase_102996,30.05.2026 09:03,appliances,0,refund_req_302996,"1.341,20",approve,not_working
"395,63",agent_802,buyer_8002,0,22,purchase_104652,14.06.2026 17:59,SPORTS,0,refund_req_304652,"293,68",approve,damaged_item
"347,60",agent_019,buyer_1137,0,70,purchase_102012,10.05.2026 04:44,home,0,refund_req_302012,"271,39",approve,item_not_as_described
"61,16",agent_021,buyer_0530,0,91,purchase_102215,29.04.2026 10:53,sports,1,refund_req_302215,"46,06",APPROVE,damaged_item
"781,97",agent_003,buyer_1018,0,35,purchase_100458,26.04.2026 11:09,appliances,1,refund_req_300458,"577,99",approve,not_working
"94,23",agent_004,buyer_1980,0,39,purchase_102784,20.05.2026 16:01,clothing,1,refund_req_302784,"71,53",approve,changed_mind
"23,79",agent_003,buyer_0549,0,55,purchase_101931,16.05.2026 02:35,books,1,refund_req_301931,"8,71",approve,damaged_item
"981,59",agent_002,buyer_0563,0,97,purchase_102343,01.05.2026 20:47,fashion,1,refund_req_302343,"776,92",approve,changed_mind
"1.467,93",agent_803,buyer_8003,0,23,purchase_104563,29.04.2026 00:38,electronics,0,refund_req_304563,"1.238,56",approve,
"219,23",agent_002,buyer_0155,0,72,purchase_102224,06.05.2026 20:48,clothing,1,refund_req_302224,"138,61",approve,changed_mind
"466,71",agent_013,buyer_1087,0,85,purchase_102247,03.06.2026 19:52,electronics,0,refund_req_302247,"107,71",approve,not_working
"1.016,26",agent_026,buyer_0211,1,18,purchase_103936,13.04.2026 09:27,electronics,0,refund_req_303936,"976,49",approve,not_working
"502,15",agent_018,buyer_0661,0,74,purchase_100545,14.06.2026 20:00,home,1,refund_req_300545,"324,00",approve,item_not_as_described
"2.241,24",agent_027,buyer_1104,1,11,purchase_103885,18.06.2026 10:08,luxury,0,refund_req_303885,"1.824,85",approve,item_not_as_described
"1.187,54",agent_008,buyer_9003,0,16,purchase_104252,25.04.2026 01:37,fashion,1,refund_req_304252,"964,48",approve,item_not_as_described
"357,84",agent_010,buyer_0945,0,65,purchase_102677,29.04.2026 02:48,sports,1,refund_req_302677,"233,71",approve,damaged_item
"62,92",agent_029,buyer_1412,0,,purchase_101129,30.04.2026 20:41,beauty,0,refund_req_301129,"49,57",approve,damaged_item
"1.451,69",agent_006,buyer_1114,0,80,purchase_102207,12.05.2026 00:14,luxury,,refund_req_302207,"478,87",approve,item_not_as_described
"1.962,31",agent_019,buyer_1309,0,,purchase_102061,04.06.2026 10:50,luxury,0,refund_req_302061,"1.526,92",approve,changed_mind
"40,88",agent_006,buyer_0685,0,48,purchase_102688,22.04.2026 21:51,beauty,0,refund_req_302688,"28,13",REJECT,allergic_reaction
"39,51",agent_028,buyer_1097,0,98,purchase_100680,02.06.2026 15:08,beauty,1,refund_req_300680,"14,25",approve,allergic_reaction
"994,80",agent_018,buyer_1312,0,,purchase_103509,05.06.2026 23:32,fashion,1,refund_req_303509,"994,80",approve,wrong_size
"198,78",agent_010,buyer_9007,0,64,purchase_104152,20.05.2026 14:50,sports,1,refund_req_304152,"132,40",approve,wrong_size
"1.698,02",agent_018,buyer_1387,0,70,purchase_102861,25.05.2026 16:54,appliances,,refund_req_302861,"711,91",reject,damaged_item
"175,59",agent_018,buyer_1092,0,63,purchase_102185,06.04.2026 08:08,clothing,1,refund_req_302185,"131,16",approve,wrong_size
"2.490,00",agent_018,buyer_1398,0,56,purchase_102785,21.06.2026 02:03,luxury,0,refund_req_302785,"528,71",approve,item_not_as_described
"1.029,65",agent_025,buyer_1132,0,25,purchase_101355,15.06.2026 11:38,appliances,1,refund_req_301355,"211,54",reject,not_working
"1.525,92",agent_014,buyer_0792,0,65,purchase_103326,08.06.2026 13:58,luxury,0,refund_req_303326,"1.525,92",approve,item_not_as_described
"30,04",agent_028,buyer_0173,0,96,purchase_101967,18.06.2026 05:14,books,1,refund_req_301967,"12,69",reject,damaged_item
"332,51",agent_103,buyer_1596,0,2,purchase_103654,13.06.2026 06:15,sports,1,refund_req_303654,"277,17",approve,item_not_as_described
"545,23",agent_103,buyer_0333,0,4,purchase_103613,15.06.2026 20:59,fashion,0,refund_req_303613,"296,56",approve,wrong_size
"858,88",agent_023,buyer_1698,0,64,purchase_102163,04.05.2026 23:59,appliances,1,refund_req_302163,"188,93",approve,missing_part
"1.422,00",agent_024,buyer_1713,0,94,purchase_101471,22.05.2026 16:52,electronics,0,refund_req_301471,"1.175,96",reject,not_working
"10,90",agent_026,buyer_9006,0,57,purchase_104231,12.05.2026 14:46,books,,refund_req_304231,"6,54",approve,damaged_item
"30,77",agent_007,buyer_0664,0,61,purchase_101779,08.05.2026 03:51,books,1,refund_req_301779,"14,38",approve,changed_mind
"297,38",agent_101,buyer_0823,0,5,purchase_103590,07.04.2026 09:57,sports,1,refund_req_303590,"223,91",approve,damaged_item
"78,66",agent_003,buyer_1333,0,40,purchase_101737,13.04.2026 20:57,beauty,1,refund_req_301737,"34,93",  approve  ,damaged_item
"417,76",agent_015,buyer_1959,0,112,purchase_100530,20.04.2026 13:30,sports,0,refund_req_300530,"276,84",approve,  item_not_as_described  
"1.279,52",agent_702,buyer_0377,1,36,purchase_104384,02.04.2026 17:37,books,1,refund_req_304384,"785,25",approve,wrong_item_received
"949,24",agent_005,buyer_404,0,38,purchase_1015,03.06.2026 11:01,appliances,0,refund_req_3015,"949,24",approve,damaged_item
"1.511,19",agent_023,buyer_1943,1,22,purchase_103829,07.04.2026 18:04,appliances,0,refund_req_303829,"1.260,11",approve,damaged_item
"30,26",agent_103,buyer_1452,0,3,purchase_103698,28.04.2026 08:20, books ,1,refund_req_303698,"17,91",approve,damaged_item
"1.440,05",agent_001,buyer_0014,1,,purchase_100186,26.05.2026 14:07,luxury,1,refund_req_300186,"303,67",approve,changed_mind
"299,10",agent_030,buyer_0263,0,37,purchase_101969,21.05.2026 21:42,home,0,refund_req_301969,"102,27",  reject  ,item_not_as_described
"1.422,66",agent_803,buyer_8003,0,6,purchase_104722,02.06.2026 00:00,electronics,0,refund_req_304722,"924,11",approve,
"29,00",agent_102,buyer_1311,0,3,purchase_103695,29.05.2026 19:03,books,1,refund_req_303695,"18,59",approve,changed_mind
"68,14",agent_009,buyer_1242,0,81,purchase_101330,13.04.2026 03:50,books,1,refund_req_301330,"47,81",approve,damaged_item
"413,91",agent_025,buyer_0163,1,42,purchase_102283,04.06.2026 20:35,  electronics  ,1,refund_req_302283,"230,56",approve,damaged_item
"1.557,04",agent_025,buyer_0056,0,75,purchase_101335,14.06.2026 10:46,electronics,1,refund_req_301335,"1.184,71",approve,
"203,84",agent_001,buyer_200,0,64,purchase_1001,01.06.2026 09:06,clothing,1,refund_req_3001,"199,57",approve,changed_mind
"2.099,05",agent_006,buyer_0669,1,24,purchase_103982,14.04.2026 17:03,luxury,0,refund_req_303982,"2.090,45",approve,
"1.828,94",agent_009,buyer_0861,0,25,purchase_103008,24.04.2026 15:02,luxury,0,refund_req_303008,"1.693,49",approve,changed_mind
"1.522,57",agent_027,buyer_0213,0,47,purchase_100334,04.04.2026 23:40,appliances,1,refund_req_300334,"1.174,08",approve,not_working
"118,56",agent_023,buyer_0197,0,45,purchase_101362,06.06.2026 14:56,fashion,1,refund_req_301362,"83,85",approve,  wrong_size  
"114,16",agent_025,buyer_0374,0,74,purchase_100812,02.04.2026 17:47,home,0,refund_req_300812,"61,97",reject,item_not_as_described
"324,98",agent_004,buyer_1391,0,48,purchase_101588,19.06.2026 21:54,home,0,refund_req_301588,"252,21",approve,item_not_as_described
"234,21",agent_030,buyer_1119,0,43,purchase_100479,20.04.2026 01:58,appliances,1,refund_req_300479,"52,61",approve,missing_part
"1.257,43",agent_010,buyer_1369,0,26,purchase_102997,26.04.2026 12:14,appliances,0,refund_req_302997,"814,35",approve,not_working
"88,30",agent_003,buyer_0596,0,48,purchase_100607,06.06.2026 22:35,fashion,0,refund_req_300607,"63,66",approve,item_not_as_described
"633,87",agent_019,buyer_0990,0,,purchase_101794,24.05.2026 20:54,fashion,,refund_req_301794,"178,50",approve,wrong_size
"619,92",agent_004,buyer_1370,0,77,purchase_100331,19.05.2026 11:52,  electronics  ,1,refund_req_300331,"382,78",reject,not_working
"120,89",agent_015,buyer_0126,0,123,purchase_101326,10.05.2026 07:26,sports,0,refund_req_301326,"34,75",approve,wrong_size
"152,58",agent_801,buyer_8001,0,15,purchase_104624,19.06.2026 19:13,beauty,1,refund_req_304624,"107,62",approve,changed_mind
"1.135,61",agent_016,buyer_1945,0,77,purchase_102458,28.05.2026 13:16,electronics,0,refund_req_302458,"835,44",reject,not_working
"405,69",agent_024,buyer_0389,0,53,purchase_101917,09.05.2026 09:41,fashion,1,refund_req_301917,"121,95",approve,wrong_size
"216,01",agent_015,buyer_0996,0,34,purchase_101868,31.05.2026 22:52,home,1,refund_req_301868,"82,65",approve,missing_part
"1.816,31",agent_014,buyer_0144,0,10,purchase_103089,29.04.2026 23:21,electronics,0,refund_req_303089,"1.618,84",approve,damaged_item
"112,05",agent_025,buyer_1406,0,48,purchase_102572,18.06.2026 13:00,beauty,0,refund_req_302572,"68,67",reject,allergic_reaction
"183,38",agent_001,buyer_1746,0,29,purchase_102466,08.04.2026 19:40,home,0,refund_req_302466,"43,54",reject,missing_part
"2.012,45",agent_024,buyer_1274,1,5,purchase_103842,22.05.2026 12:26,electronics,0,refund_req_303842,"1.620,79",approve,missing_accessory
"334,02",agent_013,buyer_0019,0,32,purchase_102328,29.04.2026 01:22,fashion,1,refund_req_302328,"194,71",APPROVE,wrong_size
"55,43",agent_022,buyer_1609,0,75,purchase_100749,23.04.2026 09:47,clothing,0,refund_req_300749,"45,33",APPROVE,wrong_size
"46,53",agent_030,buyer_0632,0,106,purchase_101229,19.04.2026 00:01,books,0,refund_req_301229,"24,06",reject,changed_mind
"238,37",agent_018,buyer_0615,0,51,purchase_101558,09.06.2026 20:15,CLOTHING,1,refund_req_301558,"195,71",reject,item_not_as_described
"41,07",agent_001,buyer_202,0,42,purchase_1003,01.06.2026 09:47,beauty,,refund_req_3003,"15,85",approve,changed_mind
"55,64",agent_801,buyer_8001,0,,purchase_104735,03.06.2026 02:08,fashion,1,refund_req_304735,"48,63",approve,changed_mind
"2.998,19",agent_902,buyer_9905,1,4,purchase_104861,31.05.2026 11:37,luxury,0,refund_req_304861,"3.042,41",approve,changed_mind
"1.982,16",agent_020,buyer_0841,1,27,purchase_103813,02.04.2026 06:06,electronics,0,refund_req_303813,"1.690,52",approve,damaged_item
"536,41",agent_003,buyer_0315,0,41,purchase_102738,07.04.2026 03:12,appliances,1,refund_req_302738,"390,67",approve,missing_part
"1.246,61",agent_004,buyer_1370,0,41,purchase_101122,16.05.2026 10:00,luxury,0,refund_req_301122,"545,64",approve,item_not_as_described
"444,92",agent_006,buyer_1810,0,72,purchase_101468,22.04.2026 11:36,sports,1,refund_req_301468,"279,95",approve,item_not_as_described
"1.876,83",agent_006,buyer_0396,1,20,purchase_103151,21.05.2026 02:13,electronics,0,refund_req_303151,"1.167,62",approve,missing_accessory
"332,14",agent_103,buyer_0468,0,2,purchase_103781,26.04.2026 08:16,fashion,0,refund_req_303781,"234,30",approve,wrong_size
"226,18",agent_023,buyer_9005,0,21,purchase_104222,06.06.2026 23:15,clothing,0,refund_req_304222,"175,61",approve,item_not_as_described
"1.532,93",agent_012,buyer_1012,1,9,purchase_103934,12.04.2026 02:11,appliances,0,refund_req_303934,"1.462,46",approve,  damaged_item  
"40,95",agent_024,buyer_9007,0,17,purchase_104200,11.06.2026 16:53,books,1,refund_req_304200,"30,90",approve, changed_mind 
"25,67",agent_001,buyer_0345,0,,purchase_100727,22.04.2026 14:01,sports,1,refund_req_300727,"6,30",approve,item_not_as_described
"137,42",agent_019,buyer_1354,0,65,purchase_100928,02.06.2026 05:46,sports,1,refund_req_300928,"43,45",approve,damaged_item
"1.209,23",agent_018,buyer_1149,1,25,purchase_104050,03.05.2026 23:42,appliances,1,refund_req_304050,"849,72",APPROVE,damaged_item
"62,21",agent_102,buyer_0076,1,2,purchase_103556,26.05.2026 16:55,sports,1,refund_req_303556,"44,09",  approve  ,damaged_item
"186,18",agent_015,buyer_0912,0,119,purchase_102352,18.06.2026 16:59,sports,0,refund_req_302352,"75,87",reject,
"100,46",agent_006,buyer_1647,0,67,purchase_100031,08.06.2026 03:04,beauty,0,refund_req_300031,"23,37",approve,
"145,90",agent_013,buyer_1895,0,75,purchase_102346,23.05.2026 23:10,beauty,1,refund_req_302346,"88,36",Approve,allergic_reaction
"2.141,95",agent_017,buyer_9003,0,24,purchase_104180,30.04.2026 07:21,electronics,0,refund_req_304180,"1.998,51",approve,missing_accessory
"1.298,06",agent_013,buyer_0377,0,48,purchase_102109,17.04.2026 08:54,appliances,1,refund_req_302109,"765,93",approve,damaged_item
"54,87",agent_022,buyer_1438,0,52,purchase_101470,11.04.2026 23:10,books,0,refund_req_301470,"32,21",reject,damaged_item
"1.041,37",agent_026,buyer_1249,0,11,purchase_103522,11.04.2026 08:35,appliances,0,refund_req_303522,"1.041,37",approve,missing_part
"2.954,84",agent_018,buyer_1891,0,31,purchase_103005,13.04.2026 10:45,luxury,0,refund_req_303005,"2.060,58",approve,changed_mind
"341,05",agent_101,buyer_0153,0,3,purchase_103721,03.04.2026 17:00,sports,1,refund_req_303721,"253,41",approve,item_not_as_described
"1.227,11",agent_023,buyer_0076,0,125,purchase_101722,14.05.2026 13:35,electronics,1,refund_req_301722,"687,39",approve,damaged_item
"536,57",agent_024,buyer_1439,0,40,purchase_102641,23.04.2026 11:01,electronics,0,refund_req_302641,"376,88",approve,not_working
"1.973,90",agent_901,buyer_9903,1,2,purchase_104788,17.06.2026 18:31,  electronics  ,0,refund_req_304788,"1.884,94",approve,damaged_item
"126,59",agent_028,buyer_0168,1,58,purchase_101242,28.04.2026 06:58,clothing,0,refund_req_301242,"37,69",reject,changed_mind
"235,81",agent_029,buyer_9001,0,13,purchase_104186,30.04.2026 09:11,fashion,0,refund_req_304186,"184,55",approve,wrong_size
"290,54",agent_013,buyer_0378,0,103,purchase_101913,14.06.2026 21:55,fashion,1,refund_req_301913,"175,17",approve,wrong_size
"1.071,50",agent_801,buyer_8001,0,19,purchase_104663,09.04.2026 23:37,sports,0,refund_req_304663,"775,35",approve,wrong_size
"1.385,15",agent_014,buyer_1345,1,32,purchase_103858,17.06.2026 14:34,appliances,0,refund_req_303858,"965,31",  approve  ,not_working
"39,91",agent_008,buyer_1164,0,76,purchase_101517,22.04.2026 03:20,beauty,1,refund_req_301517,"10,91",approve,
"1.343,34",agent_025,buyer_1393,0,68,purchase_102495,15.06.2026 03:55,luxury,1,refund_req_302495,"473,11",approve,item_not_as_described
"1.136,58",agent_011,buyer_0297,0,,purchase_100743,16.06.2026 18:55,luxury,1,refund_req_300743,"389,04",approve,changed_mind
"869,79",agent_702,buyer_1030,0,13,purchase_104474,26.05.2026 20:39,luxury,1,refund_req_304474,"559,40",approve,changed_mind
"405,14",agent_015,buyer_0843,1,70,purchase_102261,24.05.2026 17:21,sports,1,refund_req_302261,"104,96",approve,item_not_as_described
"165,98",agent_013,buyer_1296,0,54,purchase_101497,16.04.2026 13:58,clothing,1,refund_req_301497,"57,89",approve,item_not_as_described
"146,45",agent_024,buyer_0933,0,57,purchase_102520,10.04.2026 03:15,beauty,0,refund_req_302520,"47,91",reject,changed_mind
"972,52",agent_103,buyer_0636,0,4,purchase_103610,01.04.2026 14:33,electronics,0,refund_req_303610,"776,61",approve,missing_accessory
"1.143,81",agent_014,buyer_0302,1,37,purchase_103173,14.05.2026 17:03,appliances,0,refund_req_303173,"802,58",approve,not_working
"55,97",agent_013,buyer_1167,0,103,purchase_101396,21.05.2026 23:35,sports,1,refund_req_301396,"34,89",reject,item_not_as_described
"914,86",agent_021,buyer_0679,0,77,purchase_101841,20.06.2026 05:23,appliances,1,refund_req_301841,"281,81", approve ,not_working
"206,05",agent_012,buyer_1642,0,79,purchase_100305,22.04.2026 19:13,sports,0,refund_req_300305,"56,73",reject,wrong_size
"806,19",agent_012,buyer_0205,0,58,purchase_101986,06.06.2026 22:09,luxury,1,refund_req_301986,"407,67",approve,changed_mind
"153,63",agent_008,buyer_1567,0,70,purchase_102902,01.06.2026 20:45,clothing,1,refund_req_302902,"34,68",approve,item_not_as_described
"157,30",agent_103,buyer_1550,0,4,purchase_103734,07.04.2026 19:10,beauty,0,refund_req_303734,"141,31",approve,damaged_item
"34,22",agent_102,buyer_1946,1,,purchase_103539,03.04.2026 01:51,clothing,1,refund_req_303539,"25,10", approve ,changed_mind
"256,01",agent_101,buyer_1417,0,1,purchase_103771,05.06.2026 08:50,clothing,0,refund_req_303771,"207,67",approve,wrong_size
"79,85",agent_023,buyer_1354,0,116,purchase_102674,20.05.2026 22:36,books,0,refund_req_302674,"22,41",REJECT,damaged_item
"1.434,56",agent_901,buyer_9902,1,8,purchase_104774,08.05.2026 09:24,electronics,0,refund_req_304774,"1.490,89",approve,damaged_item
"264,53",agent_030,buyer_1912,0,105,purchase_102563,03.05.2026 06:37,sports,1,refund_req_302563,"190,34",reject,wrong_size
"1.984,61",agent_013,buyer_1241,1,26,purchase_103810,03.05.2026 22:26,electronics,1,refund_req_303810,"1.752,89",approve,item_not_as_described
"238,17",agent_027,buyer_1000,0,,purchase_102359,21.06.2026 05:51,sports,1,refund_req_302359,"148,82",approve,item_not_as_described
"91,88",agent_022,buyer_9008,0,65,purchase_104089,27.04.2026 13:20,  sports  ,1,refund_req_304089,"60,61",approve,item_not_as_described
"32,81",agent_004,buyer_1106,0,46,purchase_101934,09.06.2026 08:49,sports,0,refund_req_301934,"22,79",reject,item_not_as_described
"211,26",agent_008,buyer_1964,0,76,purchase_100707,12.05.2026 19:00,clothing,1,refund_req_300707,"156,29",approve,changed_mind
"414,85",agent_019,buyer_0098,0,79,purchase_100608,03.05.2026 20:07,sports,1,refund_req_300608,"221,41",approve,damaged_item
"1.276,69",agent_022,buyer_1692,0,42,purchase_103397,22.04.2026 06:18,appliances,1,refund_req_303397,"1.276,69",approve,damaged_item
"1.743,96",agent_016,buyer_1865,0,31,purchase_103515,01.05.2026 14:54,appliances,0,refund_req_303515,"1.743,96",approve,not_working
"2.361,71",agent_010,buyer_1192,1,5,purchase_103976,13.05.2026 08:26,  luxury  ,1,refund_req_303976,"2.255,07",  approve  ,damaged_item
"2.274,95",agent_101,buyer_0524,0,5,purchase_103660,10.04.2026 23:55,luxury,1,refund_req_303660,"2.094,12",approve,damaged_item
"1.770,70",agent_024,buyer_0536,0,57,purchase_101108,11.04.2026 07:39,appliances,1,refund_req_301108,"1.278,85",  approve  ,not_working
"1.441,22",agent_011,buyer_0484,0,61,purchase_101707,10.05.2026 02:28, electronics ,1,refund_req_301707,"906,44",approve,item_not_as_described
"1.917,96",agent_012,buyer_1015,1,19,purchase_103922,25.05.2026 06:13,luxury,0,refund_req_303922,"1.497,24",approve,item_not_as_described
"333,19",agent_018,buyer_1926,0,69,purchase_100120,09.04.2026 11:47,home,1,refund_req_300120,"90,72",approve,damaged_item
"50,36",agent_022,buyer_1918,0,55,purchase_102217,05.06.2026 11:48,clothing,0,refund_req_302217,"39,64",reject,
"1.432,76",agent_003,buyer_0401,0,36,purchase_101457,07.05.2026 20:19,luxury,0,refund_req_301457,"381,23",approve,changed_mind
"559,64",agent_028,buyer_0344,1,67,purchase_100384,30.04.2026 18:42,home,1,refund_req_300384,"265,37",approve,damaged_item
"404,43",agent_101,buyer_1629,0,1,purchase_103611,30.05.2026 08:59,sports,0,refund_req_303611,"333,56",approve,wrong_size
"1.151,65",agent_003,buyer_9004,0,48,purchase_104093,14.04.2026 03:35,home,1,refund_req_304093,"722,89",approve,missing_part
"49,01",agent_027,buyer_1182,0,55,purchase_102599,08.06.2026 08:17,books,,refund_req_302599,"16,48",  reject  ,changed_mind
"92,71",agent_008,buyer_0834,0,53,purchase_102806,27.04.2026 09:53, clothing ,0,refund_req_302806,"63,16",approve,wrong_size
"149,19",agent_010,buyer_1883,0,68,purchase_101802,11.06.2026 22:09,beauty,0,refund_req_301802,"53,18",reject, allergic_reaction 
"702,73",agent_013,buyer_0676,0,41,purchase_102240,09.06.2026 23:25,Electronics,1,refund_req_302240,"160,50",approve,damaged_item
"280,13",agent_016,buyer_9007,0,26,purchase_104272,11.06.2026 22:39,fashion,1,refund_req_304272,"267,13", approve ,item_not_as_described
"1.508,69",agent_103,buyer_0399,1,26,purchase_103857,22.04.2026 06:48,  appliances  ,1,refund_req_303857,"1.231,85",approve,not_working
"301,18",agent_011,buyer_1277,0,77,purchase_100069,03.06.2026 02:28,sports,0,refund_req_300069,"226,98",reject,damaged_item
"1.331,41",agent_901,buyer_9902,1,7,purchase_104916,25.04.2026 08:09,appliances,0,refund_req_304916,"1.168,83", approve ,missing_part
"1.286,72",agent_027,buyer_0632,0,88,purchase_100581,01.05.2026 16:38,Books,0,refund_req_300581,"764,03",reject, wrong_item_received 
"199,65",agent_005,buyer_0524,0,81,purchase_101587,06.05.2026 06:59,sports,1,refund_req_301587,"57,77",reject,item_not_as_described
"380,37",agent_004,buyer_0663,0,59,purchase_101706,24.04.2026 12:15,home,1,refund_req_301706,"183,92",approve,missing_part
"526,33",agent_803,buyer_8003,0,25,purchase_104602,07.06.2026 19:11,fashion,1,refund_req_304602,"384,56", approve ,item_not_as_described
"286,82",agent_028,buyer_9005,0,44,purchase_104230,04.05.2026 09:41,home,1,refund_req_304230,"271,95",approve,item_not_as_described
"478,49",agent_006,buyer_0897,0,64,purchase_101553,07.04.2026 10:41,home,0,refund_req_301553,"375,65",approve,damaged_item
"744,91",agent_014,buyer_1604,0,78,purchase_102324,03.04.2026 16:46,electronics,0,refund_req_302324,"379,99",approve,missing_accessory
"419,40",agent_020,buyer_0249,0,73,purchase_101636,07.05.2026 03:44,sports,1,refund_req_301636,"244,47",reject,item_not_as_described
"177,13",agent_026,buyer_1438,0,51,purchase_100090,23.05.2026 19:34,clothing,0,refund_req_300090,"136,48",approve,changed_mind
"1.062,83",agent_016,buyer_9007,0,,purchase_104128,07.06.2026 16:03,sports,0,refund_req_304128,"797,00",approve, wrong_size 
"640,65",agent_803,buyer_8003,0,20,purchase_104578,24.04.2026 00:04,fashion,0,refund_req_304578,"397,16",approve,changed_mind
"400,33",agent_002,buyer_1269,0,91,purchase_102926,22.05.2026 20:25,home,,refund_req_302926,"262,70",approve,item_not_as_described
"231,61",agent_013,buyer_1284,0,89,purchase_102496,01.05.2026 11:32,home,0,refund_req_302496,"154,62",approve,item_not_as_described
"1.058,38",agent_029,buyer_0845,0,33,purchase_103025,17.04.2026 23:12,appliances,,refund_req_303025,"726,94",approve,missing_part
"2.312,85",agent_030,buyer_0838,0,108,purchase_100943,05.06.2026 10:51,luxury,0,refund_req_300943,"1.117,57",reject,damaged_item
"1.368,23",agent_017,buyer_1777,1,48,purchase_103478,14.05.2026 21:25,luxury,0,refund_req_303478,"1.368,23",approve,item_not_as_described
"721,98",agent_003,buyer_0998,0,,purchase_101281,24.04.2026 22:15,appliances,1,refund_req_301281,"164,12",approve,damaged_item
"1.014,59",agent_021,buyer_0009,0,27,purchase_103401,22.04.2026 05:24,fashion,1,refund_req_303401,"1.014,59",approve,changed_mind
"505,35",agent_016,buyer_0707,0,89,purchase_100066,30.04.2026 22:01,fashion,0,refund_req_300066,"224,98",reject,item_not_as_described
"2.050,69",agent_017,buyer_1080,0,20,purchase_103212,28.05.2026 12:54,electronics,0,refund_req_303212,"1.285,13",approve,item_not_as_described
"33,95",agent_027,buyer_1377,0,80,purchase_100988,22.05.2026 22:12,books,0,refund_req_300988,"22,44",reject,damaged_item
"1.008,85",agent_005,buyer_0245,0,105,purchase_101059,18.05.2026 08:33,electronics,0,refund_req_301059,"730,35",reject,not_working
"1.276,08",agent_016,buyer_1307,0,26,purchase_103100,19.05.2026 20:04,electronics,0,refund_req_303100,"1.124,48",approve,damaged_item
"75,75",agent_701,buyer_1833,0,32,purchase_104386,20.06.2026 06:40,clothing,1,refund_req_304386,"35,38",approve,wrong_size
"531,55",agent_009,buyer_1410,0,22,purchase_101877,16.06.2026 19:34,electronics,1,refund_req_301877,"256,22",approve,not_working
"2.562,36",agent_101,buyer_0668,1,4,purchase_103905,02.06.2026 14:44,luxury,1,refund_req_303905,"2.459,99",approve,changed_mind
"1.177,85",agent_023,buyer_9001,0,30,purchase_104258,30.05.2026 03:40,beauty,0,refund_req_304258,"1.110,95",approve,allergic_reaction
"17,62",agent_015,buyer_1965,1,28,purchase_100655,23.04.2026 22:06,beauty,1,refund_req_300655,"11,45", approve ,damaged_item
"2.164,23",agent_016,buyer_0529,0,85,purchase_102750,30.05.2026 06:12,electronics,0,refund_req_302750,"542,82",approve,not_working
"45,06",agent_017,buyer_0472,0,108,purchase_102808,25.05.2026 17:05,books,0,refund_req_302808,"26,04",approve,damaged_item
"131,59",agent_703,buyer_1389,0,14,purchase_104379,18.06.2026 12:42,clothing,,refund_req_304379,"90,39",approve,item_not_as_described
"45,16",agent_013,buyer_1874,0,81,purchase_101548,17.05.2026 23:19,sports,1,refund_req_301548,"18,84",approve,damaged_item
"41,21",agent_018,buyer_9004,0,49,purchase_104101,02.05.2026 00:46,sports,1,refund_req_304101,"21,60",approve,damaged_item
"399,89",agent_102,buyer_1038,0,3,purchase_103568,21.05.2026 02:20,sports,0,refund_req_303568,"267,08",approve,item_not_as_described
"2.245,31",agent_022,buyer_0835,1,7,purchase_104014,25.05.2026 20:16,luxury,0,refund_req_304014,"2.014,19",approve,damaged_item
"2.110,11",agent_015,buyer_1641,0,18,purchase_103050,16.04.2026 18:43,luxury,0,refund_req_303050,"1.698,28",approve,damaged_item
"1.797,50",agent_009,buyer_1186,1,27,purchase_103864,24.05.2026 22:39,appliances,1,refund_req_303864,"1.468,38",approve,not_working
"1.354,79",agent_015,buyer_0146,0,100,purchase_101541,11.05.2026 03:10,electronics,1,refund_req_301541,"870,20",approve,not_working
"1.163,17",agent_003,buyer_0396,0,65,purchase_100989,23.05.2026 13:54,electronics,1,refund_req_300989,"783,77",approve,missing_accessory
"8,76",agent_030,buyer_1540,0,66,purchase_100015,17.04.2026 19:54,Books,1,refund_req_300015,"5,29",approve,changed_mind
"1.924,50",agent_701,buyer_0301,1,,purchase_104335,23.04.2026 17:05,electronics,0,refund_req_304335,"1.440,18",approve,damaged_item
"312,95",agent_015,buyer_1084,0,109,purchase_101253,06.06.2026 20:04,  sports  ,1,refund_req_301253,"142,94",approve,item_not_as_described
"939,26",agent_029,buyer_1429,1,42,purchase_103462,02.04.2026 08:03,fashion,,refund_req_303462,"939,26",approve, item_not_as_described 
"249,98",agent_013,buyer_1839,0,57,purchase_100526,07.06.2026 05:24,clothing,1,refund_req_300526,"62,50",approve,
"1.115,57",agent_902,buyer_9904,1,7,purchase_104875,27.05.2026 01:07,electronics,0,refund_req_304875,"970,08",approve,item_not_as_described
"77,58",agent_011,buyer_1678,0,67,purchase_100625,14.05.2026 17:47,books,1,refund_req_300625,"37,66",approve,wrong_item_received
"1.398,89",agent_024,buyer_1782,0,75,purchase_100129,22.05.2026 20:24, electronics ,0,refund_req_300129,"675,26",approve,not_working
"1.504,60",agent_902,buyer_9904,1,4,purchase_104757,06.06.2026 06:07,electronics,,refund_req_304757,"1.431,68", approve ,missing_accessory
"731,99",agent_010,buyer_0241,0,49,purchase_100973,19.04.2026 17:54,electronics,0,refund_req_300973,"585,07",reject,missing_accessory
"1.384,70",agent_005,buyer_1404,0,,purchase_102218,02.05.2026 21:33,appliances,0,refund_req_302218,"935,02",approve,not_working
"1.794,22",agent_102,buyer_0436,1,18,purchase_103928,11.04.2026 04:02,appliances,0,refund_req_303928,"1.702,33",approve,missing_part
"60,34",agent_022,buyer_0723,0,54,purchase_102203,10.06.2026 22:49,beauty,1,refund_req_302203,"46,15",approve,damaged_item
"34,21",agent_023,buyer_0753,0,110,purchase_102129,24.05.2026 19:09,sports,1,refund_req_302129,"15,89",approve,damaged_item
"346,21",agent_703,buyer_1505,0,6,purchase_104394,23.05.2026 10:18,sports,1,refund_req_304394,"301,72",approve,damaged_item
"33,94",agent_021,buyer_1991,0,87,purchase_101936,12.04.2026 21:02,sports,1,refund_req_301936,"16,60",approve,damaged_item
"1.808,83",agent_102,buyer_602,1,7,purchase_1023,05.06.2026 09:50,electronics,0,refund_req_3023,"1.331,79", approve ,  item_not_as_described  
"28,91",agent_003,buyer_0640,0,43,purchase_102042,20.06.2026 11:32,beauty,1,refund_req_302042,"7,51",approve,damaged_item
"1.191,27",agent_025,buyer_1538,0,28,purchase_103304,13.06.2026 22:08,appliances,,refund_req_303304,"1.191,27",approve,damaged_item
"1.546,15",agent_028,buyer_1154,1,33,purchase_103853,08.04.2026 08:10,LUXURY,0,refund_req_303853,"1.335,54",approve,changed_mind
"1.730,23",agent_019,buyer_0006,0,67,purchase_102876,30.05.2026 07:29,appliances,1,refund_req_302876,"1.214,95",  reject  ,missing_part
"90,87",agent_015,buyer_0490,0,38,purchase_102872,23.04.2026 22:07,sports,1,refund_req_302872,"34,91",approve,damaged_item
"1.071,10",agent_011,buyer_0773,1,21,purchase_104019,05.05.2026 19:04,appliances,1,refund_req_304019,"928,44",APPROVE,not_working
"191,95",agent_007,buyer_1171,0,70,purchase_101624,06.04.2026 03:19,clothing,1,refund_req_301624,"151,42",approve,item_not_as_described
"20,50",agent_016,buyer_0257,0,74,purchase_102484,04.04.2026 15:35,books,0,refund_req_302484,"8,47",reject,wrong_item_received
"60,57",agent_013,buyer_1498,0,45,purchase_102039,05.05.2026 07:46,sports,0,refund_req_302039,"39,15",approve,wrong_size
"281,60",agent_028,buyer_1278,0,97,purchase_101402,27.04.2026 00:51,home,0,refund_req_301402,"147,33",reject,damaged_item
"583,01",agent_019,buyer_9005,0,27,purchase_104238,17.04.2026 11:34,home,1,refund_req_304238,"444,17",approve,damaged_item
"1.084,26",agent_901,buyer_9902,1,2,purchase_104912,03.05.2026 11:29,electronics,0,refund_req_304912,"1.077,53",Approve,missing_accessory
"1.665,27",agent_007,buyer_1316,0,56,purchase_101926,06.04.2026 13:00,luxury,1,refund_req_301926,"1.383,74",approve,damaged_item
"2.537,22",agent_011,buyer_0432,1,7,purchase_104081,01.06.2026 03:07,luxury,0,refund_req_304081,"2.298,65",approve,item_not_as_described
"512,95",agent_101,buyer_1360,0,5,purchase_103566,14.04.2026 16:28,appliances,0,refund_req_303566,"264,84",approve,
"76,68",agent_016,buyer_1186,0,,purchase_101515,13.04.2026 04:25,books,0,refund_req_301515,"20,55",reject,damaged_item
"1.134,98",agent_008,buyer_1334,0,22,purchase_103179,07.05.2026 00:23,appliances,0,refund_req_303179,"1.070,91",approve,not_working
"295,82",agent_803,buyer_8003,0,,purchase_104671,14.04.2026 01:40,sports,0,refund_req_304671,"241,62",approve,damaged_item
"1.614,15",agent_023,buyer_0626,1,16,purchase_103990,10.04.2026 06:15,appliances,,refund_req_303990,"1.285,10",approve,damaged_item
"62,78",agent_028,buyer_0141,0,,purchase_100394,03.04.2026 13:11,beauty,1,refund_req_300394,"38,55",Approve,
"1.827,33",agent_004,buyer_1413,0,34,purchase_103332,26.05.2026 14:06,electronics,1,refund_req_303332,"1.827,33",approve,not_working
"1.108,86",agent_028,buyer_0595,0,97,purchase_101981,18.05.2026 21:40,fashion,0,refund_req_301981,"498,85",approve,  item_not_as_described  
"165,38",agent_029,buyer_0134,0,37,purchase_101747,28.04.2026 21:48,fashion,1,refund_req_301747,"83,59",approve,item_not_as_described
"1.166,19",agent_030,buyer_0950,0,37,purchase_101285,01.05.2026 06:48,appliances,1,refund_req_301285,"408,30",approve,damaged_item
"103,01",agent_010,buyer_0372,0,59,purchase_101065,11.05.2026 15:51,beauty,1,refund_req_301065,"83,84",approve,damaged_item
"1.628,66",agent_026,buyer_9006,0,57,purchase_104255,23.04.2026 03:18,appliances,1,refund_req_304255,"1.261,16",approve,not_working
"1.820,42",agent_011,buyer_0478,1,17,purchase_103809,02.05.2026 05:01,luxury,0,refund_req_303809,"1.772,10",approve,damaged_item
"522,47",agent_006,buyer_0176,0,76,purchase_102923,06.05.2026 01:11,home,1,refund_req_302923,"322,90",approve,item_not_as_described
"279,96",agent_030,buyer_1918,0,66,purchase_101827,01.04.2026 19:50,fashion,0,refund_req_301827,"179,63",  approve  ,changed_mind
"1.298,35",agent_802,buyer_8002,0,17,purchase_104589,15.05.2026 06:57,sports,1,refund_req_304589,"1.078,02",approve,damaged_item
"1.089,83",agent_018,buyer_1626,1,20,purchase_103471,08.05.2026 15:51,fashion,,refund_req_303471,"1.089,83",approve,item_not_as_described
"179,41",agent_006,buyer_0140,0,54,purchase_100824,28.05.2026 06:11,sports,,refund_req_300824,"46,29",approve,damaged_item
"1.619,50",agent_901,buyer_9902,1,8,purchase_104904,12.04.2026 15:04,luxury,0,refund_req_304904,"1.548,93",Approve,changed_mind
"91,88",agent_002,buyer_1423,0,93,purchase_101633,27.04.2026 22:33,beauty,1,refund_req_301633,"18,85",approve,changed_mind
"2.155,82",agent_102,buyer_0407,0,2,purchase_103776,09.05.2026 12:12,electronics,0,refund_req_303776,"1.473,47",approve,item_not_as_described
"2.101,49",agent_030,buyer_0285,0,59,purchase_100692,21.05.2026 10:10,electronics,0,refund_req_300692,"871,41",approve,item_not_as_described
"1.033,44",agent_011,buyer_1705,0,43,purchase_100666,20.06.2026 23:14,  beauty  ,0,refund_req_300666,"740,12",reject,changed_mind
"1.387,05",agent_102,buyer_1663,0,8,purchase_103178,08.04.2026 23:51,electronics,0,refund_req_303178,"1.145,43",approve,not_working
"170,26",agent_022,buyer_0234,0,58,purchase_102120,13.05.2026 16:23,clothing,1,refund_req_302120,"109,28",approve,changed_mind
"1.197,01",agent_018,buyer_0910,0,68,purchase_102018,29.05.2026 05:05,appliances,0,refund_req_302018,"545,60",reject,not_working
"1.058,60",agent_101,buyer_504,0,3,purchase_1020,04.06.2026 10:04,electronics,0,refund_req_3020,"896,76",approve,missing_accessory
"218,92",agent_019,buyer_0513,0,82,purchase_101493,26.05.2026 22:43,fashion,0,refund_req_301493,"97,34",approve,item_not_as_described
"179,21",agent_025,buyer_9001,0,52,purchase_104138,16.05.2026 18:37,  clothing  ,1,refund_req_304138,"168,45",approve,wrong_size
"1.542,89",agent_001,buyer_1190,1,11,purchase_103361,18.04.2026 21:30,LUXURY,0,refund_req_303361,"1.542,89", approve ,item_not_as_described
"1.700,76",agent_006,buyer_1685,0,43,purchase_101460,17.05.2026 03:58, appliances ,,refund_req_301460,"1.359,38",reject,damaged_item
"326,82",agent_017,buyer_1871,0,66,purchase_101068,24.05.2026 14:31,home,0,refund_req_301068,"99,97",approve,item_not_as_described
"1.356,83",agent_012,buyer_1017,1,34,purchase_104020,06.06.2026 13:54,electronics,1,refund_req_304020,"1.284,28",approve,not_working
"332,15",agent_102,buyer_0813,0,2,purchase_103603,09.05.2026 03:50,fashion,1,refund_req_303603,"182,32",approve,changed_mind
"1.199,61",agent_003,buyer_0749,1,30,purchase_103894,12.04.2026 23:16,electronics,0,refund_req_303894,"862,58",approve,
"2.070,51",agent_007,buyer_0285,1,10,purchase_103186,01.04.2026 16:40,electronics,0,refund_req_303186,"1.473,06",approve,damaged_item
"2.083,47",agent_012,buyer_1143,0,40,purchase_103187,01.05.2026 05:48,electronics,0,refund_req_303187,"1.600,54",approve,item_not_as_described
"872,00",agent_999,buyer_999,1,5,purchase_1043,19.06.2026 09:19, Appliances ,0,refund_req_3043,"777,01",approve,not_working
"655,13",agent_005,buyer_0126,0,76,purchase_101639,20.06.2026 22:05,luxury,1,refund_req_301639,"334,89",  approve  ,damaged_item
"978,35",agent_015,buyer_0055,0,120,purchase_102581,22.05.2026 02:31,clothing,0,refund_req_302581,"508,99",approve,wrong_size
"918,37",agent_020,buyer_0186,0,48,purchase_103286,30.05.2026 08:26,electronics,1,refund_req_303286,"918,37",approve,missing_accessory
"2.364,81",agent_101,buyer_1544,0,40,purchase_103193,23.04.2026 04:14,luxury,0,refund_req_303193,"1.595,46",approve,changed_mind
"201,57",agent_003,buyer_0434,0,38,purchase_100817,13.06.2026 03:16,clothing,1,refund_req_300817,"80,82",approve,wrong_size
"613,70",agent_701,buyer_0526,0,23,purchase_104557,07.05.2026 04:16,fashion,1,refund_req_304557,"588,07",approve,changed_mind
"1.127,89",agent_703,buyer_1530,0,17,purchase_104409,19.04.2026 16:21,home,1,refund_req_304409,"783,89",approve,damaged_item
"131,35",agent_028,buyer_0283,0,96,purchase_100431,21.04.2026 18:50,beauty,0,refund_req_300431,"70,99",approve,allergic_reaction
"182,66",agent_014,buyer_0874,0,64,purchase_102839,15.06.2026 15:32,clothing,0,refund_req_302839,"77,01",approve,wrong_size
"177,37",agent_025,buyer_0168,0,86,purchase_102510,29.04.2026 08:59,beauty,1,refund_req_302510,"130,24",approve, changed_mind 
"1.466,64",agent_101,buyer_0894,0,36,purchase_103083,21.05.2026 10:12,appliances,0,refund_req_303083,"993,23",approve,damaged_item
"123,61",agent_001,buyer_0622,0,58,purchase_101223,01.06.2026 15:18,fashion,0,refund_req_301223,"98,70",reject,wrong_size
"11,83",agent_022,buyer_1225,0,55,purchase_101887,06.06.2026 07:40,books,1,refund_req_301887,"5,99",approve,damaged_item
"78,13",agent_703,buyer_0502,0,27,purchase_104328,23.04.2026 11:01,books,,refund_req_304328,"76,30",approve,wrong_item_received
"1.034,09",agent_025,buyer_0072,0,60,purchase_101756,17.05.2026 14:42,home,0,refund_req_301756,"739,45",approve,
"2.381,21",agent_010,buyer_1402,0,62,purchase_100466,21.05.2026 14:15,luxury,1,refund_req_300466,"1.204,55",reject,damaged_item
"138,03",agent_002,buyer_0280,0,65,purchase_101965,30.04.2026 13:58,home,0,refund_req_301965,"79,22",approve,damaged_item
"639,61",agent_016,buyer_0310,0,103,purchase_101753,09.05.2026 12:55,fashion,1,refund_req_301753,"487,77",approve,wrong_size
"1.531,39",agent_026,buyer_0778,1,16,purchase_104042,17.04.2026 12:31,electronics,0,refund_req_304042,"1.254,43",approve,item_not_as_described
"1.427,72",agent_102,buyer_1115,0,54,purchase_103432,13.05.2026 01:12,luxury,1,refund_req_303432,"1.427,72",approve,changed_mind
"1.558,05",agent_004,buyer_0137,0,34,purchase_103217,02.06.2026 22:06,appliances,0,refund_req_303217,"1.307,91",approve,not_working
"32,92",agent_030,buyer_1800,0,52,purchase_100387,12.04.2026 06:21,clothing,0,refund_req_300387,"23,08",approve,
"175,96",agent_101,buyer_1758,0,1,purchase_103550,25.04.2026 02:45,  fashion  ,1,refund_req_303550,"89,55",approve,item_not_as_described
"59,06",agent_006,buyer_1871,0,74,purchase_100997,26.05.2026 21:37,clothing,0,refund_req_300997,"32,80",  reject  ,item_not_as_described
"528,04",agent_001,buyer_1585,0,31,purchase_100915,20.05.2026 20:52,electronics,0,refund_req_300915,"314,34",approve,not_working
"26,19",agent_023,buyer_0577,0,81,purchase_100453,22.05.2026 03:25,beauty,0,refund_req_300453,"10,35",approve,allergic_reaction
"384,30",agent_004,buyer_1192,0,51,purchase_101804,10.04.2026 15:01,sports,1,refund_req_301804,"235,76",reject,damaged_item
"39,48",agent_024,buyer_1488,0,66,purchase_100796,25.04.2026 06:06, beauty ,1,refund_req_300796,"20,19",approve,allergic_reaction
"82,62",agent_025,buyer_1700,0,31,purchase_101484,18.06.2026 11:19,books,0,refund_req_301484,"35,87",reject,
"1.255,97",agent_015,buyer_1059,1,108,purchase_100480,10.06.2026 03:47,sports,0,refund_req_300480,"323,40",approve,item_not_as_described
"35,68",agent_029,buyer_1236,0,,purchase_100358,07.06.2026 22:38,home,1,refund_req_300358,"28,88",approve,missing_part
"1.456,56",agent_021,buyer_0596,0,18,purchase_103455,09.04.2026 11:55,appliances,1,refund_req_303455,"1.456,56",  approve  ,missing_part
"38,73",agent_008,buyer_1078,0,56,purchase_102830,18.04.2026 22:54,books,1,refund_req_302830,"9,88",approve, changed_mind 
"2.826,54",agent_012,buyer_0100,0,43,purchase_103180,22.04.2026 16:52,luxury,0,refund_req_303180,"2.583,99",approve,changed_mind
"121,78",agent_701,buyer_0394,1,12,purchase_104368,10.05.2026 17:36,beauty,0,refund_req_304368,"120,64",approve,damaged_item
"997,72",agent_029,buyer_1931,1,31,purchase_103919,13.06.2026 04:13,  electronics  ,1,refund_req_303919,"885,20",approve,item_not_as_described
"2.420,42",agent_021,buyer_0413,0,98,purchase_100718,05.06.2026 04:48,luxury,0,refund_req_300718,"609,97",reject,
"46,67",agent_013,buyer_0489,0,85,purchase_100575,05.04.2026 14:53,beauty,0,refund_req_300575,"16,78", reject ,changed_mind
"2.359,90",agent_018,buyer_0867,1,9,purchase_104066,24.04.2026 00:23,luxury,0,refund_req_304066,"1.654,02",approve,damaged_item
"273,68",agent_001,buyer_1123,0,46,purchase_100746,08.05.2026 07:46,home,1,refund_req_300746,"138,95",approve,damaged_item
"378,52",agent_020,buyer_1714,0,105,purchase_101274,14.04.2026 00:56,  sports  ,1,refund_req_301274,"145,69",approve,damaged_item
"2.185,97",agent_009,buyer_1328,0,79,purchase_102590,10.05.2026 16:41,luxury,0,refund_req_302590,"1.380,11",reject,damaged_item
"1.982,29",agent_020,buyer_1098,0,113,purchase_100121,24.05.2026 14:23,luxury,1,refund_req_300121,"708,19",approve,damaged_item
"541,14",agent_027,buyer_1981,0,91,purchase_100861,24.05.2026 18:16,home,1,refund_req_300861,"431,14",approve,damaged_item
"1.347,51",agent_024,buyer_0107,1,16,purchase_103812,03.06.2026 06:14,appliances,0,refund_req_303812,"1.178,40",approve,missing_part
"1.181,65",agent_022,buyer_0749,0,56,purchase_101620,21.06.2026 06:31,luxury,1,refund_req_301620,"448,97",approve,changed_mind
"1.150,05",agent_029,buyer_9007,0,9,purchase_104240,08.05.2026 03:24,electronics,0,refund_req_304240,"616,07",approve,missing_accessory
"1.821,85",agent_019,buyer_9002,0,18,purchase_104219,10.05.2026 19:33,  electronics  ,0,refund_req_304219,"949,52",approve,not_working
"1.344,58",agent_028,buyer_0701,0,35,purchase_103098,31.05.2026 23:13,luxury,0,refund_req_303098,"1.265,81",approve,
"252,39",agent_020,buyer_0109,0,93,purchase_100481,16.05.2026 18:03,sports,0,refund_req_300481,"52,25",approve,item_not_as_described
"1.800,04",agent_024,buyer_1244,0,42,purchase_103060,31.05.2026 07:11,  electronics  ,0,refund_req_303060,"1.340,95",approve,damaged_item
"1.207,30",agent_014,buyer_1886,0,48,purchase_100600,21.05.2026 20:45,home,1,refund_req_300600,"772,66",reject,item_not_as_described
"165,03",agent_030,buyer_0540,1,91,purchase_102478,13.04.2026 01:06,clothing,1,refund_req_302478,"59,67",approve,wrong_size
"207,76",agent_005,buyer_0151,0,77,purchase_101360,18.04.2026 01:44,fashion,1,refund_req_301360,"87,16",approve,wrong_size
"197,47",agent_701,buyer_0771,1,31,purchase_104404,14.04.2026 17:30,sports,1,refund_req_304404,"133,21",approve,  damaged_item  
"88,02",agent_101,buyer_0700,0,4,purchase_103731,11.04.2026 10:11,books,,refund_req_303731,"55,93",approve,changed_mind
"1.219,39",agent_020,buyer_1896,1,27,purchase_103979,24.05.2026 00:54,electronics,0,refund_req_303979,"1.121,96",approve,missing_accessory
"50,30",agent_020,buyer_0682,0,100,purchase_102095,11.06.2026 21:59,clothing,1,refund_req_302095,"34,98", reject ,item_not_as_described
"296,98",agent_005,buyer_0329,0,93,purchase_101867,04.04.2026 02:03,home,0,refund_req_301867,"76,16",reject,damaged_item
"1.263,99",agent_701,buyer_0155,0,21,purchase_104437,05.04.2026 04:28,fashion,0,refund_req_304437,"821,43",approve,item_not_as_described
"257,38",agent_027,buyer_1797,0,61,purchase_101910,06.05.2026 21:39,sports,0,refund_req_301910,"71,36", REJECT ,damaged_item
"1.621,61",agent_019,buyer_0107,0,84,purchase_101703,05.04.2026 09:03,  luxury  ,1,refund_req_301703,"1.084,30",approve,changed_mind
"282,07",agent_777,buyer_704,0,5,purchase_1035,11.06.2026 10:13,sports,1,refund_req_3035,"135,40",approve,wrong_size
"153,46",agent_101,buyer_0380,0,3,purchase_103635,02.04.2026 07:33,home,1,refund_req_303635,"150,05",approve,missing_part
"1.610,56",agent_029,buyer_0006,1,45,purchase_103034,26.04.2026 21:16,electronics,0,refund_req_303034,"1.118,76",approve,missing_accessory
"1.239,12",agent_027,buyer_1419,0,80,purchase_100202,20.04.2026 22:26,sports,1,refund_req_300202,"888,18",approve,damaged_item
"315,77",agent_005,buyer_1730,0,91,purchase_101535,29.04.2026 19:40,home,0,refund_req_301535,"63,17",reject,damaged_item
"1.101,80",agent_017,buyer_1666,0,56,purchase_101251,17.06.2026 20:32,sports,1,refund_req_301251,"261,07",approve,wrong_size
"560,46",agent_018,buyer_1702,0,44,purchase_102073,20.06.2026 04:33,fashion,1,refund_req_302073,"449,37",approve,
"56,72",agent_013,buyer_1234,0,106,purchase_101532,22.05.2026 12:42,sports,0,refund_req_301532,"31,32",reject,
"1.206,38",agent_701,buyer_1150,0,28,purchase_104521,07.05.2026 17:03,home,1,refund_req_304521,"1.071,36",approve,damaged_item
"1.425,00",agent_101,buyer_1251,0,1,purchase_103783,04.05.2026 08:11,  appliances  ,0,refund_req_303783,"943,63",approve,missing_part
"621,20",agent_026,buyer_1536,0,52,purchase_100130,17.05.2026 20:21,fashion,0,refund_req_300130,"181,89",reject,wrong_size
"86,97",agent_011,buyer_0344,0,53,purchase_100264,27.04.2026 16:31,books,1,refund_req_300264,"63,84",approve,
"1.635,30",agent_103,buyer_1368,0,,purchase_103460,11.04.2026 18:59,appliances,0,refund_req_303460,"1.635,30",approve,  damaged_item  
"1.239,80",agent_012,buyer_1156,0,42,purchase_101848,22.04.2026 03:47,electronics,0,refund_req_301848,"767,83",approve,  missing_accessory  
"399,38",agent_004,buyer_0449,0,90,purchase_100956,15.04.2026 14:00,sports,0,refund_req_300956,"275,86",approve,damaged_item
"1.042,06",agent_013,buyer_0813,1,29,purchase_103819,12.06.2026 11:37,appliances,0,refund_req_303819,"827,48",approve,damaged_item
"1.802,08",agent_901,buyer_9901,1,1,purchase_104790,15.06.2026 12:15,electronics,0,refund_req_304790,"1.684,91",approve,item_not_as_described
"537,89",agent_010,buyer_0029,0,,purchase_101754,07.04.2026 09:12,home,1,refund_req_301754,"333,33",approve,damaged_item
"124,35",agent_004,buyer_1620,0,49,purchase_102744,04.04.2026 03:53,beauty,0,refund_req_302744,"73,37",Approve,changed_mind
"148,33",agent_003,buyer_1660,1,42,purchase_102855,20.06.2026 20:55, beauty ,1,refund_req_302855,"68,56",approve,damaged_item
"1.158,54",agent_022,buyer_1337,1,7,purchase_104061,10.06.2026 06:15,appliances,0,refund_req_304061,"806,56",approve,damaged_item
"1.798,59",agent_019,buyer_1572,0,45,purchase_103231,01.04.2026 09:01,appliances,0,refund_req_303231,"1.351,45",approve,damaged_item
"136,16",agent_019,buyer_1481,0,68,purchase_100164,04.06.2026 18:36,sports,,refund_req_300164,"59,05",approve,damaged_item
"395,81",agent_009,buyer_0553,0,81,purchase_102186,08.04.2026 05:22,home,0,refund_req_302186,"213,68",approve,missing_part
"2.945,97",agent_101,buyer_0765,0,45,purchase_103362,09.05.2026 03:04,luxury,0,refund_req_303362,"2.945,97",approve,item_not_as_described
"577,35",agent_005,buyer_1359,0,61,purchase_101000,29.05.2026 08:01,HOME,0,refund_req_301000,"479,61",approve,missing_part
"1.578,37",agent_019,buyer_1186,0,21,purchase_103344,05.06.2026 06:55,appliances,1,refund_req_303344,"1.578,37",approve,not_working
"39,70",agent_012,buyer_0588,0,88,purchase_100391,09.05.2026 04:22,home,0,refund_req_300391,"31,73",reject,damaged_item
"575,09",agent_012,buyer_1303,0,43,purchase_100243,28.04.2026 02:05,fashion,1,refund_req_300243,"470,51",approve,item_not_as_described
"484,62",agent_009,buyer_1855,0,55,purchase_100018,21.04.2026 23:04,luxury,1,refund_req_300018,"296,73",reject,changed_mind
"21,65",agent_016,buyer_0694,0,76,purchase_101808,10.06.2026 08:30,beauty,1,refund_req_301808,"16,69",  approve  ,allergic_reaction
"598,51",agent_101,buyer_1581,0,2,purchase_103627,11.04.2026 06:43,luxury,1,refund_req_303627,"426,91",approve,changed_mind
"366,30",agent_009,buyer_0552,0,84,purchase_101905,01.04.2026 10:46,sports,1,refund_req_301905,"164,09",APPROVE,damaged_item
"1.262,24",agent_019,buyer_0247,0,27,purchase_103099,31.05.2026 06:19,appliances,0,refund_req_303099,"1.001,00",approve,damaged_item
"286,00",agent_015,buyer_1810,0,38,purchase_100253,06.05.2026 21:04,sports,1,refund_req_300253,"171,90",approve,item_not_as_described
"1.306,88",agent_028,buyer_1503,0,22,purchase_103147,05.04.2026 06:12,appliances,0,refund_req_303147,"1.009,24",approve,not_working
"209,69",agent_007,buyer_1623,0,50,purchase_100135,09.04.2026 18:33,clothing,1,refund_req_300135,"45,52", approve ,item_not_as_described
"155,64",agent_025,buyer_0812,0,,purchase_101050,24.05.2026 17:11, beauty ,0,refund_req_301050,"92,85",approve,damaged_item
"1.596,76",agent_024,buyer_0354,0,50,purchase_102281,07.06.2026 06:04,appliances,1,refund_req_302281,"631,61",Reject,damaged_item
"548,95",agent_005,buyer_1181,0,81,purchase_101430,14.06.2026 10:34,home,1,refund_req_301430,"186,18",approve,damaged_item
"1.070,54",agent_016,buyer_0442,0,123,purchase_101625,21.05.2026 07:02,fashion,0,refund_req_301625,"835,64",approve,wrong_size
"2.607,91",agent_004,buyer_1697,0,42,purchase_103265,30.05.2026 02:57,luxury,1,refund_req_303265,"2.607,91",approve,damaged_item
"313,69",agent_011,buyer_1705,0,56,purchase_102051,18.06.2026 23:06,sports,1,refund_req_302051,"130,69",approve,damaged_item
"51,78",agent_023,buyer_1953,0,95,purchase_101691,27.04.2026 18:30,books,1,refund_req_301691,"36,06",approve,wrong_item_received
"2.675,72",agent_901,buyer_9901,1,8,purchase_104896,02.04.2026 02:08,luxury,0,refund_req_304896,"2.370,38",approve,damaged_item
"942,43",agent_025,buyer_1588,0,55,purchase_103276,08.06.2026 00:49,fashion,0,refund_req_303276,"942,43",approve,changed_mind
"2.085,89",agent_012,buyer_1413,0,16,purchase_103150,02.04.2026 20:19,luxury,0,refund_req_303150,"1.337,54", approve ,damaged_item
"150,73",agent_003,buyer_0512,0,71,purchase_100927,02.04.2026 12:14,sports,1,refund_req_300927,"86,10",approve, damaged_item 
"212,19",agent_005,buyer_0657,0,71,purchase_102448,15.05.2026 08:43,clothing,1,refund_req_302448,"47,35",approve,item_not_as_described
"1.338,49",agent_701,buyer_0827,0,7,purchase_104329,09.05.2026 03:46,  electronics  ,1,refund_req_304329,"776,25",approve,item_not_as_described
"1.886,55",agent_021,buyer_1715,0,12,purchase_103209,27.04.2026 07:03,luxury,0,refund_req_303209,"1.343,33", approve ,damaged_item
"277,47",agent_004,buyer_1472,0,86,purchase_101952,22.05.2026 13:21,fashion,1,refund_req_301952,"168,98",approve,changed_mind
"1.587,59",agent_902,buyer_9906,1,9,purchase_104765,05.04.2026 18:53,appliances,0,refund_req_304765,"1.514,67",approve,not_working
"932,26",agent_902,buyer_9904,1,7,purchase_104899,13.06.2026 22:11,electronics,0,refund_req_304899,"913,90",approve,missing_accessory
"1.111,04",agent_901,buyer_9901,1,6,purchase_104858,17.05.2026 11:38,electronics,0,refund_req_304858,"1.063,67",approve,damaged_item
"2.079,71",agent_006,buyer_9005,0,,purchase_104094,26.04.2026 21:34,luxury,1,refund_req_304094,"1.818,71",approve,item_not_as_described
"49,96",agent_014,buyer_0700,0,73,purchase_102400,14.05.2026 17:09,books,1,refund_req_302400,"35,65",approve,changed_mind
"20,90",agent_007,buyer_1464,0,53,purchase_102445,02.05.2026 12:30,books,1,refund_req_302445,"7,46",approve,wrong_item_received
"121,00",agent_022,buyer_2000,0,75,purchase_100556,18.05.2026 14:07,sports,0,refund_req_300556,"56,23",reject,wrong_size
"1.248,77",agent_001,buyer_1153,0,32,purchase_101140,04.04.2026 06:08,appliances,0,refund_req_301140,"709,95",reject,not_working
"146,71",agent_802,buyer_8002,0,25,purchase_104721,20.04.2026 18:37,beauty,1,refund_req_304721,"130,44",approve,allergic_reaction
"1.315,12",agent_103,buyer_0042,0,27,purchase_103353,06.06.2026 00:54,electronics,0,refund_req_303353,"1.315,12",approve,missing_accessory
"1.417,50",agent_028,buyer_0112,1,33,purchase_103874,08.04.2026 19:19,electronics,0,refund_req_303874,"1.118,49",approve,damaged_item
"581,91",agent_029,buyer_9002,0,36,purchase_104315,30.05.2026 11:32,fashion,1,refund_req_304315,"535,56",approve,item_not_as_described
"260,13",agent_102,buyer_1519,0,5,purchase_103593,14.06.2026 09:51,fashion,0,refund_req_303593,"131,84",approve,changed_mind
"9,69",agent_024,buyer_1034,0,43,purchase_101731,21.05.2026 08:40,books,1,refund_req_301731,"6,48",reject,changed_mind
"39,46",agent_027,buyer_0663,0,38,purchase_100601,13.05.2026 09:29,clothing,1,refund_req_300601,"29,20",approve,changed_mind
"978,68",agent_014,buyer_0223,0,82,purchase_102380,02.06.2026 07:31,luxury,0,refund_req_302380,"491,56",approve,item_not_as_described
"27,00",agent_019,buyer_1326,0,,purchase_101420,09.04.2026 15:06,beauty,0,refund_req_301420,"9,55",approve,allergic_reaction
"976,01",agent_018,buyer_0569,0,53,purchase_101043,30.04.2026 16:19,Sports,0,refund_req_301043,"722,20",approve,item_not_as_described
"161,45",agent_007,buyer_1846,0,47,purchase_100190,23.04.2026 18:44,beauty,1,refund_req_300190,"82,19",approve,damaged_item
"260,89",agent_026,buyer_0021,0,65,purchase_102410,23.05.2026 18:19, fashion ,0,refund_req_302410,"215,50",reject,wrong_size
"474,91",agent_802,buyer_8002,1,11,purchase_104625,02.05.2026 20:47,electronics,0,refund_req_304625,"311,85",approve,missing_accessory
"371,13",agent_005,buyer_1815,0,101,purchase_102154,01.06.2026 00:00,luxury,0,refund_req_302154,"184,39",reject,damaged_item
"1.331,41",agent_901,buyer_9902,1,7,purchase_104916,25.04.2026 08:09,appliances,0,refund_req_304916,"1.168,83", approve ,missing_part
"155,30",agent_004,buyer_1428,0,90,purchase_100042,18.05.2026 10:21,beauty,0,refund_req_300042,"91,67",approve,allergic_reaction
"1.073,14",agent_029,buyer_1692,0,37,purchase_103045,26.05.2026 14:21,luxury,0,refund_req_303045,"917,40",approve,
"102,12",agent_005,buyer_1763,0,107,purchase_102879,14.05.2026 05:26,beauty,1,refund_req_302879,"22,55",approve,damaged_item
"499,82",agent_018,buyer_0862,0,74,purchase_102657,02.06.2026 18:00,electronics,0,refund_req_302657,"196,86",reject,item_not_as_described
"1.497,61",agent_020,buyer_1417,0,77,purchase_101398,17.04.2026 18:10,electronics,0,refund_req_301398,"827,40",REJECT,missing_accessory
"655,29",agent_023,buyer_1141,0,43,purchase_100942,10.04.2026 20:06,appliances,0,refund_req_300942,"274,52",reject,missing_part
"959,47",agent_019,buyer_9008,1,20,purchase_104209,17.04.2026 23:16,home,1,refund_req_304209,"811,40",approve,item_not_as_described
"2.154,93",agent_901,buyer_9901,1,8,purchase_104838,25.04.2026 18:25,electronics,0,refund_req_304838,"1.942,88",approve,damaged_item
"1.220,29",agent_014,buyer_9001,0,41,purchase_104242,05.06.2026 23:33,sports,1,refund_req_304242,"836,18",approve,wrong_size
"513,36",agent_102,buyer_0354,0,1,purchase_103616,16.04.2026 16:39,appliances,0,refund_req_303616,"452,35",approve,damaged_item
"42,28",agent_009,buyer_1932,0,63,purchase_100783,28.04.2026 17:44,BOOKS,1,refund_req_300783,"17,25",approve,wrong_item_received
"485,38",agent_701,buyer_0458,0,21,purchase_104524,09.05.2026 03:28,fashion,0,refund_req_304524,"353,22",Approve,item_not_as_described
"21,73",agent_022,buyer_0370,0,74,purchase_101121,10.06.2026 21:16,books,1,refund_req_301121,"5,75",approve,changed_mind
"1.120,07",agent_015,buyer_0792,1,32,purchase_103932,10.05.2026 21:13,luxury,0,refund_req_303932,"790,57",APPROVE,changed_mind
"2.338,93",agent_016,buyer_0514,0,27,purchase_103320,14.05.2026 20:33,luxury,1,refund_req_303320,"2.338,93",approve,damaged_item
"127,35",agent_012,buyer_9008,0,64,purchase_104225,10.04.2026 03:01,beauty,1,refund_req_304225,"64,57",approve,damaged_item
"120,51",agent_007,buyer_0039,0,48,purchase_100152,19.04.2026 01:42,clothing,1,refund_req_300152,"56,45",approve,item_not_as_described
"195,17",agent_018,buyer_0484,0,40,purchase_101857,10.05.2026 02:31,fashion,0,refund_req_301857,"140,26",approve,wrong_size
"2.013,52",agent_021,buyer_1406,0,102,purchase_101513,05.06.2026 01:29,electronics,0,refund_req_301513,"1.352,92",approve,  not_working  
"187,95",agent_022,buyer_1941,0,48,purchase_102827,10.05.2026 02:02,clothing,0,refund_req_302827,"130,20",reject,item_not_as_described
"27,18",agent_024,buyer_9008,0,68,purchase_104193,03.06.2026 09:17,beauty,0,refund_req_304193,"19,07",approve,allergic_reaction
"1.059,92",agent_008,buyer_0560,0,19,purchase_103176,04.05.2026 06:32,electronics,0,refund_req_303176,"973,48",approve,item_not_as_described
"1.629,01",agent_002,buyer_0175,0,15,purchase_103018,07.06.2026 03:56,Electronics,0,refund_req_303018,"1.335,61",approve,damaged_item
"1.355,39",agent_703,buyer_0402,0,29,purchase_104331,28.04.2026 19:15,appliances,1,refund_req_304331,"842,80",approve,not_working
"70,99",agent_003,buyer_1991,0,46,purchase_100868,16.06.2026 02:00,clothing,1,refund_req_300868,"45,14",approve,changed_mind
"55,02",agent_005,buyer_0958,0,109,purchase_101387,08.05.2026 18:28,books,1,refund_req_301387,"23,34",approve,wrong_item_received
"1.143,18",agent_019,buyer_0014,1,28,purchase_104029,15.04.2026 21:55,luxury,0,refund_req_304029,"972,03",  approve  ,item_not_as_described
"231,07",agent_030,buyer_0872,1,98,purchase_102151,14.05.2026 14:58,sports,0,refund_req_302151,"176,73",approve,wrong_size
"176,87",agent_001,buyer_1564,0,52,purchase_102886,18.06.2026 02:42,  Beauty  ,0,refund_req_302886,"114,20",approve,changed_mind
"2.023,38",agent_024,buyer_0001,1,5,purchase_104054,14.04.2026 14:31,luxury,0,refund_req_304054,"1.655,34",approve,damaged_item
"1.715,87",agent_019,buyer_1317,1,10,purchase_103950,16.06.2026 08:43,luxury,1,refund_req_303950,"1.561,46", approve ,item_not_as_described
"71,03",agent_030,buyer_1771,0,84,purchase_101669,30.04.2026 22:52,books,1,refund_req_301669,"24,29",approve,changed_mind
"85,36",agent_006,buyer_0795,0,,purchase_102150,14.05.2026 02:24,sports,0,refund_req_302150,"43,05",reject,item_not_as_described
"1.135,04",agent_016,buyer_0721,0,64,purchase_102908,20.05.2026 04:11,books,1,refund_req_302908,"890,96",approve,damaged_item
"94,81",agent_023,buyer_1113,0,120,purchase_101424,02.04.2026 05:23,home,1,refund_req_301424,"27,20",reject,item_not_as_described
"2.265,01",agent_027,buyer_1324,0,63,purchase_100440,23.05.2026 19:02,luxury,0,refund_req_300440,"619,62",reject,damaged_item
"638,56",agent_023,buyer_1585,0,64,purchase_100523,29.04.2026 18:56,fashion,1,refund_req_300523,"226,76",approve,item_not_as_described
"1.238,04",agent_029,buyer_1772,0,69,purchase_100455,12.05.2026 02:57,luxury,0,refund_req_300455,"878,50",approve,damaged_item
"1.331,41",agent_888,buyer_888,0,4,purchase_1038,14.06.2026 09:21,electronics,1,refund_req_3038,"1.158,50",approve,not_working
"1.526,11",agent_902,buyer_9906,1,6,purchase_104773,09.04.2026 08:26,electronics,0,refund_req_304773,"1.448,12",approve,item_not_as_described
"585,04",agent_002,buyer_204,0,86,purchase_1005,01.06.2026 10:23,home,1,refund_req_3005,"374,10",approve,item_not_as_described
"114,39",agent_015,buyer_9004,0,30,purchase_104085,12.04.2026 02:24,beauty,1,refund_req_304085,"101,40",approve,allergic_reaction
"314,69",agent_801,buyer_8001,0,4,purchase_104675,31.05.2026 06:02,sports,0,refund_req_304675,"308,80",approve,
"2.991,26",agent_027,buyer_1798,0,86,purchase_100438,20.06.2026 09:40,luxury,0,refund_req_300438,"1.606,78",approve,damaged_item
"238,61",agent_013,buyer_0029,0,98,purchase_100769,17.06.2026 09:26,clothing,1,refund_req_300769,"163,41",approve,item_not_as_described
"108,61",agent_014,buyer_1612,0,48,purchase_102790,17.05.2026 08:56,home,0,refund_req_302790,"35,88",reject,missing_part
"75,24",agent_014,buyer_1436,0,47,purchase_100379,05.05.2026 16:02,beauty,1,refund_req_300379,"34,64",  approve  ,changed_mind
"371,65",agent_015,buyer_0226,1,86,purchase_102145,14.04.2026 21:49,sports,0,refund_req_302145,"206,93",approve,item_not_as_described
"1.220,60",agent_011,buyer_9006,0,63,purchase_104111,05.04.2026 02:34,fashion,0,refund_req_304111,"717,27",approve,changed_mind
"1.214,11",agent_009,buyer_1716,0,80,purchase_102633,10.04.2026 18:52,luxury,0,refund_req_302633,"604,57",approve,
"23,74",agent_014,buyer_0010,0,70,purchase_100509,21.06.2026 06:30,books,0,refund_req_300509,"19,97",reject,changed_mind
"29,28",agent_102,buyer_1167,0,3,purchase_103614,08.05.2026 12:25,books,1,refund_req_303614,"15,09",approve,wrong_item_received
"1.921,98",agent_023,buyer_0371,0,53,purchase_103345,16.05.2026 12:44,electronics,,refund_req_303345,"1.921,98",approve,not_working
"1.174,02",agent_011,buyer_1906,0,47,purchase_102128,22.04.2026 17:30,appliances,1,refund_req_302128,"980,69",approve, damaged_item 
"1.080,25",agent_018,buyer_1828,0,41,purchase_101495,25.05.2026 12:27,books,0,refund_req_301495,"885,20",reject,wrong_item_received
"936,77",agent_801,buyer_8001,0,,purchase_104597,24.04.2026 16:42,sports,0,refund_req_304597,"851,43",approve,item_not_as_described
"62,93",agent_005,buyer_0092,0,98,purchase_102617,12.04.2026 13:43,books,1,refund_req_302617,"46,93",approve,changed_mind
"87,42",agent_018,buyer_0152,0,60,purchase_102927,17.06.2026 11:28,sports,1,refund_req_302927,"28,09",reject,item_not_as_described
"167,31",agent_803,buyer_8003,0,18,purchase_104728,14.04.2026 07:04,beauty,1,refund_req_304728,"114,72",approve,changed_mind
"2.561,02",agent_001,buyer_1545,0,33,purchase_103521,06.04.2026 23:08,  luxury  ,0,refund_req_303521,"2.561,02",approve,item_not_as_described
"49,62",agent_103,buyer_0124,0,,purchase_103700,25.05.2026 21:45,books,1,refund_req_303700,"38,61",approve,changed_mind
"904,38",agent_027,buyer_0513,0,51,purchase_102237,20.05.2026 02:48,electronics,1,refund_req_302237,"755,18",approve,item_not_as_described
"847,99",agent_014,buyer_1766,0,57,purchase_101451,22.04.2026 07:21,appliances,0,refund_req_301451,"241,25",reject,not_working
"32,52",agent_026,buyer_0652,0,75,purchase_102182,03.06.2026 20:58,beauty,0,refund_req_302182,"13,34",reject,  allergic_reaction  
"1.426,39",agent_702,buyer_1443,1,24,purchase_104519,14.04.2026 22:15,electronics,0,refund_req_304519,"759,16", approve ,damaged_item
"926,17",agent_019,buyer_0513,1,,purchase_102266,30.04.2026 18:25,clothing,1,refund_req_302266,"680,52",reject,item_not_as_described
"905,92",agent_027,buyer_1738,0,60,purchase_102407,17.04.2026 14:30,electronics,1,refund_req_302407,"761,15",approve,not_working
"564,72",agent_016,buyer_9005,0,54,purchase_104214,13.05.2026 22:26,appliances,0,refund_req_304214,"297,82",approve,damaged_item
"509,54",agent_009,buyer_0839,0,90,purchase_102451,17.05.2026 22:45,home,1,refund_req_302451,"244,52",approve,  damaged_item  
"907,09",agent_001,buyer_0592,0,62,purchase_100488,16.05.2026 22:44,appliances,0,refund_req_300488,"581,46",reject,not_working
"259,80",agent_025,buyer_1876,0,58,purchase_100376,06.04.2026 01:09,home,1,refund_req_300376,"178,64",approve,missing_part
"122,78",agent_022,buyer_1060,0,72,purchase_102268,18.06.2026 16:41,sports,1,refund_req_302268,"43,56",approve,item_not_as_described
"50,47",agent_802,buyer_8002,0,5,purchase_104658,06.04.2026 06:55,beauty,0,refund_req_304658,"41,72",approve,allergic_reaction
"70,42",agent_101,buyer_1939,0,3,purchase_103621,02.04.2026 22:40,books,1,refund_req_303621,"43,44",approve,damaged_item
"154,14",agent_025,buyer_0728,0,,purchase_102965,14.05.2026 15:28,clothing,,refund_req_302965,"58,79",approve,changed_mind
"2.128,53",agent_101,buyer_0811,0,3,purchase_103652,04.04.2026 23:00,luxury,1,refund_req_303652,"1.676,07",approve,item_not_as_described
"645,24",agent_011,buyer_0039,0,63,purchase_102278,13.06.2026 15:49,fashion,1,refund_req_302278,"245,74",approve,changed_mind
"69,87",agent_030,buyer_0054,0,36,purchase_100924,15.05.2026 05:12,books,1,refund_req_300924,"29,24",reject,changed_mind
"929,79",agent_802,buyer_8002,0,,purchase_104598,09.04.2026 01:54,electronics,0,refund_req_304598,"833,59",approve,damaged_item
"204,29",agent_102,buyer_9008,0,57,purchase_104153,30.04.2026 16:11,fashion,1,refund_req_304153,"135,22",approve,item_not_as_described
"1.317,26",agent_003,buyer_1554,0,50,purchase_102341,09.06.2026 15:20,electronics,0,refund_req_302341,"821,88",approve,damaged_item
"320,62",agent_013,buyer_1694,0,33,purchase_102008,01.06.2026 21:36,home,1,refund_req_302008,"178,85",approve,damaged_item
"1.766,67",agent_002,buyer_0013,0,104,purchase_101500,11.06.2026 12:21,appliances,1,refund_req_301500,"370,58",approve,
"195,78",agent_021,buyer_0303,0,57,purchase_102564,20.04.2026 13:45,clothing,1,refund_req_302564,"139,14",reject,
"1.424,19",agent_015,buyer_0812,0,63,purchase_103449,04.06.2026 18:09,appliances,0,refund_req_303449,"1.424,19",approve,missing_part
"519,37",agent_802,buyer_8002,0,21,purchase_104628,03.06.2026 02:55,fashion,0,refund_req_304628,"407,65",approve,changed_mind
"2.196,79",agent_026,buyer_0321,0,35,purchase_103517,02.04.2026 01:55,electronics,0,refund_req_303517,"2.196,79",approve,damaged_item
"1.164,00",agent_011,buyer_0305,0,55,purchase_101619,22.05.2026 15:49,fashion,1,refund_req_301619,"399,06",approve,wrong_size
"138,92",agent_703,buyer_0248,0,28,purchase_104397,16.05.2026 19:43,clothing,0,refund_req_304397,"126,83",approve,wrong_size
"43,33",agent_021,buyer_1201,0,94,purchase_102782,05.04.2026 17:19,books,0,refund_req_302782,"13,34",reject,
"125,25",agent_025,buyer_0952,0,75,purchase_100045,04.05.2026 19:37,beauty,1,refund_req_300045,"52,44",approve,damaged_item
"38,84",agent_029,buyer_1667,0,33,purchase_101844,15.05.2026 14:34,sports,1,refund_req_301844,"14,31",approve,wrong_size
"10,12",agent_024,buyer_0001,1,91,purchase_102733,04.04.2026 10:20,books,0,refund_req_302733,"5,88",reject,changed_mind
"175,86",agent_801,buyer_8001,1,23,purchase_104747,06.06.2026 08:51,beauty,1,refund_req_304747,"121,90",approve,changed_mind
"1.434,04",agent_023,buyer_1905,0,60,purchase_102323,24.04.2026 16:56,electronics,1,refund_req_302323,"767,79",approve,missing_accessory
"463,85",agent_702,buyer_1536,0,9,purchase_104369,11.05.2026 14:49,appliances,1,refund_req_304369,"326,17",approve,damaged_item
"2.585,07",agent_001,buyer_1785,0,31,purchase_101138,16.04.2026 07:22,luxury,1,refund_req_301138,"1.527,98",approve, damaged_item 
"793,59",agent_030,buyer_0526,0,75,purchase_102566,25.05.2026 08:13,electronics,1,refund_req_302566,"643,38",approve,item_not_as_described
"1.252,60",agent_016,buyer_0943,0,17,purchase_102978,16.05.2026 21:00,electronics,0,refund_req_302978,"1.147,68",approve,missing_accessory
"797,96",agent_027,buyer_1267,0,,purchase_102319,12.04.2026 08:07, appliances ,0,refund_req_302319,"235,32",approve,  damaged_item  
"1.638,79",agent_025,buyer_1893,0,42,purchase_102992,26.05.2026 12:17,electronics,0,refund_req_302992,"1.484,46",approve,damaged_item
"448,46",agent_023,buyer_0484,0,97,purchase_100470,13.05.2026 02:56,fashion,0,refund_req_300470,"305,22",reject,wrong_size
"1.364,08",agent_029,buyer_0267,0,45,purchase_102824,22.05.2026 20:02,electronics,1,refund_req_302824,"824,71",  approve  ,damaged_item
"436,71",agent_103,buyer_1221,0,1,purchase_103779,18.05.2026 09:04, sports ,1,refund_req_303779,"369,67",approve,damaged_item
"933,25",agent_017,buyer_1387,0,11,purchase_103111,09.06.2026 23:58,electronics,0,refund_req_303111,"822,98",approve,missing_accessory
"1.946,07",agent_103,buyer_0517,0,5,purchase_103802,21.04.2026 23:20,luxury,1,refund_req_303802,"1.912,48",approve,item_not_as_described
"1.019,42",agent_702,buyer_0427,0,34,purchase_104513,11.06.2026 13:59,sports,1,refund_req_304513,"630,70",approve,damaged_item
"1.300,89",agent_902,buyer_9905,1,6,purchase_104897,10.06.2026 23:43,electronics,0,refund_req_304897,"1.197,02",approve,item_not_as_described
"1.570,10",agent_015,buyer_1631,0,23,purchase_103167,17.06.2026 10:38,luxury,0,refund_req_303167,"1.359,04",approve,damaged_item
"183,50",agent_005,buyer_0488,1,82,purchase_102009,13.04.2026 02:40,clothing,0,refund_req_302009,"58,22",reject,item_not_as_described
"171,43",agent_023,buyer_0911,0,94,purchase_101218,03.06.2026 20:30,beauty,1,refund_req_301218,"47,22",approve,changed_mind
"2.104,79",agent_021,buyer_0347,1,17,purchase_103917,06.05.2026 21:55,electronics,,refund_req_303917,"1.482,07",approve,damaged_item
"1.504,46",agent_022,buyer_1533,0,88,purchase_102546,03.06.2026 17:35,appliances,0,refund_req_302546,"922,46",reject,missing_part
"91,00",agent_013,buyer_0863,0,82,purchase_101144,19.04.2026 02:05,beauty,0,refund_req_301144,"44,95",reject,damaged_item
"366,96",agent_701,buyer_1609,0,21,purchase_104332,30.04.2026 22:54,sports,0,refund_req_304332,"337,07",approve,
"1.444,05",agent_020,buyer_0726,0,37,purchase_103001,04.06.2026 11:57, appliances ,0,refund_req_303001,"1.244,71", approve ,missing_part
"713,40",agent_009,buyer_0161,0,40,purchase_100921,05.04.2026 16:01,luxury,0,refund_req_300921,"595,23",approve,item_not_as_described
"1.548,77",agent_018,buyer_0983,1,26,purchase_103968,19.05.2026 13:47,appliances,1,refund_req_303968,"1.460,26",approve,damaged_item
"1.410,00",agent_028,buyer_0597,0,81,purchase_102820,11.06.2026 01:16,electronics,,refund_req_302820,"721,19",approve,damaged_item
"1.275,79",agent_003,buyer_0673,0,,purchase_101899,20.06.2026 18:11,fashion,1,refund_req_301899,"897,60",approve,item_not_as_described
"43,68",agent_029,buyer_1702,0,46,purchase_102843,02.06.2026 07:52,books,0,refund_req_302843,"14,05", approve ,changed_mind
"1.938,26",agent_016,buyer_0128,0,93,purchase_102838,30.05.2026 17:03,electronics,0,refund_req_302838,"1.512,35",reject,missing_accessory
"1.239,58",agent_010,buyer_1326,0,,purchase_100604,17.04.2026 20:15,appliances,1,refund_req_300604,"345,09",approve,damaged_item
"75,06",agent_019,buyer_0603,0,55,purchase_100292,04.06.2026 12:05,sports,1,refund_req_300292,"17,63", approve ,item_not_as_described
"703,35",agent_024,buyer_0571,0,79,purchase_100806,24.05.2026 04:32,appliances,0,refund_req_300806,"198,98",reject, damaged_item 
"45,88",agent_019,buyer_1755,0,43,purchase_101834,13.04.2026 17:05,beauty,0,refund_req_301834,"35,97",reject,changed_mind
"294,81",agent_015,buyer_1227,1,63,purchase_101018,17.06.2026 23:43,sports,1,refund_req_301018,"77,58",approve,wrong_size
"1.313,68",agent_015,buyer_0104,0,54,purchase_100252,24.04.2026 17:23,electronics,1,refund_req_300252,"964,37",approve,item_not_as_described
"967,11",agent_007,buyer_0355,0,67,purchase_101845,08.04.2026 11:52,beauty,0,refund_req_301845,"418,17",approve,changed_mind
"1.777,21",agent_102,buyer_0446,1,33,purchase_103841,08.04.2026 00:38,appliances,0,refund_req_303841,"1.469,45",approve,damaged_item
"2.118,96",agent_029,buyer_0132,1,27,purchase_103957,16.05.2026 08:31,electronics,0,refund_req_303957,"1.627,34",approve,missing_accessory
"2.023,65",agent_101,buyer_0787,0,11,purchase_103182,10.04.2026 17:10,luxury,0,refund_req_303182,"1.696,21", approve ,
"298,19",agent_027,buyer_9004,1,25,purchase_104261,02.04.2026 06:59,fashion,0,refund_req_304261,"165,55",approve,wrong_size
"690,65",agent_028,buyer_0264,0,33,purchase_101929,17.06.2026 10:26,appliances,1,refund_req_301929,"167,62",reject,damaged_item
"218,49",agent_021,buyer_1923,1,70,purchase_102570,14.06.2026 15:07,appliances,0,refund_req_302570,"146,14",reject,not_working
"52,48",agent_008,buyer_0189,0,75,purchase_100917,02.04.2026 16:31,beauty,0,refund_req_300917,"35,99",reject,changed_mind
"965,68",agent_014,buyer_0616,0,56,purchase_102439,12.05.2026 18:51,electronics,0,refund_req_302439,"735,88",reject,item_not_as_described
"258,50",agent_006,buyer_1312,0,,purchase_100209,28.04.2026 15:01,home,0,refund_req_300209,"175,60",reject,missing_part
"1.105,33",agent_005,buyer_1554,0,24,purchase_103278,27.05.2026 13:35,electronics,1,refund_req_303278,"1.105,33",approve, item_not_as_described 
"1.238,58",agent_020,buyer_1230,0,92,purchase_102243,13.05.2026 22:15,luxury,1,refund_req_302243,"946,72",approve,changed_mind
"765,83",agent_013,buyer_0273,1,36,purchase_102086,11.04.2026 18:02,appliances,0,refund_req_302086,"335,83",approve,damaged_item
"1.895,34",agent_004,buyer_1394,0,89,purchase_100168,30.05.2026 03:14,luxury,0,refund_req_300168,"491,11",approve,changed_mind
"64,20",agent_803,buyer_8003,1,17,purchase_104620,30.04.2026 14:07,fashion,0,refund_req_304620,"63,71",approve,changed_mind
"50,71",agent_021,buyer_1612,0,86,purchase_100714,14.05.2026 16:16,books,1,refund_req_300714,"42,36",APPROVE,wrong_item_received
"1.089,94",agent_016,buyer_1899,0,76,purchase_100884,09.04.2026 18:03,electronics,0,refund_req_300884,"324,42",reject,damaged_item
"219,94",agent_019,buyer_1619,0,75,purchase_100818,25.04.2026 18:44,electronics,0,refund_req_300818,"57,31",approve,missing_accessory
"342,05",agent_007,buyer_9004,0,49,purchase_104229,09.05.2026 10:26,sports,1,refund_req_304229,"181,65",approve,damaged_item
"1.956,45",agent_006,buyer_1342,0,11,purchase_103073,19.06.2026 18:40, electronics ,0,refund_req_303073,"1.176,56",approve,item_not_as_described
"276,20",agent_101,buyer_1255,0,2,purchase_103759,12.06.2026 00:59, fashion ,1,refund_req_303759,"175,14",approve,changed_mind
"1.760,77",agent_025,buyer_1613,0,29,purchase_103012,29.04.2026 00:57,appliances,0,refund_req_303012,"1.407,27", approve ,damaged_item
"416,86",agent_015,buyer_0550,1,83,purchase_101693,14.06.2026 05:07,electronics,0,refund_req_301693,"250,65",approve,missing_accessory
"2.657,04",agent_009,buyer_1957,0,14,purchase_103074,17.04.2026 12:14,luxury,0,refund_req_303074,"1.768,94",approve,damaged_item
"1.483,32",agent_006,buyer_1002,0,65,purchase_102788,10.04.2026 15:07,luxury,,refund_req_302788,"771,39",approve,changed_mind
"1.294,28",agent_006,buyer_1421,0,58,purchase_103484,16.06.2026 11:16,fashion,,refund_req_303484,"1.294,28",Approve,item_not_as_described
"1.073,64",agent_013,buyer_0759,0,40,purchase_102987,09.04.2026 07:40,Electronics,0,refund_req_302987,"774,70",approve,damaged_item
"1.910,58",agent_701,buyer_1285,1,11,purchase_104506,23.04.2026 08:12,electronics,0,refund_req_304506,"1.621,95",approve,damaged_item
"935,92",agent_101,buyer_9006,0,32,purchase_104119,05.04.2026 15:39,luxury,1,refund_req_304119,"856,19",approve,changed_mind
"617,42",agent_801,buyer_8001,0,12,purchase_104633,22.04.2026 23:53,fashion,0,refund_req_304633,"430,99",approve,item_not_as_described
"99,21",agent_001,buyer_1519,0,72,purchase_100484,02.05.2026 00:33,sports,1,refund_req_300484,"58,00",approve,wrong_size
"948,98",agent_026,buyer_0865,0,53,purchase_102746,03.05.2026 21:53,beauty,0,refund_req_302746,"674,64",reject,changed_mind
"117,89",agent_007,buyer_0384,0,79,purchase_102628,31.05.2026 07:32,  beauty  ,1,refund_req_302628,"28,98",approve, changed_mind 
"615,25",agent_029,buyer_1369,0,28,purchase_101524,12.04.2026 15:40,appliances,0,refund_req_301524,"152,57",reject, damaged_item 
"408,47",agent_020,buyer_9006,0,54,purchase_104319,27.05.2026 00:22,home,0,refund_req_304319,"330,32",approve, item_not_as_described 
"324,40",agent_703,buyer_1390,0,18,purchase_104505,29.05.2026 19:12,fashion,1,refund_req_304505,"319,24",approve,
"1.057,16",agent_010,buyer_0487,0,57,purchase_100269,21.06.2026 04:29,sports,1,refund_req_300269,"589,13",  approve  ,wrong_size
"31,06",agent_023,buyer_1754,0,76,purchase_100747,30.05.2026 06:20,Beauty,0,refund_req_300747,"12,74",reject,allergic_reaction
"1.913,15",agent_902,buyer_9905,1,1,purchase_104893,21.04.2026 08:16,electronics,,refund_req_304893,"1.799,92",approve,item_not_as_described
"568,82",agent_802,buyer_8002,0,20,purchase_104592,20.05.2026 10:31,fashion,1,refund_req_304592,"510,88",approve,  wrong_size  
"418,69",agent_009,buyer_0031,0,44,purchase_102512,14.05.2026 12:46,  appliances  ,0,refund_req_302512,"296,44",approve,missing_part
"562,90",agent_026,buyer_1113,0,56,purchase_101567,22.04.2026 21:29,fashion,1,refund_req_301567,"427,50",approve,item_not_as_described
"967,01",agent_019,buyer_1124,1,30,purchase_104015,22.05.2026 16:19,  Appliances  ,0,refund_req_304015,"768,30",Approve,damaged_item
"1.543,55",agent_020,buyer_0141,0,52,purchase_100070,27.05.2026 13:40,electronics,1,refund_req_300070,"597,04",approve,not_working
"1.065,95",agent_777,buyer_700,1,22,purchase_1031,11.06.2026 09:03,Appliances,0,refund_req_3031,"881,61",approve,damaged_item
"32,18",agent_009,buyer_9005,0,11,purchase_104110,25.04.2026 19:54,beauty,0,refund_req_304110,"29,83",approve,allergic_reaction
"1.953,47",agent_019,buyer_1446,0,,purchase_103372,06.05.2026 15:19,electronics,0,refund_req_303372,"1.953,47",approve,item_not_as_described
"57,68",agent_011,buyer_1485,0,45,purchase_102509,03.04.2026 22:01,books,0,refund_req_302509,"16,28",approve,changed_mind
"744,35",agent_026,buyer_0006,0,68,purchase_100541,02.05.2026 08:58, electronics ,1,refund_req_300541,"458,79",REJECT,missing_accessory
"1.230,80",agent_024,buyer_1944,0,81,purchase_102586,28.05.2026 04:22,clothing,1,refund_req_302586,"292,73",approve,item_not_as_described
"1.465,31",agent_004,buyer_1346,1,34,purchase_103875,28.05.2026 04:46,luxury,0,refund_req_303875,"1.013,80",approve,damaged_item
"419,57",agent_002,buyer_1039,0,84,purchase_101339,12.04.2026 20:20,LUXURY,,refund_req_301339,"247,33",approve,item_not_as_described
"338,00",agent_025,buyer_1101,0,81,purchase_101506,21.05.2026 15:02,sports,1,refund_req_301506,"282,28",approve,wrong_size
"500,67",agent_022,buyer_0512,0,90,purchase_102366,08.06.2026 04:17,appliances,0,refund_req_302366,"239,56",reject,missing_part
"405,76",agent_030,buyer_1109,0,78,purchase_102565,03.05.2026 06:54,home,1,refund_req_302565,"247,92",approve,missing_part
"30,09",agent_702,buyer_1150,0,24,purchase_104489,12.04.2026 15:06,clothing,0,refund_req_304489,"24,91",approve,wrong_size
"543,36",agent_021,buyer_1966,0,53,purchase_100907,14.05.2026 14:19,electronics,0,refund_req_300907,"394,75",reject,item_not_as_described
"229,03",agent_006,buyer_0343,1,66,purchase_102777,28.04.2026 07:24,clothing,0,refund_req_302777,"93,67",approve,changed_mind
"73,86",agent_703,buyer_0596,0,23,purchase_104547,15.06.2026 08:34,books,0,refund_req_304547,"31,07",approve,wrong_item_received
"274,26",agent_029,buyer_0789,0,73,purchase_102190,07.05.2026 08:50,home,0,refund_req_302190,"101,12",reject,
"1.278,38",agent_010,buyer_1714,0,63,purchase_101070,31.05.2026 08:32,books,1,refund_req_301070,"797,45", Approve , changed_mind 
"992,19",agent_701,buyer_1250,0,,purchase_104542,26.04.2026 11:12,clothing,,refund_req_304542,"870,97",approve,changed_mind
"947,06",agent_003,buyer_1684,1,22,purchase_103814,21.05.2026 05:43,appliances,0,refund_req_303814,"641,16",approve,damaged_item
"73,12",agent_016,buyer_0636,0,106,purchase_102144,11.05.2026 21:01,  beauty  ,1,refund_req_302144,"17,00",approve,allergic_reaction
"202,04",agent_008,buyer_1327,0,60,purchase_100056,07.05.2026 22:59,fashion,0,refund_req_300056,"59,09",approve,item_not_as_described
"1.626,36",agent_025,buyer_1892,0,19,purchase_103275,29.05.2026 09:02,appliances,0,refund_req_303275,"1.626,36",approve,not_working
"390,36",agent_015,buyer_1585,0,50,purchase_102104,01.05.2026 12:48,sports,0,refund_req_302104,"123,83",reject,item_not_as_described
"74,88",agent_026,buyer_0978,0,65,purchase_102399,17.05.2026 17:53,sports,0,refund_req_302399,"20,21",approve,damaged_item
"295,81",agent_702,buyer_0616,0,38,purchase_104333,15.04.2026 09:02,fashion,1,refund_req_304333,"269,49",approve,item_not_as_described
"229,28",agent_010,buyer_0793,0,45,purchase_101006,30.05.2026 10:49,sports,1,refund_req_301006,"84,76",reject,damaged_item
"1.428,23",agent_901,buyer_9903,1,6,purchase_104894,14.04.2026 07:25,appliances,0,refund_req_304894,"1.459,32",approve,not_working
"274,47",agent_026,buyer_1491,0,56,purchase_100538,01.06.2026 01:55,home,1,refund_req_300538,"214,82",approve,damaged_item
"512,87",agent_029,buyer_1106,0,31,purchase_100346,31.05.2026 01:06,fashion,0,refund_req_300346,"224,53",approve,item_not_as_described
"802,25",agent_020,buyer_1811,0,78,purchase_100080,23.05.2026 11:58,electronics,0,refund_req_300080,"478,58",reject,item_not_as_described
"322,87",agent_017,buyer_0578,0,,purchase_102878,14.06.2026 18:07,sports,0,refund_req_302878,"267,79",reject,damaged_item
"18,45",agent_016,buyer_0468,0,56,purchase_102432,17.05.2026 16:55,books,1,refund_req_302432,"14,23",approve,changed_mind
"1.246,78",agent_024,buyer_0265,0,47,purchase_101677,24.04.2026 08:35,appliances,0,refund_req_301677,"339,95",approve,not_working
"1.689,66",agent_701,buyer_0426,0,16,purchase_104509,14.04.2026 23:56,appliances,1,refund_req_304509,"1.430,81",approve,missing_part
"1.781,94",agent_014,buyer_1275,1,34,purchase_104025,18.05.2026 04:04,electronics,1,refund_req_304025,"1.304,77",approve,missing_accessory
"378,19",agent_015,buyer_1855,0,80,purchase_100117,07.04.2026 21:31,sports,0,refund_req_300117,"98,18",reject,  damaged_item  
"128,13",agent_021,buyer_9001,0,60,purchase_104162,19.05.2026 05:43,beauty,1,refund_req_304162,"106,19",approve,changed_mind
"1.379,18",agent_027,buyer_0524,1,27,purchase_104070,07.05.2026 22:39,  electronics  ,0,refund_req_304070,"964,31",approve,item_not_as_described
"125,49",agent_008,buyer_1133,0,78,purchase_101431,09.06.2026 14:56,sports,1,refund_req_301431,"38,68",approve,wrong_size
"1.087,08",agent_006,buyer_1850,0,81,purchase_102858,09.04.2026 14:57,home,0,refund_req_302858,"380,22",reject,damaged_item
"1.199,26",agent_014,buyer_0666,0,31,purchase_103256,23.05.2026 10:45,fashion,0,refund_req_303256,"1.199,26",approve,wrong_size
"1.097,73",agent_014,buyer_1170,0,42,purchase_103457,14.06.2026 20:56,fashion,1,refund_req_303457,"1.097,73",approve,changed_mind
"513,54",agent_030,buyer_0024,0,44,purchase_101473,24.04.2026 14:26,luxury,1,refund_req_301473,"111,28", approve ,changed_mind
"263,40",agent_023,buyer_1522,0,80,purchase_102045,14.05.2026 07:44,home,1,refund_req_302045,"61,72",approve,item_not_as_described
"526,23",agent_803,buyer_8003,0,26,purchase_104629,14.06.2026 21:11,electronics,0,refund_req_304629,"328,74",approve,missing_accessory
"326,65",agent_029,buyer_0924,0,51,purchase_101824,20.05.2026 07:19,home,1,refund_req_301824,"129,08",approve,missing_part
"67,21",agent_803,buyer_8003,1,15,purchase_104680,19.04.2026 22:33,  fashion  ,0,refund_req_304680,"50,72",approve,item_not_as_described
"2.074,40",agent_020,buyer_1129,0,65,purchase_103299,14.04.2026 10:39,luxury,1,refund_req_303299,"2.074,40",approve,changed_mind
"761,99",agent_014,buyer_0532,0,56,purchase_101817,10.06.2026 19:30,luxury,0,refund_req_301817,"402,80",reject,item_not_as_described
"129,08",agent_803,buyer_8003,1,24,purchase_104647,07.06.2026 13:54,fashion,1,refund_req_304647,"110,66",approve,item_not_as_described
"68,93",agent_016,buyer_1450,0,43,purchase_101435,13.04.2026 12:35,beauty,0,refund_req_301435,"39,75",approve, allergic_reaction 
"142,86",agent_025,buyer_0507,0,42,purchase_100033,01.05.2026 17:16,sports,1,refund_req_300033,"100,79",approve,damaged_item
"348,84",agent_020,buyer_0281,0,46,purchase_101383,22.04.2026 03:17,home,0,refund_req_301383,"90,64",reject,missing_part
"142,77",agent_027,buyer_1782,0,72,purchase_100085,03.05.2026 13:57,beauty,1,refund_req_300085,"101,74",approve,allergic_reaction
"1.786,11",agent_006,buyer_0009,0,,purchase_103249,23.05.2026 04:00,luxury,0,refund_req_303249,"1.154,90",approve,item_not_as_described
"47,08",agent_003,buyer_1136,0,45,purchase_100373,03.06.2026 14:48,books,1,refund_req_300373,"20,23",reject,
"40,20",agent_004,buyer_9006,0,50,purchase_104199,29.04.2026 15:28,sports,0,refund_req_304199,"27,62",approve,item_not_as_described
"1.129,28",agent_021,buyer_9006,0,21,purchase_104247,17.04.2026 07:51,appliances,1,refund_req_304247,"958,48",approve,damaged_item
"2.304,03",agent_017,buyer_0516,0,29,purchase_103064,07.06.2026 01:00,luxury,0,refund_req_303064,"1.705,37", approve ,damaged_item
"205,37",agent_011,buyer_0645,0,73,purchase_100628,09.04.2026 05:33,Clothing,1,refund_req_300628,"99,02",approve,item_not_as_described
"21,13",agent_701,buyer_0127,0,9,purchase_104536,18.04.2026 22:11,books,1,refund_req_304536,"14,32",approve,changed_mind
"1.334,32",agent_004,buyer_0143,0,38,purchase_103468,16.06.2026 11:08,luxury,1,refund_req_303468,"1.334,32",approve,item_not_as_described
"918,29",agent_009,buyer_1127,1,11,purchase_103459,13.04.2026 16:43,appliances,0,refund_req_303459,"918,29",approve,missing_part
"1.092,24",agent_028,buyer_0513,0,60,purchase_100116,11.04.2026 13:28,home,0,refund_req_300116,"481,99",reject,item_not_as_described
"187,87",agent_017,buyer_0493,0,38,purchase_101461,10.05.2026 19:16, clothing ,0,refund_req_301461,"95,58",approve,  changed_mind  
"1.098,40",agent_011,buyer_0463,0,40,purchase_101942,09.06.2026 07:10,ELECTRONICS,1,refund_req_301942,"224,69",approve,missing_accessory
"1.496,47",agent_027,buyer_0139,0,65,purchase_103369,15.05.2026 03:37,electronics,1,refund_req_303369,"1.496,47",approve,missing_accessory
"26,28",agent_802,buyer_8002,0,25,purchase_104739,27.05.2026 15:55,  sports  ,1,refund_req_304739,"18,72",Approve,damaged_item
"926,33",agent_801,buyer_8001,0,23,purchase_104729,13.04.2026 00:48,  fashion  ,0,refund_req_304729,"774,68",approve,wrong_size
"128,16",agent_029,buyer_0397,0,74,purchase_100342,11.05.2026 22:37,clothing,1,refund_req_300342,"76,98",approve,
"1.329,98",agent_001,buyer_1726,1,30,purchase_103945,24.05.2026 19:31,appliances,1,refund_req_303945,"907,95",approve,not_working
"985,01",agent_027,buyer_0023,0,67,purchase_101563,08.06.2026 16:41,books,0,refund_req_301563,"439,97",approve,wrong_item_received
"2.013,52",agent_021,buyer_1406,0,102,purchase_101513,05.06.2026 01:29,electronics,0,refund_req_301513,"1.352,92",approve,  not_working  
"1.142,47",agent_021,buyer_9005,0,56,purchase_104294,13.04.2026 01:20,sports,0,refund_req_304294,"656,33", approve ,item_not_as_described
"134,02",agent_022,buyer_1019,0,49,purchase_100406,06.04.2026 12:25,fashion,1,refund_req_300406,"51,47",approve,wrong_size
"119,42",agent_020,buyer_1627,0,70,purchase_101953,23.05.2026 11:30,home,,refund_req_301953,"62,18",approve,missing_part
"995,39",agent_801,buyer_8001,0,10,purchase_104681,18.04.2026 21:09,electronics,0,refund_req_304681,"842,61",approve,missing_accessory
"1.386,85",agent_007,buyer_0345,0,45,purchase_100979,12.05.2026 10:39,luxury,0,refund_req_300979,"472,48",reject,item_not_as_described
"91,80",agent_103,buyer_0087,0,2,purchase_103775,28.04.2026 04:34,beauty,0,refund_req_303775,"73,98",approve,
"1.187,69",agent_101,buyer_9008,0,51,purchase_104129,23.04.2026 03:07,sports,0,refund_req_304129,"972,95",approve,item_not_as_described
"552,40",agent_022,buyer_0251,0,59,purchase_100919,27.05.2026 18:19,luxury,0,refund_req_300919,"447,41",approve,changed_mind
"2.032,49",agent_024,buyer_1383,0,35,purchase_102982,28.05.2026 06:19,electronics,0,refund_req_302982,"1.345,08",approve,missing_accessory
"540,90",agent_023,buyer_1106,0,104,purchase_101664,04.06.2026 01:21,electronics,0,refund_req_301664,"210,10",approve,not_working
"37,32",agent_017,buyer_1915,1,97,purchase_100890,04.04.2026 22:22,books,0,refund_req_300890,"16,06",approve,damaged_item
"54,11",agent_023,buyer_0237,0,106,purchase_100322,07.05.2026 22:25,books,0,refund_req_300322,"31,32",reject,changed_mind
"419,23",agent_003,buyer_0835,0,58,purchase_102110,20.05.2026 04:37,Sports,1,refund_req_302110,"132,03",approve,
"314,93",agent_102,buyer_1297,0,5,purchase_103557,07.05.2026 20:35,  sports  ,1,refund_req_303557,"236,23",approve,  wrong_size  
"1.520,32",agent_901,buyer_9901,1,6,purchase_104854,10.04.2026 00:43,appliances,0,refund_req_304854,"1.369,72",approve,not_working
"1.958,14",agent_902,buyer_9904,1,2,purchase_104925,11.04.2026 14:16,electronics,0,refund_req_304925,"1.729,79",approve,item_not_as_described
"55,62",agent_015,buyer_1996,0,82,purchase_100245,17.04.2026 16:04,books,1,refund_req_300245,"29,40",approve,changed_mind
"54,38",agent_009,buyer_1908,0,68,purchase_102772,30.04.2026 15:45,  sports  ,1,refund_req_302772,"39,00",reject,wrong_size
"226,58",agent_006,buyer_9002,0,26,purchase_104179,25.04.2026 20:56,CLOTHING,1,refund_req_304179,"194,16",approve,changed_mind
"887,15",agent_028,buyer_0669,0,74,purchase_101183,23.04.2026 19:08,electronics,0,refund_req_301183,"359,23",reject,item_not_as_described
"1.368,38",agent_001,buyer_1334,1,24,purchase_103923,20.06.2026 09:10,electronics,0,refund_req_303923,"1.176,09",approve,item_not_as_described
"1.648,19",agent_011,buyer_9006,0,26,purchase_104215,13.05.2026 04:25,luxury,0,refund_req_304215,"1.592,58",approve,item_not_as_described
"1.186,01",agent_012,buyer_1246,0,68,purchase_102634,15.05.2026 03:23,appliances,0,refund_req_302634,"593,88",reject,damaged_item
"352,25",agent_014,buyer_0420,0,84,purchase_102235,09.05.2026 13:56,luxury,0,refund_req_302235,"288,29",approve,changed_mind
"1.222,32",agent_009,buyer_1437,0,38,purchase_102990,03.05.2026 17:44,appliances,0,refund_req_302990,"853,39",approve,damaged_item
"49,36",agent_013,buyer_0066,0,84,purchase_102728,19.06.2026 17:55,books,1,refund_req_302728,"11,91",approve,damaged_item
"342,54",agent_802,buyer_8002,0,29,purchase_104604,16.06.2026 16:55,electronics,0,refund_req_304604,"278,13",approve,item_not_as_described
"488,40",agent_003,buyer_0113,0,62,purchase_101713,10.05.2026 17:11,luxury,1,refund_req_301713,"368,05",approve,item_not_as_described
"1.190,96",agent_703,buyer_0013,0,17,purchase_104340,06.06.2026 08:34,beauty,0,refund_req_304340,"1.087,29",approve,damaged_item
"1.915,60",agent_022,buyer_0981,0,,purchase_100353,19.04.2026 05:29,luxury,1,refund_req_300353,"1.189,05",approve,item_not_as_described
"72,87",agent_701,buyer_0945,1,,purchase_104494,05.04.2026 02:34,home,0,refund_req_304494,"69,75",approve,item_not_as_described
"475,19",agent_026,buyer_0759,0,74,purchase_101701,16.06.2026 20:08,luxury,0,refund_req_301701,"160,78",reject,damaged_item
"378,72",agent_103,buyer_1458,0,2,purchase_103645,17.04.2026 14:11,sports,0,refund_req_303645,"343,22",approve,
"414,59",agent_004,buyer_9002,0,49,purchase_104259,21.04.2026 08:33,home,1,refund_req_304259,"371,36",approve,missing_part
"1.008,35",agent_004,buyer_0557,0,86,purchase_101487,20.06.2026 20:51,home,0,refund_req_301487,"540,51",reject,missing_part
"217,96",agent_023,buyer_0580,0,63,purchase_100055,25.05.2026 11:55,sports,0,refund_req_300055,"140,98",REJECT,item_not_as_described
"339,14",agent_029,buyer_1728,0,70,purchase_102851,22.05.2026 22:50,sports,1,refund_req_302851,"187,68",approve,wrong_size
"35,26",agent_011,buyer_1233,0,45,purchase_100577,01.05.2026 11:49,clothing,0,refund_req_300577,"28,94",reject,wrong_size
"1.570,81",agent_002,buyer_0924,0,63,purchase_101683,11.06.2026 15:03,electronics,1,refund_req_301683,"481,62",approve,damaged_item
"2.306,74",agent_009,buyer_0709,1,21,purchase_104077,24.05.2026 19:59,luxury,0,refund_req_304077,"1.541,19",approve,damaged_item
"136,56",agent_802,buyer_8002,1,10,purchase_104577,18.05.2026 00:55,beauty,,refund_req_304577,"132,34",approve,allergic_reaction
"1.037,54",agent_013,buyer_0063,0,31,purchase_103014,08.04.2026 00:15,luxury,0,refund_req_303014,"787,09",approve,damaged_item
"45,75",agent_005,buyer_9002,0,25,purchase_104235,15.06.2026 23:09,beauty,0,refund_req_304235,"45,55",approve,
"2.633,95",agent_005,buyer_0643,0,62,purchase_103293,15.06.2026 09:14,luxury,1,refund_req_303293,"2.633,95",Approve,damaged_item
"54,91",agent_007,buyer_1402,0,69,purchase_102406,03.04.2026 21:41,  beauty  ,1,refund_req_302406,"39,10",approve,allergic_reaction
"281,43",agent_028,buyer_0712,0,89,purchase_101084,25.04.2026 12:50,home,0,refund_req_301084,"236,35",approve,item_not_as_described
"46,95",agent_004,buyer_1962,0,79,purchase_100778,26.05.2026 04:22, home ,,refund_req_300778,"14,14",approve,
"219,44",agent_701,buyer_0251,0,12,purchase_104527,27.04.2026 22:27,sports,1,refund_req_304527,"188,65", approve ,wrong_size
"1.462,98",agent_018,buyer_1950,0,69,purchase_101201,01.06.2026 02:35,appliances,0,refund_req_301201,"973,06",reject,not_working
"2.533,33",agent_017,buyer_1059,1,67,purchase_102040,07.05.2026 16:19,luxury,0,refund_req_302040,"858,49",approve,changed_mind
"2.358,10",agent_102,buyer_1521,1,4,purchase_103747,01.06.2026 02:53,luxury,0,refund_req_303747,"1.309,79",approve,damaged_item
"200,42",agent_015,buyer_1649,0,67,purchase_100320,11.06.2026 05:35,sports,1,refund_req_300320,"131,28",approve,item_not_as_described
"631,29",agent_027,buyer_1305,0,40,purchase_101749,04.05.2026 10:18,fashion,1,refund_req_301749,"202,70",approve,changed_mind
"1.354,45",agent_010,buyer_0243,1,9,purchase_103863,08.06.2026 22:49,electronics,0,refund_req_303863,"1.186,78",approve,not_working
"977,18",agent_902,buyer_9904,1,5,purchase_104877,18.06.2026 16:38,electronics,0,refund_req_304877,"889,98",approve, not_working 
"1.221,78",agent_007,buyer_0472,0,57,purchase_102134,28.05.2026 06:01,electronics,0,refund_req_302134,"318,69",Approve, damaged_item 
"1.715,34",agent_001,buyer_0204,0,,purchase_103127,25.04.2026 16:16,electronics,0,refund_req_303127,"1.173,57",approve,missing_accessory
"1.074,91",agent_025,buyer_0644,0,44,purchase_101182,03.04.2026 12:13,luxury,1,refund_req_301182,"407,79",approve,item_not_as_described
"2.917,16",agent_703,buyer_1726,1,6,purchase_104343,01.05.2026 20:56,luxury,,refund_req_304343,"2.210,59",approve,damaged_item
"1.775,89",agent_028,buyer_0790,0,92,purchase_101031,04.04.2026 22:58,luxury,1,refund_req_301031,"655,34",reject,damaged_item
"246,08",agent_004,buyer_1834,0,54,purchase_100598,16.04.2026 19:55,appliances,0,refund_req_300598,"106,24",reject,damaged_item
"179,02",agent_010,buyer_0382,0,75,purchase_101606,16.04.2026 15:25,clothing,1,refund_req_301606,"145,81",approve,changed_mind
"564,62",agent_004,buyer_0849,0,50,purchase_101897,15.05.2026 06:01,fashion,0,refund_req_301897,"114,97",reject,changed_mind
"2.740,52",agent_703,buyer_1618,0,9,purchase_104412,22.04.2026 12:53,luxury,1,refund_req_304412,"1.453,00",approve, damaged_item 
"154,57",agent_027,buyer_0860,0,77,purchase_101413,05.05.2026 13:06,beauty,1,refund_req_301413,"83,61",approve,damaged_item
"993,21",agent_029,buyer_0789,1,22,purchase_103370,03.05.2026 08:43,fashion,0,refund_req_303370,"993,21",approve,wrong_size
"146,82",agent_028,buyer_1603,0,67,purchase_101496,08.05.2026 09:50,beauty,0,refund_req_301496,"112,95",reject,allergic_reaction
"216,89",agent_013,buyer_1553,0,54,purchase_102374,19.05.2026 07:25,sports,1,refund_req_302374,"80,61",approve,damaged_item
"182,52",agent_801,buyer_8001,0,28,purchase_104738,02.05.2026 07:37,  sports  ,1,refund_req_304738,"128,40",approve,wrong_size
"1.318,30",agent_024,buyer_0729,0,84,purchase_100819,20.04.2026 08:48,  appliances  ,0,refund_req_300819,"347,10",approve,not_working
"126,96",agent_022,buyer_0602,0,88,purchase_101507,22.04.2026 10:29,beauty,1,refund_req_301507,"39,12",approve,
"1.039,09",agent_001,buyer_1225,1,30,purchase_104003,04.05.2026 02:06,appliances,0,refund_req_304003,"854,75",approve,not_working
"1.081,68",agent_022,buyer_1889,0,47,purchase_102794,15.06.2026 07:03,fashion,,refund_req_302794,"876,26",approve,changed_mind
"620,72",agent_022,buyer_0419,0,53,purchase_100974,23.04.2026 01:53,fashion,0,refund_req_300974,"273,93",reject,wrong_size
"2.954,75",agent_902,buyer_9904,1,8,purchase_104811,01.04.2026 13:35,luxury,0,refund_req_304811,"2.561,92",approve,item_not_as_described
"42,98",agent_012,buyer_0249,0,69,purchase_101733,16.04.2026 09:27,books,1,refund_req_301733,"24,63",Approve,changed_mind
"256,49",agent_003,buyer_1664,0,52,purchase_101419,19.05.2026 05:49,clothing,,refund_req_301419,"55,53",reject,wrong_size
"55,38",agent_102,buyer_0152,0,1,purchase_103706,02.06.2026 05:19,home,,refund_req_303706,"38,44",approve,missing_part
"1.101,43",agent_902,buyer_9906,1,1,purchase_104767,07.04.2026 08:51,electronics,,refund_req_304767,"942,41", approve ,missing_accessory
"782,02",agent_017,buyer_1589,0,,purchase_101989,25.04.2026 09:33, Electronics ,1,refund_req_301989,"395,29",approve,not_working
"54,84",agent_007,buyer_0578,0,52,purchase_100949,27.05.2026 22:45,books,1,refund_req_300949,"37,06",approve,damaged_item
"381,65",agent_029,buyer_0080,0,71,purchase_100722,16.05.2026 01:23,appliances,0,refund_req_300722,"307,57",approve,damaged_item
"389,36",agent_022,buyer_1776,1,81,purchase_100273,07.06.2026 03:30, fashion ,1,refund_req_300273,"137,51",approve,item_not_as_described
"38,37",agent_027,buyer_1444,0,51,purchase_101740,14.05.2026 02:16,clothing,1,refund_req_301740,"29,95",approve,changed_mind
"979,20",agent_101,buyer_9002,0,55,purchase_104195,11.05.2026 02:17,clothing,1,refund_req_304195,"676,30",approve,item_not_as_described
"1.191,69",agent_019,buyer_1494,0,80,purchase_100977,20.04.2026 11:30,APPLIANCES,1,refund_req_300977,"550,71",approve, missing_part 
"1.777,67",agent_101,buyer_0785,0,4,purchase_103597,06.05.2026 12:27,appliances,0,refund_req_303597,"1.608,30",approve,  not_working  
"103,65",agent_027,buyer_0732,0,93,purchase_102304,04.06.2026 00:21,beauty,0,refund_req_302304,"71,11",approve,damaged_item
"1.088,92",agent_017,buyer_0219,0,58,purchase_100323,19.04.2026 10:07,electronics,0,refund_req_300323,"692,19",approve,damaged_item
"2.604,49",agent_027,buyer_1487,0,70,purchase_101032,21.06.2026 06:10,luxury,1,refund_req_301032,"1.923,16",approve,
"1.181,06",agent_016,buyer_1976,0,50,purchase_103433,06.05.2026 12:48,appliances,0,refund_req_303433,"1.181,06",approve,  not_working  
"407,57",agent_006,buyer_1160,0,86,purchase_100348,02.06.2026 15:54,home,0,refund_req_300348,"337,89",reject,
"120,87",agent_026,buyer_9007,0,30,purchase_104096,24.04.2026 23:07,clothing,1,refund_req_304096,"89,65",Approve,wrong_size
"169,47",agent_001,buyer_9001,0,10,purchase_104146,03.04.2026 02:55,home,1,refund_req_304146,"159,18",approve,missing_part
"1.459,55",agent_023,buyer_1518,1,31,purchase_103879,23.04.2026 23:15,appliances,0,refund_req_303879,"1.452,51",approve,
"373,02",agent_010,buyer_0818,0,41,purchase_100911,14.05.2026 22:23,fashion,0,refund_req_300911,"290,83",reject,changed_mind
"994,99",agent_029,buyer_0099,0,65,purchase_102081,24.04.2026 21:15,sports,1,refund_req_302081,"794,05",approve,item_not_as_described
"480,02",agent_001,buyer_1421,0,43,purchase_102631,16.05.2026 22:28,Fashion,0,refund_req_302631,"253,43",approve,wrong_size
"565,52",agent_012,buyer_0633,0,55,purchase_100112,14.04.2026 01:19,electronics,1,refund_req_300112,"461,46",approve,
"337,84",agent_028,buyer_0381,0,62,purchase_102613,16.05.2026 05:15,fashion,1,refund_req_302613,"234,09",approve,wrong_size
"142,00",agent_802,buyer_8002,0,8,purchase_104670,11.04.2026 10:58,sports,0,refund_req_304670,"89,67",approve,damaged_item
"1.855,15",agent_018,buyer_1592,0,63,purchase_103440,08.05.2026 07:46,luxury,,refund_req_303440,"1.855,15",  approve  ,
"1.679,62",agent_901,buyer_9903,1,8,purchase_104870,12.06.2026 21:22,electronics,0,refund_req_304870,"1.549,04",approve,item_not_as_described
"305,43",agent_009,buyer_0953,0,,purchase_102699,08.04.2026 20:13,Home,1,refund_req_302699,"85,34",approve,missing_part
"113,84",agent_017,buyer_9005,0,32,purchase_104302,10.05.2026 08:52,clothing,1,refund_req_304302,"61,48",approve,
"1.234,09",agent_020,buyer_1661,1,53,purchase_101298,08.04.2026 18:14,clothing,0,refund_req_301298,"501,16",approve,changed_mind
"2.092,70",agent_010,buyer_1259,0,48,purchase_102080,16.04.2026 19:53,luxury,0,refund_req_302080,"934,01",reject,item_not_as_described
"237,49",agent_102,buyer_0956,0,,purchase_103788,18.04.2026 11:33,sports,1,refund_req_303788,"193,66",approve, damaged_item 
"88,01",agent_028,buyer_0829,0,41,purchase_101780,09.06.2026 11:07,sports,1,refund_req_301780,"20,67",approve,item_not_as_described
"506,30",agent_801,buyer_8001,0,24,purchase_104702,07.04.2026 16:03,fashion,0,refund_req_304702,"496,02",approve,wrong_size
"252,09",agent_005,buyer_1245,0,41,purchase_101037,04.05.2026 20:25,home,1,refund_req_301037,"154,76",approve,missing_part
"1.687,45",agent_901,buyer_9902,1,,purchase_104786,16.05.2026 05:04,luxury,0,refund_req_304786,"1.646,02",approve,changed_mind
"1.402,24",agent_020,buyer_1797,0,43,purchase_103246,10.05.2026 01:56,appliances,0,refund_req_303246,"1.214,25",approve,damaged_item
"224,73",agent_030,buyer_0736,0,76,purchase_100498,11.04.2026 23:41, fashion ,0,refund_req_300498,"53,01",reject,changed_mind
"1.305,67",agent_902,buyer_9905,1,7,purchase_104809,28.04.2026 19:26,electronics,0,refund_req_304809,"1.217,28",approve,damaged_item
"663,35",agent_016,buyer_1321,0,42,purchase_100753,22.05.2026 02:58,appliances,0,refund_req_300753,"186,67",approve,missing_part
"25,81",agent_101,buyer_0326,0,4,purchase_103665,11.06.2026 06:34,clothing,1,refund_req_303665,"18,72",approve, item_not_as_described 
"1.266,54",agent_014,buyer_1430,1,25,purchase_103040,10.04.2026 16:23,appliances,0,refund_req_303040,"1.028,45",approve,not_working
"321,14",agent_005,buyer_1541,0,89,purchase_100272,06.06.2026 22:17,electronics,0,refund_req_300272,"203,70",reject,damaged_item
"286,30",agent_020,buyer_1548,0,86,purchase_101167,18.06.2026 07:08,electronics,1,refund_req_301167,"199,52",reject,not_working
"1.432,30",agent_702,buyer_1984,1,37,purchase_104399,26.04.2026 11:32,electronics,1,refund_req_304399,"893,71", approve ,damaged_item
"1.693,50",agent_021,buyer_0580,0,52,purchase_101184,18.04.2026 13:10,electronics,0,refund_req_301184,"382,05",approve,damaged_item
"1.960,00",agent_002,buyer_9006,0,39,purchase_104135,24.05.2026 22:19,electronics,0,refund_req_304135,"1.234,62",approve,missing_accessory
"1.163,79",agent_803,buyer_8003,0,7,purchase_104626,25.04.2026 13:14,beauty,0,refund_req_304626,"991,25",approve,damaged_item
"223,51",agent_005,buyer_0323,0,67,purchase_100097,05.06.2026 11:53,electronics,1,refund_req_300097,"56,55",approve,item_not_as_described
"1.654,75",agent_703,buyer_0276,0,10,purchase_104337,05.06.2026 13:09,  electronics  ,1,refund_req_304337,"1.160,95",approve,not_working
"113,26",agent_028,buyer_0163,0,58,purchase_101501,28.05.2026 12:36,beauty,0,refund_req_301501,"91,98",approve, allergic_reaction 
"1.855,64",agent_028,buyer_9003,0,33,purchase_104124,08.04.2026 06:35, electronics ,0,refund_req_304124,"1.399,95",approve,missing_accessory
"63,09",agent_028,buyer_0435,0,95,purchase_102442,29.04.2026 19:24,books,0,refund_req_302442,"48,10",reject,wrong_item_received
"70,53",agent_007,buyer_0724,0,49,purchase_101955,27.05.2026 15:51,  home  ,1,refund_req_301955,"37,21",approve,damaged_item
"1.536,73",agent_004,buyer_1899,0,28,purchase_103428,13.04.2026 21:34,luxury,0,refund_req_303428,"1.536,73",approve,damaged_item
"873,42",agent_101,buyer_0205,0,3,purchase_103680,20.05.2026 04:15,electronics,,refund_req_303680,"857,44",approve,item_not_as_described
"528,63",agent_009,buyer_1008,0,66,purchase_101458,09.06.2026 02:01,fashion,1,refund_req_301458,"165,85",approve,item_not_as_described
"178,60",agent_022,buyer_9007,0,59,purchase_104224,01.06.2026 12:24,sports,0,refund_req_304224,"120,16",Approve,item_not_as_described
"946,92",agent_025,buyer_0671,0,52,purchase_101091,09.05.2026 12:15,sports,1,refund_req_301091,"380,90",approve,damaged_item
"285,11",agent_029,buyer_1612,0,,purchase_101453,23.04.2026 16:24,appliances,0,refund_req_301453,"139,08",approve,damaged_item
"336,44",agent_013,buyer_0820,0,105,purchase_102344,20.04.2026 21:24,fashion,1,refund_req_302344,"270,35",approve,wrong_size
"189,19",agent_019,buyer_0806,0,72,purchase_101052,06.05.2026 08:39,appliances,,refund_req_301052,"153,43",approve,missing_part
"1.488,89",agent_902,buyer_9904,1,9,purchase_104953,12.06.2026 02:58,electronics,0,refund_req_304953,"1.395,76",approve,item_not_as_described
"178,58",agent_014,buyer_0113,0,75,purchase_101469,11.04.2026 16:01,clothing,0,refund_req_301469,"112,24",reject,changed_mind
"306,01",agent_012,buyer_0683,0,71,purchase_102411,21.05.2026 08:56,home,,refund_req_302411,"232,19",reject,item_not_as_described
"1.525,47",agent_014,buyer_0965,0,63,purchase_102712,18.06.2026 11:02,  luxury  ,0,refund_req_302712,"868,54",reject,item_not_as_described
"1.769,96",agent_103,buyer_1298,1,25,purchase_104005,12.06.2026 15:37, electronics ,0,refund_req_304005,"1.425,67",approve,damaged_item
"177,69",agent_029,buyer_0918,0,29,purchase_101851,01.06.2026 20:42,beauty,,refund_req_301851,"46,83",approve,allergic_reaction
"1.662,32",agent_009,buyer_0048,0,56,purchase_103430,11.06.2026 00:41,appliances,0,refund_req_303430,"1.662,32",approve,damaged_item
"1.043,99",agent_022,buyer_9001,0,54,purchase_104194,30.04.2026 19:58,home,1,refund_req_304194,"898,91",approve,damaged_item
"1.125,67",agent_023,buyer_0741,0,59,purchase_100167,13.05.2026 01:45,  fashion  ,1,refund_req_300167,"270,32",approve,item_not_as_described
"1.214,52",agent_020,buyer_9001,0,22,purchase_104130,14.04.2026 14:23,electronics,0,refund_req_304130,"701,00",approve,damaged_item
"373,60",agent_019,buyer_1793,0,75,purchase_102748,05.04.2026 22:07,sports,0,refund_req_302748,"77,53",approve,
"76,10",agent_018,buyer_0284,0,68,purchase_101472,04.06.2026 20:45, sports ,0,refund_req_301472,"62,05",reject,  item_not_as_described  
"278,14",agent_003,buyer_0995,1,68,purchase_102789,09.06.2026 18:09,sports,0,refund_req_302789,"161,36",approve,item_not_as_described
"2.125,49",agent_702,buyer_0123,0,10,purchase_104375,29.05.2026 13:52,luxury,1,refund_req_304375,"1.572,68",approve,damaged_item
"1.227,70",agent_001,buyer_0482,0,51,purchase_102951,13.04.2026 07:07,electronics,0,refund_req_302951,"652,07",approve,missing_accessory
"1.269,49",agent_016,buyer_0633,0,117,purchase_102945,02.04.2026 19:26,appliances,0,refund_req_302945,"1.060,36",reject,damaged_item
"1.591,85",agent_102,buyer_1050,1,15,purchase_103930,17.04.2026 02:57,  luxury  ,0,refund_req_303930,"1.464,46",approve,damaged_item
"1.399,57",agent_004,buyer_0119,1,23,purchase_103969,03.05.2026 03:34,appliances,,refund_req_303969,"1.361,21",approve,missing_part
"1.700,02",agent_018,buyer_0642,0,56,purchase_102288,03.06.2026 20:46,luxury,0,refund_req_302288,"1.336,43",approve,changed_mind
"96,69",agent_019,buyer_0101,0,49,purchase_101388,26.05.2026 17:24,sports,0,refund_req_301388,"55,72",approve,damaged_item
"2.748,13",agent_017,buyer_0052,0,,purchase_100459,19.04.2026 11:21,luxury,1,refund_req_300459,"824,85",approve,damaged_item
"62,19",agent_024,buyer_1801,0,57,purchase_101786,12.04.2026 12:16,clothing,1,refund_req_301786,"52,20",  approve  ,item_not_as_described
"448,87",agent_016,buyer_1743,0,74,purchase_102251,10.04.2026 04:29,Home,0,refund_req_302251,"265,93",approve,missing_part
"597,18",agent_802,buyer_8002,0,14,purchase_104595,06.06.2026 05:14,electronics,1,refund_req_304595,"378,16",approve,item_not_as_described
"1.199,62",agent_008,buyer_2000,0,,purchase_101945,28.05.2026 08:12,books,1,refund_req_301945,"297,37",approve,damaged_item
"1.362,20",agent_103,buyer_1638,0,10,purchase_103267,10.04.2026 19:11,electronics,0,refund_req_303267,"1.362,20",approve,
"366,66",agent_028,buyer_1104,0,100,purchase_101514,08.04.2026 18:26,sports,1,refund_req_301514,"208,68",approve,item_not_as_described
"1.789,88",agent_005,buyer_1102,0,104,purchase_100994,10.06.2026 17:10,appliances,0,refund_req_300994,"862,73",reject,damaged_item
"343,18",agent_101,buyer_9005,0,13,purchase_104206,12.04.2026 18:16,appliances,0,refund_req_304206,"317,05",approve,damaged_item
"1.191,11",agent_006,buyer_1750,0,63,purchase_100386,14.04.2026 11:15,home,0,refund_req_300386,"750,77",reject,
"1.745,32",agent_021,buyer_1316,0,55,purchase_100740,15.05.2026 04:12,appliances,1,refund_req_300740,"844,78",approve,damaged_item
"2.937,07",agent_901,buyer_9902,1,2,purchase_104872,23.04.2026 16:00,luxury,0,refund_req_304872,"2.699,22",approve,changed_mind
"63,36",agent_023,buyer_1380,0,,purchase_100612,25.04.2026 08:54,books,1,refund_req_300612,"45,81",approve,wrong_item_received
"1.380,54",agent_006,buyer_0675,0,28,purchase_102985,08.06.2026 13:15,appliances,0,refund_req_302985,"1.239,53",approve,damaged_item
"1.588,46",agent_025,buyer_1795,0,37,purchase_100726,22.05.2026 07:51,appliances,,refund_req_300726,"430,52",approve,not_working
"645,86",agent_030,buyer_0251,0,66,purchase_101343,24.04.2026 02:41,electronics,0,refund_req_301343,"351,07",reject,not_working
"2.256,90",agent_002,buyer_0842,0,71,purchase_100114,11.05.2026 00:00,luxury,0,refund_req_300114,"1.873,75",reject,changed_mind
"2.054,18",agent_011,buyer_0113,1,9,purchase_104051,18.06.2026 16:23,luxury,1,refund_req_304051,"1.534,56",approve,changed_mind
"1.623,89",agent_013,buyer_1698,1,23,purchase_104067,20.04.2026 08:40,appliances,,refund_req_304067,"1.184,09",APPROVE,damaged_item
"1.095,85",agent_025,buyer_0656,0,58,purchase_103474,12.04.2026 09:53,fashion,1,refund_req_303474,"1.095,85",approve,item_not_as_described
"61,16",agent_018,buyer_0131,0,67,purchase_100617,03.04.2026 13:30,books,1,refund_req_300617,"47,58",approve,changed_mind
"158,57",agent_026,buyer_1460,0,62,purchase_101302,06.04.2026 18:38,clothing,,refund_req_301302,"102,88",approve,changed_mind
"487,02",agent_009,buyer_0822,0,94,purchase_102198,07.04.2026 07:47,fashion,1,refund_req_302198,"100,00",approve,item_not_as_described
"1.731,86",agent_026,buyer_0463,0,70,purchase_100570,31.05.2026 22:34,appliances,1,refund_req_300570,"1.154,30",approve,
"1.328,94",agent_001,buyer_0736,0,,purchase_100776,05.04.2026 13:28,appliances,1,refund_req_300776,"361,38",approve,damaged_item
"312,85",agent_008,buyer_0015,0,38,purchase_102669,06.06.2026 20:50,Electronics,1,refund_req_302669,"256,83",approve,item_not_as_described
"1.375,49",agent_003,buyer_0558,0,47,purchase_102368,26.05.2026 21:49,electronics,1,refund_req_302368,"1.089,39",approve,missing_accessory
"25,61",agent_001,buyer_0510,0,55,purchase_102532,21.05.2026 17:00,sports,1,refund_req_302532,"11,34",reject,wrong_size
"377,50",agent_025,buyer_0973,0,84,purchase_101748,15.05.2026 14:35,sports,1,refund_req_301748,"98,64",approve,
"1.753,67",agent_010,buyer_0564,0,42,purchase_100176,16.05.2026 05:57,appliances,0,refund_req_300176,"1.353,51",reject,damaged_item
"971,27",agent_103,buyer_1050,1,6,purchase_103929,16.06.2026 00:00,electronics,0,refund_req_303929,"734,81",approve,missing_accessory
"196,46",agent_011,buyer_0343,0,73,purchase_101133,04.05.2026 11:42,fashion,0,refund_req_301133,"126,24",reject,item_not_as_described
"903,92",agent_005,buyer_0611,0,23,purchase_103254,22.04.2026 00:00,luxury,0,refund_req_303254,"903,92",approve,item_not_as_described
"126,88",agent_028,buyer_1842,0,54,purchase_101386,06.06.2026 06:51,beauty,,refund_req_301386,"31,86",approve,allergic_reaction
"797,20",agent_007,buyer_0537,0,55,purchase_100589,12.06.2026 12:00,luxury,1,refund_req_300589,"367,25",approve,item_not_as_described
"1.105,11",agent_902,buyer_9905,1,5,purchase_104825,02.04.2026 05:07,  appliances  ,0,refund_req_304825,"1.087,80",approve,missing_part
"1.790,29",agent_020,buyer_0863,1,20,purchase_104059,22.05.2026 21:32,electronics,1,refund_req_304059,"1.549,03",approve,
"279,34",agent_102,buyer_9001,0,37,purchase_104274,09.06.2026 09:31,sports,0,refund_req_304274,"158,75",approve,wrong_size
"479,40",agent_012,buyer_1801,0,53,purchase_101073,19.06.2026 18:57,home,1,refund_req_301073,"105,22",approve,
"2.153,25",agent_010,buyer_0707,0,65,purchase_100537,27.05.2026 17:51,electronics,0,refund_req_300537,"1.654,33", approve ,item_not_as_described
"233,36",agent_025,buyer_1186,0,49,purchase_101743,05.05.2026 07:43,fashion,1,refund_req_301743,"78,74",approve,wrong_size
"65,07",agent_027,buyer_1918,0,89,purchase_102426,30.05.2026 16:07,  books  ,1,refund_req_302426,"17,70",reject, wrong_item_received 
"550,27",agent_007,buyer_0906,0,,purchase_100705,27.05.2026 09:47,fashion,0,refund_req_300705,"400,31",approve,wrong_size
"95,34",agent_022,buyer_1886,0,65,purchase_100026,23.05.2026 07:47,clothing,1,refund_req_300026,"71,62",reject,changed_mind
"1.063,84",agent_025,buyer_0555,0,44,purchase_101711,22.04.2026 14:10,appliances,1,refund_req_301711,"383,14",approve,missing_part
"366,58",agent_023,buyer_1312,0,126,purchase_100101,17.05.2026 11:00,appliances,0,refund_req_300101,"78,29",approve,missing_part
"9,05",agent_014,buyer_1171,0,54,purchase_102435,14.05.2026 04:50,books,1,refund_req_302435,"1,88",approve,changed_mind
"1.578,97",agent_009,buyer_1776,0,72,purchase_100220,02.06.2026 12:51,Electronics,1,refund_req_300220,"451,98",approve,  damaged_item  
"2.857,14",agent_012,buyer_1662,0,74,purchase_102441,03.04.2026 17:27,luxury,0,refund_req_302441,"988,60",approve,damaged_item
"1.443,32",agent_002,buyer_0334,0,93,purchase_100284,05.06.2026 08:41,appliances,1,refund_req_300284,"489,73",approve,not_working
"958,99",agent_019,buyer_0327,0,26,purchase_103079,07.06.2026 18:09,appliances,0,refund_req_303079,"667,25",approve,not_working
"433,77",agent_801,buyer_8001,0,19,purchase_104723,19.04.2026 00:55,sports,1,refund_req_304723,"371,62",approve,wrong_size
"1.130,14",agent_101,buyer_0433,0,5,purchase_103661,18.04.2026 09:44,electronics,1,refund_req_303661,"921,64",approve,
"2.114,92",agent_004,buyer_0774,1,7,purchase_103873,01.06.2026 11:48,electronics,0,refund_req_303873,"1.969,16",approve,
"933,37",agent_026,buyer_0848,1,25,purchase_103926,12.06.2026 06:36,electronics,0,refund_req_303926,"861,49",approve, not_working 
"229,30",agent_703,buyer_0354,0,21,purchase_104349,12.06.2026 06:04,home,0,refund_req_304349,"151,16",approve,  missing_part  
"1.191,05",agent_702,buyer_0996,0,36,purchase_104414,07.06.2026 23:22,sports,0,refund_req_304414,"499,99",approve,damaged_item
"933,81",agent_026,buyer_0382,1,81,purchase_101659,16.05.2026 07:29,clothing,1,refund_req_301659,"781,19",approve,item_not_as_described
"307,23",agent_025,buyer_0652,0,34,purchase_102306,17.04.2026 00:41,appliances,1,refund_req_302306,"103,39",approve,missing_part
"1.096,39",agent_023,buyer_1763,0,28,purchase_103427,14.06.2026 05:17,fashion,0,refund_req_303427,"1.096,39",approve,item_not_as_described
"91,61",agent_009,buyer_1744,0,22,purchase_100756,02.05.2026 18:15,Fashion,0,refund_req_300756,"25,75",approve,  wrong_size  
"472,48",agent_019,buyer_1825,0,53,purchase_102333,08.06.2026 08:03,  home  ,,refund_req_302333,"382,95",approve,damaged_item
"1.064,35",agent_701,buyer_0083,1,32,purchase_104383,08.05.2026 01:02,beauty,1,refund_req_304383,"442,53",approve,damaged_item
"303,55",agent_003,buyer_0280,0,71,purchase_102643,12.04.2026 11:53,sports,1,refund_req_302643,"239,12",approve,wrong_size
"80,26",agent_001,buyer_0364,0,65,purchase_100877,02.04.2026 00:40,books,1,refund_req_300877,"24,96",reject,damaged_item
"192,90",agent_012,buyer_0526,0,68,purchase_100265,19.05.2026 19:59,clothing,1,refund_req_300265,"44,62",approve,
"1.116,05",agent_010,buyer_0068,0,27,purchase_103110,12.06.2026 21:27,electronics,0,refund_req_303110,"918,83",approve,not_working
"2.095,80",agent_011,buyer_0816,0,37,purchase_103095,05.06.2026 09:36,electronics,0,refund_req_303095,"1.959,94",approve,damaged_item
"1.741,09",agent_008,buyer_0174,0,50,purchase_101644,22.04.2026 06:53,appliances,1,refund_req_301644,"971,48",approve,not_working
"2.289,18",agent_027,buyer_1616,0,29,purchase_103168,29.04.2026 16:00, luxury ,0,refund_req_303168,"1.698,21",approve,item_not_as_described
"119,07",agent_009,buyer_1339,0,74,purchase_102267,25.04.2026 14:52,home,1,refund_req_302267,"23,98",approve,item_not_as_described
"365,35",agent_009,buyer_1743,0,47,purchase_100246,19.04.2026 03:57,sports,1,refund_req_300246,"239,48",approve,damaged_item
"1.086,00",agent_003,buyer_0209,0,71,purchase_100668,19.06.2026 08:21,APPLIANCES,1,refund_req_300668,"425,38",approve,damaged_item
"70,46",agent_102,buyer_1363,0,1,purchase_103743,27.05.2026 21:02,home,1,refund_req_303743,"60,79",approve,item_not_as_described
"2.084,56",agent_001,buyer_9004,0,65,purchase_104165,18.04.2026 18:31,electronics,0,refund_req_304165,"1.163,28",approve,not_working
"143,11",agent_018,buyer_0573,0,52,purchase_102943,05.04.2026 19:10,sports,0,refund_req_302943,"44,56",reject,damaged_item
"2.036,22",agent_102,buyer_0961,1,13,purchase_103878,03.05.2026 15:23,luxury,0,refund_req_303878,"1.545,16",approve,changed_mind
"516,77",agent_022,buyer_1353,0,74,purchase_101528,11.04.2026 03:26,  fashion  ,,refund_req_301528,"127,76",approve,changed_mind
"1.648,75",agent_027,buyer_0760,0,56,purchase_101832,22.04.2026 05:03,luxury,1,refund_req_301832,"979,99",reject,item_not_as_described
"412,66",agent_001,buyer_1125,0,73,purchase_102183,08.05.2026 12:15,sports,1,refund_req_302183,"181,60",reject,wrong_size
"250,50",agent_701,buyer_0374,0,,purchase_104503,18.05.2026 07:09,fashion,1,refund_req_304503,"149,98",approve,wrong_size
"626,53",agent_101,buyer_1508,1,3,purchase_103656,25.05.2026 18:03,fashion,1,refund_req_303656,"474,74",approve,changed_mind
"83,92",agent_014,buyer_1578,0,49,purchase_100690,10.05.2026 08:19,  beauty  ,1,refund_req_300690,"40,71",reject,allergic_reaction
"2.144,94",agent_029,buyer_0410,0,13,purchase_103067,01.05.2026 19:12,Electronics,0,refund_req_303067,"1.947,38",approve,item_not_as_described
"2.165,30",agent_026,buyer_1569,1,18,purchase_104047,12.06.2026 10:41,luxury,0,refund_req_304047,"1.413,63",approve,changed_mind
"32,22",agent_011,buyer_9005,0,70,purchase_104286,21.04.2026 11:48,books,1,refund_req_304286,"27,78",approve,changed_mind
"71,08",agent_028,buyer_0231,0,90,purchase_102660,22.04.2026 16:01, books ,0,refund_req_302660,"55,53",reject,wrong_item_received
"399,77",agent_103,buyer_1434,1,1,purchase_103741,30.04.2026 22:57,luxury,0,refund_req_303741,"307,59",approve,
"35,52",agent_028,buyer_1185,0,24,purchase_100674,30.04.2026 07:39,books,1,refund_req_300674,"14,02",approve,wrong_item_received
"1.176,81",agent_029,buyer_0381,1,31,purchase_104012,10.04.2026 00:22,appliances,0,refund_req_304012,"900,74",approve,  not_working  
"1.587,14",agent_901,buyer_9902,1,2,purchase_104900,13.04.2026 20:10,appliances,0,refund_req_304900,"1.365,06",approve,not_working
"1.137,23",agent_005,buyer_0312,1,9,purchase_103840,11.05.2026 16:44,electronics,0,refund_req_303840,"862,02",approve,not_working
"1.085,20",agent_010,buyer_0799,1,54,purchase_100648,17.06.2026 04:00,electronics,0,refund_req_300648,"846,95",approve,not_working
"1.169,41",agent_027,buyer_1172,1,18,purchase_103049,18.04.2026 14:59,electronics,0,refund_req_303049,"807,34",approve,damaged_item
"259,20",agent_701,buyer_1904,0,8,purchase_104458,11.06.2026 22:15,sports,0,refund_req_304458,"110,14",approve,item_not_as_described
"1.087,65",agent_803,buyer_8003,0,5,purchase_104704,02.04.2026 15:26,sports,0,refund_req_304704,"705,67",approve,wrong_size
"20,38",agent_028,buyer_1989,0,69,purchase_100105,04.06.2026 10:31,books,1,refund_req_300105,"4,98",approve,
"2.006,56",agent_019,buyer_1629,0,45,purchase_103359,15.04.2026 02:32,electronics,1,refund_req_303359,"2.006,56",approve,item_not_as_described
"393,61",agent_021,buyer_1559,0,89,purchase_101908,16.05.2026 15:35,appliances,1,refund_req_301908,"271,69",approve,missing_part
"67,60",agent_009,buyer_1356,0,43,purchase_102378,09.06.2026 15:04,clothing,0,refund_req_302378,"27,74",reject,wrong_size
"312,08",agent_019,buyer_1956,0,74,purchase_101774,26.04.2026 23:35,electronics,1,refund_req_301774,"177,58",  reject  ,damaged_item
"508,46",agent_030,buyer_1662,0,46,purchase_101685,01.04.2026 10:32,  fashion  ,1,refund_req_301685,"160,20",approve,item_not_as_described
"1.992,21",agent_013,buyer_0626,1,18,purchase_103997,02.04.2026 05:55,luxury,1,refund_req_303997,"1.989,16",approve,changed_mind
"121,51",agent_017,buyer_1864,0,74,purchase_100725,15.06.2026 18:30,clothing,,refund_req_300725,"89,84", approve ,item_not_as_described
"2.362,85",agent_103,buyer_1508,1,32,purchase_103913,16.06.2026 04:03,luxury,1,refund_req_303913,"1.884,37",approve,changed_mind
"1.184,27",agent_015,buyer_1413,0,43,purchase_103523,21.04.2026 19:47,fashion,1,refund_req_303523,"1.184,27",approve,wrong_size
"105,27",agent_029,buyer_0679,0,57,purchase_102280,13.05.2026 00:44,home,1,refund_req_302280,"86,67",reject,
"67,69",agent_029,buyer_1133,0,40,purchase_101521,25.05.2026 02:47,beauty,0,refund_req_301521,"24,27",reject,allergic_reaction
"518,73",agent_028,buyer_0603,1,35,purchase_102734,16.06.2026 18:04,home,,refund_req_302734,"135,67",approve,item_not_as_described
"1.666,69",agent_703,buyer_1064,0,,purchase_104391,20.06.2026 10:14, luxury ,1,refund_req_304391,"1.531,00",approve,damaged_item
"959,78",agent_028,buyer_1768,0,77,purchase_100239,29.04.2026 18:59,electronics,1,refund_req_300239,"419,03",Reject,
"400,53",agent_002,buyer_1310,0,67,purchase_100792,08.06.2026 11:57,sports,0,refund_req_300792,"321,51",approve,item_not_as_described
"1.659,49",agent_006,buyer_1083,1,20,purchase_103835,15.05.2026 20:55,luxury,1,refund_req_303835,"1.571,56",approve,damaged_item
"257,69",agent_021,buyer_1922,0,83,purchase_102227,02.06.2026 22:37,clothing,1,refund_req_302227,"175,20",approve,item_not_as_described
"1.307,60",agent_101,buyer_1822,1,12,purchase_104017,18.06.2026 17:26,appliances,0,refund_req_304017,"1.176,93",approve,missing_part
"2.019,43",agent_008,buyer_1750,1,15,purchase_103973,07.06.2026 15:00,electronics,0,refund_req_303973,"1.710,42",approve,not_working
"401,27",agent_009,buyer_0997,0,57,purchase_100947,19.04.2026 11:16,sports,0,refund_req_300947,"155,50", reject ,wrong_size
"766,79",agent_004,buyer_1451,0,48,purchase_101800,04.06.2026 21:08,electronics,1,refund_req_301800,"524,16",approve,damaged_item
"1.675,83",agent_028,buyer_1984,0,65,purchase_103426,16.04.2026 22:19,luxury,,refund_req_303426,"1.675,83",approve,damaged_item
"1.637,95",agent_011,buyer_1316,0,60,purchase_101296,14.05.2026 22:11,appliances,1,refund_req_301296,"366,32",approve,not_working
"74,28",agent_025,buyer_9008,0,20,purchase_104281,14.06.2026 23:21,books,1,refund_req_304281,"70,69",approve,changed_mind
"1.467,26",agent_013,buyer_1217,0,63,purchase_103360,18.04.2026 02:12,electronics,0,refund_req_303360,"1.467,26",approve,damaged_item
"147,14",agent_017,buyer_0821,0,26,purchase_100364,12.04.2026 12:57,beauty,1,refund_req_300364,"88,15",reject,damaged_item
"67,14",agent_014,buyer_0302,0,49,purchase_102890,21.06.2026 06:26,books,1,refund_req_302890,"33,07",approve,damaged_item
"156,53",agent_005,buyer_0681,0,65,purchase_101283,26.05.2026 09:20,beauty,1,refund_req_301283,"107,01",approve,changed_mind
"472,24",agent_101,buyer_500,0,2,purchase_1016,04.06.2026 09:01,fashion,0,refund_req_3016,"299,92",approve,item_not_as_described
"2.834,88",agent_902,buyer_9905,1,4,purchase_104795,26.04.2026 14:10,luxury,0,refund_req_304795,"2.497,79",  approve  ,changed_mind
"40,91",agent_010,buyer_1947,0,46,purchase_101414,16.06.2026 01:52, clothing ,1,refund_req_301414,"28,83",approve,item_not_as_described
"162,88",agent_801,buyer_8001,1,6,purchase_104741,08.04.2026 09:40,fashion,0,refund_req_304741,"133,92",approve,item_not_as_described
"177,36",agent_022,buyer_1937,0,78,purchase_101576,15.04.2026 10:15,HOME,1,refund_req_301576,"67,45",approve,damaged_item
"2.546,85",agent_001,buyer_1785,1,34,purchase_104028,28.04.2026 01:51,luxury,0,refund_req_304028,"2.006,93",approve,changed_mind
"54,89",agent_016,buyer_1329,0,99,purchase_100613,20.04.2026 00:10,beauty,0,refund_req_300613,"41,02",reject,allergic_reaction
"1.806,29",agent_029,buyer_9008,0,54,purchase_104121,20.06.2026 15:35,electronics,0,refund_req_304121,"1.220,28",approve, not_working 
"1.657,46",agent_015,buyer_1433,0,100,purchase_102587,01.04.2026 09:44,appliances,1,refund_req_302587,"775,67",  approve  ,not_working
"136,33",agent_024,buyer_0069,0,54,purchase_100398,12.05.2026 13:24,beauty,1,refund_req_300398,"35,59",approve,
"73,16",agent_011,buyer_0777,0,46,purchase_101337,17.06.2026 06:48,books,1,refund_req_301337,"38,60",approve,wrong_item_received
"32,65",agent_003,buyer_1718,0,34,purchase_102584,06.06.2026 23:01,sports,1,refund_req_302584,"18,77",approve,item_not_as_described
"166,69",agent_102,buyer_0653,0,3,purchase_103620,25.05.2026 16:46,beauty,1,refund_req_303620,"118,56",approve,allergic_reaction
"144,09",agent_101,buyer_1624,0,3,purchase_103676,09.04.2026 03:00,fashion,1,refund_req_303676,"136,34",approve,changed_mind
"57,85",agent_014,buyer_1292,0,72,purchase_100606,08.06.2026 05:29,home,,refund_req_300606,"24,42",approve,item_not_as_described
"133,95",agent_006,buyer_0223,0,80,purchase_101318,18.06.2026 03:17,beauty,1,refund_req_301318,"63,78", Approve ,allergic_reaction
"1.161,66",agent_030,buyer_0092,0,50,purchase_102952,06.06.2026 16:56,electronics,1,refund_req_302952,"462,29",approve, not_working 
"57,11",agent_101,buyer_1169,0,4,purchase_103630,20.04.2026 21:19,books,1,refund_req_303630,"42,35",approve,wrong_item_received
"1.276,32",agent_101,buyer_0460,0,20,purchase_103390,15.05.2026 20:52,electronics,1,refund_req_303390,"1.276,32",approve,not_working
"562,43",agent_003,buyer_0706,0,70,purchase_102398,18.05.2026 03:47,fashion,1,refund_req_302398,"421,45",approve,item_not_as_described
"84,74",agent_016,buyer_1609,0,44,purchase_100295,08.06.2026 14:48,home,0,refund_req_300295,"50,79",reject,missing_part
"332,03",agent_013,buyer_0577,0,56,purchase_101869,05.05.2026 22:27,home,1,refund_req_301869,"269,15",approve,damaged_item
"56,28",agent_102,buyer_900,0,45,purchase_1030,10.06.2026 09:52,books,0,refund_req_3030,"35,61",approve,damaged_item
"78,92",agent_004,buyer_1987,0,60,purchase_100061,06.06.2026 20:20,books,0,refund_req_300061,"58,10",APPROVE,damaged_item
"80,24",agent_018,buyer_0602,0,68,purchase_100128,15.05.2026 23:15,HOME,1,refund_req_300128,"50,52",approve,missing_part
"117,15",agent_029,buyer_1451,0,53,purchase_102837,18.06.2026 09:18,  sports  ,0,refund_req_302837,"57,50",reject,
"392,90",agent_802,buyer_8002,0,5,purchase_104682,04.05.2026 14:40,sports,1,refund_req_304682,"337,66",approve,damaged_item
"122,49",agent_012,buyer_9003,1,50,purchase_104220,12.06.2026 15:31,home,1,refund_req_304220,"110,91",approve,
"546,05",agent_014,buyer_1927,0,68,purchase_101361,26.05.2026 09:34,fashion,1,refund_req_301361,"332,99",reject,changed_mind
"33,86",agent_801,buyer_8001,1,8,purchase_104582,29.04.2026 11:19,sports,1,refund_req_304582,"22,27", approve ,damaged_item
"550,99",agent_011,buyer_1527,0,40,purchase_102757,14.05.2026 13:07,fashion,1,refund_req_302757,"220,83",approve,wrong_size
"1.147,92",agent_017,buyer_1511,0,89,purchase_102244,29.04.2026 05:34,  books  ,0,refund_req_302244,"724,21",reject,wrong_item_received
"108,87",agent_703,buyer_0291,0,21,purchase_104427,27.05.2026 19:16,home,1,refund_req_304427,"98,95",approve,missing_part
"905,60",agent_703,buyer_1055,0,8,purchase_104355,13.05.2026 02:25,sports,0,refund_req_304355,"903,76",approve,item_not_as_described
"2.881,90",agent_902,buyer_9904,1,8,purchase_104781,10.04.2026 05:14,luxury,0,refund_req_304781,"2.602,30",approve,changed_mind
"1.513,17",agent_005,buyer_0993,1,22,purchase_103356,03.05.2026 20:10,electronics,0,refund_req_303356,"1.513,17",approve,missing_accessory
"1.122,52",agent_027,buyer_1564,0,64,purchase_103375,13.05.2026 23:00,appliances,1,refund_req_303375,"1.122,52",approve,not_working
"1.673,74",agent_011,buyer_0726,0,35,purchase_102995,06.04.2026 11:09,appliances,0,refund_req_302995,"1.152,62",approve,missing_part
"75,26",agent_701,buyer_1068,0,,purchase_104500,14.06.2026 05:49,beauty,,refund_req_304500,"51,75",Approve,damaged_item
"1.162,02",agent_019,buyer_1134,0,60,purchase_102576,02.06.2026 21:56,appliances,1,refund_req_302576,"546,58",approve,damaged_item
"2.018,21",agent_902,buyer_9904,1,4,purchase_104859,21.04.2026 02:57,electronics,0,refund_req_304859,"1.870,48",approve,damaged_item
"67,76",agent_017,buyer_1148,0,112,purchase_102683,07.06.2026 04:17,books,0,refund_req_302683,"56,92",reject,damaged_item
"1.582,31",agent_002,buyer_1630,0,54,purchase_103450,21.06.2026 07:37,appliances,1,refund_req_303450,"1.582,31",approve,missing_part
"1.529,65",agent_012,buyer_0165,0,78,purchase_102291,27.04.2026 10:01,luxury,1,refund_req_302291,"504,51",APPROVE,changed_mind
"2.856,32",agent_008,buyer_0015,1,14,purchase_104052,11.06.2026 09:03,luxury,0,refund_req_304052,"2.238,33",approve,item_not_as_described
"123,03",agent_014,buyer_1610,0,51,purchase_100028,11.04.2026 17:41,beauty,1,refund_req_300028,"61,79",approve,damaged_item
"925,21",agent_006,buyer_1821,0,70,purchase_101519,21.06.2026 04:22,beauty,1,refund_req_301519,"498,98",approve,allergic_reaction
"1.191,60",agent_902,buyer_9904,1,2,purchase_104929,16.04.2026 16:13,electronics,0,refund_req_304929,"1.133,64",approve, not_working 
"2.019,93",agent_011,buyer_1526,0,39,purchase_100067,18.04.2026 01:08,electronics,0,refund_req_300067,"904,53",reject,damaged_item
"38,19",agent_006,buyer_1197,0,87,purchase_100328,21.06.2026 05:00,home,1,refund_req_300328,"19,21",reject,missing_part
"12,99",agent_023,buyer_1197,0,59,purchase_102623,10.06.2026 19:45,books,1,refund_req_302623,"3,66",approve,changed_mind
"54,11",agent_001,buyer_1348,0,66,purchase_102201,05.05.2026 07:20,books,0,refund_req_302201,"21,78", approve , wrong_item_received 
"1.915,32",agent_027,buyer_1635,0,92,purchase_101879,23.05.2026 11:12,electronics,0,refund_req_301879,"976,85", approve ,not_working
"1.601,57",agent_902,buyer_9905,1,1,purchase_104857,10.04.2026 09:19,appliances,0,refund_req_304857,"1.386,66",approve,missing_part
"21,95",agent_011,buyer_9004,0,44,purchase_104205,14.04.2026 09:16,beauty,1,refund_req_304205,"13,61",approve,allergic_reaction
"1.361,33",agent_901,buyer_9902,1,,purchase_104954,18.06.2026 14:47,appliances,0,refund_req_304954,"1.251,04",  approve  ,not_working
"1.253,43",agent_026,buyer_9001,0,32,purchase_104290,17.06.2026 08:46,beauty,1,refund_req_304290,"751,11",approve,damaged_item
"1.339,02",agent_027,buyer_0499,0,95,purchase_100998,04.06.2026 11:40,luxury,1,refund_req_300998,"561,88",approve,item_not_as_described
"995,95",agent_009,buyer_1353,0,59,purchase_100054,05.04.2026 15:54,beauty,1,refund_req_300054,"556,53",approve,changed_mind
"107,10",agent_003,buyer_0921,0,47,purchase_101178,01.04.2026 19:10,sports,1,refund_req_301178,"75,02",approve,wrong_size
"386,48",agent_027,buyer_1678,0,57,purchase_101120,08.05.2026 11:40, home ,0,refund_req_301120,"312,25",reject,damaged_item
"1.070,85",agent_029,buyer_0930,0,49,purchase_100662,06.05.2026 12:09,fashion,0,refund_req_300662,"682,68",approve,changed_mind
"1.979,18",agent_008,buyer_1060,1,10,purchase_104035,09.05.2026 05:49,luxury,1,refund_req_304035,"1.811,40",approve,damaged_item
"1.370,71",agent_702,buyer_0166,0,17,purchase_104411,23.04.2026 09:07,appliances,0,refund_req_304411,"839,13",approve,damaged_item
"1.713,46",agent_003,buyer_0674,0,51,purchase_101289,03.05.2026 22:11,  appliances  ,0,refund_req_301289,"365,74",approve,damaged_item
"90,99",agent_018,buyer_1262,0,65,purchase_100234,16.06.2026 05:39,fashion,0,refund_req_300234,"22,87",reject,wrong_size
"64,02",agent_703,buyer_1186,0,28,purchase_104472,30.05.2026 21:58,books,0,refund_req_304472,"39,62",approve,wrong_item_received
"241,98",agent_101,buyer_0909,0,1,purchase_103604,19.05.2026 00:04,home,,refund_req_303604,"174,92",approve,
"514,16",agent_001,buyer_0229,0,80,purchase_101604,28.05.2026 02:19,Luxury,0,refund_req_301604,"379,36",reject,changed_mind
"141,51",agent_026,buyer_1189,0,47,purchase_101891,02.06.2026 12:05,beauty,0,refund_req_301891,"75,12",reject,changed_mind
"1.496,16",agent_017,buyer_1239,0,26,purchase_103028,14.04.2026 22:31,appliances,0,refund_req_303028,"1.384,21",approve,not_working
"2.845,93",agent_017,buyer_0493,0,68,purchase_102094,02.05.2026 18:17,luxury,0,refund_req_302094,"600,99",approve,item_not_as_described
"1.286,14",agent_901,buyer_9901,1,2,purchase_104808,08.06.2026 06:07,appliances,0,refund_req_304808,"1.256,48",approve,missing_part
"1.032,07",agent_019,buyer_1889,0,61,purchase_102616,28.05.2026 09:13,appliances,,refund_req_302616,"414,48",approve,missing_part
"533,50",agent_028,buyer_0715,0,89,purchase_100286,19.05.2026 03:09,appliances,0,refund_req_300286,"211,48",approve,
"571,54",agent_024,buyer_1538,0,58,purchase_101170,02.04.2026 22:49, home ,0,refund_req_301170,"438,76",reject,item_not_as_described
"48,73",agent_009,buyer_1917,0,90,purchase_102703,05.06.2026 15:11,beauty,1,refund_req_302703,"23,87",Approve, allergic_reaction 
"1.917,51",agent_101,buyer_1997,1,34,purchase_103893,23.04.2026 17:43,luxury,1,refund_req_303893,"1.705,54",approve,damaged_item
"974,02",agent_006,buyer_0266,0,16,purchase_103199,19.05.2026 18:36,electronics,0,refund_req_303199,"755,00",approve,item_not_as_described
"1.854,36",agent_027,buyer_0360,0,68,purchase_100454,21.04.2026 05:24,electronics,,refund_req_300454,"1.482,53",approve,not_working
"19,00",agent_002,buyer_1321,0,70,purchase_101187,20.04.2026 12:41,beauty,0,refund_req_301187,"11,74",reject,allergic_reaction
"460,88",agent_001,buyer_1628,0,64,purchase_102582,19.05.2026 05:42,fashion,1,refund_req_302582,"380,87",approve,changed_mind
"368,62",agent_005,buyer_1527,0,108,purchase_101977,11.04.2026 06:32,home,1,refund_req_301977,"287,73",approve,item_not_as_described
"341,85",agent_013,buyer_0462,0,31,purchase_101025,08.06.2026 19:24,fashion,0,refund_req_301025,"171,45",reject,wrong_size
"1.273,17",agent_010,buyer_0449,0,45,purchase_100887,04.05.2026 18:18,clothing,0,refund_req_300887,"460,47", reject ,changed_mind
"1.222,51",agent_901,buyer_9901,1,1,purchase_104766,15.04.2026 22:50,appliances,0,refund_req_304766,"1.108,33",approve,missing_part
"924,55",agent_011,buyer_0405,0,71,purchase_102075,19.05.2026 10:00,beauty,1,refund_req_302075,"472,20",reject,changed_mind
"1.208,59",agent_018,buyer_9007,0,55,purchase_104208,16.06.2026 13:19,clothing,1,refund_req_304208,"988,64",approve,changed_mind
"1.262,60",agent_014,buyer_0252,0,71,purchase_101278,05.04.2026 20:25,appliances,0,refund_req_301278,"803,73",reject,missing_part
"451,20",agent_008,buyer_1591,0,,purchase_100939,23.05.2026 22:22,fashion,0,refund_req_300939,"285,54",approve,changed_mind
"78,53",agent_019,buyer_0156,0,85,purchase_102161,02.05.2026 22:22,clothing,1,refund_req_302161,"47,55",approve,
"1.021,97",agent_009,buyer_0050,0,66,purchase_102516,17.06.2026 07:02,appliances,1,refund_req_302516,"417,28",approve,damaged_item
"1.861,77",agent_102,buyer_1318,1,,purchase_103828,16.06.2026 07:58,luxury,1,refund_req_303828,"1.392,12",approve,
"42,39",agent_004,buyer_0267,0,72,purchase_102405,26.04.2026 13:35,books,1,refund_req_302405,"13,64",reject,changed_mind
"959,60",agent_003,buyer_1586,0,59,purchase_103383,06.04.2026 23:10,fashion,,refund_req_303383,"959,60",approve,wrong_size
"203,41",agent_017,buyer_0232,0,82,purchase_100216,09.06.2026 15:27,fashion,0,refund_req_300216,"112,49",reject,wrong_size
"913,07",agent_702,buyer_1292,0,36,purchase_104336,09.06.2026 13:47,luxury,1,refund_req_304336,"782,25",approve,
"1.710,65",agent_101,buyer_0684,0,2,purchase_103705,15.05.2026 04:43,appliances,0,refund_req_303705,"1.221,68",approve,not_working
"56,25",agent_802,buyer_8002,0,7,purchase_104562,02.05.2026 04:20,beauty,0,refund_req_304562,"55,83",approve,damaged_item
"38,88",agent_014,buyer_0111,0,50,purchase_101761,13.04.2026 06:06,beauty,0,refund_req_301761,"13,48",approve,allergic_reaction
"376,61",agent_009,buyer_1028,0,75,purchase_101017,17.04.2026 17:22,home,1,refund_req_301017,"298,02",  approve  ,missing_part
"1.283,31",agent_017,buyer_1817,1,16,purchase_104011,24.05.2026 12:22,  electronics  ,1,refund_req_304011,"881,40",approve,damaged_item
"93,87",agent_003,buyer_1638,0,58,purchase_101069,13.04.2026 20:06,beauty,1,refund_req_301069,"49,81",reject,damaged_item
"22,50",agent_019,buyer_1722,0,51,purchase_100653,11.06.2026 17:32,beauty,1,refund_req_300653,"15,31",approve,damaged_item
"1.003,42",agent_024,buyer_1747,0,22,purchase_103386,23.05.2026 21:55,appliances,0,refund_req_303386,"1.003,42",approve,missing_part
"1.358,43",agent_902,buyer_9906,1,1,purchase_104951,08.06.2026 11:52,appliances,0,refund_req_304951,"1.157,67",approve,damaged_item
"218,33",agent_006,buyer_1654,0,83,purchase_100248,02.05.2026 20:08,clothing,0,refund_req_300248,"142,56",approve,changed_mind
"379,76",agent_017,buyer_1445,0,102,purchase_100064,05.06.2026 12:39, sports ,1,refund_req_300064,"317,92",approve, damaged_item 
"1.814,75",agent_012,buyer_0107,1,15,purchase_104072,06.06.2026 04:32,luxury,0,refund_req_304072,"1.371,86",approve,item_not_as_described
"1.131,60",agent_014,buyer_0002,0,78,purchase_102729,17.04.2026 06:25,appliances,1,refund_req_302729,"269,42",approve,damaged_item
"75,05",agent_010,buyer_1458,0,81,purchase_100366,06.06.2026 17:45,fashion,1,refund_req_300366,"52,75",approve,wrong_size
"1.937,32",agent_014,buyer_1986,0,43,purchase_103125,01.04.2026 11:06,luxury,0,refund_req_303125,"1.497,24",approve,item_not_as_described
"1.385,07",agent_003,buyer_1531,0,41,purchase_101540,26.04.2026 09:29,appliances,0,refund_req_301540,"481,75",reject,not_working
"2.005,30",agent_004,buyer_0101,0,29,purchase_103495,15.05.2026 08:52,luxury,0,refund_req_303495,"2.005,30",approve,damaged_item
"2.415,34",agent_025,buyer_1044,0,61,purchase_100790,03.04.2026 01:30,luxury,1,refund_req_300790,"1.112,39",approve,item_not_as_described
"58,80",agent_025,buyer_0800,0,81,purchase_101404,09.06.2026 14:00, books ,1,refund_req_301404,"37,96",approve,wrong_item_received
"826,73",agent_102,buyer_1385,1,3,purchase_103638,24.04.2026 09:11,luxury,0,refund_req_303638,"737,59",approve,changed_mind
"1.563,80",agent_009,buyer_1750,1,25,purchase_103806,11.06.2026 22:24, luxury ,1,refund_req_303806,"1.204,53",approve,
"2.033,80",agent_025,buyer_0198,1,33,purchase_100551,07.05.2026 03:47,electronics,1,refund_req_300551,"678,29", reject ,missing_accessory
"9,51",agent_016,buyer_0806,0,47,purchase_100428,20.06.2026 16:47,books,1,refund_req_300428,"6,13",approve,changed_mind
"2.051,53",agent_005,buyer_0746,0,10,purchase_103152,22.05.2026 18:44,electronics,0,refund_req_303152,"1.659,25",approve,not_working
"2.037,45",agent_701,buyer_0943,1,33,purchase_104398,28.05.2026 05:54,luxury,,refund_req_304398,"851,53",approve,damaged_item
"1.175,12",agent_103,buyer_1875,0,41,purchase_103357,28.04.2026 00:20,fashion,1,refund_req_303357,"1.175,12",approve,item_not_as_described
"1.553,27",agent_011,buyer_0161,0,61,purchase_103259,28.04.2026 05:45,electronics,0,refund_req_303259,"1.553,27", approve ,
"198,15",agent_029,buyer_9003,0,,purchase_104132,17.04.2026 18:21,clothing,1,refund_req_304132,"124,96",approve,changed_mind
"2.259,46",agent_013,buyer_1202,0,56,purchase_101593,17.05.2026 16:11,luxury,0,refund_req_301593,"1.906,39",  approve  ,damaged_item
"265,67",agent_028,buyer_1594,0,55,purchase_102680,11.05.2026 19:58,sports,0,refund_req_302680,"149,74", approve ,damaged_item
"1.075,63",agent_007,buyer_0437,1,65,purchase_103393,08.05.2026 14:05,fashion,0,refund_req_303393,"1.075,63",approve,
"1.911,97",agent_010,buyer_9004,0,15,purchase_104245,11.04.2026 22:49,electronics,1,refund_req_304245,"1.472,11",approve,not_working
"1.445,99",agent_029,buyer_1884,1,25,purchase_104039,22.05.2026 21:13,  appliances  ,0,refund_req_304039,"1.241,81",approve,not_working
"1.126,42",agent_025,buyer_0884,0,26,purchase_100550,09.04.2026 18:17,luxury,1,refund_req_300550,"805,94",approve,item_not_as_described
"120,56",agent_011,buyer_0620,0,63,purchase_101894,28.05.2026 08:54,beauty,1,refund_req_301894,"78,37",approve,changed_mind
"122,44",agent_030,buyer_1439,0,38,purchase_102585,01.06.2026 23:57,electronics,0,refund_req_302585,"65,43",reject,not_working
"1.446,64",agent_002,buyer_1156,0,18,purchase_103439,21.05.2026 06:32,electronics,1,refund_req_303439,"1.446,64",approve,missing_accessory
"152,08",agent_015,buyer_1655,0,57,purchase_100010,22.04.2026 21:52,clothing,0,refund_req_300010,"35,42",reject,wrong_size
"1.290,06",agent_902,buyer_9905,1,9,purchase_104891,23.04.2026 08:39,luxury,0,refund_req_304891,"1.279,82",Approve,changed_mind
"100,80",agent_014,buyer_0131,0,77,purchase_102026,10.06.2026 10:27, clothing ,1,refund_req_302026,"82,29",reject,item_not_as_described
"1.969,66",agent_011,buyer_1759,1,,purchase_104063,16.05.2026 21:37,electronics,,refund_req_304063,"1.525,25",approve,item_not_as_described
"1.273,07",agent_902,buyer_9905,1,7,purchase_104865,12.06.2026 14:25,appliances,0,refund_req_304865,"1.121,76",approve,missing_part
"502,92",agent_021,buyer_1411,1,90,purchase_100723,21.06.2026 07:05,luxury,1,refund_req_300723,"226,55",approve,changed_mind
"311,58",agent_001,buyer_0188,0,64,purchase_100058,06.04.2026 13:58,sports,1,refund_req_300058,"236,59",approve,  item_not_as_described  
"205,50",agent_023,buyer_1827,0,81,purchase_101228,10.05.2026 02:16,clothing,1,refund_req_301228,"46,44",approve,item_not_as_described
"1.026,18",agent_701,buyer_1030,1,24,purchase_104323,25.04.2026 17:58,home,0,refund_req_304323,"503,65",approve,
"1.077,22",agent_103,buyer_0978,0,1,purchase_103607,09.04.2026 16:48,appliances,1,refund_req_303607,"672,87",approve,not_working
"2.208,40",agent_010,buyer_9006,0,59,purchase_104127,09.06.2026 00:45,luxury,,refund_req_304127,"1.208,10",approve,changed_mind
"180,46",agent_009,buyer_0757,0,27,purchase_100349,12.05.2026 11:31,clothing,1,refund_req_300349,"96,84",approve,changed_mind
"557,33",agent_007,buyer_1138,0,45,purchase_100476,11.04.2026 06:07,home,0,refund_req_300476,"415,75",approve,item_not_as_described
"1.508,01",agent_901,buyer_9902,1,4,purchase_104812,28.05.2026 13:49,luxury,0,refund_req_304812,"1.351,19",approve,damaged_item
"1.144,00",agent_902,buyer_9906,1,8,purchase_104937,15.06.2026 22:00,luxury,0,refund_req_304937,"1.092,65",approve,damaged_item
"1.213,32",agent_022,buyer_9005,0,39,purchase_104190,08.04.2026 13:15,beauty,0,refund_req_304190,"968,79",approve,changed_mind
"1.150,61",agent_017,buyer_0706,1,31,purchase_103987,11.06.2026 12:52, electronics ,0,refund_req_303987,"778,13",approve,item_not_as_described
"594,47",agent_016,buyer_0017,0,92,purchase_102332,13.05.2026 20:58,appliances,0,refund_req_302332,"316,17",approve,missing_part
"134,39",agent_103,buyer_0028,1,3,purchase_103672,23.05.2026 16:41,sports,0,refund_req_303672,"132,80", approve ,wrong_size
"482,67",agent_020,buyer_1761,0,108,purchase_101964,15.05.2026 06:14,appliances,1,refund_req_301964,"148,41",approve,missing_part
"1.659,92",agent_022,buyer_1713,0,23,purchase_103354,31.05.2026 00:39,electronics,1,refund_req_303354,"1.659,92",approve,missing_accessory
"62,26",agent_802,buyer_8002,0,14,purchase_104733,17.06.2026 06:13,sports,1,refund_req_304733,"56,35",approve,item_not_as_described
"381,97",agent_022,buyer_0271,0,54,purchase_102503,17.05.2026 18:59,sports,1,refund_req_302503,"100,99",approve,item_not_as_described
"254,91",agent_102,buyer_1578,0,3,purchase_103702,27.04.2026 07:37,sports,0,refund_req_303702,"209,21",approve,item_not_as_described
"65,75",agent_024,buyer_0309,0,80,purchase_101150,23.04.2026 17:53,beauty,1,refund_req_301150,"15,97",Approve,damaged_item
"81,87",agent_007,buyer_1598,0,54,purchase_100870,30.05.2026 11:39,fashion,0,refund_req_300870,"38,89",approve,item_not_as_described
"1.497,93",agent_021,buyer_0588,1,33,purchase_103309,09.04.2026 06:33,electronics,0,refund_req_303309,"1.497,93",approve,item_not_as_described
"619,72",agent_007,buyer_1341,0,75,purchase_100314,17.05.2026 23:26,fashion,1,refund_req_300314,"270,30",approve, changed_mind 
"87,16",agent_020,buyer_1321,0,71,purchase_102816,03.06.2026 22:02,books,1,refund_req_302816,"71,82",approve,wrong_item_received
"1.802,32",agent_006,buyer_1234,0,85,purchase_100263,10.04.2026 16:07,electronics,1,refund_req_300263,"1.076,70",approve,item_not_as_described
"1.012,14",agent_008,buyer_1301,0,49,purchase_102103,08.05.2026 17:11,books,1,refund_req_302103,"517,50",  approve  ,changed_mind
"1.749,56",agent_022,buyer_0433,0,56,purchase_101885,24.05.2026 22:00,luxury,1,refund_req_301885,"1.146,92",reject,item_not_as_described
"1.547,85",agent_009,buyer_0123,0,45,purchase_102986,10.05.2026 09:04,appliances,0,refund_req_302986,"1.267,23",approve,missing_part
"60,03",agent_003,buyer_1341,0,47,purchase_100225,26.05.2026 06:22,sports,1,refund_req_300225,"37,93",approve, item_not_as_described 
"164,90",agent_025,buyer_1071,0,63,purchase_100053,13.04.2026 15:05,beauty,1,refund_req_300053,"64,85",approve,changed_mind
"212,28",agent_009,buyer_0035,0,73,purchase_101382,24.05.2026 06:55,sports,1,refund_req_301382,"125,08",approve,damaged_item
"72,72",agent_011,buyer_1143,0,63,purchase_102252,23.04.2026 11:37,home,0,refund_req_302252,"49,48",reject,missing_part
"163,66",agent_028,buyer_0659,0,60,purchase_101165,28.04.2026 22:33,home,,refund_req_301165,"74,72",reject,missing_part
"15,59",agent_103,buyer_0261,0,1,purchase_103772,03.06.2026 16:48,books,0,refund_req_303772,"10,05",APPROVE,  wrong_item_received  
"119,60",agent_007,buyer_9006,0,69,purchase_104191,19.05.2026 08:05,beauty,0,refund_req_304191,"117,02",approve,
"1.781,33",agent_025,buyer_1515,0,38,purchase_100192,10.04.2026 19:37,appliances,0,refund_req_300192,"1.194,75",approve,not_working
"29,68",agent_015,buyer_0247,0,72,purchase_100899,18.04.2026 23:58,sports,0,refund_req_300899,"11,78",approve,item_not_as_described
"2.803,22",agent_011,buyer_0602,1,11,purchase_103883,01.05.2026 23:20,luxury,1,refund_req_303883,"2.001,16",approve,changed_mind
"140,93",agent_029,buyer_0034,0,73,purchase_102950,14.06.2026 16:51,clothing,0,refund_req_302950,"43,02",approve,item_not_as_described
"259,68",agent_102,buyer_0297,0,2,purchase_103579,26.05.2026 05:53,sports,,refund_req_303579,"208,41",approve,
"1.092,45",agent_008,buyer_1228,0,31,purchase_103090,11.05.2026 23:46,electronics,0,refund_req_303090,"824,32",approve,damaged_item
"177,62",agent_010,buyer_0896,0,68,purchase_102132,11.06.2026 07:32, clothing ,0,refund_req_302132,"139,55",approve,changed_mind
"2.879,56",agent_101,buyer_0347,0,24,purchase_103121,03.04.2026 16:23,LUXURY,0,refund_req_303121,"2.348,64",approve,changed_mind
"119,79",agent_012,buyer_0092,0,86,purchase_100934,06.06.2026 03:50,home,1,refund_req_300934,"69,99",approve,missing_part
"54,16",agent_101,buyer_0931,0,5,purchase_103688,28.05.2026 18:27,books,1,refund_req_303688,"50,23",approve,wrong_item_received
"399,89",agent_102,buyer_1038,0,3,purchase_103568,21.05.2026 02:20,sports,0,refund_req_303568,"267,08",approve,item_not_as_described
"72,03",agent_012,buyer_0329,0,70,purchase_100552,28.04.2026 14:32,books,1,refund_req_300552,"43,10",approve,changed_mind
"1.011,22",agent_021,buyer_0040,0,105,purchase_101560,04.05.2026 09:30,electronics,1,refund_req_301560,"803,01",reject,item_not_as_described
"877,97",agent_007,buyer_0309,0,72,purchase_100872,25.04.2026 18:02,appliances,1,refund_req_300872,"366,05",approve,
"371,66",agent_011,buyer_0035,0,41,purchase_100336,17.05.2026 01:09,appliances,1,refund_req_300336,"75,76",approve,missing_part
"1.301,15",agent_011,buyer_1995,0,42,purchase_100127,27.05.2026 04:33,appliances,0,refund_req_300127,"570,91",reject,not_working
"57,85",agent_103,buyer_1586,0,2,purchase_103753,09.04.2026 02:09,fashion,1,refund_req_303753,"34,03",approve,wrong_size
"2.962,34",agent_010,buyer_0422,0,51,purchase_102714,12.06.2026 03:12,luxury,0,refund_req_302714,"1.031,20",reject,damaged_item
"1.861,23",agent_028,buyer_0879,0,40,purchase_103031,29.05.2026 05:19,luxury,0,refund_req_303031,"1.215,26",approve,  changed_mind  
"201,29",agent_101,buyer_1266,0,3,purchase_103794,04.05.2026 02:06,fashion,0,refund_req_303794,"173,60",Approve,item_not_as_described
"1.727,85",agent_020,buyer_0657,0,55,purchase_101410,06.06.2026 03:41,electronics,1,refund_req_301410,"668,24",approve,missing_accessory
"1.364,39",agent_026,buyer_1289,0,48,purchase_101661,16.06.2026 18:51, electronics ,0,refund_req_301661,"585,51",reject,missing_accessory
"1.874,09",agent_007,buyer_0914,0,35,purchase_103141,31.05.2026 02:19,electronics,0,refund_req_303141,"1.179,19",approve,not_working
"1.051,30",agent_703,buyer_1172,0,25,purchase_104448,14.04.2026 17:52,  home  ,0,refund_req_304448,"1.040,86",approve,item_not_as_described
"10,31",agent_025,buyer_0583,0,72,purchase_100565,20.06.2026 19:38, books ,1,refund_req_300565,"2,36",reject,changed_mind
"708,03",agent_008,buyer_1066,0,38,purchase_102468,08.04.2026 08:56,luxury,1,refund_req_302468,"315,34",  approve  ,changed_mind
"1.224,80",agent_013,buyer_0007,0,66,purchase_101235,06.06.2026 03:22,fashion,0,refund_req_301235,"447,82",  approve  ,item_not_as_described
"1.554,14",agent_010,buyer_1711,1,8,purchase_103882,06.05.2026 08:36,appliances,0,refund_req_303882,"1.057,98", approve ,damaged_item
"70,53",agent_028,buyer_1140,0,95,purchase_100094,05.04.2026 04:47,books,0,refund_req_300094,"40,43",reject,changed_mind
"1.336,48",agent_018,buyer_0449,0,58,purchase_102233,06.04.2026 13:39,luxury,1,refund_req_302233,"696,80",approve,damaged_item
"72,38",agent_017,buyer_1584,0,43,purchase_100995,31.05.2026 04:01,clothing,,refund_req_300995,"26,75",reject,item_not_as_described
"1.388,86",agent_011,buyer_1006,1,30,purchase_103872,21.04.2026 03:45,appliances,0,refund_req_303872,"902,79",approve,missing_part
"65,26",agent_020,buyer_1823,0,109,purchase_100268,05.05.2026 06:32,home,0,refund_req_300268,"27,10",reject,item_not_as_described
"150,78",agent_009,buyer_1797,0,66,purchase_100882,13.05.2026 21:20,clothing,0,refund_req_300882,"119,58",reject,wrong_size
"1.477,32",agent_901,buyer_9901,1,5,purchase_104782,05.06.2026 23:36,appliances,0,refund_req_304782,"1.408,03",approve,damaged_item
"709,00",agent_029,buyer_0580,0,41,purchase_100933,19.06.2026 09:03,appliances,1,refund_req_300933,"505,03",approve,missing_part
"740,76",agent_022,buyer_1184,0,63,purchase_100447,19.06.2026 06:33,electronics,1,refund_req_300447,"591,31",approve,damaged_item
"942,02",agent_003,buyer_0639,0,64,purchase_102297,01.04.2026 17:34,appliances,0,refund_req_302297,"448,67",approve,missing_part
"1.204,43",agent_803,buyer_8003,0,15,purchase_104656,28.04.2026 03:18,fashion,0,refund_req_304656,"1.125,82",approve,changed_mind
"258,69",agent_802,buyer_8002,1,16,purchase_104673,22.05.2026 11:11,sports,0,refund_req_304673,"244,92",approve,wrong_size
"392,86",agent_101,buyer_0661,0,,purchase_103746,12.04.2026 07:28,sports,1,refund_req_303746,"350,32",approve,  wrong_size  
"102,38",agent_013,buyer_0362,0,45,purchase_100873,29.04.2026 11:55,beauty,0,refund_req_300873,"53,32",approve,changed_mind
"2.159,98",agent_022,buyer_1135,0,78,purchase_102125,18.04.2026 09:24,luxury,0,refund_req_302125,"1.011,47",reject,changed_mind
"27,46",agent_022,buyer_1155,1,48,purchase_102964,31.05.2026 05:40,clothing,0,refund_req_302964,"12,82",approve,changed_mind
"1.719,00",agent_901,buyer_9903,1,6,purchase_104868,25.05.2026 17:42,electronics,0,refund_req_304868,"1.734,66",approve,damaged_item
"2.509,27",agent_004,buyer_1649,0,94,purchase_100823,11.05.2026 13:47,luxury,0,refund_req_300823,"1.006,73",reject,item_not_as_described
"2.674,58",agent_024,buyer_0997,1,22,purchase_103916,13.05.2026 11:53,luxury,1,refund_req_303916,"2.449,42",approve,changed_mind
"919,19",agent_009,buyer_1245,0,90,purchase_100764,11.06.2026 04:17,fashion,1,refund_req_300764,"373,83",approve,item_not_as_described
"17,50",agent_002,buyer_1581,0,64,purchase_102538,30.05.2026 23:12,books,1,refund_req_302538,"7,25",approve,changed_mind
"268,69",agent_702,buyer_1835,0,12,purchase_104396,07.06.2026 01:44,fashion,0,refund_req_304396,"127,70",approve,wrong_size
"182,71",agent_005,buyer_0966,0,77,purchase_102214,15.06.2026 08:49,sports,1,refund_req_302214,"81,50",approve,wrong_size
"408,74",agent_019,buyer_0126,0,49,purchase_101564,09.04.2026 08:31,home,1,refund_req_301564,"233,90", reject ,damaged_item
"1.076,26",agent_016,buyer_0045,0,119,purchase_101694,13.06.2026 17:42,appliances,0,refund_req_301694,"631,70",approve,damaged_item
"387,32",agent_021,buyer_0527,0,95,purchase_100162,26.05.2026 01:35,luxury,0,refund_req_300162,"162,33",approve,item_not_as_described
"906,17",agent_703,buyer_0890,0,9,purchase_104382,28.05.2026 21:45,clothing,0,refund_req_304382,"605,96",approve,
"1.981,76",agent_016,buyer_1055,0,,purchase_100512,30.04.2026 11:45,electronics,0,refund_req_300512,"1.325,62",reject,damaged_item
"112,82",agent_023,buyer_0896,0,62,purchase_101937,17.06.2026 23:59,sports,0,refund_req_301937,"37,50",approve,wrong_size
"598,03",agent_022,buyer_0403,0,71,purchase_101221,16.04.2026 03:06,home,,refund_req_301221,"264,72",approve,item_not_as_described
"1.708,22",agent_028,buyer_0985,1,30,purchase_103056,17.04.2026 08:17,luxury,0,refund_req_303056,"1.539,90",approve,changed_mind
"809,92",agent_017,buyer_9004,0,64,purchase_104309,27.04.2026 04:49,electronics,0,refund_req_304309,"763,53",approve,item_not_as_described
"1.920,46",agent_030,buyer_1010,0,106,purchase_102392,09.05.2026 10:30,luxury,1,refund_req_302392,"417,58",approve,changed_mind
"737,19",agent_029,buyer_0376,0,68,purchase_102204,15.05.2026 19:53,appliances,1,refund_req_302204,"478,98",approve,missing_part
"52,13",agent_010,buyer_1402,0,80,purchase_100287,09.05.2026 14:25,sports,0,refund_req_300287,"43,92",reject,damaged_item
"331,75",agent_802,buyer_8002,1,10,purchase_104730,28.05.2026 03:42,fashion,0,refund_req_304730,"287,41",approve,changed_mind
"18,82",agent_011,buyer_0968,0,64,purchase_101640,09.05.2026 21:01,books,1,refund_req_301640,"13,28",approve,damaged_item
"68,70",agent_103,buyer_9001,0,32,purchase_104218,20.04.2026 00:33,beauty,1,refund_req_304218,"59,15",approve,allergic_reaction
"1.739,31",agent_901,buyer_9901,1,5,purchase_104914,11.05.2026 17:43,appliances,0,refund_req_304914,"1.527,33",approve,damaged_item
"1.462,75",agent_021,buyer_0157,0,45,purchase_100850,24.04.2026 06:30,luxury,1,refund_req_300850,"1.138,48",approve,item_not_as_described
"2.998,96",agent_017,buyer_0733,0,33,purchase_100256,30.04.2026 03:39,luxury,0,refund_req_300256,"2.498,39",approve,changed_mind
"1.006,03",agent_102,buyer_1825,0,12,purchase_103037,20.04.2026 16:30,appliances,0,refund_req_303037,"731,86",approve,damaged_item
"862,49",agent_102,buyer_1942,0,5,purchase_103547,09.06.2026 22:14,electronics,1,refund_req_303547,"686,41",APPROVE,not_working
"292,74",agent_007,buyer_0237,0,66,purchase_101627,24.04.2026 15:57,sports,1,refund_req_301627,"131,28",approve,item_not_as_described
"422,43",agent_003,buyer_1160,0,60,purchase_101225,06.04.2026 18:56,fashion,0,refund_req_301225,"198,03",approve,changed_mind
"47,79",agent_001,buyer_1200,0,,purchase_100730,06.04.2026 11:18,books,1,refund_req_300730,"33,18",approve,wrong_item_received
"35,41",agent_010,buyer_0430,1,73,purchase_100511,23.04.2026 13:23,books,1,refund_req_300511,"25,61",reject,changed_mind
"927,49",agent_901,buyer_9901,1,5,purchase_104938,13.06.2026 19:35,electronics,0,refund_req_304938,"788,55",approve,item_not_as_described
"73,81",agent_701,buyer_0814,0,10,purchase_104371,11.04.2026 08:53,home,1,refund_req_304371,"53,59",approve,damaged_item
"975,19",agent_016,buyer_1740,0,50,purchase_102079,06.04.2026 05:44,appliances,0,refund_req_302079,"381,75",approve,not_working
"1.469,60",agent_013,buyer_0195,0,99,purchase_101688,06.06.2026 11:25,luxury,1,refund_req_301688,"894,91",approve,item_not_as_described
"149,19",agent_009,buyer_1307,0,65,purchase_102621,25.05.2026 13:55,beauty,0,refund_req_302621,"102,99",reject, damaged_item 
"308,33",agent_029,buyer_1287,0,71,purchase_100700,10.06.2026 12:08,sports,0,refund_req_300700,"75,04",reject,damaged_item
"1.621,62",agent_005,buyer_0765,0,19,purchase_103035,27.05.2026 07:47,appliances,0,refund_req_303035,"1.448,59",approve,damaged_item
"34,51",agent_701,buyer_1481,0,32,purchase_104515,17.05.2026 09:47, books ,1,refund_req_304515,"24,09",approve,wrong_item_received
"1.223,58",agent_030,buyer_1480,1,47,purchase_102340,21.05.2026 14:32,beauty,0,refund_req_302340,"694,65",  approve  ,allergic_reaction
"55,19",agent_015,buyer_1692,0,41,purchase_101870,03.04.2026 05:56,clothing,0,refund_req_301870,"19,04",approve,wrong_size
"1.258,88",agent_006,buyer_0206,0,64,purchase_101075,08.06.2026 23:01,home,1,refund_req_301075,"327,16",reject,
"69,53",agent_019,buyer_0690,0,80,purchase_101377,11.05.2026 01:22,books,1,refund_req_301377,"25,29",approve,changed_mind
"2.030,23",agent_016,buyer_0085,0,115,purchase_101858,16.06.2026 03:03,luxury,1,refund_req_301858,"1.500,71",approve,
"90,77",agent_009,buyer_0836,0,76,purchase_102223,10.06.2026 01:14,beauty,1,refund_req_302223,"38,69",approve,changed_mind
"192,92",agent_003,buyer_0596,0,48,purchase_100341,13.04.2026 17:43,fashion,0,refund_req_300341,"63,34",approve,changed_mind
"347,35",agent_024,buyer_1568,0,81,purchase_102454,29.04.2026 04:28,electronics,0,refund_req_302454,"87,23",approve,not_working
"2.869,40",agent_005,buyer_0423,0,89,purchase_102756,05.04.2026 08:01, luxury ,0,refund_req_302756,"1.174,99",approve,changed_mind
"1.174,30",agent_901,buyer_9902,1,4,purchase_104834,18.04.2026 23:35,electronics,0,refund_req_304834,"1.203,25",approve,item_not_as_described
"1.563,17",agent_016,buyer_1989,0,122,purchase_102626,29.05.2026 15:56,appliances,0,refund_req_302626,"382,90",reject,damaged_item
"285,06",agent_026,buyer_1515,0,75,purchase_102891,29.04.2026 22:52,appliances,,refund_req_302891,"160,98",approve,missing_part
"98,02",agent_103,buyer_1694,0,2,purchase_103729,04.05.2026 08:31,sports,1,refund_req_303729,"56,68",approve,item_not_as_described
"38,93",agent_103,buyer_1876,0,,purchase_103796,13.04.2026 15:23,books,1,refund_req_303796,"32,94",approve,
"1.234,22",agent_001,buyer_1139,1,5,purchase_103955,30.04.2026 21:05,electronics,,refund_req_303955,"1.221,19",approve,item_not_as_described
"1.625,53",agent_009,buyer_0558,1,33,purchase_104065,13.05.2026 01:32,appliances,0,refund_req_304065,"1.064,89",approve,
"957,67",agent_017,buyer_0236,0,32,purchase_103423,13.06.2026 01:52,fashion,0,refund_req_303423,"957,67",approve,wrong_size
"1.946,55",agent_803,buyer_8003,0,16,purchase_104692,29.04.2026 04:20,electronics,0,refund_req_304692,"1.417,47",approve,  item_not_as_described  
"1.892,64",agent_012,buyer_1326,0,38,purchase_101098,29.04.2026 03:21,electronics,0,refund_req_301098,"1.083,87",approve,item_not_as_described
"558,68",agent_021,buyer_1183,0,105,purchase_101440,07.05.2026 06:18,home,0,refund_req_301440,"453,75",reject,damaged_item
"1.205,06",agent_901,buyer_9901,1,7,purchase_104776,19.04.2026 01:14,luxury,0,refund_req_304776,"1.048,22",approve,changed_mind
"177,69",agent_016,buyer_9005,0,9,purchase_104134,20.06.2026 19:09,clothing,1,refund_req_304134,"144,73",approve,changed_mind
"2.105,93",agent_008,buyer_0598,0,40,purchase_102074,20.04.2026 10:02,electronics,0,refund_req_302074,"1.474,80",approve,missing_accessory
"1.268,43",agent_022,buyer_1922,0,90,purchase_102440,08.04.2026 22:46, sports ,1,refund_req_302440,"398,82",approve,
"1.374,18",agent_025,buyer_0485,0,45,purchase_102396,03.06.2026 17:00,luxury,0,refund_req_302396,"510,82",reject,damaged_item
"85,77",agent_019,buyer_1155,0,74,purchase_100258,05.04.2026 11:04,BOOKS,0,refund_req_300258,"63,80",reject,changed_mind
"368,33",agent_005,buyer_1434,1,91,purchase_101486,31.05.2026 02:48,fashion,0,refund_req_301486,"253,95",reject,
"214,65",agent_021,buyer_1560,0,101,purchase_100711,20.05.2026 01:26,home,1,refund_req_300711,"161,74",approve,item_not_as_described
"68,51",agent_013,buyer_1686,0,91,purchase_101134,01.06.2026 11:43,clothing,1,refund_req_301134,"17,55",reject,item_not_as_described
"369,20",agent_010,buyer_1862,0,39,purchase_100390,02.04.2026 01:51,fashion,1,refund_req_300390,"266,95",approve,changed_mind
"1.112,59",agent_006,buyer_1625,0,36,purchase_103155,17.06.2026 08:51,electronics,0,refund_req_303155,"1.039,56",APPROVE,missing_accessory
"1.437,74",agent_018,buyer_0188,1,4,purchase_103900,16.04.2026 12:07, luxury ,0,refund_req_303900,"1.330,98",approve, item_not_as_described 
"191,95",agent_103,buyer_9006,0,60,purchase_104239,08.04.2026 06:27,clothing,1,refund_req_304239,"158,64",approve,wrong_size
"1.190,73",agent_009,buyer_0188,1,11,purchase_103078,03.06.2026 18:42,appliances,0,refund_req_303078,"995,16",approve,damaged_item
"78,91",agent_030,buyer_1249,0,49,purchase_100514,06.04.2026 07:37,beauty,0,refund_req_300514,"22,78",reject,damaged_item
"1.046,28",agent_001,buyer_1822,0,12,purchase_103403,13.05.2026 23:27,fashion,1,refund_req_303403,"1.046,28",approve,wrong_size
"1.852,30",agent_030,buyer_1242,0,,purchase_100075,19.06.2026 16:33,electronics,1,refund_req_300075,"1.457,59",reject,missing_accessory
"234,96",agent_103,buyer_0602,0,1,purchase_103780,08.06.2026 23:16,fashion,0,refund_req_303780,"130,27",approve,changed_mind
"334,24",agent_701,buyer_1977,0,,purchase_104416,06.04.2026 17:12,HOME,1,refund_req_304416,"206,72",approve,  damaged_item  
"911,78",agent_021,buyer_1842,0,109,purchase_101378,27.05.2026 04:29,sports,1,refund_req_301378,"750,85",approve,wrong_size
"34,50",agent_015,buyer_1102,0,118,purchase_102408,07.04.2026 09:07,books,1,refund_req_302408,"10,05",approve,damaged_item
"495,99",agent_002,buyer_0298,0,71,purchase_102213,14.04.2026 16:24,Home,0,refund_req_302213,"228,39",approve,damaged_item
"1.226,55",agent_018,buyer_0652,0,44,purchase_103333,13.05.2026 23:29, appliances ,1,refund_req_303333,"1.226,55",approve,damaged_item
"1.373,67",agent_005,buyer_0354,0,56,purchase_103488,15.06.2026 20:03,appliances,0,refund_req_303488,"1.373,67",approve,missing_part
"324,47",agent_101,buyer_1341,1,3,purchase_103541,14.05.2026 02:50,sports,1,refund_req_303541,"233,69",approve,damaged_item
"96,58",agent_019,buyer_0538,0,63,purchase_101168,09.06.2026 14:29,clothing,1,refund_req_301168,"41,80",reject,changed_mind
"136,16",agent_004,buyer_0233,0,93,purchase_102904,01.05.2026 03:28,fashion,1,refund_req_302904,"79,53",reject,  item_not_as_described  
"204,36",agent_025,buyer_1843,0,75,purchase_101079,21.05.2026 05:34,sports,0,refund_req_301079,"128,70",approve,wrong_size
"723,01",agent_002,buyer_1574,0,47,purchase_100443,24.05.2026 18:30,appliances,1,refund_req_300443,"554,08",reject,  not_working  
"1.245,58",agent_901,buyer_9901,1,4,purchase_104950,15.05.2026 05:38,appliances,0,refund_req_304950,"1.293,28",approve,damaged_item
"2.794,53",agent_018,buyer_1896,1,28,purchase_104045,15.06.2026 23:15,luxury,0,refund_req_304045,"2.015,37",approve,damaged_item
"942,34",agent_018,buyer_1107,0,23,purchase_103123,14.04.2026 02:35,appliances,0,refund_req_303123,"750,58",approve,not_working
"2.389,29",agent_030,buyer_1867,0,,purchase_102624,08.05.2026 22:00,luxury,0,refund_req_302624,"1.702,68",approve,item_not_as_described
"1.540,00",agent_011,buyer_0740,0,71,purchase_102308,27.04.2026 11:18,appliances,1,refund_req_302308,"1.281,97", approve ,missing_part
"1.552,66",agent_902,buyer_9906,1,4,purchase_104907,04.05.2026 04:20,appliances,0,refund_req_304907,"1.458,47",approve,missing_part
"388,80",agent_002,buyer_1426,0,103,purchase_101132,09.04.2026 14:15,appliances,1,refund_req_301132,"252,01",approve,not_working
"2.270,23",agent_013,buyer_0996,0,98,purchase_100616,03.04.2026 22:24,luxury,0,refund_req_300616,"1.834,19",  reject  ,item_not_as_described
"42,51",agent_021,buyer_0853,0,50,purchase_102381,09.05.2026 11:30,clothing,1,refund_req_302381,"12,57",approve,item_not_as_described
"62,27",agent_013,buyer_0881,0,41,purchase_101270,13.04.2026 10:48,beauty,1,refund_req_301270,"37,17",approve,damaged_item
"1.792,06",agent_011,buyer_0083,0,76,purchase_101157,03.04.2026 03:34,appliances,1,refund_req_301157,"1.123,35",approve,not_working
"2.526,23",agent_003,buyer_1138,0,25,purchase_103416,28.05.2026 18:18,  LUXURY  ,0,refund_req_303416,"2.526,23",approve,damaged_item
"979,84",agent_006,buyer_0051,1,14,purchase_103960,04.05.2026 19:02,luxury,0,refund_req_303960,"905,53",approve,damaged_item
"1.368,30",agent_022,buyer_1869,0,64,purchase_102259,08.05.2026 17:09,appliances,,refund_req_302259,"659,55",approve,
"63,67",agent_020,buyer_1077,0,78,purchase_102647,17.05.2026 13:23,home,1,refund_req_302647,"35,29",approve,missing_part
"921,76",agent_011,buyer_1756,1,26,purchase_103935,17.04.2026 23:28,appliances,1,refund_req_303935,"669,68",approve,damaged_item
"68,91",agent_024,buyer_1028,0,53,purchase_102833,14.06.2026 11:55, sports ,1,refund_req_302833,"49,58",approve,damaged_item
"475,83",agent_017,buyer_0093,0,100,purchase_102112,07.04.2026 11:37,home,1,refund_req_302112,"349,19",APPROVE,missing_part
"2.318,51",agent_002,buyer_601,1,11,purchase_1022,05.06.2026 09:29,LUXURY,0,refund_req_3022,"1.564,59",approve,changed_mind
"263,75",agent_007,buyer_1159,0,55,purchase_101963,21.05.2026 23:42,home,1,refund_req_301963,"97,17",approve,damaged_item
"1.308,48",agent_005,buyer_0357,0,75,purchase_102387,05.06.2026 08:21, electronics ,0,refund_req_302387,"1.052,01",approve,item_not_as_described
"225,20",agent_025,buyer_0139,1,71,purchase_101462,05.05.2026 03:59,electronics,1,refund_req_301462,"131,19",approve,
"986,61",agent_703,buyer_1055,0,5,purchase_104364,16.06.2026 21:51,appliances,1,refund_req_304364,"898,41",approve,not_working
"137,94",agent_028,buyer_1150,0,101,purchase_102462,17.05.2026 21:43,clothing,1,refund_req_302462,"36,64",approve,  wrong_size  
"137,86",agent_025,buyer_0035,0,75,purchase_101085,08.06.2026 20:22,beauty,1,refund_req_301085,"74,67",approve,changed_mind
"48,99",agent_025,buyer_0184,0,46,purchase_100401,21.04.2026 07:56,books,0,refund_req_300401,"31,64",approve,changed_mind
"23,10",agent_014,buyer_0204,0,73,purchase_102114,18.05.2026 20:04,books,0,refund_req_302114,"9,73", reject ,changed_mind
"2.852,19",agent_026,buyer_0158,0,56,purchase_100198,01.04.2026 21:30,luxury,0,refund_req_300198,"1.906,93",approve,changed_mind
"1.489,99",agent_010,buyer_0336,0,14,purchase_103139,26.05.2026 23:57,appliances,0,refund_req_303139,"916,38",approve,not_working
"1.017,90",agent_801,buyer_8001,1,19,purchase_104558,03.05.2026 18:27,fashion,0,refund_req_304558,"953,83",approve,
"391,11",agent_101,buyer_1881,0,5,purchase_103653,17.04.2026 14:58,luxury,1,refund_req_303653,"374,25",approve,changed_mind
"1.472,64",agent_102,buyer_0734,0,3,purchase_103601,16.06.2026 20:35,appliances,0,refund_req_303601,"907,70",approve,not_working
"397,80",agent_016,buyer_0703,0,67,purchase_101359,18.06.2026 04:32,fashion,1,refund_req_301359,"275,17",approve,item_not_as_described
"2.897,28",agent_025,buyer_0499,0,,purchase_100371,09.04.2026 21:03,luxury,1,refund_req_300371,"1.443,57",approve,item_not_as_described
"2.871,81",agent_019,buyer_0025,0,25,purchase_103022,16.04.2026 15:32,luxury,0,refund_req_303022,"2.190,33",approve,item_not_as_described
"220,29",agent_017,buyer_0679,0,98,purchase_100533,27.05.2026 19:33,fashion,0,refund_req_300533,"172,35",reject,item_not_as_described
"23,94",agent_019,buyer_1626,0,,purchase_101176,01.05.2026 16:30,books,1,refund_req_301176,"6,77",approve,wrong_item_received
"198,78",agent_015,buyer_0081,0,59,purchase_101698,17.05.2026 01:45,home,0,refund_req_301698,"117,52",approve,damaged_item
"1.472,85",agent_003,buyer_1582,0,42,purchase_100194,20.05.2026 18:48,appliances,1,refund_req_300194,"977,27",approve,
"1.599,64",agent_025,buyer_0019,0,86,purchase_101282,04.06.2026 14:53,electronics,1,refund_req_301282,"1.151,96",approve,item_not_as_described
"1.102,23",agent_022,buyer_0846,0,22,purchase_103258,09.04.2026 11:30,fashion,0,refund_req_303258,"1.102,23",approve,wrong_size
"61,23",agent_017,buyer_0561,0,35,purchase_102016,10.05.2026 10:10,beauty,1,refund_req_302016,"14,03",approve,allergic_reaction
"1.768,37",agent_022,buyer_1743,0,24,purchase_103347,18.04.2026 17:30,appliances,0,refund_req_303347,"1.768,37",approve,damaged_item
"519,81",agent_030,buyer_1230,0,84,purchase_100365,19.06.2026 06:23,luxury,1,refund_req_300365,"178,89",approve,changed_mind
"204,79",agent_009,buyer_1832,0,41,purchase_102652,17.05.2026 06:17,clothing,0,refund_req_302652,"86,87",reject,changed_mind
"97,64",agent_002,buyer_9007,0,34,purchase_104168,02.05.2026 17:06,fashion,1,refund_req_304168,"87,11",approve,wrong_size
"36,85",agent_003,buyer_1283,0,48,purchase_100665,15.04.2026 00:09,sports,0,refund_req_300665,"17,72",approve,damaged_item
"580,67",agent_701,buyer_1353,0,23,purchase_104380,30.05.2026 21:38,home,1,refund_req_304380,"240,47",approve,
"1.305,18",agent_005,buyer_1392,0,65,purchase_102841,06.05.2026 11:31,luxury,0,refund_req_302841,"944,20",reject,item_not_as_described
"51,12",agent_026,buyer_0519,0,,purchase_102863,13.04.2026 20:35,sports,0,refund_req_302863,"15,24",reject,damaged_item
"148,34",agent_101,buyer_1122,0,2,purchase_103530,02.06.2026 01:46,clothing,1,refund_req_303530,"97,72",approve,wrong_size
"21,81",agent_018,buyer_0576,0,46,purchase_100219,18.04.2026 22:02,books,1,refund_req_300219,"18,24",approve,changed_mind
"222,19",agent_102,buyer_1464,0,2,purchase_103650,09.06.2026 08:06,clothing,1,refund_req_303650,"144,60",approve,item_not_as_described
"1.212,73",agent_007,buyer_0344,0,,purchase_101295,11.06.2026 23:37,appliances,1,refund_req_301295,"852,25",approve,missing_part
"1.076,59",agent_702,buyer_0552,0,12,purchase_104324,09.04.2026 19:48,clothing,0,refund_req_304324,"592,86",approve,wrong_size
"2.688,45",agent_008,buyer_0067,1,11,purchase_103952,14.06.2026 13:30,luxury,0,refund_req_303952,"2.467,92",approve,changed_mind
"910,26",agent_011,buyer_0418,0,42,purchase_100846,13.06.2026 21:03,home,,refund_req_300846,"188,88",reject,item_not_as_described
"1.496,46",agent_005,buyer_0655,0,56,purchase_103525,27.05.2026 13:37,  electronics  ,0,refund_req_303525,"1.496,46",approve,damaged_item
"562,69",agent_014,buyer_0149,0,63,purchase_101538,12.06.2026 05:53,home,0,refund_req_301538,"450,56",reject,missing_part
"649,23",agent_015,buyer_1266,0,35,purchase_101342,08.04.2026 17:08,fashion,0,refund_req_301342,"455,78",reject,item_not_as_described
"902,48",agent_003,buyer_1529,0,,purchase_100096,16.06.2026 10:53,electronics,1,refund_req_300096,"446,61",approve,missing_accessory
"176,53",agent_027,buyer_0794,0,65,purchase_101840,24.05.2026 23:26,Clothing,0,refund_req_301840,"69,55",reject,wrong_size
"86,57",agent_001,buyer_1650,0,47,purchase_102771,16.05.2026 23:44,clothing,0,refund_req_302771,"33,42",approve,item_not_as_described
"73,73",agent_020,buyer_9002,0,65,purchase_104283,30.04.2026 20:53,clothing,0,refund_req_304283,"63,26",approve,
"1.686,52",agent_015,buyer_1790,1,5,purchase_103947,10.06.2026 18:11,electronics,0,refund_req_303947,"1.443,35",approve,not_working
"73,83",agent_801,buyer_8001,0,25,purchase_104696,23.04.2026 11:36,sports,1,refund_req_304696,"69,32",  approve  ,damaged_item
"993,89",agent_003,buyer_1005,0,36,purchase_101125,07.06.2026 09:25,appliances,,refund_req_301125,"561,36", approve ,damaged_item
"157,71",agent_803,buyer_8003,0,12,purchase_104584,29.05.2026 05:48,sports,0,refund_req_304584,"131,57", approve ,damaged_item
"31,81",agent_023,buyer_0133,0,84,purchase_100134,05.06.2026 15:39,books,1,refund_req_300134,"12,56",APPROVE,changed_mind
"1.451,93",agent_901,buyer_9902,1,5,purchase_104780,03.04.2026 04:16,appliances,0,refund_req_304780,"1.353,47",  approve  , damaged_item 
"108,24",agent_023,buyer_0876,0,112,purchase_100019,10.06.2026 13:03,fashion,1,refund_req_300019,"88,14",reject,wrong_size
"1.452,88",agent_021,buyer_1643,1,,purchase_103869,08.04.2026 04:53,appliances,1,refund_req_303869,"1.347,25",approve,missing_part
"116,40",agent_014,buyer_1443,0,63,purchase_102942,11.04.2026 04:51,fashion,1,refund_req_302942,"28,63", approve ,  changed_mind  
"1.413,91",agent_004,buyer_0093,0,101,purchase_102795,21.05.2026 03:22,  appliances  ,1,refund_req_302795,"703,77",approve,not_working
"48,28",agent_018,buyer_1969,0,48,purchase_101790,30.05.2026 06:48,books,0,refund_req_301790,"22,52",approve,wrong_item_received
"153,97",agent_102,buyer_1308,1,3,purchase_103592,09.06.2026 16:19,beauty,1,refund_req_303592,"104,66",approve,changed_mind
"88,66",agent_019,buyer_1597,0,79,purchase_100277,18.06.2026 00:08,clothing,1,refund_req_300277,"48,60",approve,changed_mind
"1.417,83",agent_902,buyer_9906,1,3,purchase_104921,04.06.2026 23:38,electronics,0,refund_req_304921,"1.314,78",approve,damaged_item
"1.973,99",agent_027,buyer_1944,0,90,purchase_102137,04.05.2026 02:32,electronics,1,refund_req_302137,"1.318,68",approve,missing_accessory
"1.057,84",agent_803,buyer_8003,0,17,purchase_104749,25.04.2026 02:14,sports,1,refund_req_304749,"699,85",approve,item_not_as_described
"1.125,29",agent_103,buyer_1519,0,11,purchase_103444,12.04.2026 05:55,appliances,0,refund_req_303444,"1.125,29",approve,damaged_item
"83,18",agent_018,buyer_9005,0,15,purchase_104158,01.06.2026 05:22,clothing,0,refund_req_304158,"64,11",approve, wrong_size 
"1.178,72",agent_015,buyer_1399,0,18,purchase_103003,29.04.2026 04:28,luxury,0,refund_req_303003,"767,08",approve,changed_mind
"448,45",agent_030,buyer_1736,0,99,purchase_102077,12.06.2026 06:21,sports,0,refund_req_302077,"178,14",approve,wrong_size
"1.451,50",agent_103,buyer_1194,0,1,purchase_103643,10.04.2026 16:10,appliances,1,refund_req_303643,"777,60", approve ,not_working
"1.023,31",agent_004,buyer_0188,0,107,purchase_100195,12.06.2026 01:29,books,1,refund_req_300195,"444,06",approve,wrong_item_received
"1.943,59",agent_001,buyer_0516,0,69,purchase_101046,09.05.2026 17:01,luxury,1,refund_req_301046,"1.011,04",approve,damaged_item
"444,40",agent_004,buyer_1718,0,101,purchase_102087,27.05.2026 11:30,Sports,0,refund_req_302087,"198,09",reject,wrong_size
"43,79",agent_802,buyer_8002,0,30,purchase_104634,23.04.2026 23:59,beauty,0,refund_req_304634,"42,19", approve ,damaged_item
"57,37",agent_004,buyer_1991,0,82,purchase_100825,06.06.2026 05:19,home,0,refund_req_300825,"43,51",approve,item_not_as_described
"2.057,86",agent_901,buyer_9901,1,7,purchase_104932,13.05.2026 11:33,luxury,0,refund_req_304932,"1.789,38",approve,changed_mind
"340,12",agent_103,buyer_1013,0,,purchase_103686,01.06.2026 21:33,sports,1,refund_req_303686,"306,20",approve,item_not_as_described
"1.802,85",agent_008,buyer_0344,0,83,purchase_102487,21.05.2026 16:14,electronics,0,refund_req_302487,"771,41",reject,not_working
"405,69",agent_024,buyer_0389,0,53,purchase_101917,09.05.2026 09:41,fashion,1,refund_req_301917,"121,95",approve,wrong_size
"1.123,75",agent_030,buyer_0247,0,84,purchase_102158,22.05.2026 23:32,  appliances  ,0,refund_req_302158,"571,52",approve,damaged_item
"449,53",agent_014,buyer_1320,0,41,purchase_101920,14.05.2026 05:11,fashion,0,refund_req_301920,"176,72",reject,
"1.049,33",agent_022,buyer_1214,0,18,purchase_103511,25.04.2026 04:17,fashion,0,refund_req_303511,"1.049,33",approve,
"1.593,49",agent_024,buyer_0020,0,38,purchase_103233,03.06.2026 04:26,luxury,0,refund_req_303233,"1.231,45",approve,item_not_as_described
"1.634,63",agent_802,buyer_8002,0,11,purchase_104607,11.05.2026 10:31,electronics,0,refund_req_304607,"1.387,93",approve,missing_accessory
"87,02",agent_101,buyer_1337,0,,purchase_103637,02.06.2026 15:56,clothing,1,refund_req_303637,"51,10",approve,
"542,09",agent_801,buyer_8001,0,9,purchase_104567,02.05.2026 04:20,fashion,1,refund_req_304567,"335,94", approve ,item_not_as_described
"982,88",agent_023,buyer_0790,0,46,purchase_103429,12.05.2026 14:29,luxury,0,refund_req_303429,"982,88",approve,
"617,83",agent_026,buyer_1839,0,37,purchase_100231,17.05.2026 18:48,electronics,0,refund_req_300231,"278,53",approve,not_working
"1.083,80",agent_902,buyer_9904,1,2,purchase_104763,12.05.2026 16:15, electronics ,0,refund_req_304763,"1.062,71",approve,item_not_as_described
"948,96",agent_901,buyer_9902,1,7,purchase_104944,14.05.2026 04:30,electronics,0,refund_req_304944,"938,60",approve,damaged_item
"1.518,81",agent_103,buyer_9002,1,29,purchase_104163,11.06.2026 11:47,appliances,0,refund_req_304163,"963,33", approve ,missing_part
"252,72",agent_023,buyer_0469,0,47,purchase_102486,01.04.2026 21:09,clothing,0,refund_req_302486,"151,55",approve,changed_mind
"750,26",agent_103,buyer_0913,0,1,purchase_103693,05.05.2026 09:09,electronics,0,refund_req_303693,"479,22",approve,item_not_as_described
"2.805,71",agent_002,buyer_1897,1,21,purchase_103964,05.04.2026 11:17,luxury,0,refund_req_303964,"2.163,90",approve,item_not_as_described
"18,49",agent_025,buyer_0850,0,64,purchase_101356,03.06.2026 17:00,books,,refund_req_301356,"10,88",reject,damaged_item
"1.537,65",agent_026,buyer_1318,0,81,purchase_101403,05.05.2026 09:01,electronics,0,refund_req_301403,"308,18",reject,damaged_item
"2.012,13",agent_101,buyer_1868,0,42,purchase_103373,04.06.2026 23:34,electronics,,refund_req_303373,"2.012,13",approve,damaged_item
"71,17",agent_803,buyer_8003,1,26,purchase_104698,24.05.2026 19:01, Beauty ,1,refund_req_304698,"48,62",approve,changed_mind
"1.289,87",agent_020,buyer_1707,0,60,purchase_101482,27.04.2026 21:54,electronics,0,refund_req_301482,"437,77",reject,damaged_item
"1.513,44",agent_029,buyer_0903,0,75,purchase_102403,23.05.2026 12:55,luxury,0,refund_req_302403,"671,18",approve,damaged_item
"491,41",agent_025,buyer_1183,0,58,purchase_101775,12.04.2026 02:41,fashion,1,refund_req_301775,"295,61",approve,item_not_as_described
"15,04",agent_003,buyer_1263,0,52,purchase_101195,27.05.2026 21:01,beauty,1,refund_req_301195,"3,31",approve,damaged_item
"1.012,19",agent_026,buyer_1800,0,69,purchase_101767,07.06.2026 17:11,appliances,1,refund_req_301767,"479,62",approve,not_working
"1.156,72",agent_011,buyer_9005,0,9,purchase_104102,05.06.2026 06:33,luxury,0,refund_req_304102,"646,54",approve,item_not_as_described
"85,37",agent_014,buyer_0493,0,49,purchase_100430,15.06.2026 02:28,beauty,0,refund_req_300430,"34,41",  reject  ,allergic_reaction
"1.908,04",agent_008,buyer_0139,0,70,purchase_100007,14.06.2026 03:40,electronics,0,refund_req_300007,"469,49",approve,damaged_item
"12,63",agent_015,buyer_0411,0,51,purchase_101137,14.05.2026 06:27,books,0,refund_req_301137,"5,65",reject,wrong_item_received
"1.117,91",agent_902,buyer_9904,1,6,purchase_104943,02.06.2026 06:41,luxury,0,refund_req_304943,"1.114,38",approve,damaged_item
"394,69",agent_020,buyer_0400,0,51,purchase_100736,10.05.2026 06:58,sports,0,refund_req_300736,"303,73",reject,wrong_size
"152,29",agent_007,buyer_1372,0,67,purchase_100832,25.05.2026 00:26,fashion,0,refund_req_300832,"35,78",reject,changed_mind
"159,76",agent_007,buyer_0117,0,76,purchase_101441,13.04.2026 04:46,fashion,1,refund_req_301441,"32,46",approve,wrong_size
"69,67",agent_001,buyer_1452,0,71,purchase_102543,14.04.2026 10:59,beauty,0,refund_req_302543,"32,58",approve,damaged_item
"164,57",agent_023,buyer_1145,0,92,purchase_102146,06.06.2026 22:25,fashion,1,refund_req_302146,"107,98",approve,item_not_as_described
"106,70",agent_017,buyer_0279,0,62,purchase_100555,30.05.2026 04:29,clothing,1,refund_req_300555,"41,33",reject,changed_mind
"17,92",agent_015,buyer_1843,0,27,purchase_100006,11.04.2026 05:32,books,1,refund_req_300006,"6,20",approve,wrong_item_received
"121,08",agent_014,buyer_9003,0,26,purchase_104164,02.06.2026 07:09,home,0,refund_req_304164,"103,14",approve,
"854,18",agent_777,buyer_702,0,13,purchase_1033,11.06.2026 09:37,home,0,refund_req_3033,"492,36",approve,damaged_item
"2.018,09",agent_008,buyer_1256,0,32,purchase_103437,15.05.2026 05:40,luxury,0,refund_req_303437,"2.018,09",approve,damaged_item
"909,08",agent_006,buyer_0206,0,74,purchase_101446,12.05.2026 12:35,sports,1,refund_req_301446,"511,77",  approve  ,  damaged_item  
"1.018,48",agent_001,buyer_1211,0,49,purchase_103336,13.05.2026 14:48,fashion,0,refund_req_303336,"1.018,48",approve,wrong_size
"493,94",agent_003,buyer_0392,0,49,purchase_100864,06.04.2026 11:46,home,1,refund_req_300864,"360,82",approve,item_not_as_described
"135,49",agent_030,buyer_1705,0,63,purchase_101411,05.05.2026 09:17,clothing,1,refund_req_301411,"69,75",approve,item_not_as_described
"1.060,23",agent_019,buyer_1027,0,36,purchase_103177,27.04.2026 19:01,appliances,0,refund_req_303177,"857,39",approve,damaged_item
"77,82",agent_019,buyer_1068,0,60,purchase_100197,24.05.2026 18:13,beauty,,refund_req_300197,"22,59",approve,allergic_reaction
"156,12",agent_019,buyer_0281,0,81,purchase_101814,10.04.2026 08:31,beauty,1,refund_req_301814,"82,31",approve,allergic_reaction
"892,59",agent_025,buyer_0824,0,37,purchase_101735,16.05.2026 16:15,appliances,0,refund_req_301735,"304,44",approve,damaged_item
"1.060,27",agent_028,buyer_0636,1,33,purchase_103895,24.05.2026 17:00,appliances,1,refund_req_303895,"745,70",approve,missing_part
"1.650,80",agent_017,buyer_1134,0,,purchase_103364,05.05.2026 13:20,  appliances  ,1,refund_req_303364,"1.650,80",approve,not_working
"1.246,18",agent_010,buyer_0854,0,43,purchase_100527,03.04.2026 15:55,electronics,1,refund_req_300527,"356,18",approve,not_working
"81,17",agent_101,buyer_1944,0,4,purchase_103716,20.06.2026 04:41,BEAUTY,1,refund_req_303716,"55,10",approve,damaged_item
"77,36",agent_102,buyer_1895,0,1,purchase_103694,11.04.2026 20:17,books,1,refund_req_303694,"56,78",approve,wrong_item_received
"1.620,76",agent_027,buyer_0568,0,59,purchase_101062,30.05.2026 02:00,appliances,1,refund_req_301062,"1.371,69",approve,not_working
"83,10",agent_802,buyer_8002,0,26,purchase_104715,12.06.2026 13:37,fashion,0,refund_req_304715,"50,87",approve,  changed_mind  
"2.822,17",agent_005,buyer_1338,0,105,purchase_100496,03.06.2026 00:19,luxury,0,refund_req_300496,"1.783,59",approve,changed_mind
"2.505,45",agent_023,buyer_1403,0,10,purchase_103234,19.06.2026 07:10,luxury,0,refund_req_303234,"1.612,83",approve,changed_mind
"645,82",agent_021,buyer_1268,0,77,purchase_102605,28.05.2026 18:03,fashion,1,refund_req_302605,"349,44",reject,changed_mind
"342,44",agent_008,buyer_1283,0,30,purchase_102962,10.06.2026 05:45,electronics,,refund_req_302962,"263,56",reject,
"2.477,68",agent_901,buyer_9903,1,1,purchase_104816,07.06.2026 23:16,luxury,0,refund_req_304816,"2.359,05",approve,
"59,81",agent_005,buyer_0927,0,76,purchase_102471,05.04.2026 20:42,books,1,refund_req_302471,"14,13",approve,wrong_item_received
"2.053,62",agent_015,buyer_0605,0,54,purchase_103348,22.04.2026 20:28,electronics,1,refund_req_303348,"2.053,62",approve,damaged_item
"1.499,61",agent_004,buyer_1731,0,64,purchase_101105,27.05.2026 09:23,appliances,1,refund_req_301105,"1.164,96",approve,not_working
"2.423,65",agent_023,buyer_1955,0,32,purchase_103140,04.06.2026 07:11,luxury,0,refund_req_303140,"1.594,69",approve,damaged_item
"2.557,91",agent_022,buyer_1120,1,10,purchase_104021,01.04.2026 15:59,LUXURY,0,refund_req_304021,"2.188,80",approve,item_not_as_described
"48,70",agent_021,buyer_9006,0,28,purchase_104183,21.04.2026 10:17,sports,0,refund_req_304183,"31,48",approve,wrong_size
"1.163,63",agent_010,buyer_0418,0,83,purchase_102907,10.04.2026 10:20,luxury,1,refund_req_302907,"460,59",  approve  ,changed_mind
"2.221,91",agent_103,buyer_1196,0,3,purchase_103569,18.06.2026 04:50,luxury,1,refund_req_303569,"1.947,02",approve,damaged_item
"1.636,35",agent_005,buyer_0086,0,53,purchase_100020,17.05.2026 03:06,appliances,0,refund_req_300020,"1.174,05",reject,not_working
"1.369,97",agent_006,buyer_1173,0,52,purchase_101391,09.06.2026 16:17,appliances,0,refund_req_301391,"711,49",reject,not_working
"2.510,06",agent_901,buyer_9903,1,7,purchase_104942,30.04.2026 12:31,luxury,0,refund_req_304942,"2.176,72",approve,damaged_item
"905,54",agent_016,buyer_1905,0,79,purchase_102176,19.04.2026 06:46,appliances,1,refund_req_302176,"477,67",reject,missing_part
"2.300,25",agent_026,buyer_0922,0,,purchase_102028,01.05.2026 14:52,luxury,0,refund_req_302028,"652,12",  reject  ,damaged_item
"604,28",agent_005,buyer_0855,0,91,purchase_102318,23.04.2026 06:11,fashion,0,refund_req_302318,"180,54",approve,changed_mind
"156,14",agent_023,buyer_1876,0,100,purchase_102800,22.05.2026 00:49,beauty,1,refund_req_302800,"59,02",reject,damaged_item
"1.432,57",agent_006,buyer_1472,0,27,purchase_103229,17.06.2026 20:13,appliances,0,refund_req_303229,"1.305,96",approve,missing_part
"61,65",agent_015,buyer_0432,0,55,purchase_102459,07.04.2026 21:39,beauty,0,refund_req_302459,"31,01",approve,allergic_reaction
"78,72",agent_014,buyer_0099,0,55,purchase_102742,19.06.2026 04:46,fashion,0,refund_req_302742,"19,93",APPROVE,item_not_as_described
"164,55",agent_101,buyer_1609,0,4,purchase_103646,09.04.2026 03:38,beauty,,refund_req_303646,"128,16",approve,allergic_reaction
"13,33",agent_010,buyer_0997,0,72,purchase_102083,16.05.2026 22:32,books,,refund_req_302083,"8,80",reject,changed_mind
"380,63",agent_016,buyer_1724,0,55,purchase_101454,05.06.2026 12:11,sports,1,refund_req_301454,"138,25",  approve  ,item_not_as_described
"106,72",agent_020,buyer_1307,0,91,purchase_100204,13.05.2026 22:41,fashion,1,refund_req_300204,"38,56",reject,item_not_as_described
"19,13",agent_018,buyer_1534,0,67,purchase_101745,11.06.2026 03:06,books,0,refund_req_301745,"9,93",approve,wrong_item_received
"1.804,21",agent_014,buyer_1088,0,41,purchase_100518,23.05.2026 15:26,electronics,1,refund_req_300518,"1.177,83",approve,not_working
"765,67",agent_008,buyer_1081,0,72,purchase_102713,22.05.2026 16:15,electronics,1,refund_req_302713,"579,41",approve,  missing_accessory  
"179,31",agent_702,buyer_0175,0,24,purchase_104459,17.06.2026 04:39, clothing ,0,refund_req_304459,"127,05",approve,
"955,82",agent_024,buyer_1101,0,16,purchase_103058,16.06.2026 03:03,appliances,0,refund_req_303058,"765,26",approve,missing_part
"1.076,84",agent_001,buyer_0905,0,36,purchase_103149,02.05.2026 12:41,luxury,0,refund_req_303149,"986,35",approve,item_not_as_described
"1.470,54",agent_901,buyer_9901,1,5,purchase_104936,12.04.2026 03:46,luxury,0,refund_req_304936,"1.298,15",approve,item_not_as_described
"46,76",agent_004,buyer_1740,0,47,purchase_102001,18.05.2026 11:08,beauty,0,refund_req_302001,"9,43",approve,allergic_reaction
"1.073,14",agent_026,buyer_1114,0,20,purchase_103314,06.05.2026 07:06,appliances,0,refund_req_303314,"1.073,14",Approve,not_working
"106,39",agent_006,buyer_1705,0,85,purchase_100540,30.05.2026 15:39,beauty,0,refund_req_300540,"24,20",reject,damaged_item
"83,35",agent_002,buyer_9008,0,37,purchase_104241,07.04.2026 06:54,Beauty,1,refund_req_304241,"44,03",approve,damaged_item
"108,21",agent_021,buyer_1877,0,91,purchase_100165,25.05.2026 07:57,clothing,0,refund_req_300165,"37,18",reject,changed_mind
"114,08",agent_024,buyer_1629,0,68,purchase_100184,05.04.2026 10:32,home,0,refund_req_300184,"63,34",approve,item_not_as_described
"504,74",agent_020,buyer_0432,0,40,purchase_101365,07.06.2026 23:16,home,1,refund_req_301365,"196,22",reject,missing_part
"1.555,98",agent_004,buyer_0577,0,27,purchase_103215,02.05.2026 22:19,electronics,0,refund_req_303215,"1.137,10", approve ,not_working
"165,19",agent_020,buyer_1251,0,82,purchase_100960,17.05.2026 02:52,clothing,0,refund_req_300960,"35,18",reject,wrong_size
"248,82",agent_017,buyer_1997,0,86,purchase_100122,07.04.2026 05:41,clothing,0,refund_req_300122,"137,76",reject,wrong_size
"425,24",agent_003,buyer_0669,0,38,purchase_101014,15.05.2026 05:44,electronics,0,refund_req_301014,"355,05",approve,item_not_as_described
"53,39",agent_028,buyer_1507,0,82,purchase_101399,06.04.2026 07:43,books,,refund_req_301399,"12,97",approve,changed_mind
"181,00",agent_013,buyer_0217,0,33,purchase_102969,11.05.2026 02:50,sports,0,refund_req_302969,"94,06",approve,damaged_item
"51,42",agent_013,buyer_1503,0,99,purchase_100405,20.05.2026 14:28,fashion,1,refund_req_300405,"38,92",reject,item_not_as_described
"1.062,56",agent_902,buyer_9905,1,2,purchase_104895,27.05.2026 09:52,luxury,0,refund_req_304895,"1.006,68",Approve,item_not_as_described
"1.869,61",agent_901,buyer_9902,1,1,purchase_104818,20.05.2026 12:15,electronics,0,refund_req_304818,"1.684,95",Approve,item_not_as_described
"81,54",agent_005,buyer_1514,0,104,purchase_102637,21.04.2026 10:32,books,0,refund_req_302637,"23,91",reject,changed_mind
"896,37",agent_026,buyer_1545,0,84,purchase_101417,07.05.2026 02:28,appliances,1,refund_req_301417,"353,28",approve,damaged_item
"1.538,27",agent_018,buyer_1210,0,48,purchase_101397,05.04.2026 19:17,electronics,0,refund_req_301397,"542,84",reject,not_working
"2.039,30",agent_901,buyer_9901,1,4,purchase_104866,23.04.2026 14:50,electronics,0,refund_req_304866,"1.869,35",approve,item_not_as_described
"142,56",agent_001,buyer_0202,0,57,purchase_100205,16.06.2026 07:34,clothing,1,refund_req_300205,"76,59",approve,changed_mind
"1.423,36",agent_012,buyer_1613,0,70,purchase_102339,16.06.2026 22:34,appliances,0,refund_req_302339,"1.005,07",approve,missing_part
"534,16",agent_020,buyer_0184,0,45,purchase_101581,22.04.2026 03:52,home,0,refund_req_301581,"344,94",reject,missing_part
"250,41",agent_008,buyer_0689,0,33,purchase_102956,18.04.2026 07:10,clothing,1,refund_req_302956,"124,18",approve,
"346,56",agent_701,buyer_1243,0,30,purchase_104476,09.04.2026 04:42,fashion,0,refund_req_304476,"275,31",approve,changed_mind
"222,98",agent_019,buyer_0441,0,84,purchase_101045,26.04.2026 04:06,fashion,0,refund_req_301045,"45,99",approve,item_not_as_described
"44,89",agent_022,buyer_1838,0,87,purchase_101374,16.04.2026 12:51,home,1,refund_req_301374,"32,87",  approve  ,missing_part
"1.655,18",agent_016,buyer_0289,0,48,purchase_102038,03.05.2026 20:19,appliances,1,refund_req_302038,"577,08",approve,not_working
"1.687,74",agent_101,buyer_0330,0,12,purchase_103210,10.05.2026 12:27,Luxury,0,refund_req_303210,"1.158,94",approve,damaged_item
"1.591,61",agent_008,buyer_0551,0,35,purchase_102229,28.04.2026 23:39,appliances,1,refund_req_302229,"346,86",approve,missing_part
"2.173,36",agent_021,buyer_0070,0,,purchase_101930,09.06.2026 04:14,luxury,1,refund_req_301930,"1.640,16",reject,  damaged_item  
"66,23",agent_013,buyer_0657,0,67,purchase_101163,15.06.2026 10:05,clothing,1,refund_req_301163,"48,44",approve,item_not_as_described
"617,99",agent_009,buyer_0213,0,69,purchase_102357,30.05.2026 15:18,appliances,,refund_req_302357,"511,80",approve,damaged_item
"267,62",agent_103,buyer_1659,1,1,purchase_103649,19.06.2026 15:54,appliances,1,refund_req_303649,"134,68",approve,missing_part
"2.741,47",agent_016,buyer_0438,0,111,purchase_100011,02.06.2026 13:17,luxury,1,refund_req_300011,"841,67",approve,changed_mind
"2.022,39",agent_004,buyer_1132,0,,purchase_102385,02.04.2026 23:46,electronics,1,refund_req_302385,"1.138,86",approve,damaged_item
"397,27",agent_006,buyer_1155,0,73,purchase_100888,26.04.2026 18:16,sports,0,refund_req_300888,"287,17",approve,damaged_item
"163,24",agent_101,buyer_0073,0,4,purchase_103632,24.04.2026 00:39,clothing,1,refund_req_303632,"151,96",approve,item_not_as_described
"79,36",agent_018,buyer_1429,0,62,purchase_101020,11.04.2026 15:05,beauty,0,refund_req_301020,"36,66",reject,
"455,50",agent_018,buyer_0016,0,56,purchase_101190,13.05.2026 14:40, home ,,refund_req_301190,"174,42",approve,damaged_item
"1.190,07",agent_003,buyer_0687,0,39,purchase_101671,30.04.2026 06:20,appliances,1,refund_req_301671,"258,95",approve,not_working
"1.619,98",agent_018,buyer_1159,1,11,purchase_103918,28.04.2026 01:40,appliances,0,refund_req_303918,"1.127,55",approve,
"32,84",agent_009,buyer_0327,0,51,purchase_100022,29.04.2026 08:48,beauty,1,refund_req_300022,"25,19",reject,
"601,06",agent_002,buyer_900,0,31,purchase_1027,07.06.2026 09:17,fashion,0,refund_req_3027,"430,70",approve,changed_mind
"1.057,05",agent_028,buyer_0461,0,51,purchase_101562,22.04.2026 05:36,books,0,refund_req_301562,"526,42",Reject,damaged_item
"67,91",agent_801,buyer_8001,0,22,purchase_104600,13.06.2026 00:29,beauty,1,refund_req_304600,"57,96",approve,damaged_item
"124,49",agent_022,buyer_1356,0,59,purchase_102494,12.06.2026 11:43,beauty,0,refund_req_302494,"84,00",REJECT,damaged_item
"31,91",agent_019,buyer_0168,0,69,purchase_100609,09.05.2026 18:42,sports,0,refund_req_300609,"21,74",approve,damaged_item
"100,32",agent_702,buyer_1958,0,29,purchase_104552,07.05.2026 21:47,clothing,1,refund_req_304552,"49,52",approve,item_not_as_described
"188,73",agent_028,buyer_9001,0,48,purchase_104314,19.06.2026 09:35,sports,0,refund_req_304314,"162,69",  approve  ,item_not_as_described
"37,82",agent_024,buyer_1205,0,43,purchase_101418,10.05.2026 04:58,books,0,refund_req_301418,"28,87",reject,damaged_item
"38,20",agent_014,buyer_1291,1,45,purchase_102136,18.04.2026 13:10,beauty,0,refund_req_302136,"29,07",reject,allergic_reaction
"574,85",agent_021,buyer_9003,0,25,purchase_104172,05.06.2026 00:16,fashion,0,refund_req_304172,"390,92",approve,item_not_as_described
"48,19",agent_702,buyer_0891,1,30,purchase_104339,05.06.2026 09:10,books,0,refund_req_304339,"31,59",  approve  ,changed_mind
"626,54",agent_005,buyer_1048,0,106,purchase_102524,07.06.2026 14:55,fashion,1,refund_req_302524,"466,81",  approve  ,changed_mind
"1.104,61",agent_007,buyer_0433,0,80,purchase_101023,23.05.2026 20:00,appliances,0,refund_req_301023,"349,17",approve,missing_part
"1.194,30",agent_801,buyer_8001,0,7,purchase_104705,02.06.2026 14:45,sports,1,refund_req_304705,"876,77",approve,item_not_as_described
"151,20",agent_703,buyer_1965,0,7,purchase_104442,29.04.2026 14:48,clothing,0,refund_req_304442,"76,22",approve,changed_mind
"906,09",agent_802,buyer_8002,0,6,purchase_104616,02.04.2026 01:03,electronics,0,refund_req_304616,"544,83",approve,missing_accessory
"1.144,91",agent_010,buyer_1866,0,57,purchase_102133,07.04.2026 23:39,electronics,1,refund_req_302133,"651,12",reject,not_working
"75,20",agent_803,buyer_8003,0,24,purchase_104662,23.04.2026 12:14,beauty,0,refund_req_304662,"51,02",approve,allergic_reaction
"77,26",agent_022,buyer_0275,0,,purchase_100212,13.06.2026 21:05,clothing,1,refund_req_300212,"21,33",approve,changed_mind
"36,88",agent_028,buyer_0249,0,38,purchase_101291,28.05.2026 19:31,home,0,refund_req_301291,"13,12",reject,missing_part
"108,78",agent_008,buyer_0445,0,59,purchase_101145,23.05.2026 20:47,beauty,0,refund_req_301145,"88,79",approve,damaged_item
"385,62",agent_004,buyer_0455,0,87,purchase_102098,17.06.2026 03:39,home,0,refund_req_302098,"303,94",approve,damaged_item
"60,43",agent_021,buyer_0956,0,57,purchase_101093,13.04.2026 04:35,clothing,0,refund_req_301093,"39,97",reject,changed_mind
"9,55",agent_102,buyer_1130,0,,purchase_103674,25.05.2026 12:35,books,1,refund_req_303674,"9,52",approve,
"357,70",agent_017,buyer_0441,0,82,purchase_100958,25.05.2026 21:36,sports,1,refund_req_300958,"85,68",reject,damaged_item
"216,76",agent_018,buyer_1592,0,41,purchase_101214,04.06.2026 23:10,sports,1,refund_req_301214,"129,82",approve,item_not_as_described
"1.573,09",agent_025,buyer_1312,0,46,purchase_102517,13.06.2026 11:20,electronics,1,refund_req_302517,"485,27",approve,not_working
"601,47",agent_017,buyer_0101,0,96,purchase_100249,02.05.2026 11:13,appliances,1,refund_req_300249,"507,60",approve,damaged_item
"112,29",agent_021,buyer_0035,0,52,purchase_102187,04.06.2026 21:21,beauty,0,refund_req_302187,"23,77",approve,damaged_item
"2.002,07",agent_702,buyer_1795,0,32,purchase_104531,12.05.2026 17:15,electronics,0,refund_req_304531,"1.778,21",approve,damaged_item
"1.509,82",agent_007,buyer_1525,0,,purchase_103329,02.04.2026 16:02,electronics,,refund_req_303329,"1.509,82",approve,
"73,51",agent_701,buyer_1067,0,,purchase_104551,21.04.2026 09:36,clothing,1,refund_req_304551,"70,06",approve,  wrong_size  
"573,90",agent_101,buyer_1205,0,3,purchase_103791,23.04.2026 02:34,Fashion,1,refund_req_303791,"332,76",approve,wrong_size
"1.163,28",agent_028,buyer_1369,1,4,purchase_104074,04.06.2026 07:40,luxury,0,refund_req_304074,"1.157,35",approve,changed_mind
"280,88",agent_102,buyer_0686,0,4,purchase_103730,07.04.2026 13:50,electronics,0,refund_req_303730,"214,06",approve,missing_accessory
"1.701,41",agent_024,buyer_0641,0,68,purchase_100437,14.04.2026 23:24,appliances,0,refund_req_300437,"972,79",approve,missing_part
"177,43",agent_012,buyer_1390,0,47,purchase_100115,27.04.2026 04:38,beauty,,refund_req_300115,"88,73",approve,changed_mind
"1.055,84",agent_012,buyer_1344,0,78,purchase_101617,16.04.2026 02:08,beauty,0,refund_req_301617,"782,93",approve,allergic_reaction
"1.043,17",agent_017,buyer_0761,0,72,purchase_102230,25.05.2026 04:40,electronics,0,refund_req_302230,"738,25",reject,
"98,07",agent_102,buyer_1989,1,5,purchase_103786,07.06.2026 13:01,beauty,1,refund_req_303786,"66,54",approve,damaged_item
"195,20",agent_005,buyer_1542,0,50,purchase_100229,03.05.2026 02:53,  clothing  ,0,refund_req_300229,"83,64",approve,wrong_size
"1.970,85",agent_801,buyer_8001,0,9,purchase_104603,11.05.2026 15:56,electronics,0,refund_req_304603,"1.539,73",approve,item_not_as_described
"1.246,84",agent_005,buyer_1264,0,96,purchase_102231,29.05.2026 07:21,luxury,0,refund_req_302231,"916,12",reject,changed_mind
"1.187,47",agent_016,buyer_0103,0,44,purchase_103283,16.04.2026 09:59,fashion,0,refund_req_303283,"1.187,47",approve,changed_mind
"1.135,42",agent_018,buyer_1128,0,46,purchase_101572,20.05.2026 02:58,books,0,refund_req_301572,"458,05",reject,damaged_item
"560,49",agent_008,buyer_0042,0,27,purchase_102210,10.05.2026 19:27,appliances,1,refund_req_302210,"337,42",approve,missing_part
"913,62",agent_901,buyer_9901,1,1,purchase_104764,31.05.2026 22:19,electronics,0,refund_req_304764,"795,19",approve,missing_accessory
"121,85",agent_029,buyer_1062,0,57,purchase_102430,04.04.2026 05:52,beauty,1,refund_req_302430,"90,50",approve,allergic_reaction
"1.795,75",agent_801,buyer_8001,0,26,purchase_104615,21.05.2026 21:00,electronics,1,refund_req_304615,"1.116,99",approve,damaged_item
"71,92",agent_702,buyer_0237,0,25,purchase_104378,10.05.2026 14:18,home,1,refund_req_304378,"29,44",approve,damaged_item
"652,73",agent_021,buyer_1566,0,54,purchase_100922,08.04.2026 17:31,luxury,1,refund_req_300922,"342,22",approve,changed_mind
"365,90",agent_103,buyer_0352,0,5,purchase_103587,16.04.2026 19:16,fashion,1,refund_req_303587,"279,85",approve,wrong_size
"407,85",agent_004,buyer_1644,0,,purchase_101151,11.06.2026 05:27,sports,1,refund_req_301151,"121,87",approve,item_not_as_described
"2.659,88",agent_014,buyer_0356,1,32,purchase_104055,19.06.2026 00:19,luxury,0,refund_req_304055,"2.288,08",approve,changed_mind
"70,11",agent_029,buyer_1122,0,24,purchase_102575,11.04.2026 13:42,home,1,refund_req_302575,"22,84",approve,item_not_as_described
"1.154,09",agent_006,buyer_0790,0,74,purchase_102427,31.05.2026 23:20,appliances,0,refund_req_302427,"618,75",approve,not_working
"1.923,05",agent_003,buyer_1317,0,57,purchase_100038,06.05.2026 22:23,electronics,1,refund_req_300038,"611,77",approve,item_not_as_described
"1.463,11",agent_102,buyer_9007,1,,purchase_104264,14.05.2026 09:39,appliances,0,refund_req_304264,"980,55",approve,not_working
"937,61",agent_017,buyer_0382,0,65,purchase_103431,12.06.2026 20:25,fashion,1,refund_req_303431,"937,61",approve,changed_mind
"307,58",agent_019,buyer_0282,0,43,purchase_100748,18.05.2026 03:38,home,0,refund_req_300748,"240,89",approve,damaged_item
"588,00",agent_013,buyer_0739,0,92,purchase_102695,13.06.2026 19:56,luxury,1,refund_req_302695,"346,19",approve,damaged_item
"2.446,44",agent_002,buyer_0601,0,110,purchase_100125,31.05.2026 16:38,luxury,1,refund_req_300125,"1.897,86",approve,changed_mind
"16,03",agent_002,buyer_0640,0,46,purchase_102870,25.05.2026 10:37,beauty,0,refund_req_302870,"8,25",reject,damaged_item
"1.202,68",agent_701,buyer_1803,0,29,purchase_104338,19.05.2026 05:13, fashion ,1,refund_req_304338,"1.182,43",approve,wrong_size
"491,35",agent_003,buyer_1113,0,48,purchase_100397,20.05.2026 23:07,appliances,0,refund_req_300397,"367,04",reject,not_working
"1.678,21",agent_902,buyer_9906,1,2,purchase_104873,17.05.2026 19:29,electronics,0,refund_req_304873,"1.435,57",approve,missing_accessory
"865,37",agent_020,buyer_0109,0,64,purchase_101114,03.05.2026 04:31,electronics,0,refund_req_301114,"240,39",reject,item_not_as_described
"96,44",agent_007,buyer_1112,0,64,purchase_100463,18.06.2026 19:33,clothing,1,refund_req_300463,"28,16",approve, wrong_size 
"49,12",agent_024,buyer_0496,0,42,purchase_100374,12.04.2026 07:04,beauty,1,refund_req_300374,"16,30",APPROVE,allergic_reaction
"85,47",agent_016,buyer_0146,0,57,purchase_100227,19.04.2026 10:20,home,1,refund_req_300227,"61,87",approve,missing_part
"737,41",agent_007,buyer_0121,0,71,purchase_102313,18.05.2026 04:57, electronics ,0,refund_req_302313,"363,07",approve,not_working
"1.954,43",agent_701,buyer_1979,0,34,purchase_104455,26.04.2026 19:53,luxury,0,refund_req_304455,"1.911,81",approve,item_not_as_described
"1.037,63",agent_029,buyer_1016,1,20,purchase_103844,02.06.2026 09:22,appliances,0,refund_req_303844,"1.022,30",approve,missing_part
"21,26",agent_027,buyer_0420,0,53,purchase_102848,29.04.2026 03:28,books,1,refund_req_302848,"8,19",approve,changed_mind
"2.225,24",agent_026,buyer_1728,0,70,purchase_101123,13.06.2026 03:37,luxury,1,refund_req_301123,"1.658,67",approve,damaged_item
"1.336,16",agent_007,buyer_1750,0,44,purchase_103087,07.04.2026 22:54,luxury,,refund_req_303087,"920,80",approve,item_not_as_described
"228,74",agent_005,buyer_0962,0,70,purchase_100672,05.06.2026 03:05,home,1,refund_req_300672,"100,59",APPROVE,item_not_as_described
"1.155,91",agent_010,buyer_0411,0,17,purchase_103109,11.05.2026 06:54, luxury ,0,refund_req_303109,"944,35",approve,
"1.667,63",agent_025,buyer_1994,0,78,purchase_101022,16.04.2026 11:18,electronics,1,refund_req_301022,"1.406,30",approve,item_not_as_described
"1.516,38",agent_001,buyer_0383,0,,purchase_101434,03.06.2026 11:50,luxury,0,refund_req_301434,"463,04",approve,damaged_item
"651,10",agent_009,buyer_1424,0,83,purchase_102662,05.05.2026 11:21,electronics,1,refund_req_302662,"284,31",approve,missing_accessory
"1.223,07",agent_012,buyer_1818,1,27,purchase_104026,17.05.2026 18:54,appliances,0,refund_req_304026,"813,32",approve,damaged_item
"33,55",agent_028,buyer_9001,0,62,purchase_104266,17.04.2026 16:55,books,0,refund_req_304266,"18,08",approve,
"2.047,41",agent_005,buyer_1508,0,36,purchase_103138,20.05.2026 13:28,luxury,0,refund_req_303138,"1.327,93",approve,changed_mind
"61,60",agent_025,buyer_1130,0,46,purchase_100920,24.05.2026 05:13,books,1,refund_req_300920,"33,41",approve,changed_mind
"604,14",agent_005,buyer_1518,0,45,purchase_100502,03.05.2026 07:56,fashion,1,refund_req_300502,"135,31",approve,changed_mind
"1.010,57",agent_018,buyer_1319,0,52,purchase_100686,13.05.2026 16:32,fashion,1,refund_req_300686,"351,71",approve,item_not_as_described
"74,11",agent_002,buyer_1825,0,43,purchase_100354,07.05.2026 10:55,fashion,0,refund_req_300354,"27,26",approve,item_not_as_described
"1.248,39",agent_008,buyer_1977,1,20,purchase_103949,18.05.2026 20:18,electronics,1,refund_req_303949,"969,94",approve,not_working
"788,60",agent_019,buyer_1559,0,51,purchase_101876,25.05.2026 03:05,luxury,0,refund_req_301876,"605,80",reject,item_not_as_described
"2.690,40",agent_902,buyer_9904,1,6,purchase_104787,03.06.2026 02:21,luxury,0,refund_req_304787,"2.567,81",approve,changed_mind
"503,85",agent_003,buyer_1669,0,52,purchase_101596,28.05.2026 14:12,fashion,0,refund_req_301596,"295,94",approve,item_not_as_described
"1.009,97",agent_102,buyer_0190,0,2,purchase_103749,10.05.2026 04:00, electronics ,0,refund_req_303749,"571,25",approve,damaged_item
"1.467,40",agent_024,buyer_1644,1,6,purchase_103852,23.04.2026 01:01,appliances,0,refund_req_303852,"1.027,00",approve,not_working
"259,51",agent_019,buyer_1025,0,,purchase_100660,17.04.2026 10:13,sports,1,refund_req_300660,"163,20",approve,item_not_as_described
"223,65",agent_025,buyer_0481,1,24,purchase_102550,31.05.2026 16:05,sports,0,refund_req_302550,"146,01",Approve,item_not_as_described
"83,02",agent_028,buyer_1782,1,59,purchase_101750,09.04.2026 08:40,home,0,refund_req_301750,"18,48",reject,damaged_item
"51,76",agent_015,buyer_1106,0,67,purchase_100532,20.04.2026 08:08, books ,0,refund_req_300532,"14,44",approve,wrong_item_received
"65,25",agent_010,buyer_0901,0,83,purchase_100439,06.06.2026 12:51,beauty,1,refund_req_300439,"48,15",approve,changed_mind
"1.479,33",agent_007,buyer_1251,0,60,purchase_100654,12.05.2026 19:39,appliances,0,refund_req_300654,"1.145,82",reject,missing_part
"81,05",agent_024,buyer_1534,0,81,purchase_101261,05.05.2026 12:54,FASHION,0,refund_req_301261,"67,21",reject,item_not_as_described
"1.188,98",agent_007,buyer_0422,0,67,purchase_100473,13.04.2026 03:53,luxury,0,refund_req_300473,"678,53",reject,changed_mind
"2.804,03",agent_020,buyer_9008,0,29,purchase_104185,19.06.2026 20:32,luxury,0,refund_req_304185,"2.797,00",approve, damaged_item 
"353,65",agent_014,buyer_1920,0,,purchase_101903,21.05.2026 12:31, electronics ,0,refund_req_301903,"208,62",reject,damaged_item
"2.097,44",agent_002,buyer_0068,0,90,purchase_100563,02.06.2026 11:44,luxury,1,refund_req_300563,"1.482,05",  reject  ,changed_mind
"595,25",agent_016,buyer_0589,0,45,purchase_101338,11.05.2026 20:57,fashion,0,refund_req_301338,"148,69",Approve,item_not_as_described
"44,48",agent_019,buyer_0834,0,71,purchase_102542,16.06.2026 02:42,books,1,refund_req_302542,"26,23",reject,changed_mind
"919,28",agent_008,buyer_1567,0,,purchase_101714,08.05.2026 11:49,luxury,0,refund_req_301714,"645,38",approve,damaged_item
"200,95",agent_030,buyer_0191,0,68,purchase_102493,30.04.2026 15:55,home,1,refund_req_302493,"163,60",reject,item_not_as_described
"363,74",agent_011,buyer_0033,0,62,purchase_101103,20.06.2026 07:44,home,1,refund_req_301103,"287,62",approve,item_not_as_described
"1.353,75",agent_103,buyer_1297,0,31,purchase_103201,01.05.2026 19:28,electronics,0,refund_req_303201,"1.184,75",approve,damaged_item
"2.124,89",agent_902,buyer_9904,1,9,purchase_104869,27.05.2026 01:22,luxury,0,refund_req_304869,"2.189,91",approve,damaged_item
"2.175,15",agent_009,buyer_1450,0,12,purchase_103086,15.05.2026 10:00, luxury ,0,refund_req_303086,"1.441,54",approve,item_not_as_described
"1.621,06",agent_102,buyer_1844,1,24,purchase_103825,12.06.2026 14:23,luxury,0,refund_req_303825,"1.393,83",approve, damaged_item 
"360,71",agent_030,buyer_0674,0,83,purchase_101727,06.06.2026 11:34,sports,1,refund_req_301727,"258,49",approve,wrong_size
"407,71",agent_013,buyer_0501,0,57,purchase_101256,30.05.2026 12:27,sports,1,refund_req_301256,"321,02",approve,  item_not_as_described  
"43,13",agent_024,buyer_0106,0,50,purchase_100151,06.04.2026 03:32,beauty,0,refund_req_300151,"26,26",approve,allergic_reaction
"99,45",agent_701,buyer_1641,1,,purchase_104473,05.05.2026 15:44,beauty,0,refund_req_304473,"63,16",APPROVE,changed_mind
"552,78",agent_030,buyer_1799,0,42,purchase_102760,06.05.2026 09:03,home,1,refund_req_302760,"430,02",approve,missing_part
"332,63",agent_101,buyer_0462,0,5,purchase_103648,24.04.2026 12:47,fashion,1,refund_req_303648,"194,50",approve,wrong_size
"1.213,20",agent_101,buyer_400,0,25,purchase_1011,03.06.2026 09:00,electronics,0,refund_req_3011,"1.213,20",approve,
"2.409,99",agent_007,buyer_0713,0,33,purchase_103379,25.04.2026 23:52,luxury,0,refund_req_303379,"2.409,99",approve,damaged_item
"1.084,32",agent_029,buyer_1428,0,47,purchase_103483,14.06.2026 09:15,fashion,1,refund_req_303483,"1.084,32",approve,wrong_size
"2.617,80",agent_013,buyer_0704,0,90,purchase_100702,02.06.2026 23:44,  luxury  ,1,refund_req_300702,"1.198,53",approve,item_not_as_described
"2.262,13",agent_005,buyer_1684,0,64,purchase_100316,14.05.2026 11:40,luxury,1,refund_req_300316,"609,70",reject,changed_mind
"1.313,86",agent_009,buyer_1027,0,53,purchase_101909,23.05.2026 07:57,appliances,0,refund_req_301909,"958,92", approve ,damaged_item
"2.114,75",agent_103,buyer_0548,0,44,purchase_102999,16.05.2026 13:18,electronics,0,refund_req_302999,"1.460,30",approve,damaged_item
"789,15",agent_103,buyer_0618,0,4,purchase_103548,08.04.2026 03:16,luxury,0,refund_req_303548,"519,33",approve,item_not_as_described
"489,30",agent_803,buyer_8003,0,13,purchase_104731,26.04.2026 08:00,Fashion,0,refund_req_304731,"353,49",approve,wrong_size
"626,33",agent_803,buyer_8003,0,17,purchase_104695,11.05.2026 18:23,fashion,1,refund_req_304695,"486,28",approve,changed_mind
"220,02",agent_009,buyer_1107,0,27,purchase_100332,09.05.2026 06:14,APPLIANCES,1,refund_req_300332,"117,92",approve,missing_part
"52,22",agent_021,buyer_0956,0,87,purchase_101204,10.06.2026 05:35,books,,refund_req_301204,"33,54",reject,changed_mind
"65,82",agent_005,buyer_0955,0,86,purchase_102583,01.05.2026 20:44,clothing,0,refund_req_302583,"18,44",approve,changed_mind
"1.120,21",agent_021,buyer_0583,0,46,purchase_103513,29.04.2026 17:27,fashion,1,refund_req_303513,"1.120,21",approve,wrong_size
"1.351,96",agent_010,buyer_0084,1,78,purchase_102159,17.05.2026 13:11,appliances,1,refund_req_302159,"602,24",reject,damaged_item
"15,25",agent_013,buyer_0815,0,58,purchase_101363,13.04.2026 13:59,books,1,refund_req_301363,"11,69",approve,
"1.394,14",agent_902,buyer_9904,1,7,purchase_104829,25.05.2026 10:39,appliances,0,refund_req_304829,"1.282,68",approve,missing_part
"920,89",agent_702,buyer_0269,1,15,purchase_104507,16.06.2026 23:29,  sports  ,0,refund_req_304507,"721,92",approve,item_not_as_described
"936,10",agent_009,buyer_0210,0,45,purchase_102981,27.04.2026 09:48,electronics,0,refund_req_302981,"565,45",Approve,damaged_item
"1.471,98",agent_014,buyer_0655,0,66,purchase_100742,03.04.2026 02:22,appliances,0,refund_req_300742,"1.187,96",approve,missing_part
"178,09",agent_022,buyer_1746,0,69,purchase_100426,05.06.2026 11:23,sports,0,refund_req_300426,"48,11",approve,  damaged_item  
"243,87",agent_011,buyer_1262,0,64,purchase_101978,21.04.2026 12:41,clothing,1,refund_req_301978,"84,91",Approve,wrong_size
"35,31",agent_101,buyer_0920,0,3,purchase_103599,30.05.2026 16:32,clothing,1,refund_req_303599,"19,17",approve,wrong_size
"2.285,98",agent_005,buyer_0163,1,5,purchase_104030,22.04.2026 18:00,luxury,0,refund_req_304030,"1.640,85",approve,changed_mind
"909,51",agent_028,buyer_1097,0,28,purchase_102197,16.06.2026 13:58,books,1,refund_req_302197,"609,95",approve,
"35,41",agent_028,buyer_1236,0,70,purchase_101076,19.06.2026 06:48,home,1,refund_req_301076,"18,04",reject,missing_part
"1.456,61",agent_902,buyer_9906,1,1,purchase_104849,27.04.2026 10:44,electronics,0,refund_req_304849,"1.313,95",approve,item_not_as_described
"21,02",agent_015,buyer_9005,0,31,purchase_104198,22.04.2026 14:42,clothing,0,refund_req_304198,"14,35",approve,item_not_as_described
"1.184,63",agent_101,buyer_1610,0,22,purchase_103445,07.05.2026 12:51,fashion,0,refund_req_303445,"1.184,63",approve,item_not_as_described
"1.050,34",agent_802,buyer_8002,0,8,purchase_104703,06.04.2026 07:20,beauty,0,refund_req_304703,"989,40",approve,
"138,25",agent_007,buyer_1696,0,72,purchase_100810,18.05.2026 09:50,beauty,1,refund_req_300810,"38,19",approve,changed_mind
"101,13",agent_003,buyer_1412,0,56,purchase_102786,13.06.2026 16:48,clothing,0,refund_req_302786,"43,21",approve,item_not_as_described
"1.056,26",agent_005,buyer_1468,0,56,purchase_102740,06.04.2026 06:10,appliances,0,refund_req_302740,"478,09",approve,not_working
"54,01",agent_002,buyer_0836,0,44,purchase_101372,27.05.2026 13:56, fashion ,,refund_req_301372,"30,39",approve,changed_mind
"1.716,57",agent_005,buyer_0116,0,61,purchase_103480,08.04.2026 18:15,luxury,0,refund_req_303480,"1.716,57",approve,changed_mind
"1.639,69",agent_016,buyer_1289,0,52,purchase_101550,31.05.2026 01:19,electronics,0,refund_req_301550,"1.037,85",reject,not_working
"88,44",agent_010,buyer_0284,0,47,purchase_102675,31.05.2026 19:42,books,1,refund_req_302675,"60,89",approve,damaged_item
"26,56",agent_012,buyer_1973,0,63,purchase_100369,04.06.2026 11:38,books,1,refund_req_300369,"21,94",approve,wrong_item_received
"1.240,27",agent_901,buyer_9901,1,3,purchase_104882,16.05.2026 02:42,electronics,0,refund_req_304882,"1.116,26",approve,not_working
"228,71",agent_026,buyer_1081,0,85,purchase_100485,23.05.2026 21:04,home,0,refund_req_300485,"58,29",approve, damaged_item 
"895,03",agent_020,buyer_0382,0,88,purchase_101632,29.04.2026 18:57,appliances,0,refund_req_301632,"242,95",reject,not_working
"540,76",agent_017,buyer_0261,0,80,purchase_100172,08.06.2026 20:56,appliances,1,refund_req_300172,"109,37", approve ,missing_part
"2.890,96",agent_018,buyer_1599,0,38,purchase_103052,10.04.2026 20:24,luxury,0,refund_req_303052,"1.996,20",approve,
"354,89",agent_010,buyer_1261,1,60,purchase_102595,04.06.2026 21:40,fashion,1,refund_req_302595,"89,16",approve,item_not_as_described
"872,90",agent_017,buyer_0891,0,105,purchase_102269,19.04.2026 02:55,electronics,0,refund_req_302269,"337,97",approve,damaged_item
"820,81",agent_025,buyer_1819,0,67,purchase_102527,03.04.2026 08:37,appliances,0,refund_req_302527,"199,49",approve,damaged_item
"1.630,51",agent_902,buyer_9906,1,4,purchase_104853,06.04.2026 05:16,electronics,0,refund_req_304853,"1.642,80",approve,missing_accessory
"1.568,21",agent_002,buyer_302,0,36,purchase_1008,02.06.2026 09:49,electronics,,refund_req_3008,"1.321,30",approve,damaged_item
"467,26",agent_001,buyer_0371,0,50,purchase_101570,07.06.2026 12:14, fashion ,1,refund_req_301570,"144,55",approve,item_not_as_described
"1.348,35",agent_006,buyer_0520,0,66,purchase_101837,26.05.2026 16:14,luxury,,refund_req_301837,"465,88", approve ,item_not_as_described
"326,82",agent_017,buyer_1871,0,66,purchase_101068,24.05.2026 14:31,home,0,refund_req_301068,"99,97",approve,item_not_as_described
"17,12",agent_024,buyer_1567,0,41,purchase_101818,18.04.2026 15:59,books,1,refund_req_301818,"9,50",approve,damaged_item
"51,52",agent_010,buyer_1718,0,84,purchase_100981,19.04.2026 22:55,books,0,refund_req_300981,"39,88",  reject  ,changed_mind
"391,30",agent_017,buyer_0687,0,30,purchase_100951,26.05.2026 11:25,home,0,refund_req_300951,"208,70",reject,missing_part
"1.454,30",agent_018,buyer_1768,1,18,purchase_103877,04.04.2026 01:30,appliances,1,refund_req_303877,"1.366,44",approve, not_working 
"548,46",agent_019,buyer_1212,0,71,purchase_102296,06.05.2026 21:42,fashion,1,refund_req_302296,"463,92",approve,changed_mind
"163,29",agent_015,buyer_1163,0,98,purchase_100858,07.05.2026 04:44,beauty,1,refund_req_300858,"92,27",approve,changed_mind
"2.031,14",agent_702,buyer_1141,0,36,purchase_104495,02.04.2026 07:03,electronics,0,refund_req_304495,"1.931,70",approve,damaged_item
"961,46",agent_014,buyer_9007,0,41,purchase_104176,15.04.2026 04:09,appliances,0,refund_req_304176,"686,19",approve,damaged_item
"946,35",agent_702,buyer_1266,0,19,purchase_104471,10.05.2026 14:55, fashion ,0,refund_req_304471,"497,85",APPROVE,item_not_as_described
"727,49",agent_006,buyer_0765,0,68,purchase_100771,08.05.2026 17:02,appliances,0,refund_req_300771,"466,61",reject,not_working
"1.247,18",agent_003,buyer_0159,0,30,purchase_103185,14.06.2026 08:18,appliances,0,refund_req_303185,"752,22",approve,damaged_item
"82,35",agent_013,buyer_1482,0,64,purchase_102700,17.04.2026 13:06,beauty,1,refund_req_302700,"66,29",approve,allergic_reaction
"359,75",agent_026,buyer_0230,0,66,purchase_101760,03.05.2026 18:27,appliances,0,refund_req_301760,"111,04",reject,damaged_item
"1.047,50",agent_015,buyer_0926,0,91,purchase_100106,20.05.2026 23:47,sports,0,refund_req_300106,"404,96",approve, wrong_size 
"993,68",agent_007,buyer_1572,0,54,purchase_102765,11.05.2026 18:36,appliances,0,refund_req_302765,"812,56",approve,damaged_item
"1.552,48",agent_010,buyer_0804,0,43,purchase_103113,29.04.2026 22:43,luxury,0,refund_req_303113,"1.148,42",approve,changed_mind
"1.060,88",agent_007,buyer_1123,0,76,purchase_102867,06.04.2026 09:18,beauty,1,refund_req_302867,"846,65",approve,allergic_reaction
"918,47",agent_028,buyer_1470,0,15,purchase_103224,09.05.2026 18:26,electronics,0,refund_req_303224,"692,53", approve ,not_working
"77,90",agent_026,buyer_0988,0,64,purchase_100359,18.04.2026 16:41,beauty,0,refund_req_300359,"45,41",reject,  changed_mind  
"1.553,69",agent_016,buyer_1883,0,89,purchase_101142,03.05.2026 13:28,luxury,1,refund_req_301142,"1.198,89",approve,damaged_item
"183,06",agent_026,buyer_0660,0,69,purchase_102219,29.05.2026 00:38,clothing,0,refund_req_302219,"88,39",approve,changed_mind
"2.518,47",agent_015,buyer_1316,0,52,purchase_100828,22.05.2026 19:13,luxury,1,refund_req_300828,"682,32",approve,changed_mind
"1.502,10",agent_022,buyer_1338,0,71,purchase_102216,20.04.2026 07:19,  electronics  ,0,refund_req_302216,"871,84",approve,not_working
"118,56",agent_016,buyer_0952,0,98,purchase_102959,21.04.2026 09:25,fashion,1,refund_req_302959,"40,13",approve,item_not_as_described
"232,48",agent_018,buyer_9003,0,,purchase_104212,16.06.2026 23:30,sports,0,refund_req_304212,"159,93",approve,wrong_size
"1.057,07",agent_030,buyer_1244,1,14,purchase_103807,18.04.2026 22:20,appliances,0,refund_req_303807,"753,19",approve,not_working
"1.428,71",agent_008,buyer_1607,0,70,purchase_100008,08.04.2026 06:59,luxury,1,refund_req_300008,"373,34",approve,changed_mind
"102,88",agent_028,buyer_1126,0,51,purchase_102780,04.06.2026 22:10,home,0,refund_req_302780,"85,24",reject,damaged_item
"75,22",agent_026,buyer_0370,0,38,purchase_102877,20.06.2026 20:38,beauty,1,refund_req_302877,"53,95",approve,changed_mind
"1.116,24",agent_703,buyer_1448,1,21,purchase_104541,06.06.2026 11:01,clothing,,refund_req_304541,"763,65",approve,item_not_as_described
"1.374,18",agent_025,buyer_0485,0,45,purchase_102396,03.06.2026 17:00,luxury,0,refund_req_302396,"510,82",reject,damaged_item
"1.141,52",agent_004,buyer_0138,1,100,purchase_100895,27.05.2026 21:20,beauty,1,refund_req_300895,"318,11",approve,damaged_item
"466,79",agent_006,buyer_0498,0,57,purchase_100671,15.06.2026 02:28,luxury,1,refund_req_300671,"132,10",approve,damaged_item
"1.132,25",agent_001,buyer_1993,0,13,purchase_103250,14.06.2026 01:08,luxury,0,refund_req_303250,"834,08",approve,item_not_as_described
"2.921,55",agent_012,buyer_9006,0,67,purchase_104095,17.04.2026 22:47,luxury,0,refund_req_304095,"1.565,97",approve,changed_mind
"183,65",agent_103,buyer_1438,0,3,purchase_103608,24.05.2026 23:00,home,,refund_req_303608,"106,26", approve ,item_not_as_described
"265,28",agent_004,buyer_1912,0,56,purchase_101598,24.05.2026 11:58,appliances,1,refund_req_301598,"168,19",approve,not_working
"1.000,28",agent_014,buyer_1480,0,31,purchase_103467,09.06.2026 00:27,fashion,1,refund_req_303467,"1.000,28",approve,wrong_size
"1.704,85",agent_002,buyer_1179,0,35,purchase_103165,27.04.2026 04:41,appliances,0,refund_req_303165,"1.388,33",approve,missing_part
"2.197,88",agent_024,buyer_1516,0,53,purchase_102139,27.05.2026 04:27,luxury,0,refund_req_302139,"984,15",reject,changed_mind
"285,78",agent_006,buyer_0871,0,79,purchase_102180,21.05.2026 10:55,home,1,refund_req_302180,"211,48",approve,item_not_as_described
"53,67",agent_029,buyer_0416,0,46,purchase_100683,04.05.2026 02:47,beauty,1,refund_req_300683,"18,36",approve,allergic_reaction
"85,90",agent_016,buyer_1122,0,91,purchase_101306,15.06.2026 22:02,beauty,0,refund_req_301306,"51,42",approve,damaged_item
"1.464,73",agent_103,buyer_1515,1,35,purchase_103247,29.04.2026 09:59,appliances,0,refund_req_303247,"1.386,57",approve,not_working
"1.704,35",agent_101,buyer_1992,0,26,purchase_103088,29.05.2026 00:09,ELECTRONICS,0,refund_req_303088,"1.464,55",approve,missing_accessory
"1.695,51",agent_026,buyer_1533,0,53,purchase_100579,15.06.2026 09:54,appliances,1,refund_req_300579,"579,37",approve,
"434,69",agent_004,buyer_0317,0,53,purchase_102010,05.04.2026 06:08,fashion,0,refund_req_302010,"239,52",reject,
"1.565,40",agent_021,buyer_0168,0,117,purchase_101439,12.04.2026 08:46,appliances,1,refund_req_301439,"896,98",approve,not_working
"1.697,67",agent_901,buyer_9901,1,8,purchase_104840,21.04.2026 23:56,luxury,0,refund_req_304840,"1.699,83",Approve,
"1.052,36",agent_024,buyer_0402,0,36,purchase_103435,19.04.2026 23:38,fashion,1,refund_req_303435,"1.052,36",approve,wrong_size
"1.252,90",agent_017,buyer_0262,1,20,purchase_104080,03.04.2026 10:05,Electronics,0,refund_req_304080,"1.180,07",approve, not_working 
"282,85",agent_021,buyer_0375,1,71,purchase_102036,10.06.2026 19:02,home,1,refund_req_302036,"212,99",approve,item_not_as_described
"36,56",agent_018,buyer_0124,0,66,purchase_100170,18.05.2026 21:03,clothing,,refund_req_300170,"29,50",approve,
"1.054,51",agent_009,buyer_1947,0,93,purchase_101536,18.06.2026 19:11,appliances,0,refund_req_301536,"777,95",approve,not_working
"53,53",agent_004,buyer_0906,0,44,purchase_102649,01.06.2026 10:54,beauty,0,refund_req_302649,"25,70",reject,allergic_reaction
"48,72",agent_005,buyer_1596,0,64,purchase_101448,25.05.2026 20:15,books,0,refund_req_301448,"10,29",approve,wrong_item_received
"1.549,26",agent_012,buyer_1916,0,74,purchase_100257,05.04.2026 07:54,appliances,0,refund_req_300257,"487,19",approve,missing_part
"67,73",agent_029,buyer_1452,0,56,purchase_101352,30.05.2026 12:13,books,,refund_req_301352,"49,06",reject,changed_mind
"1.215,74",agent_013,buyer_1194,1,32,purchase_100425,09.04.2026 21:15,electronics,1,refund_req_300425,"445,02", approve ,
"1.451,22",agent_026,buyer_1239,0,39,purchase_101697,21.04.2026 21:36,electronics,0,refund_req_301697,"1.050,73",reject,damaged_item
"138,40",agent_003,buyer_0629,0,36,purchase_101126,09.05.2026 21:08,beauty,1,refund_req_301126,"79,07",approve,allergic_reaction
"51,24",agent_029,buyer_9003,0,18,purchase_104236,04.06.2026 22:07,SPORTS,0,refund_req_304236,"36,85",approve,item_not_as_described
"2.679,19",agent_005,buyer_0797,0,25,purchase_103425,29.04.2026 10:41, luxury ,0,refund_req_303425,"2.679,19",approve,item_not_as_described
"1.063,71",agent_024,buyer_1504,0,69,purchase_100847,02.05.2026 20:54,electronics,1,refund_req_300847,"649,37",approve,
"122,00",agent_004,buyer_9006,0,43,purchase_104207,24.05.2026 07:11,home,0,refund_req_304207,"85,27",Approve,damaged_item
"506,04",agent_029,buyer_0850,0,51,purchase_100082,27.05.2026 16:03,home,1,refund_req_300082,"303,71",reject,item_not_as_described
"2.129,99",agent_101,buyer_1533,0,1,purchase_103745,07.04.2026 18:40,luxury,0,refund_req_303745,"1.305,29",Approve,damaged_item
"553,93",agent_005,buyer_0405,0,92,purchase_101911,08.05.2026 03:58,appliances,1,refund_req_301911,"124,63",approve,missing_part
"81,12",agent_002,buyer_203,0,80,purchase_1004,01.06.2026 10:08,beauty,1,refund_req_3004,"73,92",approve,
"950,97",agent_008,buyer_1578,0,46,purchase_101689,15.06.2026 22:18,sports,1,refund_req_301689,"565,21",reject,item_not_as_described
"116,32",agent_022,buyer_0961,0,84,purchase_102720,04.04.2026 04:27,beauty,,refund_req_302720,"70,90",approve,damaged_item
"62,95",agent_007,buyer_0430,0,56,purchase_100321,05.06.2026 02:31,beauty,0,refund_req_300321,"26,72",approve,changed_mind
"41,24",agent_012,buyer_9002,0,57,purchase_104083,18.05.2026 19:49,beauty,0,refund_req_304083,"28,63",approve,allergic_reaction
"207,96",agent_004,buyer_0786,0,103,purchase_100297,14.05.2026 22:48,home,0,refund_req_300297,"50,42",approve,
"2.096,28",agent_013,buyer_1972,0,72,purchase_100902,16.06.2026 03:49,luxury,0,refund_req_300902,"1.204,16",reject,  damaged_item  
"889,16",agent_003,buyer_1734,0,60,purchase_100651,11.06.2026 23:25,luxury,0,refund_req_300651,"737,24",approve,item_not_as_described
"1.132,01",agent_019,buyer_1474,0,81,purchase_102384,29.05.2026 07:18,electronics,1,refund_req_302384,"237,78",approve,not_working
"90,82",agent_001,buyer_1292,0,,purchase_101099,15.05.2026 20:01,home,0,refund_req_301099,"72,51",reject,missing_part
"67,80",agent_007,buyer_0630,0,54,purchase_101049,12.05.2026 13:20,beauty,1,refund_req_301049,"36,93",approve,changed_mind
"40,56",agent_012,buyer_0164,1,58,purchase_101549,12.05.2026 11:39,books,1,refund_req_301549,"13,54",approve,changed_mind
"1.418,96",agent_002,buyer_1743,0,48,purchase_103327,08.05.2026 21:29, appliances ,0,refund_req_303327,"1.418,96",approve,damaged_item
"2.188,35",agent_025,buyer_0439,1,4,purchase_103924,11.06.2026 01:33,  luxury  ,1,refund_req_303924,"1.478,58",approve,changed_mind
"198,06",agent_019,buyer_0501,0,57,purchase_102282,03.04.2026 10:53,sports,,refund_req_302282,"111,61",approve,  damaged_item  
"448,32",agent_102,buyer_0645,0,3,purchase_103668,11.04.2026 20:37,sports,1,refund_req_303668,"231,70",approve,damaged_item
"27,12",agent_006,buyer_1488,0,43,purchase_101728,13.06.2026 16:23,clothing,1,refund_req_301728,"14,73",approve,item_not_as_described
"248,35",agent_011,buyer_1776,0,46,purchase_102373,14.05.2026 05:07,home,0,refund_req_302373,"198,71",approve,item_not_as_described
"213,02",agent_027,buyer_0209,0,81,purchase_102479,16.06.2026 12:52,clothing,0,refund_req_302479,"127,85",approve,changed_mind
"79,12",agent_101,buyer_0811,1,5,purchase_103582,28.04.2026 22:17,books,0,refund_req_303582,"56,28",approve,damaged_item
"250,97",agent_022,buyer_1918,0,,purchase_100645,17.06.2026 18:56,CLOTHING,,refund_req_300645,"95,05",approve,item_not_as_described
"1.565,41",agent_026,buyer_0361,1,34,purchase_103991,03.04.2026 08:28,electronics,0,refund_req_303991,"1.196,58",approve,item_not_as_described
"235,06",agent_010,buyer_1360,0,59,purchase_102314,09.05.2026 12:05,fashion,,refund_req_302314,"109,16",reject,item_not_as_described
"96,40",agent_015,buyer_0755,0,79,purchase_100242,04.04.2026 15:57,beauty,0,refund_req_300242,"67,69",approve,allergic_reaction
"2.599,30",agent_901,buyer_9903,1,5,purchase_104856,31.05.2026 11:28,luxury,0,refund_req_304856,"2.268,53",approve,damaged_item
"304,04",agent_023,buyer_1435,0,109,purchase_100310,18.06.2026 09:51,fashion,1,refund_req_300310,"204,41",approve,item_not_as_described
"279,24",agent_802,buyer_8002,0,20,purchase_104631,16.04.2026 22:09,sports,,refund_req_304631,"268,84",approve,
"221,39",agent_026,buyer_0217,0,50,purchase_101746,16.06.2026 01:11,clothing,0,refund_req_301746,"162,39", reject ,wrong_size
"1.167,70",agent_005,buyer_0127,1,21,purchase_104071,23.05.2026 23:31,luxury,0,refund_req_304071,"1.028,37",approve,item_not_as_described
"2.040,09",agent_012,buyer_1463,0,53,purchase_101508,14.05.2026 05:41,luxury,0,refund_req_301508,"1.470,45",approve,item_not_as_described
"208,26",agent_007,buyer_1871,0,59,purchase_102735,13.06.2026 22:03,clothing,1,refund_req_302735,"92,24",reject,item_not_as_described
"1.686,41",agent_020,buyer_1535,1,82,purchase_100021,24.05.2026 06:51,appliances,0,refund_req_300021,"1.285,03",reject,damaged_item
"87,53",agent_006,buyer_0605,0,78,purchase_100993,22.04.2026 09:15,beauty,1,refund_req_300993,"22,76", approve ,changed_mind
"919,61",agent_103,buyer_0631,0,5,purchase_103543,07.04.2026 07:08,electronics,1,refund_req_303543,"738,90",approve, damaged_item 
"386,03",agent_701,buyer_0750,0,10,purchase_104401,12.05.2026 11:34,appliances,0,refund_req_304401,"166,52",approve,damaged_item
"385,35",agent_025,buyer_1928,0,,purchase_100230,09.05.2026 06:03,sports,1,refund_req_300230,"241,99", approve ,item_not_as_described
"630,56",agent_011,buyer_1690,1,60,purchase_101656,09.06.2026 15:45,luxury,0,refund_req_301656,"448,54",approve,changed_mind
"2.169,47",agent_004,buyer_1903,0,98,purchase_100004,10.04.2026 02:10,electronics,1,refund_req_300004,"1.571,57",approve,not_working
"1.325,11",agent_012,buyer_1274,0,69,purchase_101260,06.04.2026 06:44,luxury,0,refund_req_301260,"955,13",approve,changed_mind
"996,44",agent_027,buyer_1410,1,81,purchase_102934,17.06.2026 00:49,sports,0,refund_req_302934,"340,91",approve,wrong_size
"70,54",agent_030,buyer_1087,0,72,purchase_101996,20.04.2026 09:23,books,1,refund_req_301996,"29,34",approve,wrong_item_received
"445,30",agent_012,buyer_1349,0,62,purchase_101202,18.05.2026 23:57, home ,1,refund_req_301202,"245,58",approve,missing_part
"2.471,85",agent_029,buyer_1777,1,5,purchase_103908,25.05.2026 13:22,luxury,0,refund_req_303908,"2.105,49",approve,damaged_item
"244,56",agent_003,buyer_0865,0,67,purchase_100393,05.05.2026 22:05,sports,,refund_req_300393,"176,08",approve,damaged_item
"436,60",agent_020,buyer_0864,0,88,purchase_101739,03.05.2026 16:45,fashion,1,refund_req_301739,"203,63",Approve,
"2.703,21",agent_901,buyer_9902,1,6,purchase_104768,07.06.2026 19:49,luxury,0,refund_req_304768,"2.575,11",approve,changed_mind
"35,31",agent_014,buyer_0773,1,61,purchase_102030,21.05.2026 16:12,beauty,0,refund_req_302030,"24,19",reject,allergic_reaction
"18,26",agent_015,buyer_0020,0,107,purchase_100658,09.05.2026 15:32,beauty,0,refund_req_300658,"6,99",reject,allergic_reaction
"2.025,25",agent_005,buyer_0795,1,19,purchase_103939,22.05.2026 09:13,electronics,1,refund_req_303939,"1.851,99",approve, item_not_as_described 
"22,09",agent_703,buyer_1615,0,14,purchase_104535,18.05.2026 04:04,books,1,refund_req_304535,"16,02",approve,changed_mind
"473,12",agent_006,buyer_0896,0,78,purchase_100845,05.05.2026 02:52,fashion,1,refund_req_300845,"133,47",approve,changed_mind
"1.596,62",agent_101,buyer_0268,0,2,purchase_103699,31.05.2026 21:16,luxury,0,refund_req_303699,"1.384,05",approve,damaged_item
"94,63",agent_030,buyer_0671,0,78,purchase_101719,26.05.2026 07:24,beauty,1,refund_req_301719,"68,49",approve,changed_mind
"167,34",agent_002,buyer_0149,0,43,purchase_102032,14.04.2026 00:11,fashion,1,refund_req_302032,"81,08",approve,changed_mind
"716,57",agent_024,buyer_0819,0,55,purchase_101268,08.04.2026 22:52,appliances,1,refund_req_301268,"181,10", approve ,
"150,70",agent_006,buyer_1996,0,54,purchase_102371,09.04.2026 12:49,fashion,0,refund_req_302371,"127,28",approve,changed_mind
"1.958,62",agent_029,buyer_0765,0,29,purchase_101655,01.06.2026 05:55,electronics,1,refund_req_301655,"1.311,17",reject,  item_not_as_described  
"384,32",agent_024,buyer_1671,0,93,purchase_100687,04.05.2026 08:17,sports,1,refund_req_300687,"124,49",approve,item_not_as_described
"77,89",agent_019,buyer_1961,0,82,purchase_101316,14.06.2026 02:05,clothing,0,refund_req_301316,"29,90",reject, item_not_as_described 
"919,27",agent_027,buyer_9002,0,45,purchase_104267,18.06.2026 09:26,beauty,0,refund_req_304267,"465,54",approve,  allergic_reaction  
"479,60",agent_008,buyer_1024,0,57,purchase_102849,23.04.2026 06:21,  appliances  ,1,refund_req_302849,"96,68",approve,missing_part
"2.377,99",agent_019,buyer_0375,0,46,purchase_103485,02.05.2026 15:24,luxury,1,refund_req_303485,"2.377,99",approve,changed_mind
"31,43",agent_802,buyer_8002,0,26,purchase_104646,19.05.2026 19:27,Sports,1,refund_req_304646,"20,61",approve,damaged_item
"518,94",agent_028,buyer_0012,0,83,purchase_100970,02.06.2026 01:33,appliances,1,refund_req_300970,"293,49",approve,missing_part
"1.312,14",agent_006,buyer_1835,0,81,purchase_102796,28.05.2026 05:05,luxury,0,refund_req_302796,"1.101,83",approve,damaged_item
"194,11",agent_024,buyer_1974,0,63,purchase_101516,22.04.2026 01:47,fashion,,refund_req_301516,"72,61",reject,item_not_as_described
"63,28",agent_016,buyer_0199,0,53,purchase_102721,02.04.2026 17:44,beauty,0,refund_req_302721,"51,23",REJECT,changed_mind
"922,94",agent_802,buyer_8002,1,23,purchase_104610,29.04.2026 13:14,sports,0,refund_req_304610,"711,54",approve,damaged_item
"543,02",agent_009,buyer_0501,0,,purchase_101682,18.06.2026 13:50,home,1,refund_req_301682,"302,67",approve,item_not_as_described
"35,62",agent_103,buyer_0970,0,4,purchase_103697,27.04.2026 16:15,books,0,refund_req_303697,"29,73",approve, damaged_item 
"1.782,31",agent_025,buyer_1193,0,45,purchase_103230,06.05.2026 18:42,electronics,0,refund_req_303230,"1.277,62",approve,not_working
"1.757,78",agent_009,buyer_0656,0,40,purchase_103142,21.05.2026 16:45,appliances,0,refund_req_303142,"1.059,01",approve,not_working
"256,14",agent_022,buyer_1639,0,74,purchase_100208,30.04.2026 21:49,clothing,1,refund_req_300208,"91,84",approve, item_not_as_described 
"2.160,01",agent_008,buyer_0228,0,24,purchase_103070,26.05.2026 04:34,luxury,0,refund_req_303070,"1.862,99",approve,damaged_item
"131,85",agent_005,buyer_0217,0,99,purchase_100247,04.05.2026 12:05,clothing,0,refund_req_300247,"61,21", approve ,wrong_size
"720,09",agent_030,buyer_1211,0,49,purchase_101856,20.04.2026 11:11,luxury,0,refund_req_301856,"362,20",reject,
"1.770,80",agent_020,buyer_0579,0,83,purchase_102084,26.05.2026 23:24,appliances,1,refund_req_302084,"1.042,34",reject,not_working
"128,71",agent_007,buyer_1661,0,58,purchase_100218,27.04.2026 10:01,beauty,1,refund_req_300218,"97,78",approve,changed_mind
"1.472,85",agent_008,buyer_0466,1,7,purchase_103854,24.05.2026 14:35,appliances,0,refund_req_303854,"1.443,10",approve,missing_part
"197,59",agent_018,buyer_9002,1,48,purchase_104227,20.05.2026 03:30,clothing,0,refund_req_304227,"193,06",approve,changed_mind
"19,70",agent_024,buyer_0227,0,54,purchase_102880,10.06.2026 01:13,books,1,refund_req_302880,"4,38",approve,wrong_item_received
"1.710,00",agent_018,buyer_0174,1,8,purchase_104010,21.04.2026 03:09,luxury,0,refund_req_304010,"1.133,89",approve,changed_mind
"55,52",agent_020,buyer_0397,0,56,purchase_101847,02.04.2026 02:20,beauty,1,refund_req_301847,"42,69",approve,allergic_reaction
"225,31",agent_002,buyer_1063,0,54,purchase_101921,19.06.2026 16:54,home,1,refund_req_301921,"79,06",approve,missing_part
"2.908,81",agent_018,buyer_1411,0,52,purchase_100833,11.04.2026 06:47,luxury,0,refund_req_300833,"1.407,60",reject,item_not_as_described
"15,50",agent_023,buyer_1838,0,116,purchase_101557,07.05.2026 10:11, beauty ,0,refund_req_301557,"6,61",reject,damaged_item
"1.362,11",agent_702,buyer_1892,1,29,purchase_104516,15.06.2026 05:53,appliances,0,refund_req_304516,"1.019,73",approve,damaged_item
"1.652,30",agent_007,buyer_0055,0,50,purchase_101455,02.06.2026 13:31,ELECTRONICS,1,refund_req_301455,"773,56", approve ,missing_accessory
"1.624,58",agent_014,buyer_1411,1,22,purchase_103263,20.04.2026 16:33,luxury,0,refund_req_303263,"1.624,58",approve,item_not_as_described
"2.605,08",agent_101,buyer_503,0,5,purchase_1019,04.06.2026 09:47,luxury,1,refund_req_3019,"2.552,17",approve,damaged_item
"886,07",agent_011,buyer_0988,0,71,purchase_102882,07.05.2026 12:04,electronics,0,refund_req_302882,"351,53",approve,not_working
"1.258,15",agent_703,buyer_0674,0,14,purchase_104532,17.04.2026 04:41,electronics,0,refund_req_304532,"634,66",approve,not_working
"1.117,34",agent_102,buyer_0883,0,2,purchase_103778,12.04.2026 06:27,appliances,1,refund_req_303778,"1.044,51",approve,damaged_item
"307,12",agent_004,buyer_900,1,65,purchase_1029,09.06.2026 09:42,electronics,1,refund_req_3029,"209,57",approve,
"1.007,58",agent_003,buyer_1764,1,20,purchase_103897,19.06.2026 12:34,electronics,1,refund_req_303897,"702,99",approve,item_not_as_described
"406,56",agent_018,buyer_1334,0,54,purchase_102938,16.05.2026 23:35,luxury,1,refund_req_302938,"315,09",reject,item_not_as_described
"1.220,15",agent_004,buyer_1298,0,98,purchase_102548,10.06.2026 01:43,luxury,0,refund_req_302548,"556,47",approve,item_not_as_described
"279,00",agent_006,buyer_0073,0,48,purchase_100482,13.06.2026 09:45,sports,1,refund_req_300482,"110,94",  reject  ,item_not_as_described
"133,79",agent_016,buyer_1940,0,116,purchase_101194,08.05.2026 06:46,beauty,0,refund_req_301194,"66,58",approve,damaged_item
"1.965,22",agent_024,buyer_0947,0,42,purchase_103228,25.04.2026 02:19,luxury,0,refund_req_303228,"1.320,99",approve,item_not_as_described
"1.108,23",agent_015,buyer_1822,0,53,purchase_100461,12.05.2026 14:50,books,1,refund_req_300461,"696,35",approve,damaged_item
"2.736,60",agent_002,buyer_1572,0,32,purchase_103197,25.05.2026 08:30,luxury,0,refund_req_303197,"2.150,31",approve,damaged_item
"379,80",agent_007,buyer_1828,0,80,purchase_101914,02.05.2026 15:21,home,0,refund_req_301914,"221,62",reject,damaged_item
"321,43",agent_103,buyer_1207,0,5,purchase_103718,12.06.2026 17:09,fashion,0,refund_req_303718,"274,40",approve, wrong_size 
"467,44",agent_016,buyer_1412,0,67,purchase_101323,23.05.2026 19:17,electronics,0,refund_req_301323,"323,59",reject,item_not_as_described
"519,67",agent_024,buyer_1589,0,82,purchase_101896,10.04.2026 23:54,fashion,0,refund_req_301896,"378,12",approve,item_not_as_described
"2.431,83",agent_005,buyer_0302,0,75,purchase_101310,28.05.2026 06:38,luxury,1,refund_req_301310,"1.859,67",approve,damaged_item
"23,42",agent_701,buyer_0148,0,27,purchase_104359,20.05.2026 10:33,clothing,1,refund_req_304359,"10,17",approve,
"218,59",agent_012,buyer_1991,0,44,purchase_100657,30.05.2026 20:38,clothing,0,refund_req_300657,"94,58",approve,item_not_as_described
"40,44",agent_015,buyer_1369,0,50,purchase_101670,06.04.2026 22:43,BEAUTY,0,refund_req_301670,"18,83",reject,changed_mind
"810,95",agent_002,buyer_0424,0,41,purchase_100035,16.05.2026 18:11,Appliances,1,refund_req_300035,"567,96",reject,missing_part
"1.550,88",agent_010,buyer_0154,0,46,purchase_100865,17.04.2026 18:53,Electronics,0,refund_req_300865,"1.108,19",approve,damaged_item
"2.181,74",agent_022,buyer_0661,1,21,purchase_103838,13.05.2026 05:08,luxury,0,refund_req_303838,"1.641,46",approve,changed_mind
"49,84",agent_007,buyer_1129,0,54,purchase_101968,24.04.2026 22:45,clothing,0,refund_req_301968,"10,09",reject,wrong_size
"1.639,21",agent_012,buyer_1363,1,33,purchase_103818,26.04.2026 09:55,appliances,0,refund_req_303818,"1.140,38",approve,missing_part
"109,37",agent_021,buyer_1537,0,76,purchase_101704,18.04.2026 04:31,clothing,1,refund_req_301704,"70,78",approve,changed_mind
"1.753,09",agent_012,buyer_0636,0,50,purchase_101341,01.05.2026 22:00,electronics,0,refund_req_301341,"778,30",approve,item_not_as_described
"398,71",agent_003,buyer_1959,0,50,purchase_101792,19.06.2026 18:00,sports,1,refund_req_301792,"308,81",approve,item_not_as_described
"1.694,38",agent_030,buyer_1927,0,93,purchase_100290,17.04.2026 16:49,luxury,0,refund_req_300290,"1.269,98",reject,item_not_as_described
"135,15",agent_004,buyer_1843,0,50,purchase_100904,05.04.2026 10:29,beauty,0,refund_req_300904,"60,77",reject,allergic_reaction
"195,74",agent_005,buyer_1360,0,69,purchase_102916,06.05.2026 21:08,home,0,refund_req_302916,"101,52",reject,damaged_item
"132,33",agent_013,buyer_0782,0,99,purchase_100001,06.05.2026 05:52,clothing,0,refund_req_300001,"48,09",approve,item_not_as_described
"2.123,74",agent_018,buyer_1060,1,18,purchase_103016,30.05.2026 06:51,electronics,0,refund_req_303016,"1.825,84",approve,missing_accessory
"31,11",agent_017,buyer_0990,0,40,purchase_100207,03.04.2026 19:42,beauty,,refund_req_300207,"20,82",  approve  ,allergic_reaction
"146,44",agent_009,buyer_0109,0,27,purchase_100510,08.04.2026 06:00,beauty,0,refund_req_300510,"94,51",reject,allergic_reaction
"181,65",agent_027,buyer_0918,0,95,purchase_102932,25.05.2026 21:29,electronics,0,refund_req_302932,"127,57",approve,item_not_as_described
"2.591,41",agent_102,buyer_1746,0,45,purchase_103205,24.04.2026 05:12,luxury,0,refund_req_303205,"2.255,82",approve,
"2.157,64",agent_018,buyer_0830,0,,purchase_103358,21.05.2026 20:55,luxury,0,refund_req_303358,"2.157,64",approve,changed_mind
"1.238,45",agent_803,buyer_8003,0,13,purchase_104605,24.05.2026 00:27,sports,0,refund_req_304605,"1.186,55",approve,wrong_size
"55,87",agent_027,buyer_1274,0,40,purchase_101927,25.04.2026 18:10,books,1,refund_req_301927,"37,40",approve,wrong_item_received
"23,78",agent_010,buyer_0939,0,50,purchase_102914,09.05.2026 19:24,beauty,0,refund_req_302914,"6,19",reject,  changed_mind  
"492,94",agent_001,buyer_1507,0,66,purchase_101906,04.04.2026 03:59,home,1,refund_req_301906,"396,71",approve,missing_part
"84,69",agent_703,buyer_0725,0,19,purchase_104514,26.05.2026 22:15,books,1,refund_req_304514,"72,98",approve,changed_mind
"214,54",agent_002,buyer_0796,0,112,purchase_102489,20.05.2026 05:41,appliances,1,refund_req_302489,"82,08",approve,damaged_item
"2.105,82",agent_014,buyer_0482,0,16,purchase_103221,26.04.2026 07:35,luxury,0,refund_req_303221,"1.537,27", approve ,item_not_as_described
"223,02",agent_024,buyer_0647,0,48,purchase_100381,04.05.2026 00:15,fashion,1,refund_req_300381,"126,09",approve,item_not_as_described
"909,68",agent_902,buyer_9906,1,6,purchase_104777,19.04.2026 10:33,electronics,0,refund_req_304777,"848,62",approve,not_working
"2.974,91",agent_004,buyer_1460,0,85,purchase_100710,18.04.2026 19:20,luxury,0,refund_req_300710,"2.239,52",approve,  damaged_item  
"2.168,93",agent_012,buyer_0103,0,48,purchase_101011,08.05.2026 20:10,luxury,1,refund_req_301011,"789,52",approve,item_not_as_described
"1.590,78",agent_017,buyer_0612,0,84,purchase_100293,19.04.2026 18:47,appliances,0,refund_req_300293,"474,06",reject,missing_part
"2.199,88",agent_028,buyer_0079,1,17,purchase_104064,25.04.2026 11:03,luxury,0,refund_req_304064,"1.890,87",approve,item_not_as_described
"21,68",agent_002,buyer_1024,0,70,purchase_100238,05.06.2026 08:05,books,0,refund_req_300238,"6,55",reject,changed_mind
"1.035,91",agent_017,buyer_1450,0,31,purchase_100791,08.06.2026 16:07,luxury,1,refund_req_300791,"781,19",approve,item_not_as_described
"1.288,11",agent_004,buyer_0299,1,87,purchase_101259,14.05.2026 04:55,electronics,0,refund_req_301259,"307,76",approve,missing_accessory
"285,71",agent_008,buyer_0805,0,53,purchase_101738,04.04.2026 13:24,sports,0,refund_req_301738,"179,72",reject,damaged_item
"992,76",agent_023,buyer_1331,0,76,purchase_102685,23.04.2026 18:18,appliances,1,refund_req_302685,"574,45",approve,missing_part
"946,28",agent_027,buyer_0281,0,28,purchase_103422,26.05.2026 23:17,luxury,1,refund_req_303422,"946,28",approve,damaged_item
"73,18",agent_015,buyer_1946,0,28,purchase_101128,06.04.2026 21:01,clothing,,refund_req_301128,"29,87",approve,item_not_as_described
"74,42",agent_012,buyer_0381,0,63,purchase_102236,05.05.2026 00:21,clothing,0,refund_req_302236,"43,95",reject,wrong_size
"792,18",agent_011,buyer_1668,0,38,purchase_102099,09.06.2026 17:29,Electronics,1,refund_req_302099,"335,81",approve, missing_accessory 
"79,51",agent_103,buyer_9005,0,59,purchase_104182,29.05.2026 21:04,beauty,0,refund_req_304182,"69,07",approve,changed_mind
"1.478,33",agent_030,buyer_0128,1,39,purchase_102917,24.05.2026 09:43,appliances,0,refund_req_302917,"1.185,39",reject,missing_part
"937,71",agent_029,buyer_1108,0,22,purchase_103342,17.04.2026 01:03,fashion,1,refund_req_303342,"937,71",Approve,changed_mind
"106,94",agent_019,buyer_1588,0,71,purchase_101983,20.04.2026 14:52,sports,1,refund_req_301983,"68,54",Approve,item_not_as_described
"349,36",agent_029,buyer_0203,0,39,purchase_102027,11.06.2026 14:56,sports,1,refund_req_302027,"260,12",approve,wrong_size
"18,64",agent_021,buyer_0074,0,44,purchase_102803,11.06.2026 17:18,books,1,refund_req_302803,"4,01",approve,wrong_item_received
"1.535,54",agent_004,buyer_0570,0,,purchase_103380,07.06.2026 18:57,appliances,0,refund_req_303380,"1.535,54",approve,not_working
"1.362,89",agent_016,buyer_0405,0,72,purchase_100774,30.04.2026 00:03,appliances,,refund_req_300774,"408,75",approve,not_working
"476,77",agent_030,buyer_0068,0,40,purchase_102433,14.04.2026 07:10,home,,refund_req_302433,"166,92",approve,
"133,46",agent_011,buyer_0581,0,72,purchase_101846,08.05.2026 07:43,beauty,1,refund_req_301846,"104,55",approve,  changed_mind  
"1.970,05",agent_020,buyer_1539,0,65,purchase_102871,29.05.2026 11:45,electronics,1,refund_req_302871,"573,20",approve,missing_accessory
"1.045,77",agent_703,buyer_0712,0,15,purchase_104511,21.05.2026 19:57,beauty,1,refund_req_304511,"977,10",approve,changed_mind
"139,13",agent_019,buyer_1159,0,71,purchase_101692,09.05.2026 12:39,Fashion,1,refund_req_301692,"57,32",approve,item_not_as_described
"52,59",agent_008,buyer_1180,0,34,purchase_102050,03.05.2026 04:24,beauty,1,refund_req_302050,"16,48",approve,allergic_reaction
"67,70",agent_014,buyer_1845,0,61,purchase_101024,05.06.2026 02:16,beauty,0,refund_req_301024,"29,52",approve,changed_mind
"403,07",agent_009,buyer_0511,0,,purchase_101307,15.06.2026 14:31,sports,1,refund_req_301307,"265,82",approve,wrong_size
"1.185,95",agent_002,buyer_1118,1,64,purchase_101843,10.04.2026 20:40,home,0,refund_req_301843,"316,81",reject,item_not_as_described
"1.466,59",agent_014,buyer_0044,1,55,purchase_103398,15.05.2026 09:07,electronics,0,refund_req_303398,"1.466,59",approve,item_not_as_described
"506,28",agent_019,buyer_1833,0,52,purchase_102100,07.06.2026 04:44,home,1,refund_req_302100,"299,61",approve,item_not_as_described
"174,28",agent_702,buyer_0513,1,7,purchase_104408,06.04.2026 07:07,sports,0,refund_req_304408,"92,45",approve,item_not_as_described
"273,53",agent_101,buyer_0510,0,3,purchase_103647,11.06.2026 23:00,SPORTS,1,refund_req_303647,"250,79",approve,damaged_item
"657,28",agent_030,buyer_1530,0,94,purchase_102155,04.06.2026 21:18,luxury,1,refund_req_302155,"506,92", approve ,item_not_as_described
"1.748,81",agent_028,buyer_1876,0,85,purchase_100093,29.04.2026 11:41,appliances,1,refund_req_300093,"1.032,26",approve,not_working
"1.807,95",agent_901,buyer_9902,1,1,purchase_104902,16.06.2026 04:59,luxury,0,refund_req_304902,"1.835,31",approve,item_not_as_described
"108,45",agent_802,buyer_8002,0,8,purchase_104685,19.06.2026 02:14,beauty,0,refund_req_304685,"87,02",approve,changed_mind
"655,34",agent_701,buyer_0930,0,23,purchase_104452,18.05.2026 02:26,electronics,1,refund_req_304452,"342,35",APPROVE,  missing_accessory  
"1.041,16",agent_019,buyer_0350,0,72,purchase_101169,28.05.2026 13:12,beauty,0,refund_req_301169,"522,89",approve,damaged_item
"1.702,82",agent_007,buyer_1133,0,76,purchase_100962,06.04.2026 13:21,appliances,0,refund_req_300962,"380,49",approve,not_working
"2.211,17",agent_004,buyer_0730,0,78,purchase_101715,01.05.2026 00:40,luxury,1,refund_req_301715,"1.850,72",  approve  ,damaged_item
"1.683,82",agent_004,buyer_0607,0,81,purchase_102483,20.05.2026 17:16,luxury,1,refund_req_302483,"913,08",approve,changed_mind
"213,29",agent_023,buyer_0390,0,,purchase_101336,04.04.2026 13:06,clothing,0,refund_req_301336,"103,52",reject,wrong_size
"1.817,66",agent_101,buyer_1918,0,43,purchase_103225,02.05.2026 16:42,luxury,0,refund_req_303225,"1.158,90",approve,changed_mind
"2.123,38",agent_901,buyer_9903,1,8,purchase_104930,17.06.2026 13:22,luxury,0,refund_req_304930,"1.954,44",APPROVE,item_not_as_described
"308,53",agent_803,buyer_8003,0,9,purchase_104593,19.04.2026 18:02,fashion,0,refund_req_304593,"186,58",  approve  ,changed_mind
"1.821,46",agent_002,buyer_1670,0,77,purchase_102588,13.06.2026 00:09,luxury,1,refund_req_302588,"793,02",reject,item_not_as_described
"210,94",agent_004,buyer_1231,0,58,purchase_101551,23.04.2026 05:38,appliances,0,refund_req_301551,"87,23",approve,
"140,89",agent_703,buyer_0242,0,24,purchase_104415,15.05.2026 13:52,beauty,1,refund_req_304415,"99,97",approve,allergic_reaction
"42,01",agent_102,buyer_0259,0,2,purchase_103690,15.04.2026 23:18,beauty,1,refund_req_303690,"38,62",approve,damaged_item
"1.179,21",agent_017,buyer_0195,0,38,purchase_103305,16.05.2026 14:03,FASHION,,refund_req_303305,"1.179,21",approve,item_not_as_described
"73,96",agent_001,buyer_0555,0,32,purchase_101665,18.06.2026 18:41,books,1,refund_req_301665,"15,29",approve,changed_mind
"1.087,11",agent_017,buyer_1335,0,78,purchase_100059,13.05.2026 18:57,luxury,0,refund_req_300059,"921,89",approve,item_not_as_described
"248,65",agent_103,buyer_9002,0,29,purchase_104171,05.06.2026 22:07,home,,refund_req_304171,"243,37",approve,missing_part
"305,11",agent_014,buyer_9002,0,63,purchase_104275,02.04.2026 01:09,electronics,1,refund_req_304275,"152,88",approve,not_working
"67,96",agent_012,buyer_0919,0,,purchase_102913,03.06.2026 09:16,beauty,,refund_req_302913,"36,95",approve,allergic_reaction
"2.352,73",agent_030,buyer_0042,1,17,purchase_103837,10.04.2026 16:10,luxury,0,refund_req_303837,"1.952,62",approve,changed_mind
"46,89",agent_802,buyer_8002,0,29,purchase_104727,04.06.2026 22:52,sports,0,refund_req_304727,"36,09",approve,item_not_as_described
"156,28",agent_030,buyer_0539,0,73,purchase_101051,28.05.2026 18:30,beauty,1,refund_req_301051,"62,10",approve,damaged_item
"171,99",agent_025,buyer_1414,0,86,purchase_100049,13.04.2026 14:37,fashion,0,refund_req_300049,"88,53",approve,item_not_as_described
"400,18",agent_010,buyer_0272,0,85,purchase_102258,30.04.2026 10:05,home,1,refund_req_302258,"271,22",reject,item_not_as_described
"1.690,41",agent_901,buyer_9901,1,6,purchase_104842,24.05.2026 18:35,electronics,0,refund_req_304842,"1.614,65",approve,item_not_as_described
"492,49",agent_101,buyer_1153,0,5,purchase_103712,20.05.2026 22:45, home ,0,refund_req_303712,"449,74",approve,item_not_as_described
"37,17",agent_103,buyer_1506,0,3,purchase_103535,28.05.2026 00:25,Books,1,refund_req_303535,"33,17",approve,damaged_item
"1.107,12",agent_103,buyer_1320,0,5,purchase_103629,03.04.2026 19:10,appliances,0,refund_req_303629,"801,38",  approve  ,not_working
"1.585,72",agent_902,buyer_9906,1,9,purchase_104793,14.04.2026 15:28,appliances,0,refund_req_304793,"1.624,17",approve,not_working
"1.663,28",agent_901,buyer_9901,1,8,purchase_104874,27.04.2026 19:22,appliances,0,refund_req_304874,"1.603,53",approve,not_working
"1.766,37",agent_014,buyer_0203,0,14,purchase_103363,29.05.2026 18:45,electronics,1,refund_req_303363,"1.766,37",approve,item_not_as_described
"440,57",agent_030,buyer_1773,0,93,purchase_102402,06.04.2026 05:19,home,1,refund_req_302402,"204,87",approve,  missing_part  
"2.981,65",agent_009,buyer_0178,0,50,purchase_100950,10.04.2026 19:09,luxury,1,refund_req_300950,"2.014,29", approve ,item_not_as_described
"1.024,57",agent_010,buyer_1303,0,19,purchase_103162,08.06.2026 17:08,luxury,0,refund_req_303162,"943,72",approve,damaged_item
"940,70",agent_002,buyer_0734,0,74,purchase_101821,02.06.2026 02:08,home,1,refund_req_301821,"469,83",approve,damaged_item
"1.160,49",agent_802,buyer_8002,1,25,purchase_104655,16.06.2026 04:51,sports,1,refund_req_304655,"826,07",approve,
"45,92",agent_028,buyer_0624,0,67,purchase_102429,22.05.2026 18:29,books,,refund_req_302429,"23,97", approve ,damaged_item
"129,51",agent_022,buyer_9006,0,57,purchase_104311,06.06.2026 15:57,fashion,1,refund_req_304311,"121,13",approve,changed_mind
"971,04",agent_021,buyer_1402,0,58,purchase_103494,02.04.2026 12:11,luxury,,refund_req_303494,"971,04",approve,item_not_as_described
"216,08",agent_014,buyer_0058,0,84,purchase_102895,16.04.2026 04:14,sports,0,refund_req_302895,"132,51",reject,
"1.207,06",agent_020,buyer_0432,0,42,purchase_102189,18.04.2026 16:55,appliances,1,refund_req_302189,"253,71",approve,damaged_item
"2.227,77",agent_014,buyer_0778,0,73,purchase_102768,28.05.2026 10:41,luxury,,refund_req_302768,"1.216,32",approve, changed_mind 
"75,68",agent_024,buyer_1930,0,72,purchase_100741,08.06.2026 14:28,beauty,0,refund_req_300741,"57,11",reject,allergic_reaction
"307,98",agent_101,buyer_0935,0,1,purchase_103793,11.06.2026 10:07,sports,1,refund_req_303793,"247,87",approve,item_not_as_described
"2.226,38",agent_024,buyer_1177,0,67,purchase_101975,25.05.2026 09:10,luxury,,refund_req_301975,"1.663,94",approve,damaged_item
"2.100,88",agent_019,buyer_1982,0,84,purchase_102420,02.04.2026 22:32,electronics,1,refund_req_302420,"613,76", approve ,
"83,54",agent_020,buyer_0558,0,,purchase_102271,07.05.2026 19:09,books,1,refund_req_302271,"62,51",reject,damaged_item
"1.613,32",agent_006,buyer_0600,0,72,purchase_101478,02.05.2026 17:02,appliances,0,refund_req_301478,"1.293,96",reject,missing_part
"142,51",agent_010,buyer_0567,1,78,purchase_100462,12.06.2026 01:32,beauty,1,refund_req_300462,"90,67",approve,allergic_reaction
"1.946,41",agent_802,buyer_8002,0,20,purchase_104586,18.04.2026 19:16,electronics,0,refund_req_304586,"1.585,12",approve,damaged_item
"1.141,21",agent_103,buyer_1145,0,3,purchase_103663,12.05.2026 10:04,luxury,0,refund_req_303663,"740,96",  approve  ,changed_mind
"1.133,27",agent_015,buyer_1054,0,104,purchase_102007,20.06.2026 21:19,beauty,1,refund_req_302007,"462,67",approve,damaged_item
"2.698,39",agent_026,buyer_0667,1,8,purchase_103092,06.05.2026 16:34,luxury,0,refund_req_303092,"2.300,58",approve,damaged_item
"1.089,54",agent_005,buyer_1801,0,52,purchase_101923,07.06.2026 22:41,fashion,1,refund_req_301923,"476,04",reject,item_not_as_described
"1.193,46",agent_802,buyer_8002,0,,purchase_104601,09.05.2026 15:16,SPORTS,0,refund_req_304601,"1.156,21",approve,item_not_as_described
"208,75",agent_007,buyer_1809,0,80,purchase_101001,18.05.2026 08:10,home,0,refund_req_301001,"66,80",reject,item_not_as_described
"390,58",agent_028,buyer_0892,0,44,purchase_100574,04.05.2026 07:26,sports,0,refund_req_300574,"309,43",approve,damaged_item
"391,04",agent_008,buyer_1006,0,54,purchase_102663,22.05.2026 09:16,appliances,1,refund_req_302663,"179,96",approve,
"1.265,74",agent_027,buyer_0160,1,35,purchase_104069,03.05.2026 06:48,electronics,1,refund_req_304069,"828,88",approve,missing_accessory
"136,81",agent_803,buyer_8003,0,24,purchase_104659,18.05.2026 21:39,beauty,1,refund_req_304659,"133,65",approve,changed_mind
"93,93",agent_018,buyer_0666,0,62,purchase_100153,05.05.2026 04:49,beauty,0,refund_req_300153,"41,79",reject,changed_mind
"1.036,18",agent_019,buyer_0583,0,47,purchase_100051,23.05.2026 00:47,electronics,0,refund_req_300051,"331,41",approve,item_not_as_described
"365,80",agent_702,buyer_0496,0,31,purchase_104417,10.06.2026 16:32,sports,1,refund_req_304417,"233,57",approve,item_not_as_described
"479,45",agent_101,buyer_1197,0,5,purchase_103553,11.05.2026 00:40,home,0,refund_req_303553,"466,05",approve,missing_part
"1.057,17",agent_014,buyer_0160,1,45,purchase_103328,08.05.2026 21:13,fashion,1,refund_req_303328,"1.057,17",approve,
"56,25",agent_012,buyer_1155,0,67,purchase_100996,13.05.2026 19:29,books,1,refund_req_300996,"12,49",approve,wrong_item_received
"345,64",agent_005,buyer_1352,0,65,purchase_100005,10.05.2026 21:37,home,0,refund_req_300005,"128,68",reject,damaged_item
"325,76",agent_012,buyer_0099,0,70,purchase_101247,03.05.2026 23:27,appliances,0,refund_req_301247,"259,08",approve,not_working
"58,73",agent_702,buyer_0155,0,34,purchase_104447,22.05.2026 10:05,books,1,refund_req_304447,"50,00",approve,changed_mind
"1.709,50",agent_029,buyer_1669,0,28,purchase_100429,20.05.2026 01:46,appliances,1,refund_req_300429,"1.396,53",approve,damaged_item
"974,45",agent_701,buyer_1240,1,20,purchase_104425,05.06.2026 19:29,beauty,0,refund_req_304425,"626,14",APPROVE,allergic_reaction
"2.583,56",agent_902,buyer_9904,1,8,purchase_104771,23.05.2026 03:15,luxury,0,refund_req_304771,"2.340,82",approve,item_not_as_described
"2.185,34",agent_102,buyer_1611,0,1,purchase_103800,02.05.2026 05:33,electronics,1,refund_req_303800,"1.180,41",approve,
"165,60",agent_025,buyer_0706,0,61,purchase_102097,16.04.2026 06:47,beauty,0,refund_req_302097,"102,28",reject,allergic_reaction
"580,76",agent_017,buyer_1040,0,35,purchase_101902,25.05.2026 02:25,home,1,refund_req_301902,"475,30",  approve  ,item_not_as_described
"1.632,94",agent_102,buyer_0727,1,16,purchase_103881,28.04.2026 21:07,appliances,1,refund_req_303881,"1.398,85", approve ,not_working
"1.182,59",agent_999,buyer_999,1,5,purchase_1042,18.06.2026 09:10,luxury,0,refund_req_3042,"968,11",approve,item_not_as_described
"1.286,43",agent_019,buyer_1857,0,48,purchase_102753,16.04.2026 21:19,BOOKS,1,refund_req_302753,"1.061,63",approve,damaged_item
"155,97",agent_702,buyer_1007,0,9,purchase_104504,17.05.2026 11:34,sports,1,refund_req_304504,"141,86",approve,
"343,10",agent_012,buyer_1026,0,49,purchase_101782,23.05.2026 18:38,  fashion  ,0,refund_req_301782,"222,24",reject,changed_mind
"109,12",agent_703,buyer_1660,0,10,purchase_104451,05.06.2026 11:09,home,0,refund_req_304451,"85,92",approve,item_not_as_described
"1.190,65",agent_024,buyer_1576,0,30,purchase_103313,15.05.2026 00:03,luxury,0,refund_req_303313,"1.190,65",approve,changed_mind
"1.874,65",agent_018,buyer_0005,0,12,purchase_103382,27.05.2026 20:36,electronics,1,refund_req_303382,"1.874,65",approve,not_working
"971,11",agent_801,buyer_8001,0,11,purchase_104714,21.06.2026 03:26,beauty,1,refund_req_304714,"801,30",approve,changed_mind
"2.489,17",agent_007,buyer_9001,0,11,purchase_104090,15.06.2026 02:50,luxury,0,refund_req_304090,"1.876,30",approve,changed_mind
"1.298,03",agent_009,buyer_0019,0,87,purchase_100900,09.04.2026 13:57,luxury,1,refund_req_300900,"981,69",approve,damaged_item
"108,32",agent_702,buyer_0628,0,22,purchase_104498,19.06.2026 12:54,beauty,0,refund_req_304498,"68,81",approve,allergic_reaction
"1.275,50",agent_028,buyer_9005,0,61,purchase_104166,08.05.2026 02:10,sports,0,refund_req_304166,"1.153,57",approve,damaged_item
"1.770,14",agent_901,buyer_9902,1,6,purchase_104880,10.06.2026 21:04,luxury,,refund_req_304880,"1.671,80",approve,damaged_item
"1.317,93",agent_005,buyer_0876,0,43,purchase_102619,02.05.2026 13:06,appliances,1,refund_req_302619,"929,89",approve,damaged_item
"1.811,43",agent_011,buyer_1222,1,31,purchase_103889,08.04.2026 05:51,luxury,1,refund_req_303889,"1.711,16",approve,item_not_as_described
"626,77",agent_103,buyer_1498,0,2,purchase_103715,11.04.2026 23:29,electronics,,refund_req_303715,"569,20",approve,
"1.531,85",agent_102,buyer_1241,0,4,purchase_103664,28.05.2026 05:18,appliances,1,refund_req_303664,"1.206,74",approve,not_working
"507,73",agent_019,buyer_9004,0,59,purchase_104189,30.05.2026 17:12,home,0,refund_req_304189,"273,55",approve,damaged_item
"57,47",agent_026,buyer_1397,0,75,purchase_101666,11.05.2026 22:08,beauty,1,refund_req_301666,"37,72",approve,changed_mind
"168,36",agent_019,buyer_0395,0,76,purchase_101445,14.04.2026 13:06,sports,1,refund_req_301445,"92,34",approve,item_not_as_described
"352,32",agent_703,buyer_1473,0,14,purchase_104376,03.06.2026 01:36,appliances,1,refund_req_304376,"277,88",approve,damaged_item
"2.168,73",agent_102,buyer_0266,0,4,purchase_103662,24.04.2026 17:13,electronics,1,refund_req_303662,"1.486,74",approve, not_working 
"287,97",agent_030,buyer_9008,0,69,purchase_104257,08.04.2026 01:10, appliances ,,refund_req_304257,"214,99",approve,missing_part
"626,53",agent_009,buyer_0601,0,23,purchase_101966,01.06.2026 19:18,fashion,1,refund_req_301966,"326,75",approve,wrong_size
"1.360,40",agent_024,buyer_1715,0,41,purchase_101831,14.04.2026 10:33,appliances,1,refund_req_301831,"431,48",approve,
"1.198,64",agent_802,buyer_8002,0,20,purchase_104649,11.04.2026 17:25,sports,0,refund_req_304649,"939,16",approve,wrong_size
"1.057,97",agent_014,buyer_1095,0,,purchase_100611,02.06.2026 18:20,clothing,0,refund_req_300611,"220,74",reject,changed_mind
"943,83",agent_019,buyer_9003,0,39,purchase_104092,26.04.2026 04:57,luxury,0,refund_req_304092,"660,16",approve,changed_mind
"387,53",agent_010,buyer_1044,0,40,purchase_101994,15.05.2026 03:57,luxury,0,refund_req_301994,"158,58",reject,damaged_item
"1.072,67",agent_009,buyer_1591,0,,purchase_101829,03.06.2026 19:34,appliances,,refund_req_301829,"672,09",approve, missing_part 
"115,73",agent_025,buyer_0649,0,38,purchase_101599,15.04.2026 07:14,sports,1,refund_req_301599,"84,05",  approve  ,item_not_as_described
"608,18",agent_010,buyer_1453,0,64,purchase_100814,19.06.2026 09:54,fashion,1,refund_req_300814,"229,09",approve,wrong_size
"278,03",agent_803,buyer_8003,0,13,purchase_104632,23.05.2026 19:44,sports,0,refund_req_304632,"263,01",approve,damaged_item
"914,28",agent_028,buyer_1282,1,45,purchase_103195,29.04.2026 04:39,appliances,0,refund_req_303195,"648,37",approve,not_working
"1.167,16",agent_010,buyer_0690,0,12,purchase_102980,16.04.2026 04:12,electronics,0,refund_req_302980,"730,13",approve,missing_accessory
"60,48",agent_008,buyer_0944,0,73,purchase_100173,03.04.2026 16:12,beauty,1,refund_req_300173,"48,95",approve,changed_mind
"2.968,28",agent_101,buyer_300,0,30,purchase_1006,02.06.2026 09:02,luxury,0,refund_req_3006,"1.855,12",approve,item_not_as_described
"1.456,21",agent_027,buyer_0315,0,45,purchase_100761,10.06.2026 21:53,appliances,1,refund_req_300761,"649,92",reject,damaged_item
"383,32",agent_001,buyer_1106,0,50,purchase_101838,19.06.2026 04:54,Fashion,1,refund_req_301838,"261,40",Reject,wrong_size
"88,66",agent_003,buyer_0207,0,47,purchase_100174,09.06.2026 15:24,beauty,1,refund_req_300174,"56,46",reject,allergic_reaction
"458,82",agent_011,buyer_1847,0,45,purchase_100298,28.04.2026 08:44,home,0,refund_req_300298,"140,94",reject,damaged_item
"24,20",agent_030,buyer_1450,0,38,purchase_101010,17.04.2026 00:42,books,0,refund_req_301010,"17,63",reject,wrong_item_received
"1.552,01",agent_007,buyer_0515,1,11,purchase_103859,16.06.2026 03:16,luxury,0,refund_req_303859,"1.362,44",approve,damaged_item
"129,68",agent_701,buyer_0697,0,28,purchase_104446,25.05.2026 06:08,beauty,0,refund_req_304446,"118,61",approve,
"186,48",agent_028,buyer_0330,1,35,purchase_100060,11.05.2026 16:36,clothing,0,refund_req_300060,"72,23",reject,item_not_as_described
"1.364,69",agent_888,buyer_888,1,16,purchase_1039,15.06.2026 09:32,electronics,0,refund_req_3039,"875,48",approve,not_working
"140,14",agent_101,buyer_0193,0,4,purchase_103555,11.04.2026 17:02,beauty,1,refund_req_303555,"124,30",approve,damaged_item
"383,14",agent_103,buyer_0307,1,3,purchase_103735,22.04.2026 14:07,sports,1,refund_req_303735,"255,23",approve,damaged_item
"147,73",agent_024,buyer_1575,0,51,purchase_100444,02.04.2026 23:39,sports,0,refund_req_300444,"46,90",reject,wrong_size
"1.230,56",agent_703,buyer_0540,0,28,purchase_104421,04.05.2026 14:46,appliances,1,refund_req_304421,"1.221,46",approve,  damaged_item  
"565,52",agent_011,buyer_1361,0,46,purchase_100834,03.06.2026 18:48,home,1,refund_req_300834,"386,16",approve,damaged_item
"1.887,66",agent_001,buyer_0978,0,21,purchase_103469,05.06.2026 09:01,luxury,0,refund_req_303469,"1.887,66",approve,item_not_as_described
"177,44",agent_007,buyer_1544,0,80,purchase_100324,20.05.2026 16:06,sports,1,refund_req_300324,"87,69",approve,item_not_as_described
"2.323,01",agent_008,buyer_0012,0,45,purchase_101217,15.06.2026 00:50,  luxury  ,1,refund_req_301217,"1.451,92",approve,changed_mind
"79,91",agent_001,buyer_0812,0,57,purchase_102711,29.04.2026 18:09,books,1,refund_req_302711,"54,23",approve,wrong_item_received
"1.221,72",agent_027,buyer_9006,0,10,purchase_104263,21.05.2026 21:20,fashion,0,refund_req_304263,"744,36",approve,item_not_as_described
"772,65",agent_101,buyer_0658,0,5,purchase_103666,17.06.2026 22:08,electronics,0,refund_req_303666,"763,11",approve,not_working
"1.589,23",agent_018,buyer_9007,0,56,purchase_104104,17.05.2026 23:21,appliances,0,refund_req_304104,"1.135,16",approve,damaged_item
"1.218,56",agent_001,buyer_0749,0,84,purchase_102500,16.04.2026 21:15,appliances,1,refund_req_302500,"622,07", approve ,missing_part
"151,88",agent_014,buyer_1347,0,60,purchase_101635,03.05.2026 10:29,sports,0,refund_req_301635,"62,99",approve,damaged_item
"220,12",agent_004,buyer_1055,0,74,purchase_101492,18.04.2026 18:11,home,1,refund_req_301492,"129,80",approve,damaged_item
"1.232,97",agent_027,buyer_1089,0,,purchase_101512,10.06.2026 11:39, electronics ,0,refund_req_301512,"536,42",approve,damaged_item
"114,03",agent_101,buyer_1552,0,3,purchase_103595,03.04.2026 11:56,sports,1,refund_req_303595,"63,29",approve,
"46,34",agent_023,buyer_1924,0,120,purchase_101958,08.06.2026 05:45,books,1,refund_req_301958,"10,91",reject,changed_mind
"1.004,17",agent_012,buyer_0775,0,,purchase_103404,11.06.2026 21:08,appliances,0,refund_req_303404,"1.004,17",approve,damaged_item
"1.344,11",agent_027,buyer_0959,1,39,purchase_103198,12.05.2026 10:47,luxury,0,refund_req_303198,"951,01",approve,  changed_mind  
"2.031,83",agent_702,buyer_0657,0,15,purchase_104402,05.05.2026 15:22,luxury,0,refund_req_304402,"1.245,78",approve,item_not_as_described
"147,44",agent_703,buyer_0447,1,30,purchase_104430,13.06.2026 14:13,beauty,0,refund_req_304430,"100,72",approve,damaged_item
"32,64",agent_101,buyer_0385,0,2,purchase_103644,04.05.2026 21:49,beauty,0,refund_req_303644,"24,08",approve,damaged_item
"339,90",agent_007,buyer_9002,0,14,purchase_104139,09.05.2026 06:59,appliances,0,refund_req_304139,"279,52",approve,  missing_part  
"32,42",agent_802,buyer_8002,0,24,purchase_104613,23.04.2026 00:44,beauty,0,refund_req_304613,"24,85",approve,changed_mind
"67,08",agent_017,buyer_1568,0,29,purchase_100288,03.06.2026 18:05,home,0,refund_req_300288,"50,80",reject,missing_part
"920,79",agent_015,buyer_0037,1,84,purchase_102779,19.05.2026 12:45,electronics,0,refund_req_302779,"698,66",reject,not_working
"11,36",agent_025,buyer_1642,0,83,purchase_101237,25.05.2026 14:59,books,1,refund_req_301237,"2,79",approve,wrong_item_received
"2.720,30",agent_025,buyer_0673,1,27,purchase_104032,04.05.2026 21:25,luxury,1,refund_req_304032,"2.696,61",approve,changed_mind
"240,04",agent_103,buyer_0277,0,2,purchase_103559,27.05.2026 16:24,sports,,refund_req_303559,"219,46",approve,wrong_size
"1.482,09",agent_015,buyer_0166,1,,purchase_103998,04.05.2026 03:49,luxury,1,refund_req_303998,"1.021,43",approve,changed_mind
"888,29",agent_025,buyer_1720,0,40,purchase_100182,11.06.2026 03:56,luxury,0,refund_req_300182,"358,34",approve,damaged_item
"79,22",agent_028,buyer_1301,0,59,purchase_101311,26.05.2026 09:40,beauty,0,refund_req_301311,"25,52",reject,allergic_reaction
"212,14",agent_002,buyer_0825,0,76,purchase_100009,30.05.2026 16:31,clothing,1,refund_req_300009,"57,50",approve,wrong_size
"1.306,39",agent_030,buyer_1993,0,40,purchase_103102,17.05.2026 11:41,electronics,0,refund_req_303102,"877,12",approve,not_working
"1.077,21",agent_024,buyer_0874,0,18,purchase_103324,12.04.2026 14:38,fashion,0,refund_req_303324,"1.077,21",approve,item_not_as_described
"1.242,70",agent_030,buyer_1305,0,41,purchase_103442,04.05.2026 00:03,fashion,0,refund_req_303442,"1.242,70",approve,wrong_size
"2.607,03",agent_011,buyer_1443,1,29,purchase_104034,19.05.2026 09:42,luxury,0,refund_req_304034,"1.977,70",approve,damaged_item
"1.267,53",agent_005,buyer_0498,0,,purchase_103508,02.06.2026 00:16,fashion,,refund_req_303508,"1.267,53",approve,item_not_as_described
"584,08",agent_103,buyer_1046,0,1,purchase_103633,22.05.2026 01:08,fashion,0,refund_req_303633,"470,60",approve,item_not_as_described
"26,10",agent_029,buyer_1855,1,59,purchase_101853,15.06.2026 13:24,clothing,0,refund_req_301853,"15,75", approve ,wrong_size
"1.136,12",agent_020,buyer_0780,1,42,purchase_103039,01.04.2026 19:23,electronics,0,refund_req_303039,"990,08",approve,not_working
"121,49",agent_803,buyer_8003,0,24,purchase_104653,10.05.2026 19:23,fashion,0,refund_req_304653,"97,60",approve,  item_not_as_described  
"192,42",agent_022,buyer_1999,0,,purchase_101321,23.05.2026 12:06, clothing ,1,refund_req_301321,"66,09",approve,wrong_size
"931,78",agent_030,buyer_0009,0,20,purchase_103081,12.04.2026 08:49,electronics,0,refund_req_303081,"645,49",approve, missing_accessory 
"1.582,54",agent_030,buyer_1812,0,43,purchase_103160,01.04.2026 16:35,appliances,0,refund_req_303160,"971,75",approve,not_working
"2.968,49",agent_902,buyer_9904,1,7,purchase_104855,09.06.2026 03:35,luxury,0,refund_req_304855,"2.710,22",approve,item_not_as_described
"1.234,97",agent_022,buyer_1192,0,45,purchase_100811,12.06.2026 22:12,clothing,1,refund_req_300811,"945,75",approve,wrong_size
"1.797,50",agent_016,buyer_1023,0,44,purchase_103000,24.05.2026 16:57,luxury,0,refund_req_303000,"1.573,22",approve,damaged_item
"18,27",agent_702,buyer_1625,0,11,purchase_104462,18.04.2026 01:00,beauty,0,refund_req_304462,"15,56",approve,changed_mind
"146,77",agent_018,buyer_1091,0,67,purchase_102850,22.05.2026 16:28,clothing,0,refund_req_302850,"56,38",reject,
"2.019,36",agent_001,buyer_1490,0,44,purchase_103136,15.04.2026 14:06,ELECTRONICS,,refund_req_303136,"1.597,03",  approve  ,damaged_item
"2.726,04",agent_001,buyer_0367,0,73,purchase_100441,21.04.2026 12:13,luxury,1,refund_req_300441,"2.132,49",reject,changed_mind
"111,69",agent_702,buyer_1846,0,,purchase_104345,25.05.2026 01:44,sports,0,refund_req_304345,"71,34",approve,item_not_as_described
"645,99",agent_029,buyer_0872,0,69,purchase_101998,18.04.2026 04:41,fashion,1,refund_req_301998,"417,55",reject,  item_not_as_described  
"1.095,52",agent_029,buyer_0988,0,27,purchase_103303,17.06.2026 00:06,fashion,0,refund_req_303303,"1.095,52",approve,wrong_size
"167,72",agent_027,buyer_1734,0,52,purchase_101874,27.05.2026 18:30,clothing,1,refund_req_301874,"54,13",approve, wrong_size 
"2.967,32",agent_018,buyer_1593,0,,purchase_103285,13.05.2026 01:36,luxury,0,refund_req_303285,"2.967,32",approve, damaged_item 
"648,10",agent_019,buyer_0682,0,71,purchase_101433,18.06.2026 03:52,electronics,0,refund_req_301433,"471,17", reject , not_working 
"320,79",agent_023,buyer_0205,0,99,purchase_102422,17.04.2026 08:56,fashion,1,refund_req_302422,"84,10",approve,changed_mind
"1.727,89",agent_028,buyer_0349,0,32,purchase_103500,01.04.2026 14:11,appliances,1,refund_req_303500,"1.727,89", approve ,missing_part
"1.900,05",agent_020,buyer_1824,0,46,purchase_102345,20.06.2026 19:21,electronics,0,refund_req_302345,"1.530,31",reject,damaged_item
"333,03",agent_027,buyer_1221,0,77,purchase_101357,15.05.2026 12:34,sports,1,refund_req_301357,"156,55",approve,wrong_size
"178,46",agent_020,buyer_0816,0,84,purchase_102804,07.05.2026 02:54,  fashion  ,1,refund_req_302804,"108,05",approve,
"43,76",agent_029,buyer_1070,0,37,purchase_101610,17.04.2026 15:44,beauty,0,refund_req_301610,"16,92",reject,allergic_reaction
"1.131,97",agent_018,buyer_1332,0,8,purchase_103053,08.05.2026 18:46,luxury,0,refund_req_303053,"1.055,81",approve,damaged_item
"2.021,25",agent_026,buyer_0975,0,34,purchase_103004,05.05.2026 09:02,  electronics  ,0,refund_req_303004,"1.859,51",approve,
"206,72",agent_024,buyer_0131,0,85,purchase_100087,06.06.2026 18:17,clothing,1,refund_req_300087,"110,31",approve,item_not_as_described
"1.061,40",agent_025,buyer_0958,0,64,purchase_102814,10.06.2026 07:13,home,0,refund_req_302814,"576,45",approve, damaged_item 
"33,12",agent_102,buyer_0667,0,2,purchase_103551,18.05.2026 22:59,clothing,0,refund_req_303551,"22,87",approve,changed_mind
"1.001,11",agent_019,buyer_0877,1,27,purchase_103962,22.04.2026 19:27,appliances,1,refund_req_303962,"671,48",approve,not_working
"410,02",agent_010,buyer_0795,0,75,purchase_102854,18.06.2026 19:25,home,0,refund_req_302854,"163,55",reject,item_not_as_described
"1.022,78",agent_015,buyer_9001,0,12,purchase_104122,12.04.2026 20:20,home,1,refund_req_304122,"977,21",approve,damaged_item
"289,35",agent_003,buyer_1228,0,38,purchase_101027,18.05.2026 08:46,fashion,1,refund_req_301027,"62,16",approve,item_not_as_described
"993,57",agent_012,buyer_1228,0,71,purchase_102124,04.05.2026 11:31,appliances,1,refund_req_302124,"444,19",approve,damaged_item
"54,99",agent_029,buyer_1362,0,48,purchase_102179,24.04.2026 04:12,Fashion,,refund_req_302179,"37,04",approve,
"1.451,53",agent_014,buyer_0491,0,60,purchase_102853,06.05.2026 04:48,appliances,0,refund_req_302853,"599,08",approve,damaged_item
"145,37",agent_013,buyer_0950,0,50,purchase_100720,25.04.2026 08:08,sports,1,refund_req_300720,"82,19",approve,item_not_as_described
"26,05",agent_001,buyer_0798,0,41,purchase_100709,23.05.2026 18:17,books,,refund_req_300709,"16,35",approve,wrong_item_received
"256,34",agent_019,buyer_1477,0,43,purchase_101622,18.04.2026 08:37,clothing,1,refund_req_301622,"149,73",approve,wrong_size
"574,31",agent_001,buyer_1461,0,53,purchase_102518,21.05.2026 08:46,home,1,refund_req_302518,"470,89",approve,damaged_item
"600,17",agent_004,buyer_1351,0,96,purchase_102682,13.04.2026 10:49,fashion,1,refund_req_302682,"281,76",APPROVE,
"1.489,27",agent_017,buyer_1454,1,15,purchase_103291,15.06.2026 06:23,appliances,1,refund_req_303291,"1.489,27",approve,not_working
"57,86",agent_029,buyer_0501,0,65,purchase_100016,10.06.2026 18:13,clothing,0,refund_req_300016,"42,93",reject,item_not_as_described
"2.054,64",agent_006,buyer_0706,0,83,purchase_101002,02.05.2026 11:16,luxury,1,refund_req_301002,"937,18",approve,changed_mind
"75,59",agent_003,buyer_1068,0,44,purchase_102939,12.04.2026 06:12,beauty,0,refund_req_302939,"26,68",reject,changed_mind
"40,51",agent_026,buyer_1314,0,78,purchase_101999,29.04.2026 13:44,books,1,refund_req_301999,"21,64", reject ,damaged_item
"1.482,84",agent_019,buyer_1458,0,16,purchase_103239,11.06.2026 21:38,appliances,0,refund_req_303239,"1.262,11",approve, missing_part 
"63,45",agent_003,buyer_0896,0,41,purchase_101769,26.04.2026 19:07,home,1,refund_req_301769,"36,25",approve,damaged_item
"226,21",agent_103,buyer_0614,0,3,purchase_103684,03.04.2026 08:10,clothing,0,refund_req_303684,"216,65",approve, item_not_as_described 
"1.048,27",agent_010,buyer_1193,1,28,purchase_103921,02.04.2026 18:26,luxury,0,refund_req_303921,"734,83", approve ,damaged_item
"492,88",agent_101,buyer_0929,0,5,purchase_103584,03.04.2026 14:39,luxury,0,refund_req_303584,"415,47", approve ,  item_not_as_described  
"84,73",agent_701,buyer_0022,1,17,purchase_104389,23.04.2026 18:19,books,1,refund_req_304389,"60,11",approve,wrong_item_received
"1.152,52",agent_020,buyer_1910,0,44,purchase_100840,08.05.2026 22:21,electronics,1,refund_req_300840,"793,65",reject,item_not_as_described
"128,53",agent_005,buyer_1755,0,,purchase_100549,10.04.2026 08:38,beauty,,refund_req_300549,"51,39",approve,damaged_item
"1.102,19",agent_029,buyer_0003,1,,purchase_104079,19.05.2026 18:33,electronics,1,refund_req_304079,"808,39",approve,damaged_item
"248,98",agent_019,buyer_1717,0,81,purchase_101097,24.05.2026 21:26,clothing,0,refund_req_301097,"142,95",approve,changed_mind
"2.516,22",agent_020,buyer_0729,0,51,purchase_100465,30.05.2026 11:19,luxury,0,refund_req_300465,"1.669,22",reject,changed_mind
"940,94",agent_702,buyer_0246,0,14,purchase_104342,13.06.2026 10:47,sports,1,refund_req_304342,"874,53",approve,damaged_item
"971,20",agent_002,buyer_0180,0,,purchase_100335,20.06.2026 21:48,books,1,refund_req_300335,"353,26",approve,damaged_item
"953,42",agent_007,buyer_0107,0,46,purchase_103355,01.05.2026 03:23,appliances,1,refund_req_303355,"953,42",approve,damaged_item
"1.648,75",agent_102,buyer_0679,0,2,purchase_103773,28.04.2026 13:15,electronics,0,refund_req_303773,"1.132,43",approve,item_not_as_described
"1.200,90",agent_022,buyer_1498,0,45,purchase_102226,02.05.2026 02:20,beauty,0,refund_req_302226,"542,06",  approve  ,damaged_item
"1.937,09",agent_009,buyer_0835,1,16,purchase_104013,19.06.2026 06:11,electronics,0,refund_req_304013,"1.570,43",approve,not_working
"87,87",agent_025,buyer_0499,0,27,purchase_102597,06.06.2026 20:41, books ,0,refund_req_302597,"59,65",approve,wrong_item_received
"1.204,61",agent_103,buyer_0728,1,33,purchase_103240,07.06.2026 01:20,appliances,0,refund_req_303240,"760,84",approve,missing_part
"89,78",agent_012,buyer_0483,0,,purchase_100118,19.04.2026 12:41,fashion,1,refund_req_300118,"31,06",approve,item_not_as_described
"477,51",agent_103,buyer_9006,0,10,purchase_104159,07.04.2026 03:40,home,0,refund_req_304159,"310,58",approve,item_not_as_described
"1.906,42",agent_024,buyer_0906,0,70,purchase_102719,14.06.2026 05:26,electronics,0,refund_req_302719,"572,43",approve,item_not_as_described
"81,94",agent_004,buyer_1405,0,,purchase_100083,13.04.2026 06:37,books,1,refund_req_300083,"50,73",approve,wrong_item_received
"1.509,94",agent_012,buyer_0258,0,18,purchase_103514,26.04.2026 04:49,luxury,0,refund_req_303514,"1.509,94",approve,damaged_item
"939,51",agent_022,buyer_1427,0,54,purchase_102707,20.06.2026 23:22,luxury,1,refund_req_302707,"566,97",approve,changed_mind
"529,52",agent_028,buyer_1077,0,37,purchase_102967,05.04.2026 09:19,fashion,0,refund_req_302967,"425,01",approve,item_not_as_described
"438,56",agent_017,buyer_0211,0,77,purchase_100468,15.06.2026 22:06,  home  ,1,refund_req_300468,"118,21",approve,  missing_part  
"370,41",agent_024,buyer_0644,0,70,purchase_102875,02.06.2026 09:25,luxury,,refund_req_302875,"305,26",reject,damaged_item
"408,19",agent_802,buyer_8002,0,27,purchase_104640,19.06.2026 02:40,sports,0,refund_req_304640,"269,20",  approve  ,wrong_size
"29,90",agent_007,buyer_1131,0,64,purchase_102302,17.04.2026 08:05,beauty,1,refund_req_302302,"14,80",approve,damaged_item
"957,16",agent_002,buyer_1742,1,32,purchase_103911,04.04.2026 15:20,appliances,0,refund_req_303911,"746,14",approve,not_working
"1.207,57",agent_021,buyer_0528,0,94,purchase_100795,20.04.2026 23:13,appliances,1,refund_req_300795,"673,91",reject,damaged_item
"44,28",agent_024,buyer_1326,0,79,purchase_101071,31.05.2026 09:19,SPORTS,1,refund_req_301071,"33,25",approve,item_not_as_described
"192,61",agent_001,buyer_0758,0,85,purchase_101523,06.04.2026 22:52,home,0,refund_req_301523,"79,76",reject,damaged_item
"17,19",agent_017,buyer_1204,0,57,purchase_100712,19.06.2026 10:42,beauty,1,refund_req_300712,"3,68",reject,
"1.290,60",agent_016,buyer_0840,0,57,purchase_103504,12.05.2026 03:49,fashion,1,refund_req_303504,"1.290,60",approve,changed_mind
"1.807,23",agent_006,buyer_0367,0,49,purchase_101048,25.04.2026 11:42,luxury,0,refund_req_301048,"719,31",reject,damaged_item
"70,40",agent_010,buyer_1486,0,55,purchase_100787,11.06.2026 19:51,books,1,refund_req_300787,"38,50",Approve,damaged_item
"146,38",agent_028,buyer_0910,0,92,purchase_102593,16.04.2026 07:04,beauty,0,refund_req_302593,"66,90",approve,changed_mind
"85,43",agent_005,buyer_0956,0,48,purchase_102434,05.05.2026 00:46,books,1,refund_req_302434,"23,40", approve ,
"144,71",agent_017,buyer_1670,0,81,purchase_101294,15.04.2026 01:29,home,0,refund_req_301294,"122,17",reject,missing_part
"2.531,58",agent_002,buyer_1960,0,15,purchase_103273,19.05.2026 04:17,luxury,0,refund_req_303273,"2.531,58",approve,item_not_as_described
"493,54",agent_009,buyer_0155,0,58,purchase_101695,30.05.2026 01:42,appliances,1,refund_req_301695,"293,84",approve,damaged_item
"545,68",agent_030,buyer_0248,0,48,purchase_100578,11.05.2026 19:14,fashion,1,refund_req_300578,"445,98",reject,wrong_size
"100,44",agent_003,buyer_9001,0,9,purchase_104234,19.06.2026 20:27,clothing,0,refund_req_304234,"92,57",approve,changed_mind
"1.444,36",agent_007,buyer_0523,1,9,purchase_103888,20.06.2026 10:28,appliances,0,refund_req_303888,"1.051,43",approve,not_working
"32,85",agent_001,buyer_0692,0,42,purchase_100279,18.04.2026 18:15,books,1,refund_req_300279,"12,56",approve,wrong_item_received
"1.256,25",agent_016,buyer_1333,0,60,purchase_102755,09.04.2026 20:25,appliances,0,refund_req_302755,"560,30",reject,missing_part
"77,44",agent_001,buyer_0837,0,52,purchase_102389,13.06.2026 15:25,clothing,0,refund_req_302389,"55,93",reject, changed_mind 
"1.240,86",agent_023,buyer_0582,0,77,purchase_101275,09.05.2026 06:18,beauty,0,refund_req_301275,"784,54",reject,damaged_item
"481,23",agent_016,buyer_1939,0,78,purchase_100914,30.04.2026 08:43,fashion,,refund_req_300914,"128,80",approve, changed_mind 
"49,90",agent_003,buyer_1054,0,59,purchase_100352,13.05.2026 11:52,beauty,0,refund_req_300352,"16,04",approve,allergic_reaction
"2.562,52",agent_018,buyer_0124,0,73,purchase_101415,11.06.2026 19:53,luxury,,refund_req_301415,"1.774,67",approve,item_not_as_described
"80,69",agent_029,buyer_0696,0,30,purchase_101154,27.04.2026 05:38,books,1,refund_req_301154,"19,75",approve,damaged_item
"416,92",agent_701,buyer_1783,0,28,purchase_104413,23.05.2026 00:36,fashion,0,refund_req_304413,"404,24",approve,changed_mind
"233,53",agent_026,buyer_1508,0,37,purchase_100879,16.05.2026 18:16,sports,1,refund_req_300879,"99,95",approve,damaged_item
"291,41",agent_029,buyer_1786,0,30,purchase_100729,06.05.2026 10:11,sports,1,refund_req_300729,"176,56",reject,damaged_item
"136,83",agent_001,buyer_0615,0,65,purchase_102911,20.04.2026 11:54,clothing,1,refund_req_302911,"93,95",approve,changed_mind
"523,79",agent_005,buyer_0659,0,93,purchase_100505,23.04.2026 07:46,fashion,,refund_req_300505,"364,95",reject,wrong_size
"161,38",agent_008,buyer_0801,0,50,purchase_102846,06.04.2026 01:52,beauty,0,refund_req_302846,"113,93",approve,allergic_reaction
"2.675,39",agent_009,buyer_0918,0,16,purchase_103264,15.06.2026 05:33,luxury,1,refund_req_303264,"2.675,39",  approve  ,damaged_item
"58,90",agent_011,buyer_1544,0,66,purchase_100862,04.06.2026 05:52,sports,1,refund_req_300862,"41,44",approve,
"76,40",agent_017,buyer_0335,0,34,purchase_101185,03.06.2026 21:40,clothing,1,refund_req_301185,"52,76",reject,changed_mind
"158,10",agent_015,buyer_1243,0,50,purchase_100355,20.06.2026 06:30,beauty,,refund_req_300355,"49,15",reject,changed_mind
"42,68",agent_029,buyer_0548,0,30,purchase_100524,01.06.2026 02:09,books,1,refund_req_300524,"10,05",approve,changed_mind
"358,07",agent_103,buyer_0943,0,5,purchase_103642,20.06.2026 11:23,sports,1,refund_req_303642,"266,50",approve,item_not_as_described
"2.216,30",agent_013,buyer_0090,0,91,purchase_100985,18.06.2026 05:34,luxury,1,refund_req_300985,"838,23",approve,item_not_as_described
"153,31",agent_026,buyer_1200,0,59,purchase_101862,22.05.2026 13:44,clothing,1,refund_req_301862,"47,86",reject,wrong_size
"2.700,07",agent_022,buyer_0600,0,85,purchase_102277,27.05.2026 03:38,luxury,0,refund_req_302277,"1.738,87",approve,changed_mind
"31,88",agent_009,buyer_0366,0,57,purchase_100978,19.06.2026 06:49,beauty,,refund_req_300978,"22,89",approve,damaged_item
"1.020,36",agent_021,buyer_0724,0,,purchase_103106,26.04.2026 23:28,electronics,0,refund_req_303106,"707,06",approve,item_not_as_described
"1.595,63",agent_901,buyer_9903,1,7,purchase_104830,09.06.2026 18:36,electronics,0,refund_req_304830,"1.480,85",approve,not_working
"86,29",agent_006,buyer_1844,0,40,purchase_100699,01.05.2026 13:23,beauty,0,refund_req_300699,"38,83",approve,allergic_reaction
"84,81",agent_002,buyer_0371,0,43,purchase_102444,13.06.2026 02:23,beauty,1,refund_req_302444,"22,56",approve,damaged_item
"544,68",agent_103,buyer_0114,1,1,purchase_103738,13.06.2026 01:02,fashion,0,refund_req_303738,"298,79",approve,changed_mind
"174,91",agent_023,buyer_0774,0,56,purchase_100635,25.05.2026 22:03,home,0,refund_req_300635,"72,26",approve,missing_part
"1.664,33",agent_009,buyer_1996,1,,purchase_103868,14.05.2026 08:05,electronics,1,refund_req_303868,"1.359,45",approve,missing_accessory
"456,26",agent_803,buyer_8003,0,9,purchase_104569,13.04.2026 02:00,fashion,0,refund_req_304569,"373,42",approve,wrong_size
"236,20",agent_012,buyer_1986,0,53,purchase_100569,07.04.2026 18:08,SPORTS,0,refund_req_300569,"177,33",approve,item_not_as_described
"736,14",agent_023,buyer_0972,0,61,purchase_101116,04.05.2026 21:42,appliances,0,refund_req_301116,"193,10",approve,  damaged_item  
"1.053,98",agent_028,buyer_0469,0,29,purchase_103260,01.06.2026 13:58,fashion,0,refund_req_303260,"1.053,98", approve ,changed_mind
"174,44",agent_024,buyer_0816,0,40,purchase_102667,05.05.2026 08:55,home,0,refund_req_302667,"92,32",approve,damaged_item
"48,55",agent_008,buyer_1781,0,41,purchase_101094,06.05.2026 16:35,books,1,refund_req_301094,"31,85",approve,wrong_item_received
"1.497,06",agent_012,buyer_1165,0,85,purchase_102320,18.04.2026 02:48,electronics,0,refund_req_302320,"916,49",reject,missing_accessory
"299,49",agent_010,buyer_9003,0,62,purchase_104156,18.06.2026 18:09,electronics,0,refund_req_304156,"257,50",approve,not_working
"954,17",agent_019,buyer_1109,1,15,purchase_103907,17.05.2026 19:51,electronics,0,refund_req_303907,"906,72",approve,damaged_item
"991,68",agent_013,buyer_9004,0,55,purchase_104149,22.04.2026 13:40,electronics,0,refund_req_304149,"984,27",approve,  not_working  
"1.049,11",agent_029,buyer_1422,0,53,purchase_101882,23.04.2026 03:41,sports,1,refund_req_301882,"562,74",approve,wrong_size
"1.376,29",agent_022,buyer_1075,0,65,purchase_101828,16.06.2026 23:20,electronics,1,refund_req_301828,"404,79",approve,not_working
"57,20",agent_015,buyer_1550,0,118,purchase_102829,14.05.2026 05:46,books,1,refund_req_302829,"44,34",  approve  ,changed_mind
"518,72",agent_015,buyer_1510,0,29,purchase_101687,23.05.2026 00:27,home,0,refund_req_301687,"281,89",approve,item_not_as_described
"1.659,81",agent_703,buyer_1461,0,27,purchase_104418,17.05.2026 19:05,appliances,0,refund_req_304418,"1.586,38",approve,
"1.357,99",agent_019,buyer_0108,0,62,purchase_102171,08.06.2026 09:31,electronics,1,refund_req_302171,"478,85",approve,not_working
"1.440,08",agent_016,buyer_1770,0,38,purchase_103133,15.04.2026 20:43,luxury,0,refund_req_303133,"974,29",approve,damaged_item
"255,83",agent_010,buyer_0255,0,50,purchase_100704,28.04.2026 09:10,home,0,refund_req_300704,"64,07",reject,damaged_item
"1.300,29",agent_006,buyer_1252,0,69,purchase_100308,15.04.2026 22:02,  luxury  ,0,refund_req_300308,"284,41",approve,item_not_as_described
"283,84",agent_018,buyer_0646,0,57,purchase_102910,14.04.2026 10:03,fashion,0,refund_req_302910,"196,80",approve,item_not_as_described
"374,28",agent_803,buyer_8003,0,7,purchase_104677,22.05.2026 16:20,sports,0,refund_req_304677,"336,59",approve,damaged_item
"1.078,43",agent_802,buyer_8002,0,15,purchase_104622,03.05.2026 18:17,  fashion  ,,refund_req_304622,"693,88",approve,changed_mind
"940,37",agent_028,buyer_0469,0,73,purchase_101815,08.05.2026 21:47,books,1,refund_req_301815,"745,28",approve,changed_mind
"1.558,93",agent_029,buyer_1109,0,59,purchase_102747,12.05.2026 16:59, electronics ,1,refund_req_302747,"818,00",approve,damaged_item
"1.379,24",agent_803,buyer_8003,0,23,purchase_104701,28.05.2026 22:23,electronics,0,refund_req_304701,"1.080,62",approve,damaged_item
"44,56",agent_028,buyer_0740,0,,purchase_101058,04.05.2026 16:42,books,1,refund_req_301058,"34,53",approve,damaged_item
"25,86",agent_001,buyer_1800,0,75,purchase_101772,22.05.2026 23:28,books,1,refund_req_301772,"6,20",approve,wrong_item_received
"1.882,92",agent_001,buyer_1142,0,29,purchase_103082,01.05.2026 12:24,luxury,0,refund_req_303082,"1.193,15",approve,item_not_as_described
"1.235,88",agent_011,buyer_0158,0,40,purchase_103126,17.05.2026 14:09,luxury,0,refund_req_303126,"1.087,49",approve,changed_mind
"155,10",agent_007,buyer_1542,0,79,purchase_102138,17.06.2026 21:50,beauty,0,refund_req_302138,"99,14",approve,changed_mind
"1.325,84",agent_030,buyer_0043,1,29,purchase_103953,22.04.2026 06:35,appliances,0,refund_req_303953,"1.026,22",approve,damaged_item
"259,69",agent_024,buyer_0996,0,52,purchase_102480,12.04.2026 14:45,sports,0,refund_req_302480,"183,11",approve,wrong_size
"1.088,30",agent_703,buyer_1204,0,24,purchase_104400,10.06.2026 20:11,sports,1,refund_req_304400,"1.063,19",approve,wrong_size
"227,77",agent_012,buyer_1682,0,56,purchase_101258,04.06.2026 13:39,sports,,refund_req_301258,"183,83",reject,damaged_item
"1.537,36",agent_102,buyer_0240,1,5,purchase_103598,20.04.2026 14:29,appliances,1,refund_req_303598,"942,95",approve,damaged_item
"434,67",agent_027,buyer_0670,0,93,purchase_101280,22.04.2026 16:33,home,0,refund_req_301280,"272,96",reject,item_not_as_described
"79,59",agent_020,buyer_0134,0,106,purchase_102718,26.05.2026 21:31,beauty,1,refund_req_302718,"57,15",approve, allergic_reaction 
"991,69",agent_008,buyer_1953,0,46,purchase_101568,06.06.2026 14:22,electronics,1,refund_req_301568,"716,66",approve,damaged_item
"65,17",agent_024,buyer_0866,0,59,purchase_102285,02.05.2026 15:56,beauty,1,refund_req_302285,"24,95",approve,changed_mind
"1.020,64",agent_019,buyer_1473,0,43,purchase_100926,07.05.2026 07:17,appliances,0,refund_req_300926,"311,97",approve,not_working
"2.026,61",agent_902,buyer_9906,1,5,purchase_104769,03.05.2026 18:52,Electronics,0,refund_req_304769,"1.770,28",approve,
"1.164,60",agent_702,buyer_1193,1,39,purchase_104387,14.06.2026 19:16,luxury,1,refund_req_304387,"1.079,11",approve,changed_mind
"199,57",agent_006,buyer_0985,0,50,purchase_102781,02.04.2026 18:13,fashion,0,refund_req_302781,"97,04",approve,wrong_size
"1.619,74",agent_007,buyer_0675,0,80,purchase_102329,23.04.2026 03:26,electronics,0,refund_req_302329,"593,84",reject,
"479,72",agent_025,buyer_0801,0,46,purchase_101608,17.04.2026 20:44,fashion,0,refund_req_301608,"283,33",approve,  changed_mind  
"85,86",agent_009,buyer_0280,0,73,purchase_102273,20.05.2026 01:37,books,,refund_req_302273,"29,02",approve,changed_mind
"1.161,15",agent_102,buyer_1126,0,30,purchase_103501,07.04.2026 19:01,appliances,0,refund_req_303501,"1.161,15",approve,missing_part
"328,73",agent_019,buyer_0373,0,79,purchase_101368,20.06.2026 05:21,sports,0,refund_req_301368,"162,56",approve,damaged_item
"346,58",agent_010,buyer_0185,0,80,purchase_100583,23.05.2026 09:09,sports,1,refund_req_300583,"136,32",reject,damaged_item
"976,31",agent_101,buyer_1368,1,38,purchase_103323,15.06.2026 02:39,fashion,0,refund_req_303323,"976,31",approve,changed_mind
"410,16",agent_009,buyer_0467,0,29,purchase_101172,16.05.2026 11:37, fashion ,0,refund_req_301172,"215,10",approve,changed_mind
"1.740,93",agent_013,buyer_0458,0,34,purchase_103279,17.05.2026 22:21,electronics,0,refund_req_303279,"1.740,93",approve,missing_accessory
"128,81",agent_014,buyer_1961,0,67,purchase_101320,08.06.2026 10:28,BEAUTY,1,refund_req_301320,"34,40",reject,allergic_reaction
"1.073,92",agent_011,buyer_1332,0,,purchase_101485,01.06.2026 10:13,appliances,,refund_req_301485,"416,63",approve,damaged_item
"93,28",agent_008,buyer_1482,0,45,purchase_100689,11.04.2026 18:41,beauty,0,refund_req_300689,"49,93",reject,changed_mind
"2.121,83",agent_103,buyer_1686,0,4,purchase_103679,23.05.2026 00:06,electronics,0,refund_req_303679,"1.303,55",approve,damaged_item
"1.369,55",agent_018,buyer_0256,1,27,purchase_103992,01.06.2026 01:18,luxury,,refund_req_303992,"983,36",approve,changed_mind
"546,58",agent_029,buyer_0080,1,24,purchase_102642,08.05.2026 00:19,fashion,1,refund_req_302642,"167,85",approve,item_not_as_described
"733,18",agent_025,buyer_0255,0,40,purchase_102900,26.05.2026 05:51,luxury,1,refund_req_302900,"163,84",approve,damaged_item
"448,94",agent_001,buyer_1490,0,41,purchase_102115,18.04.2026 15:59,sports,1,refund_req_302115,"326,71",approve,damaged_item
"1.797,48",agent_030,buyer_1813,0,57,purchase_101379,18.06.2026 19:25,appliances,0,refund_req_301379,"495,94", reject ,not_working
"1.455,05",agent_003,buyer_0037,0,63,purchase_101175,07.05.2026 02:56,luxury,1,refund_req_301175,"489,11",APPROVE,changed_mind
"254,54",agent_026,buyer_1373,0,83,purchase_102897,07.06.2026 22:12,fashion,1,refund_req_302897,"58,97",approve,item_not_as_described
"1.536,22",agent_010,buyer_0626,0,70,purchase_101675,28.05.2026 05:47,appliances,1,refund_req_301675,"979,98", approve ,missing_part
"1.141,19",agent_017,buyer_1622,0,103,purchase_100731,25.05.2026 19:29,beauty,0,refund_req_300731,"960,29",reject,damaged_item
"1.090,57",agent_021,buyer_0463,0,33,purchase_103446,04.06.2026 00:16,appliances,1,refund_req_303446,"1.090,57",approve,missing_part
"687,37",agent_013,buyer_1700,0,91,purchase_102195,02.04.2026 01:20,appliances,0,refund_req_302195,"206,39",reject,
"242,68",agent_702,buyer_2000,0,22,purchase_104354,26.04.2026 04:41,fashion,0,refund_req_304354,"170,50",approve,changed_mind
"2.001,85",agent_103,buyer_1077,0,4,purchase_103565,10.04.2026 13:09,electronics,0,refund_req_303565,"1.648,75",  approve  ,damaged_item
"191,63",agent_024,buyer_0133,0,84,purchase_101798,03.04.2026 19:51,home,0,refund_req_301798,"138,14",approve,missing_part
"1.439,52",agent_021,buyer_0335,1,30,purchase_103980,30.04.2026 13:36,appliances,0,refund_req_303980,"1.168,38",approve,missing_part
"168,92",agent_029,buyer_0567,0,71,purchase_102773,06.04.2026 15:01,beauty,1,refund_req_302773,"51,86",approve,allergic_reaction
"1.754,63",agent_014,buyer_0179,0,52,purchase_101611,21.05.2026 04:43,appliances,1,refund_req_301611,"886,44",approve,damaged_item
"142,74",agent_801,buyer_8001,0,,purchase_104639,02.06.2026 06:53,beauty,0,refund_req_304639,"115,55",approve,changed_mind
"88,88",agent_802,buyer_8002,0,13,purchase_104559,20.05.2026 19:06,beauty,0,refund_req_304559,"66,15",APPROVE,allergic_reaction
"147,16",agent_015,buyer_0207,0,80,purchase_102705,14.06.2026 06:29,beauty,0,refund_req_302705,"90,81",approve,changed_mind
"1.417,94",agent_027,buyer_1174,0,68,purchase_102507,17.04.2026 14:42,appliances,0,refund_req_302507,"916,40",reject,missing_part
"1.522,25",agent_007,buyer_1263,0,,purchase_100844,22.05.2026 18:51,appliances,1,refund_req_300844,"1.097,34",approve,missing_part
"24,21",agent_012,buyer_1050,0,,purchase_100543,16.05.2026 13:34,clothing,1,refund_req_300543,"8,93",approve,changed_mind
"1.373,60",agent_012,buyer_0495,1,30,purchase_103452,10.05.2026 21:54,appliances,0,refund_req_303452,"1.373,60",approve,not_working
"1.333,51",agent_001,buyer_0401,0,64,purchase_102379,02.04.2026 22:23,appliances,0,refund_req_302379,"940,81",reject,  damaged_item  
"177,57",agent_030,buyer_1169,0,76,purchase_102918,18.04.2026 10:32,Beauty,0,refund_req_302918,"41,45",approve,allergic_reaction
"19,11",agent_701,buyer_1666,0,30,purchase_104365,24.05.2026 03:14,books,1,refund_req_304365,"15,40",approve,wrong_item_received
"1.470,81",agent_006,buyer_0611,0,37,purchase_103505,17.05.2026 14:59,electronics,0,refund_req_303505,"1.470,81",approve,item_not_as_described
"1.920,42",agent_701,buyer_0604,0,20,purchase_104548,06.04.2026 12:14,electronics,1,refund_req_304548,"982,92",APPROVE,
"1.152,77",agent_011,buyer_1955,0,51,purchase_102205,12.05.2026 11:12,sports,1,refund_req_302205,"553,79",approve,item_not_as_described
"921,92",agent_030,buyer_0319,1,,purchase_102301,10.05.2026 23:23,home,0,refund_req_302301,"224,67",reject,missing_part
"2.765,07",agent_001,buyer_0383,0,31,purchase_100694,19.05.2026 01:41,luxury,1,refund_req_300694,"1.246,58",approve,damaged_item
"2.062,59",agent_021,buyer_1468,0,39,purchase_103526,06.04.2026 01:16,  luxury  ,0,refund_req_303526,"2.062,59",approve,damaged_item
"1.596,67",agent_102,buyer_604,1,25,purchase_1025,05.06.2026 10:30,electronics,0,refund_req_3025,"1.330,79",approve,missing_accessory
"1.109,04",agent_012,buyer_0459,0,63,purchase_103475,20.05.2026 17:08,fashion,0,refund_req_303475,"1.109,04",APPROVE,item_not_as_described
"433,19",agent_016,buyer_1565,0,93,purchase_102055,24.05.2026 18:14,sports,1,refund_req_302055,"190,74", approve ,wrong_size
"655,98",agent_029,buyer_0044,0,39,purchase_101063,30.04.2026 03:56,appliances,1,refund_req_301063,"397,13",approve,  damaged_item  
"1.031,78",agent_004,buyer_9003,0,56,purchase_104284,28.04.2026 11:34,electronics,0,refund_req_304284,"630,79",approve,item_not_as_described
"1.939,17",agent_001,buyer_1458,0,61,purchase_103527,01.04.2026 20:26,luxury,0,refund_req_303527,"1.939,17",approve,changed_mind
"1.754,54",agent_022,buyer_0694,0,27,purchase_103024,13.05.2026 09:28,appliances,0,refund_req_303024,"1.055,72",  approve  ,missing_part
"1.064,54",agent_010,buyer_0464,0,49,purchase_101637,19.04.2026 15:39,luxury,0,refund_req_301637,"496,55",approve,damaged_item
"158,21",agent_001,buyer_9001,0,57,purchase_104170,27.05.2026 02:57,beauty,0,refund_req_304170,"116,82",approve,damaged_item
"152,30",agent_002,buyer_1282,0,65,purchase_102769,14.04.2026 20:40,home,0,refund_req_302769,"98,17",reject,missing_part
"517,89",agent_802,buyer_8002,0,26,purchase_104691,18.05.2026 10:08,fashion,1,refund_req_304691,"382,13",approve,item_not_as_described
"854,45",agent_026,buyer_1075,0,51,purchase_100177,09.05.2026 12:55, Appliances ,0,refund_req_300177,"253,76",approve,damaged_item
"1.827,04",agent_007,buyer_1203,0,69,purchase_100191,09.06.2026 19:19,electronics,0,refund_req_300191,"1.340,29", reject ,damaged_item
"1.154,58",agent_902,buyer_9904,1,3,purchase_104939,14.06.2026 03:03,  appliances  ,,refund_req_304939,"1.010,97",approve,not_working
"1.215,87",agent_009,buyer_0280,0,84,purchase_100576,03.04.2026 09:53,home,1,refund_req_300576,"462,70",approve,
"162,56",agent_018,buyer_9008,0,20,purchase_104217,06.06.2026 10:49,clothing,0,refund_req_304217,"94,75",approve,wrong_size
"364,08",agent_010,buyer_1520,0,65,purchase_101763,20.06.2026 20:03,sports,1,refund_req_301763,"185,10",approve, wrong_size 
"1.260,68",agent_026,buyer_1103,0,86,purchase_101544,12.06.2026 06:39,sports,1,refund_req_301544,"846,52",approve,wrong_size
"981,01",agent_101,buyer_0761,0,4,purchase_103626,02.05.2026 22:44,luxury,0,refund_req_303626,"834,91",approve,  damaged_item  
"177,98",agent_029,buyer_0070,0,24,purchase_100856,15.04.2026 14:08,home,0,refund_req_300856,"83,01",approve,item_not_as_described
"23,23",agent_703,buyer_0136,0,6,purchase_104325,27.05.2026 11:08,books,1,refund_req_304325,"11,81",approve,changed_mind
"1.729,35",agent_702,buyer_1286,0,25,purchase_104477,29.04.2026 10:54,luxury,1,refund_req_304477,"1.029,24",approve,changed_mind
"455,25",agent_024,buyer_1304,0,66,purchase_101393,01.05.2026 21:49,fashion,0,refund_req_301393,"385,33",approve,changed_mind
"166,03",agent_101,buyer_0909,0,3,purchase_103609,13.04.2026 03:34,beauty,0,refund_req_303609,"160,65",approve,allergic_reaction
"993,97",agent_007,buyer_1528,0,57,purchase_100836,13.06.2026 08:29,electronics,1,refund_req_300836,"551,61",approve,missing_accessory
"1.065,99",agent_023,buyer_9004,0,69,purchase_104221,29.05.2026 17:30,beauty,0,refund_req_304221,"616,29",approve,changed_mind
"304,01",agent_024,buyer_0100,0,46,purchase_100318,17.04.2026 11:32,fashion,0,refund_req_300318,"176,43",reject,wrong_size
"155,26",agent_019,buyer_0271,0,46,purchase_100529,19.04.2026 20:03,sports,1,refund_req_300529,"110,70",approve,
"160,56",agent_018,buyer_0903,0,41,purchase_102723,13.05.2026 21:16,beauty,0,refund_req_302723,"109,78",reject,damaged_item
"204,64",agent_018,buyer_9003,0,23,purchase_104300,24.05.2026 18:17,clothing,0,refund_req_304300,"183,71",approve,wrong_size
"1.005,79",agent_801,buyer_8001,0,26,purchase_104612,01.05.2026 00:14,fashion,1,refund_req_304612,"938,81",approve,item_not_as_described
"716,05",agent_006,buyer_1824,0,87,purchase_101416,15.06.2026 01:17,appliances,0,refund_req_301416,"519,79",reject,not_working
"1.111,59",agent_001,buyer_0063,0,34,purchase_102533,02.06.2026 21:53,luxury,1,refund_req_302533,"792,24",approve,changed_mind
"51,46",agent_028,buyer_1881,0,81,purchase_101546,26.04.2026 04:04,books,1,refund_req_301546,"23,86",approve,wrong_item_received
"265,89",agent_028,buyer_1169,0,33,purchase_102295,12.04.2026 04:28,electronics,0,refund_req_302295,"180,31",reject,missing_accessory
"74,40",agent_801,buyer_8001,0,13,purchase_104594,17.06.2026 23:21,beauty,0,refund_req_304594,"67,90",approve,damaged_item
"2.512,39",agent_028,buyer_0279,1,24,purchase_102976,17.05.2026 07:31,luxury,0,refund_req_302976,"1.761,05",approve,
"644,31",agent_025,buyer_1401,0,69,purchase_100831,28.05.2026 22:19,electronics,1,refund_req_300831,"202,62",approve,not_working
"2.181,05",agent_007,buyer_1727,1,17,purchase_103896,24.04.2026 20:23,luxury,0,refund_req_303896,"1.867,91",APPROVE,changed_mind
"119,45",agent_008,buyer_0720,0,27,purchase_101117,11.06.2026 10:01,beauty,0,refund_req_301117,"50,27",reject,allergic_reaction
"342,74",agent_021,buyer_9008,0,58,purchase_104249,06.04.2026 04:48,sports,0,refund_req_304249,"222,89",approve,wrong_size
"61,16",agent_021,buyer_0949,0,113,purchase_102574,08.06.2026 23:11,beauty,1,refund_req_302574,"30,28",approve,changed_mind
"396,20",agent_010,buyer_1084,0,76,purchase_101726,07.06.2026 18:12,home,1,refund_req_301726,"312,90",approve,damaged_item
"119,58",agent_803,buyer_8003,0,23,purchase_104590,07.04.2026 15:02,sports,1,refund_req_304590,"75,42",approve,item_not_as_described
"61,74",agent_007,buyer_0657,0,73,purchase_100422,06.04.2026 15:58,books,1,refund_req_300422,"43,24",approve,damaged_item
"643,67",agent_011,buyer_0095,0,,purchase_102767,27.05.2026 21:32,electronics,1,refund_req_302767,"281,66",approve,item_not_as_described
"61,34",agent_029,buyer_0534,0,,purchase_101191,27.04.2026 14:18,books,0,refund_req_301191,"30,28",approve,changed_mind
"308,33",agent_006,buyer_0891,0,43,purchase_101623,20.04.2026 18:29,sports,0,refund_req_301623,"75,92",reject,  wrong_size  
"54,86",agent_007,buyer_1395,0,80,purchase_101940,07.04.2026 19:42,clothing,1,refund_req_301940,"24,87",approve,
"495,63",agent_003,buyer_0117,0,41,purchase_100918,17.06.2026 21:34,electronics,0,refund_req_300918,"113,21",approve,damaged_item
"32,37",agent_018,buyer_1484,0,53,purchase_100179,01.06.2026 15:07,clothing,1,refund_req_300179,"14,41",approve,
"1.846,60",agent_016,buyer_1416,0,110,purchase_102063,04.04.2026 02:58,electronics,1,refund_req_302063,"374,20", Approve ,item_not_as_described
"2.062,51",agent_009,buyer_1056,0,25,purchase_103417,02.04.2026 08:29,electronics,0,refund_req_303417,"2.062,51",approve,not_working
"239,55",agent_103,buyer_0986,0,5,purchase_103564,05.06.2026 05:47,home,1,refund_req_303564,"136,71",approve,missing_part
"83,91",agent_018,buyer_0338,0,,purchase_100506,04.04.2026 00:37,books,1,refund_req_300506,"19,00",approve,changed_mind
"56,75",agent_004,buyer_0126,0,60,purchase_100976,06.05.2026 17:42,books,0,refund_req_300976,"13,81",reject,damaged_item
"898,46",agent_028,buyer_1026,0,63,purchase_100721,15.06.2026 10:25,electronics,1,refund_req_300721,"415,95",approve,
"17,26",agent_028,buyer_0593,0,72,purchase_101663,25.04.2026 14:39,books,0,refund_req_301663,"5,43",reject,damaged_item
"1.810,85",agent_902,buyer_9905,1,2,purchase_104841,20.05.2026 17:55,electronics,0,refund_req_304841,"1.870,13",approve,damaged_item
"1.095,11",agent_801,buyer_8001,0,9,purchase_104693,08.06.2026 11:10,electronics,0,refund_req_304693,"993,16",approve,missing_accessory
"1.077,53",agent_012,buyer_0224,0,80,purchase_100932,24.05.2026 10:26,beauty,,refund_req_300932,"573,43",approve,damaged_item
"357,87",agent_019,buyer_0588,0,62,purchase_101585,17.06.2026 14:26,sports,0,refund_req_301585,"141,48",approve,damaged_item
"278,45",agent_020,buyer_1162,0,100,purchase_100434,18.05.2026 14:16,sports,1,refund_req_300434,"97,48",approve,damaged_item
"297,97",agent_003,buyer_1602,0,40,purchase_101083,10.06.2026 18:05,sports,1,refund_req_301083,"246,45",  approve  ,damaged_item
"139,60",agent_027,buyer_0977,0,62,purchase_101314,30.04.2026 02:49,sports,1,refund_req_301314,"71,51",approve,  wrong_size  
"2.477,22",agent_003,buyer_0577,1,15,purchase_103994,12.06.2026 01:59,luxury,0,refund_req_303994,"2.191,96",approve,changed_mind
"228,74",agent_017,buyer_1015,0,56,purchase_102178,27.05.2026 02:35,clothing,0,refund_req_302178,"64,37", approve ,wrong_size
"242,57",agent_018,buyer_0192,0,54,purchase_101333,13.04.2026 01:40,fashion,1,refund_req_301333,"69,99",approve,wrong_size
"89,44",agent_014,buyer_1765,0,69,purchase_102245,23.04.2026 22:08,books,1,refund_req_302245,"29,52",approve,damaged_item
"229,03",agent_011,buyer_9004,1,11,purchase_104173,23.04.2026 19:43,fashion,1,refund_req_304173,"225,96",approve,changed_mind
"1.129,09",agent_005,buyer_0253,0,84,purchase_100339,28.04.2026 22:05,FASHION,1,refund_req_300339,"515,04",approve,wrong_size
"1.180,37",agent_012,buyer_0196,0,,purchase_101859,06.05.2026 09:57,appliances,0,refund_req_301859,"279,93", approve ,missing_part
"1.033,61",agent_019,buyer_0840,1,8,purchase_103831,03.04.2026 09:05,electronics,0,refund_req_303831,"959,48",approve,item_not_as_described
"100,91",agent_102,buyer_1461,0,5,purchase_103605,04.06.2026 07:41,clothing,0,refund_req_303605,"58,08",approve,changed_mind
"1.183,48",agent_004,buyer_1678,0,70,purchase_102446,07.04.2026 17:19,books,1,refund_req_302446,"517,97",approve,damaged_item
"639,78",agent_017,buyer_9004,0,12,purchase_104141,18.04.2026 23:06,fashion,1,refund_req_304141,"547,02",approve,item_not_as_described
"44,79",agent_002,buyer_9005,0,56,purchase_104262,23.05.2026 08:42,beauty,1,refund_req_304262,"37,07",approve,
"77,65",agent_009,buyer_0579,0,80,purchase_102966,31.05.2026 07:50,books,0,refund_req_302966,"38,25",  reject  ,changed_mind
"386,87",agent_019,buyer_0673,0,53,purchase_101638,14.04.2026 08:16,electronics,1,refund_req_301638,"259,17",reject,missing_accessory
"1.298,39",agent_019,buyer_1746,0,,purchase_103271,30.05.2026 00:23,luxury,0,refund_req_303271,"1.298,39",approve,damaged_item
"59,05",agent_026,buyer_1027,0,78,purchase_102347,29.04.2026 03:00,home,0,refund_req_302347,"49,47",reject,missing_part
"1.008,44",agent_030,buyer_9007,0,41,purchase_104256,01.05.2026 06:38,home,0,refund_req_304256,"513,92",approve,missing_part
"1.868,60",agent_018,buyer_0068,0,,purchase_101904,26.04.2026 06:57,electronics,1,refund_req_301904,"665,35",  approve  ,damaged_item
"2.034,51",agent_020,buyer_0148,0,67,purchase_102033,02.05.2026 19:57,luxury,1,refund_req_302033,"772,00",approve,item_not_as_described
"385,14",agent_003,buyer_1249,0,62,purchase_100072,04.05.2026 06:45,home,1,refund_req_300072,"137,32",reject,missing_part
"1.715,48",agent_103,buyer_0402,1,35,purchase_103954,22.04.2026 08:20,electronics,1,refund_req_303954,"1.285,45",approve,item_not_as_described
"13,54",agent_019,buyer_1265,0,73,purchase_100903,12.05.2026 15:54,books,1,refund_req_300903,"2,97",REJECT,changed_mind
"1.087,53",agent_001,buyer_0686,1,13,purchase_103971,13.05.2026 07:19,electronics,1,refund_req_303971,"837,97",approve,not_working
"2.346,30",agent_005,buyer_1709,0,49,purchase_101208,10.05.2026 16:15,luxury,0,refund_req_301208,"1.561,54",reject,item_not_as_described
"1.255,62",agent_023,buyer_0782,0,67,purchase_102265,08.06.2026 21:05,appliances,,refund_req_302265,"1.066,44",approve,missing_part
"629,82",agent_010,buyer_9008,0,28,purchase_104145,11.06.2026 23:27,electronics,1,refund_req_304145,"447,42",approve,missing_accessory
"1.084,00",agent_001,buyer_0207,1,35,purchase_103280,13.05.2026 00:44,fashion,0,refund_req_303280,"1.084,00",approve,item_not_as_described
"2.485,22",agent_901,buyer_9901,1,4,purchase_104906,11.05.2026 01:27,luxury,0,refund_req_304906,"2.502,52", approve ,changed_mind
"1.606,36",agent_021,buyer_0952,0,24,purchase_103223,03.04.2026 22:45,luxury,0,refund_req_303223,"1.405,43",approve,item_not_as_described
"1.389,65",agent_022,buyer_1944,0,56,purchase_103420,27.05.2026 04:11,electronics,1,refund_req_303420,"1.389,65",approve,damaged_item
"109,99",agent_002,buyer_9004,0,67,purchase_104125,26.04.2026 17:21,beauty,0,refund_req_304125,"58,18",approve,
"109,37",agent_010,buyer_1091,0,73,purchase_102309,09.04.2026 16:48,beauty,1,refund_req_302309,"60,81",reject,allergic_reaction
"1.042,19",agent_010,buyer_1505,0,52,purchase_102596,24.04.2026 16:49,home,1,refund_req_302596,"381,51",approve,item_not_as_described
"191,26",agent_003,buyer_1124,0,34,purchase_100703,17.06.2026 11:25,clothing,1,refund_req_300703,"92,67",approve,wrong_size
"2.198,97",agent_002,buyer_0415,0,76,purchase_101801,05.04.2026 08:27,electronics,,refund_req_301801,"728,01",approve,not_working
"649,64",agent_801,buyer_8001,0,12,purchase_104564,20.04.2026 13:34,fashion,0,refund_req_304564,"584,26",approve,changed_mind
"1.924,47",agent_011,buyer_0623,0,34,purchase_103117,10.06.2026 04:40,luxury,0,refund_req_303117,"1.580,38",approve,damaged_item
"914,00",agent_002,buyer_1328,0,33,purchase_103409,13.04.2026 00:28,fashion,1,refund_req_303409,"914,00",approve,wrong_size
"118,52",agent_014,buyer_1223,0,54,purchase_102246,08.06.2026 07:32,clothing,1,refund_req_302246,"61,30",approve,item_not_as_described
"93,82",agent_027,buyer_0746,0,51,purchase_101412,23.04.2026 20:29,clothing,,refund_req_301412,"38,60",approve,changed_mind
"1.733,49",agent_014,buyer_0675,1,31,purchase_103851,13.04.2026 23:51, ELECTRONICS ,0,refund_req_303851,"1.622,63",approve,item_not_as_described
"1.419,06",agent_015,buyer_0824,0,27,purchase_103054,18.05.2026 23:01,appliances,0,refund_req_303054,"1.294,44",approve,missing_part
"191,90",agent_006,buyer_1304,0,38,purchase_102525,31.05.2026 12:33,clothing,1,refund_req_302525,"160,82",reject,changed_mind
"1.295,05",agent_902,buyer_9905,1,1,purchase_104879,19.04.2026 23:44,Appliances,0,refund_req_304879,"1.297,98",approve,not_working
"63,64",agent_007,buyer_1356,0,57,purchase_101053,29.04.2026 05:04,beauty,0,refund_req_301053,"28,18",Approve,damaged_item
"577,68",agent_005,buyer_1180,0,73,purchase_100940,11.06.2026 00:02,fashion,1,refund_req_300940,"189,92",approve,wrong_size
"1.138,84",agent_802,buyer_8002,0,10,purchase_104688,05.06.2026 11:39,fashion,,refund_req_304688,"722,71",approve, wrong_size 
"245,57",agent_803,buyer_8003,0,10,purchase_104689,12.04.2026 04:58,fashion,0,refund_req_304689,"220,96",approve,changed_mind
"216,74",agent_026,buyer_0067,0,83,purchase_102292,04.06.2026 13:07,electronics,0,refund_req_302292,"163,25",reject,missing_accessory
"223,90",agent_024,buyer_0155,0,37,purchase_100345,10.06.2026 16:53,clothing,0,refund_req_300345,"136,70",reject,  item_not_as_described  
"1.175,35",agent_102,buyer_0782,1,30,purchase_104040,15.05.2026 23:14,luxury,1,refund_req_304040,"866,63",approve,damaged_item
"1.905,23",agent_006,buyer_1968,0,43,purchase_100283,07.05.2026 08:56,luxury,0,refund_req_300283,"814,19",approve,damaged_item
"137,51",agent_027,buyer_0753,0,65,purchase_100605,19.05.2026 04:57,clothing,1,refund_req_300605,"106,64", approve ,changed_mind
"1.923,18",agent_901,buyer_9902,1,4,purchase_104878,11.04.2026 08:37,Electronics,0,refund_req_304878,"1.846,46",approve,missing_accessory
"909,71",agent_012,buyer_1037,0,,purchase_102555,10.06.2026 10:27,appliances,0,refund_req_302555,"629,17",reject,damaged_item
"1.476,81",agent_004,buyer_0867,0,41,purchase_103023,02.06.2026 19:04,electronics,0,refund_req_303023,"1.209,28",approve,item_not_as_described
"1.213,96",agent_010,buyer_1691,0,50,purchase_101209,10.04.2026 10:17,appliances,1,refund_req_301209,"993,64",approve,
"1.723,68",agent_019,buyer_1299,0,,purchase_102812,12.05.2026 23:15,luxury,1,refund_req_302812,"1.460,47",reject,item_not_as_described
"952,58",agent_018,buyer_9007,0,23,purchase_104312,10.06.2026 18:51,sports,,refund_req_304312,"753,97",approve,item_not_as_described
"426,21",agent_101,buyer_9006,0,37,purchase_104103,08.04.2026 19:46,sports,0,refund_req_304103,"326,70",approve,wrong_size
"1.134,22",agent_701,buyer_1205,1,33,purchase_104419,10.05.2026 06:52,sports,,refund_req_304419,"587,34",approve,item_not_as_described
"70,00",agent_003,buyer_1912,0,62,purchase_100539,12.06.2026 12:40,books,0,refund_req_300539,"18,02",approve,damaged_item
"144,08",agent_025,buyer_0530,1,58,purchase_101653,08.05.2026 23:38,fashion,0,refund_req_301653,"31,54",approve,wrong_size
"1.276,59",agent_014,buyer_0991,0,72,purchase_102970,09.04.2026 07:44,appliances,1,refund_req_302970,"1.044,47",approve,damaged_item
"67,79",agent_022,buyer_0918,0,63,purchase_102242,15.06.2026 04:58,books,1,refund_req_302242,"50,42",approve,changed_mind
"187,07",agent_002,buyer_1243,0,82,purchase_101353,29.04.2026 09:20,fashion,0,refund_req_301353,"48,53", reject ,wrong_size
"286,00",agent_008,buyer_1128,0,55,purchase_100312,28.05.2026 18:47,fashion,0,refund_req_300312,"100,89",approve,changed_mind
"2.261,07",agent_902,buyer_9906,1,7,purchase_104775,14.06.2026 04:31,luxury,0,refund_req_304775,"2.354,62",approve,
"2.017,18",agent_009,buyer_0740,0,45,purchase_100544,14.04.2026 04:26,electronics,1,refund_req_300544,"870,19",approve,not_working
"47,72",agent_102,buyer_0020,1,4,purchase_103669,03.06.2026 18:47,books,1,refund_req_303669,"47,41",approve,changed_mind
"347,69",agent_018,buyer_0255,0,40,purchase_101250,12.05.2026 13:51,home,1,refund_req_301250,"152,92",approve,damaged_item
"58,86",agent_016,buyer_1966,0,91,purchase_100777,04.06.2026 21:16,beauty,0,refund_req_300777,"27,88",approve,changed_mind
"38,63",agent_006,buyer_1662,0,55,purchase_102031,19.06.2026 04:05,sports,1,refund_req_302031,"27,65",reject,item_not_as_described
"1.761,86",agent_703,buyer_0905,0,4,purchase_104481,14.06.2026 08:57,electronics,1,refund_req_304481,"1.401,28",approve,item_not_as_described
"97,52",agent_019,buyer_1897,0,59,purchase_100415,09.05.2026 11:08,fashion,1,refund_req_300415,"48,69",approve,item_not_as_described
"201,05",agent_020,buyer_0541,0,95,purchase_102862,16.05.2026 14:35,sports,1,refund_req_302862,"69,51",approve,wrong_size
"46,46",agent_003,buyer_0813,0,65,purchase_100347,18.04.2026 23:13,fashion,0,refund_req_300347,"16,51",reject,item_not_as_described
"97,70",agent_013,buyer_1342,0,,purchase_100678,19.06.2026 22:48,home,1,refund_req_300678,"78,99",approve, missing_part 
"738,46",agent_022,buyer_0345,0,76,purchase_102893,03.06.2026 09:41,  appliances  ,0,refund_req_302893,"552,82",reject,damaged_item
"1.247,63",agent_101,buyer_9006,0,51,purchase_104087,11.04.2026 03:08,books,1,refund_req_304087,"941,80",approve,changed_mind
"2.651,64",agent_009,buyer_0038,0,39,purchase_101972,19.05.2026 03:25,luxury,1,refund_req_301972,"1.345,99",approve,changed_mind
"307,87",agent_101,buyer_0879,0,4,purchase_103744,18.05.2026 03:41,  fashion  ,1,refund_req_303744,"155,57",approve,item_not_as_described
"77,83",agent_030,buyer_0198,0,84,purchase_100187,30.05.2026 03:17,CLOTHING,1,refund_req_300187,"46,92",approve,changed_mind
"1.256,64",agent_005,buyer_0476,0,36,purchase_103396,06.05.2026 00:28,appliances,,refund_req_303396,"1.256,64",approve,missing_part
"1.538,03",agent_011,buyer_1020,1,28,purchase_103856,24.04.2026 14:06,appliances,0,refund_req_303856,"1.497,94",approve,damaged_item
"1.276,84",agent_902,buyer_9905,1,5,purchase_104905,12.05.2026 13:45,APPLIANCES,0,refund_req_304905,"1.122,81",approve,not_working
"1.094,74",agent_023,buyer_0914,0,65,purchase_102014,13.04.2026 19:01,books,1,refund_req_302014,"386,97",approve,changed_mind
"2.938,98",agent_026,buyer_0045,0,,purchase_103381,03.05.2026 16:42,luxury,0,refund_req_303381,"2.938,98",approve,changed_mind
"164,75",agent_022,buyer_1562,0,75,purchase_102589,18.05.2026 05:18,home,1,refund_req_302589,"106,06",approve,item_not_as_described
"1.202,25",agent_012,buyer_1870,0,86,purchase_100255,06.05.2026 09:59,luxury,1,refund_req_300255,"451,79",approve,item_not_as_described
"106,63",agent_015,buyer_1525,0,71,purchase_100382,17.06.2026 14:47,clothing,1,refund_req_300382,"60,16",reject,wrong_size
"177,53",agent_028,buyer_1239,0,56,purchase_100492,08.05.2026 23:56,clothing,0,refund_req_300492,"139,35",approve,wrong_size
"355,23",agent_019,buyer_0557,1,46,purchase_102490,29.05.2026 23:59,fashion,1,refund_req_302490,"178,94",reject,wrong_size
"203,97",agent_102,buyer_0177,0,4,purchase_103540,12.04.2026 15:53,clothing,1,refund_req_303540,"185,83",approve,
"1.734,23",agent_005,buyer_1977,1,53,purchase_101309,14.05.2026 15:02,appliances,0,refund_req_301309,"994,54",reject,missing_part
"64,63",agent_018,buyer_1103,0,41,purchase_102539,03.05.2026 20:14,fashion,1,refund_req_302539,"16,39",approve,wrong_size
"1.184,81",agent_007,buyer_1674,0,,purchase_103196,14.05.2026 22:48,appliances,0,refund_req_303196,"1.030,97",approve,not_working
"455,04",agent_009,buyer_1691,0,68,purchase_100147,19.04.2026 14:47,fashion,0,refund_req_300147,"126,15",reject,changed_mind
"89,67",agent_028,buyer_1515,0,39,purchase_100971,22.04.2026 14:44,fashion,0,refund_req_300971,"24,06",reject,
"46,36",agent_011,buyer_1211,0,52,purchase_100991,11.05.2026 07:14,home,1,refund_req_300991,"14,37",approve,missing_part
"1.066,95",agent_014,buyer_1909,1,16,purchase_103843,17.04.2026 22:35,appliances,0,refund_req_303843,"844,63",approve,damaged_item
"2.019,09",agent_024,buyer_1271,0,13,purchase_103030,07.04.2026 21:29,luxury,0,refund_req_303030,"1.527,00",approve, item_not_as_described 
"233,58",agent_009,buyer_0947,0,66,purchase_101569,21.04.2026 15:42,clothing,0,refund_req_301569,"152,22",approve,wrong_size
"946,54",agent_027,buyer_0886,0,69,purchase_101269,22.05.2026 04:05,appliances,,refund_req_301269,"208,13",reject,not_working
"82,32",agent_101,buyer_1887,0,5,purchase_103533,16.04.2026 22:27,beauty,1,refund_req_303533,"51,89",approve,changed_mind
"1.131,04",agent_003,buyer_1832,0,62,purchase_101029,05.06.2026 05:53,sports,1,refund_req_301029,"563,80",approve,
"2.138,34",agent_020,buyer_9008,0,51,purchase_104169,20.04.2026 13:21,luxury,0,refund_req_304169,"1.608,98",approve,changed_mind
"1.829,64",agent_029,buyer_1524,0,40,purchase_103499,13.06.2026 13:02,luxury,1,refund_req_303499,"1.829,64",approve,damaged_item
"419,77",agent_004,buyer_1687,0,,purchase_101534,02.04.2026 03:43,home,1,refund_req_301534,"185,69",reject,missing_part
"1.666,97",agent_018,buyer_9005,0,49,purchase_104278,19.04.2026 12:16,electronics,0,refund_req_304278,"1.454,31",approve,item_not_as_described
"1.635,39",agent_005,buyer_9005,0,62,purchase_104310,02.05.2026 01:27,electronics,0,refund_req_304310,"1.200,79",approve,damaged_item
"249,08",agent_801,buyer_8001,0,27,purchase_104636,04.04.2026 13:18,fashion,1,refund_req_304636,"176,86",approve,wrong_size
"2.735,76",agent_019,buyer_0635,0,51,purchase_100641,05.06.2026 05:43,luxury,0,refund_req_300641,"1.936,58",approve,  damaged_item  
"939,30",agent_018,buyer_0203,1,20,purchase_103808,14.04.2026 15:46,appliances,0,refund_req_303808,"829,56",  approve  ,damaged_item
"1.284,94",agent_007,buyer_0545,0,53,purchase_101236,24.04.2026 12:11,appliances,1,refund_req_301236,"1.076,91",approve,damaged_item
"1.648,96",agent_902,buyer_9905,1,6,purchase_104799,05.05.2026 15:32, appliances ,0,refund_req_304799,"1.414,76",approve,not_working
"1.299,43",agent_009,buyer_0462,0,43,purchase_103084,14.04.2026 17:50,appliances,0,refund_req_303084,"996,06",approve,
"97,03",agent_024,buyer_1509,0,58,purchase_101932,03.05.2026 04:33,clothing,1,refund_req_301932,"72,08",approve,item_not_as_described
"48,86",agent_102,buyer_1261,0,1,purchase_103777,12.06.2026 15:34,beauty,1,refund_req_303777,"45,08",approve,allergic_reaction
"1.015,43",agent_010,buyer_0412,0,84,purchase_102845,14.06.2026 23:35,electronics,0,refund_req_302845,"804,19",reject,
"455,49",agent_012,buyer_1918,1,77,purchase_101681,06.04.2026 19:08,electronics,1,refund_req_301681,"190,77",approve,  not_working  
"409,36",agent_022,buyer_0860,0,52,purchase_100357,13.04.2026 00:27,fashion,0,refund_req_300357,"129,08",reject,item_not_as_described
"1.582,89",agent_702,buyer_0041,0,33,purchase_104480,19.05.2026 15:54, luxury ,0,refund_req_304480,"1.515,01",approve,item_not_as_described
"99,65",agent_010,buyer_0922,0,78,purchase_100424,20.04.2026 07:43,clothing,,refund_req_300424,"67,86",approve,changed_mind
"1.567,83",agent_010,buyer_1879,0,40,purchase_100119,03.05.2026 15:21,electronics,0,refund_req_300119,"455,01",reject,
"1.207,57",agent_021,buyer_0528,0,94,purchase_100795,20.04.2026 23:13,appliances,1,refund_req_300795,"673,91",reject,damaged_item
"477,65",agent_008,buyer_1018,0,27,purchase_102404,27.05.2026 16:08,appliances,0,refund_req_302404,"326,97",reject,missing_part
"1.640,21",agent_001,buyer_1094,0,35,purchase_101600,11.04.2026 20:34,electronics,1,refund_req_301600,"856,51",approve,damaged_item
"1.948,88",agent_026,buyer_0419,0,38,purchase_102639,06.06.2026 02:40, electronics ,0,refund_req_302639,"561,43",reject,missing_accessory
"2.867,78",agent_901,buyer_9902,1,1,purchase_104832,01.04.2026 20:53,luxury,0,refund_req_304832,"2.584,04",approve,item_not_as_described
"1.165,83",agent_006,buyer_1340,0,22,purchase_103481,01.06.2026 05:33,electronics,0,refund_req_303481,"1.165,83",approve, missing_accessory 
"46,11",agent_026,buyer_0015,0,61,purchase_100392,19.05.2026 15:31,beauty,1,refund_req_300392,"35,66",approve,changed_mind
"1.084,71",agent_901,buyer_9903,1,2,purchase_104940,23.05.2026 10:57, electronics ,0,refund_req_304940,"1.080,88",approve,missing_accessory
"587,13",agent_102,buyer_0367,0,5,purchase_103536,19.06.2026 01:08,home,1,refund_req_303536,"379,77",approve,missing_part
"1.263,15",agent_009,buyer_1741,0,93,purchase_101938,01.06.2026 09:27,sports,0,refund_req_301938,"991,57",approve,damaged_item
"432,35",agent_017,buyer_0808,0,80,purchase_101124,22.05.2026 22:51,fashion,0,refund_req_301124,"165,88",Approve,changed_mind
"1.405,95",agent_006,buyer_0565,0,41,purchase_100278,31.05.2026 17:10,electronics,1,refund_req_300278,"903,36",approve,missing_accessory
"140,75",agent_101,buyer_1368,0,5,purchase_103634,19.04.2026 02:55,  beauty  ,,refund_req_303634,"80,94",approve,allergic_reaction
"324,55",agent_703,buyer_1866,0,5,purchase_104478,14.06.2026 21:42,sports,1,refund_req_304478,"181,09",approve,wrong_size
"67,28",agent_013,buyer_1667,0,82,purchase_102382,04.05.2026 04:59,fashion,1,refund_req_302382,"52,20",approve,changed_mind
"78,94",agent_025,buyer_1133,0,47,purchase_101915,26.05.2026 08:25,BOOKS,1,refund_req_301915,"36,30",approve,damaged_item
"166,98",agent_101,buyer_0095,0,3,purchase_103707,14.06.2026 08:37,fashion,1,refund_req_303707,"123,42",approve,wrong_size
"1.475,15",agent_028,buyer_0350,1,44,purchase_103143,09.05.2026 10:51,Electronics,0,refund_req_303143,"1.287,66",approve,damaged_item
"2.546,06",agent_101,buyer_1029,0,37,purchase_103163,23.04.2026 05:08,luxury,0,refund_req_303163,"1.849,12",approve,changed_mind
"192,36",agent_010,buyer_0291,1,44,purchase_101248,19.06.2026 09:46,home,1,refund_req_301248,"153,00",approve,item_not_as_described
"1.247,09",agent_006,buyer_1691,0,72,purchase_102419,25.04.2026 14:53,sports,0,refund_req_302419,"572,24",approve,damaged_item
"1.651,96",agent_020,buyer_1931,0,79,purchase_101574,08.04.2026 06:26,appliances,1,refund_req_301574,"845,37",approve,damaged_item
"496,91",agent_703,buyer_0732,0,5,purchase_104508,09.04.2026 00:51,home,1,refund_req_304508,"332,35",approve,damaged_item
"536,32",agent_802,buyer_8002,1,15,purchase_104679,03.04.2026 23:34,fashion,0,refund_req_304679,"408,43",approve,wrong_size
"481,63",agent_011,buyer_1274,0,65,purchase_101102,17.05.2026 13:26,appliances,0,refund_req_301102,"216,13",approve,damaged_item
"204,51",agent_701,buyer_1781,0,5,purchase_104341,17.05.2026 00:50,clothing,1,refund_req_304341,"96,35",approve,changed_mind
"1.504,11",agent_901,buyer_9901,1,4,purchase_104928,19.05.2026 02:53,electronics,0,refund_req_304928,"1.507,55",approve,damaged_item
"246,13",agent_014,buyer_1356,0,80,purchase_100301,16.04.2026 17:38,sports,,refund_req_300301,"148,86",reject,wrong_size
"431,31",agent_006,buyer_1940,0,67,purchase_102569,17.06.2026 09:16,electronics,1,refund_req_302569,"244,45",approve,not_working
"159,34",agent_029,buyer_1988,0,43,purchase_100024,27.05.2026 04:41,clothing,1,refund_req_300024,"133,74",approve,changed_mind
"1.264,91",agent_006,buyer_1097,0,66,purchase_101119,24.04.2026 01:19,luxury,0,refund_req_301119,"970,01",reject,damaged_item
"50,50",agent_028,buyer_0369,0,98,purchase_102474,11.06.2026 21:01,clothing,1,refund_req_302474,"27,41",approve,item_not_as_described
"1.480,54",agent_901,buyer_9903,1,7,purchase_104890,08.06.2026 06:13,luxury,0,refund_req_304890,"1.311,16",approve,damaged_item
"228,83",agent_025,buyer_1358,0,68,purchase_102342,07.04.2026 10:49,sports,1,refund_req_302342,"106,78",Approve,damaged_item
"598,55",agent_015,buyer_9008,0,36,purchase_104305,06.05.2026 06:29,home,1,refund_req_304305,"527,29",approve,missing_part
"1.100,73",agent_013,buyer_0538,0,81,purchase_100420,13.06.2026 14:41,fashion,1,refund_req_300420,"773,80",  approve  ,item_not_as_described
"122,98",agent_005,buyer_0281,0,98,purchase_102174,03.05.2026 23:37,clothing,0,refund_req_302174,"29,93",reject,item_not_as_described
"1.570,49",agent_103,buyer_1361,0,4,purchase_103726,17.05.2026 22:09,electronics,1,refund_req_303726,"836,76",approve,item_not_as_described
"1.152,13",agent_005,buyer_0884,0,58,purchase_100591,04.04.2026 17:54,appliances,0,refund_req_300591,"975,72",approve,
"390,69",agent_007,buyer_1271,0,79,purchase_100326,17.06.2026 14:42,sports,1,refund_req_300326,"190,65",approve,item_not_as_described
"560,58",agent_103,buyer_0067,0,3,purchase_103732,02.05.2026 10:23,fashion,1,refund_req_303732,"558,87",approve,changed_mind
"1.024,16",agent_017,buyer_0400,0,30,purchase_100984,07.05.2026 05:54,books,1,refund_req_300984,"267,48",  approve  ,wrong_item_received
"174,10",agent_701,buyer_1338,0,31,purchase_104326,15.04.2026 15:09,electronics,0,refund_req_304326,"117,30",approve,item_not_as_described
"1.267,28",agent_005,buyer_0501,1,34,purchase_104002,06.06.2026 23:31,appliances,1,refund_req_304002,"1.112,78",approve,missing_part
"57,21",agent_103,buyer_1409,0,5,purchase_103563,16.05.2026 17:19,beauty,1,refund_req_303563,"32,12",approve,  damaged_item  
"277,44",agent_009,buyer_0225,0,67,purchase_101993,20.05.2026 07:35,fashion,1,refund_req_301993,"104,23",approve,wrong_size
"2.499,91",agent_022,buyer_1828,0,59,purchase_102973,05.06.2026 11:27,luxury,0,refund_req_302973,"1.603,83",reject,item_not_as_described
"44,88",agent_101,buyer_1141,0,5,purchase_103531,22.04.2026 18:35,books,1,refund_req_303531,"42,13",approve,wrong_item_received
"516,62",agent_020,buyer_0840,0,96,purchase_102694,18.04.2026 22:34,home,1,refund_req_302694,"371,44",reject,missing_part
"160,66",agent_005,buyer_0094,0,76,purchase_101628,13.06.2026 05:50,clothing,1,refund_req_301628,"68,89",approve,changed_mind
"452,59",agent_027,buyer_1897,0,88,purchase_101973,22.05.2026 16:57,electronics,1,refund_req_301973,"338,45",approve,missing_accessory
"2.210,95",agent_703,buyer_0772,1,16,purchase_104487,30.04.2026 14:40,luxury,1,refund_req_304487,"1.273,01",approve,damaged_item
"1.221,06",agent_024,buyer_0980,0,56,purchase_101970,18.06.2026 18:41,sports,1,refund_req_301970,"246,95",approve,damaged_item
"402,59",agent_022,buyer_0595,0,75,purchase_102157,14.04.2026 05:07,sports,1,refund_req_302157,"332,86",approve,item_not_as_described
"2.115,51",agent_023,buyer_1444,0,25,purchase_103192,29.05.2026 19:02,luxury,0,refund_req_303192,"1.394,93",approve,changed_mind
"910,28",agent_015,buyer_1959,0,48,purchase_103365,17.05.2026 12:37,appliances,0,refund_req_303365,"910,28",approve,missing_part
"146,35",agent_026,buyer_1896,0,81,purchase_100763,13.06.2026 17:37,clothing,0,refund_req_300763,"112,56",REJECT,wrong_size
"887,43",agent_027,buyer_0317,0,69,purchase_101807,17.04.2026 02:16,luxury,0,refund_req_301807,"521,12",reject,changed_mind
"64,46",agent_023,buyer_1522,0,98,purchase_102449,15.04.2026 19:22,books,1,refund_req_302449,"38,50",approve,  wrong_item_received  
"181,93",agent_026,buyer_0220,0,38,purchase_100402,19.05.2026 20:13,fashion,0,refund_req_300402,"152,47",reject,changed_mind
"1.664,72",agent_030,buyer_0426,0,22,purchase_102993,11.06.2026 20:00,luxury,0,refund_req_302993,"1.211,50",approve,changed_mind
"425,86",agent_021,buyer_1527,0,100,purchase_100751,18.05.2026 08:23,home,0,refund_req_300751,"305,33",approve,item_not_as_described
"1.385,31",agent_008,buyer_1197,1,,purchase_104048,18.06.2026 09:48,appliances,0,refund_req_304048,"1.016,50",approve,not_working
"1.294,78",agent_703,buyer_1720,0,9,purchase_104550,14.05.2026 05:48,sports,0,refund_req_304550,"1.222,90",approve,damaged_item
"972,28",agent_101,buyer_1250,0,,purchase_103701,27.05.2026 07:15,electronics,0,refund_req_303701,"692,10",approve,not_working
"392,26",agent_005,buyer_0601,0,48,purchase_102431,25.05.2026 07:51,sports,0,refund_req_302431,"323,48",reject,item_not_as_described
"826,41",agent_005,buyer_1575,0,91,purchase_102754,11.06.2026 04:17,appliances,1,refund_req_302754,"169,51",approve,not_working
"1.936,69",agent_004,buyer_0158,0,10,purchase_103236,03.06.2026 16:14,electronics,0,refund_req_303236,"1.371,87",approve,item_not_as_described
"349,96",agent_002,buyer_9008,1,44,purchase_104161,03.06.2026 17:44,home,0,refund_req_304161,"290,82",approve,missing_part
"87,87",agent_027,buyer_1111,0,76,purchase_100838,22.04.2026 02:31,books,0,refund_req_300838,"36,75",reject,damaged_item
"107,25",agent_702,buyer_0503,0,12,purchase_104555,14.04.2026 16:11,home,1,refund_req_304555,"91,57",approve,item_not_as_described
"1.331,28",agent_901,buyer_9903,1,7,purchase_104886,29.04.2026 22:09,appliances,0,refund_req_304886,"1.163,85",approve,missing_part
"438,62",agent_702,buyer_0458,0,37,purchase_104549,06.05.2026 15:09,fashion,0,refund_req_304549,"424,49",approve,item_not_as_described
"101,99",agent_023,buyer_1221,0,67,purchase_102502,16.06.2026 16:06,fashion,0,refund_req_302502,"40,02",reject, changed_mind 
"68,22",agent_004,buyer_0054,0,67,purchase_102390,25.04.2026 10:57,books,0,refund_req_302390,"27,14",reject,wrong_item_received
"379,07",agent_801,buyer_8001,0,,purchase_104654,16.05.2026 07:37,fashion,1,refund_req_304654,"316,84",approve,wrong_size
"1.098,54",agent_030,buyer_1171,0,65,purchase_101141,16.05.2026 05:43,luxury,0,refund_req_301141,"659,60",approve,damaged_item
"1.229,50",agent_012,buyer_1630,0,62,purchase_100571,04.05.2026 05:19,beauty,0,refund_req_300571,"649,20",approve,
"160,28",agent_004,buyer_1179,0,75,purchase_101732,19.04.2026 06:03,clothing,0,refund_req_301732,"33,14",reject,item_not_as_described
"100,29",agent_001,buyer_1592,1,43,purchase_101883,17.05.2026 22:03,clothing,0,refund_req_301883,"65,53",approve,changed_mind
"574,72",agent_702,buyer_0029,0,24,purchase_104429,08.04.2026 01:32,  fashion  ,0,refund_req_304429,"380,23",approve,changed_mind
"162,85",agent_007,buyer_1362,0,64,purchase_102954,10.05.2026 12:25,electronics,1,refund_req_302954,"52,44",approve,damaged_item
"2.058,57",agent_025,buyer_0275,0,36,purchase_103337,21.05.2026 05:23,electronics,1,refund_req_303337,"2.058,57",approve,missing_accessory
"121,84",agent_030,buyer_9005,0,70,purchase_104150,10.04.2026 03:44,  beauty  ,1,refund_req_304150,"71,11",approve,
"1.150,56",agent_012,buyer_1361,0,71,purchase_101041,11.04.2026 09:54,beauty,1,refund_req_301041,"942,10",approve,changed_mind
"42,86",agent_018,buyer_1718,0,40,purchase_100948,02.06.2026 08:52,  beauty  ,0,refund_req_300948,"25,24",approve,changed_mind
"1.964,61",agent_007,buyer_0645,0,24,purchase_103308,09.06.2026 19:45,electronics,0,refund_req_303308,"1.964,61",approve,item_not_as_described
"73,91",agent_803,buyer_8003,0,16,purchase_104608,10.04.2026 15:33,fashion,1,refund_req_304608,"50,37",approve,wrong_size
"2.548,85",agent_902,buyer_9906,1,9,purchase_104851,28.04.2026 19:27,luxury,0,refund_req_304851,"2.281,72",approve,  damaged_item  
"2.885,05",agent_027,buyer_1104,0,80,purchase_101729,14.06.2026 05:30,LUXURY,0,refund_req_301729,"1.208,15",APPROVE,damaged_item
"125,79",agent_012,buyer_1595,0,49,purchase_102592,01.05.2026 23:39,clothing,1,refund_req_302592,"28,38",approve,changed_mind
"47,63",agent_023,buyer_0766,0,112,purchase_100682,05.04.2026 15:04, books ,1,refund_req_300682,"39,12",approve,changed_mind
"211,32",agent_026,buyer_1191,0,79,purchase_101654,17.04.2026 17:59,clothing,1,refund_req_301654,"168,26",Approve,wrong_size
"1.477,61",agent_017,buyer_1519,0,109,purchase_101646,11.05.2026 12:48,appliances,0,refund_req_301646,"676,09",reject,not_working
"1.359,39",agent_009,buyer_1428,0,64,purchase_103319,21.05.2026 14:19,appliances,0,refund_req_303319,"1.359,39",approve,not_working
"1.586,92",agent_009,buyer_1792,0,38,purchase_103301,11.05.2026 22:56,appliances,1,refund_req_303301,"1.586,92",approve,not_working
"1.125,51",agent_026,buyer_0011,0,74,purchase_102052,16.05.2026 16:26,appliances,1,refund_req_302052,"539,72",approve,
"32,02",agent_103,buyer_1967,0,5,purchase_103761,30.04.2026 08:55,books,0,refund_req_303761,"20,61",approve,wrong_item_received
"1.749,26",agent_901,buyer_9902,1,6,purchase_104884,16.04.2026 18:18,electronics,0,refund_req_304884,"1.675,94", approve ,not_working
"120,04",agent_004,buyer_1688,0,105,purchase_101267,04.06.2026 20:23,sports,,refund_req_301267,"85,14",reject,wrong_size
"101,10",agent_019,buyer_0050,0,55,purchase_102169,09.04.2026 06:00,  clothing  ,0,refund_req_302169,"33,92",approve,changed_mind
"123,38",agent_103,buyer_0214,0,1,purchase_103659,16.06.2026 16:21,clothing,1,refund_req_303659,"67,45", approve ,
"86,74",agent_001,buyer_0585,0,54,purchase_101718,13.05.2026 06:33,beauty,1,refund_req_301718,"35,16",approve,
"78,19",agent_020,buyer_1518,0,82,purchase_100157,31.05.2026 11:25,clothing,,refund_req_300157,"49,68",approve,
"914,69",agent_022,buyer_1679,0,58,purchase_100758,15.06.2026 20:15,clothing,1,refund_req_300758,"267,17",reject,wrong_size
"475,35",agent_024,buyer_0617,0,36,purchase_102438,13.06.2026 09:17,home,0,refund_req_302438,"219,49",approve,damaged_item
"25,16",agent_019,buyer_1336,0,46,purchase_102554,31.05.2026 04:41,books,1,refund_req_302554,"15,03",approve,changed_mind
"1.020,97",agent_703,buyer_0857,0,20,purchase_104460,26.05.2026 11:47,beauty,1,refund_req_304460,"560,80",approve,damaged_item
"1.244,75",agent_011,buyer_1231,0,37,purchase_102272,06.04.2026 04:12,beauty,1,refund_req_302272,"576,52",approve,changed_mind
"102,33",agent_002,buyer_1901,0,102,purchase_102799,15.06.2026 18:00,clothing,1,refund_req_302799,"60,70",approve,changed_mind
"170,81",agent_009,buyer_1003,0,25,purchase_100560,23.04.2026 21:03,clothing,1,refund_req_300560,"49,11",approve,wrong_size
"697,65",agent_014,buyer_0270,0,77,purchase_102418,28.05.2026 16:37,appliances,0,refund_req_302418,"474,97",reject,damaged_item
"39,11",agent_011,buyer_0830,0,67,purchase_101407,23.04.2026 19:43,  clothing  ,,refund_req_301407,"25,12", approve ,changed_mind
"1.689,01",agent_703,buyer_0316,1,6,purchase_104403,01.04.2026 22:16,luxury,1,refund_req_304403,"812,66",approve,item_not_as_described
"135,13",agent_102,buyer_1336,0,3,purchase_103586,29.05.2026 05:17,electronics,1,refund_req_303586,"79,54",APPROVE,missing_accessory
"439,55",agent_004,buyer_1047,0,65,purchase_102209,12.04.2026 04:35,fashion,1,refund_req_302209,"199,98",approve,wrong_size
"1.248,78",agent_015,buyer_1827,0,80,purchase_102461,28.05.2026 20:43,appliances,1,refund_req_302461,"463,59",approve,missing_part
"33,45",agent_014,buyer_1709,0,53,purchase_100987,18.06.2026 08:34,clothing,,refund_req_300987,"20,55",approve,item_not_as_described
"527,14",agent_025,buyer_0231,0,36,purchase_101061,11.04.2026 07:20,fashion,0,refund_req_301061,"395,40",approve,item_not_as_described
"157,60",agent_005,buyer_1215,1,90,purchase_101171,21.04.2026 18:21,HOME,1,refund_req_301171,"33,20",approve,damaged_item
"1.688,81",agent_016,buyer_0564,0,60,purchase_102188,30.04.2026 14:27,electronics,0,refund_req_302188,"362,96",reject,damaged_item
"74,86",agent_801,buyer_8001,0,22,purchase_104621,14.05.2026 01:18,beauty,0,refund_req_304621,"61,91",approve,damaged_item
"138,60",agent_024,buyer_0982,0,35,purchase_101200,07.04.2026 03:13,  sports  ,1,refund_req_301200,"88,19",reject,item_not_as_described
"68,06",agent_012,buyer_1998,0,54,purchase_100558,15.06.2026 04:15,clothing,1,refund_req_300558,"50,95",approve,changed_mind
"1.688,83",agent_025,buyer_0648,0,50,purchase_102881,26.04.2026 16:07,electronics,1,refund_req_302881,"546,73",approve,damaged_item
"22,15",agent_023,buyer_0173,0,84,purchase_100108,18.05.2026 17:39,books,,refund_req_300108,"8,00", approve ,  changed_mind  
"1.122,32",agent_901,buyer_9902,1,2,purchase_104918,18.06.2026 03:20,electronics,0,refund_req_304918,"1.066,14",approve,item_not_as_described
"1.494,67",agent_013,buyer_0522,1,30,purchase_103963,24.04.2026 14:22,appliances,1,refund_req_303963,"1.013,52",approve,missing_part
"414,88",agent_022,buyer_0169,0,86,purchase_102316,20.05.2026 07:33,SPORTS,0,refund_req_302316,"299,71",approve,item_not_as_described
"1.140,35",agent_004,buyer_0095,0,39,purchase_103108,20.04.2026 14:06,electronics,0,refund_req_303108,"1.021,97", approve ,not_working
"93,00",agent_005,buyer_1941,0,60,purchase_101795,16.05.2026 16:45,fashion,1,refund_req_301795,"66,39",approve,item_not_as_described
"1.463,04",agent_006,buyer_0491,0,64,purchase_103331,05.04.2026 15:48,electronics,0,refund_req_303331,"1.463,04",approve,missing_accessory
"256,55",agent_801,buyer_8001,0,18,purchase_104591,21.04.2026 16:43,fashion,1,refund_req_304591,"230,68",approve,changed_mind
"1.436,56",agent_901,buyer_9901,1,3,purchase_104844,26.04.2026 01:46,electronics,0,refund_req_304844,"1.360,26",approve,damaged_item
"189,25",agent_011,buyer_1146,0,42,purchase_102023,19.05.2026 20:43,clothing,0,refund_req_302023,"75,28",approve,wrong_size
"1.171,19",agent_901,buyer_9903,1,7,purchase_104772,14.06.2026 19:09,electronics,0,refund_req_304772,"1.203,49",approve,missing_accessory
"29,89",agent_013,buyer_0979,0,74,purchase_102349,12.04.2026 06:44,books,1,refund_req_302349,"20,52", approve ,wrong_item_received
"92,15",agent_011,buyer_0511,1,67,purchase_102940,18.05.2026 08:12,beauty,1,refund_req_302940,"21,85",approve,changed_mind
"2.100,72",agent_026,buyer_0474,1,19,purchase_103827,20.06.2026 12:34,electronics,0,refund_req_303827,"1.566,77",  approve  ,not_working
"391,87",agent_001,buyer_0074,0,56,purchase_101510,01.06.2026 01:14,sports,0,refund_req_301510,"279,05",reject,item_not_as_described
"1.378,54",agent_901,buyer_9903,1,1,purchase_104792,17.04.2026 22:54,luxury,0,refund_req_304792,"1.383,66",approve,damaged_item
"171,65",agent_008,buyer_0534,0,78,purchase_101591,08.06.2026 01:02,beauty,1,refund_req_301591,"38,21",approve,changed_mind
"22,97",agent_028,buyer_0768,0,102,purchase_101405,08.05.2026 14:20,  books  ,1,refund_req_301405,"12,41",approve,wrong_item_received
"767,14",agent_017,buyer_1621,0,51,purchase_100281,08.04.2026 16:30,electronics,0,refund_req_300281,"406,14",approve,
"546,13",agent_001,buyer_0353,0,,purchase_100503,14.04.2026 11:53,home,1,refund_req_300503,"400,58",approve,item_not_as_described
"626,92",agent_801,buyer_8001,0,23,purchase_104711,14.06.2026 01:55,fashion,0,refund_req_304711,"474,57",approve,changed_mind
"1.419,70",agent_011,buyer_1239,1,26,purchase_103848,14.04.2026 18:46,electronics,1,refund_req_303848,"995,75",approve,not_working
"930,03",agent_002,buyer_0252,0,16,purchase_103051,01.04.2026 17:52,luxury,0,refund_req_303051,"785,44",approve,item_not_as_described
"1.295,45",agent_013,buyer_0584,0,44,purchase_100839,13.04.2026 06:10, Appliances ,0,refund_req_300839,"627,48",approve,not_working
"2.412,63",agent_009,buyer_1341,1,17,purchase_103307,06.06.2026 20:28,luxury,0,refund_req_303307,"2.412,63",approve,damaged_item
"410,27",agent_008,buyer_0934,0,58,purchase_101880,29.05.2026 06:14,sports,1,refund_req_301880,"151,90",approve,item_not_as_described
"161,46",agent_801,buyer_8001,0,4,purchase_104666,17.06.2026 05:02,fashion,0,refund_req_304666,"147,17",approve,wrong_size
"219,47",agent_008,buyer_9002,0,58,purchase_104291,13.05.2026 15:41,fashion,1,refund_req_304291,"168,01",approve,  wrong_size  
"181,44",agent_801,buyer_8001,0,10,purchase_104720,22.05.2026 16:35,ELECTRONICS,0,refund_req_304720,"121,59",approve,not_working
"2.451,27",agent_021,buyer_1458,0,91,purchase_100047,01.06.2026 02:53,luxury,0,refund_req_300047,"638,52",approve,changed_mind
"1.010,10",agent_021,buyer_1171,0,70,purchase_101325,26.04.2026 12:31,clothing,,refund_req_301325,"314,99",approve,item_not_as_described
"1.495,89",agent_013,buyer_1729,0,92,purchase_100497,17.04.2026 03:21,appliances,1,refund_req_300497,"367,34",approve,missing_part
"233,53",agent_029,buyer_0276,0,36,purchase_100017,05.05.2026 01:15,clothing,1,refund_req_300017,"159,40",approve,wrong_size
"33,96",agent_026,buyer_1400,0,52,purchase_102248,11.04.2026 00:02,beauty,1,refund_req_302248,"11,69",reject,allergic_reaction
"1.555,33",agent_011,buyer_0062,0,54,purchase_101375,13.04.2026 02:47,appliances,1,refund_req_301375,"459,92",approve,missing_part
"1.582,06",agent_028,buyer_1730,0,40,purchase_103487,12.04.2026 07:39,appliances,1,refund_req_303487,"1.582,06",approve,missing_part
"85,47",agent_006,buyer_0806,0,78,purchase_100588,30.04.2026 11:02,books,0,refund_req_300588,"66,22",approve,changed_mind
"1.045,14",agent_024,buyer_9004,0,10,purchase_104213,16.06.2026 09:50,luxury,,refund_req_304213,"666,31",approve,damaged_item
"559,94",agent_001,buyer_1976,0,76,purchase_100158,07.05.2026 18:57,home,0,refund_req_300158,"260,09",reject,missing_part
"116,60",agent_015,buyer_1411,1,82,purchase_100057,13.05.2026 04:36, clothing ,1,refund_req_300057,"43,95",approve,item_not_as_described
"1.200,83",agent_025,buyer_0252,0,16,purchase_103006,18.04.2026 02:09,  electronics  ,0,refund_req_303006,"753,89",approve,  not_working  
"126,95",agent_029,buyer_0926,0,27,purchase_101216,27.04.2026 00:27,home,1,refund_req_301216,"49,34",approve,damaged_item
"1.707,77",agent_029,buyer_0176,1,31,purchase_103984,05.04.2026 20:05,luxury,0,refund_req_303984,"1.525,57",approve,damaged_item
"640,36",agent_010,buyer_0470,1,61,purchase_100388,13.05.2026 00:15,appliances,0,refund_req_300388,"388,83",approve,not_working
"202,90",agent_001,buyer_1661,0,77,purchase_101160,12.04.2026 10:34,clothing,1,refund_req_301160,"72,62",approve,item_not_as_described
"1.370,53",agent_020,buyer_1775,1,27,purchase_103847,29.05.2026 03:24,electronics,,refund_req_303847,"1.019,26",approve,damaged_item
"339,57",agent_008,buyer_0717,0,45,purchase_102537,27.04.2026 04:20,sports,1,refund_req_302537,"278,62",REJECT,damaged_item
"78,53",agent_016,buyer_1042,0,43,purchase_100649,24.05.2026 05:37,beauty,1,refund_req_300649,"21,58",approve,damaged_item
"524,49",agent_007,buyer_0645,1,46,purchase_101522,29.05.2026 21:47,home,0,refund_req_301522,"305,60",reject,damaged_item
"48,21",agent_101,buyer_1305,0,4,purchase_103570,24.05.2026 01:13,beauty,1,refund_req_303570,"35,89",approve,damaged_item
"125,45",agent_030,buyer_1132,0,82,purchase_101239,28.04.2026 02:29,sports,0,refund_req_301239,"26,96",approve, wrong_size 
"103,45",agent_005,buyer_0589,0,71,purchase_101709,21.05.2026 12:21,clothing,0,refund_req_301709,"27,52",reject,item_not_as_described
"1.109,84",agent_101,buyer_9001,0,44,purchase_104114,07.06.2026 11:14,luxury,0,refund_req_304114,"801,98",Approve,damaged_item
"505,59",agent_101,buyer_0155,0,2,purchase_103572,15.04.2026 00:30,fashion,1,refund_req_303572,"260,82",approve,changed_mind
"1.194,66",agent_902,buyer_9906,1,8,purchase_104813,19.05.2026 10:35,electronics,0,refund_req_304813,"1.159,95",approve,not_working
"32,91",agent_026,buyer_1423,0,78,purchase_101331,14.06.2026 12:36,clothing,0,refund_req_301331,"22,35",approve,item_not_as_described
"476,07",agent_030,buyer_1643,0,44,purchase_101520,07.05.2026 10:06,fashion,0,refund_req_301520,"132,87",approve,wrong_size
"960,37",agent_005,buyer_0815,0,98,purchase_101442,23.05.2026 23:55,clothing,1,refund_req_301442,"286,83",approve,item_not_as_described
"2.695,16",agent_017,buyer_0212,0,61,purchase_102492,18.06.2026 08:48,luxury,0,refund_req_302492,"1.313,96",approve, item_not_as_described 
"2.095,34",agent_025,buyer_0148,0,75,purchase_102491,26.04.2026 09:15,electronics,1,refund_req_302491,"1.461,27",approve,missing_accessory
"116,29",agent_024,buyer_0655,0,39,purchase_102131,18.04.2026 03:38,beauty,0,refund_req_302131,"67,42",approve,damaged_item
"71,67",agent_029,buyer_0062,0,30,purchase_102840,20.04.2026 13:13,books,1,refund_req_302840,"34,41",approve,wrong_item_received
"500,13",agent_011,buyer_0549,0,47,purchase_102249,16.06.2026 20:11,fashion,0,refund_req_302249,"114,79",approve,wrong_size
"1.947,83",agent_027,buyer_1406,1,9,purchase_103865,13.05.2026 09:51,electronics,0,refund_req_303865,"1.762,53",approve,item_not_as_described
"1.776,17",agent_901,buyer_9902,1,4,purchase_104908,15.05.2026 14:01,appliances,0,refund_req_304908,"1.656,22",approve,missing_part
"545,93",agent_005,buyer_0724,0,54,purchase_100802,29.04.2026 11:28,appliances,0,refund_req_300802,"421,10",approve,not_working
"1.755,79",agent_901,buyer_9902,1,5,purchase_104920,14.06.2026 19:08,appliances,0,refund_req_304920,"1.687,06",approve,not_working
"581,18",agent_028,buyer_0885,0,97,purchase_102809,20.06.2026 00:11,appliances,0,refund_req_302809,"437,63",reject, not_working 
"755,00",agent_103,buyer_0329,0,5,purchase_103785,24.05.2026 22:33,luxury,1,refund_req_303785,"393,67",approve,changed_mind
"402,88",agent_013,buyer_0977,0,88,purchase_101153,04.04.2026 00:47,luxury,0,refund_req_301153,"260,78",reject,damaged_item
"1.603,74",agent_702,buyer_1009,0,12,purchase_104522,09.05.2026 01:27,APPLIANCES,1,refund_req_304522,"770,84",  approve  ,damaged_item
"169,38",agent_019,buyer_1079,0,,purchase_100535,05.06.2026 21:27,beauty,1,refund_req_300535,"64,47",approve,damaged_item
"2.401,62",agent_009,buyer_0629,0,79,purchase_100363,21.04.2026 11:25,luxury,0,refund_req_300363,"1.101,83",approve,item_not_as_described
"1.539,62",agent_901,buyer_9903,1,7,purchase_104922,19.05.2026 10:23,  appliances  ,0,refund_req_304922,"1.599,56",approve,not_working
"564,37",agent_703,buyer_1313,0,4,purchase_104370,18.06.2026 17:13,fashion,1,refund_req_304370,"419,24",  approve  ,wrong_size
"1.035,59",agent_801,buyer_8001,0,27,purchase_104657,27.05.2026 04:17,electronics,0,refund_req_304657,"878,16",approve,item_not_as_described
"910,09",agent_010,buyer_1896,1,30,purchase_103972,15.05.2026 03:15,appliances,,refund_req_303972,"650,70",approve,missing_part
"100,54",agent_001,buyer_0636,0,57,purchase_100797,22.05.2026 11:25, sports ,1,refund_req_300797,"45,87", approve ,  wrong_size  
"1.095,91",agent_701,buyer_0452,0,23,purchase_104395,24.05.2026 22:57,fashion,0,refund_req_304395,"728,03",approve,
"60,96",agent_023,buyer_0601,0,90,purchase_101542,15.05.2026 12:29,books,1,refund_req_301542,"43,79",approve,changed_mind
"40,31",agent_702,buyer_1131,0,25,purchase_104357,06.06.2026 20:06,beauty,1,refund_req_304357,"25,03",approve,changed_mind
"97,35",agent_028,buyer_1857,0,25,purchase_100876,31.05.2026 22:36,sports,1,refund_req_300876,"62,59",approve,damaged_item
"151,63",agent_023,buyer_0463,0,86,purchase_100188,20.05.2026 02:51,beauty,,refund_req_300188,"38,27",reject,allergic_reaction
"129,46",agent_023,buyer_9003,0,15,purchase_104316,22.05.2026 13:21,clothing,1,refund_req_304316,"95,83",approve,item_not_as_described
"1.642,54",agent_006,buyer_0095,0,38,purchase_102228,29.05.2026 11:53,luxury,1,refund_req_302228,"414,77",reject,item_not_as_described
"1.747,24",agent_028,buyer_0889,1,7,purchase_103967,19.05.2026 17:43,electronics,1,refund_req_303967,"1.732,32",approve,not_working
"1.475,30",agent_027,buyer_1808,0,34,purchase_103243,15.04.2026 10:26,  appliances  ,0,refund_req_303243,"1.061,59",approve,damaged_item
"668,48",agent_010,buyer_9003,0,36,purchase_104084,10.06.2026 07:36,appliances,0,refund_req_304084,"500,63",APPROVE,damaged_item
"218,68",agent_013,buyer_0770,0,88,purchase_101255,15.06.2026 12:46,  appliances  ,1,refund_req_301255,"112,99",approve,missing_part
"599,59",agent_023,buyer_0529,0,101,purchase_101299,10.05.2026 18:14,home,0,refund_req_301299,"229,30",reject,item_not_as_described
"1.253,91",agent_010,buyer_1503,0,39,purchase_101180,09.05.2026 16:54,clothing,1,refund_req_301180,"677,46",approve,changed_mind
"94,49",agent_030,buyer_0934,0,88,purchase_102603,11.04.2026 23:38,beauty,1,refund_req_302603,"52,53",approve, allergic_reaction 
"503,68",agent_012,buyer_0234,0,66,purchase_100201,27.04.2026 22:57,appliances,0,refund_req_300201,"427,23",approve,not_working
"1.398,96",agent_025,buyer_0682,1,32,purchase_103524,26.05.2026 01:03,luxury,1,refund_req_303524,"1.398,96",approve,damaged_item
"41,39",agent_001,buyer_0015,0,41,purchase_100507,20.04.2026 05:50,clothing,0,refund_req_300507,"25,81",reject,
"718,27",agent_029,buyer_1648,0,50,purchase_100073,03.05.2026 23:35,electronics,0,refund_req_300073,"398,85",approve,missing_accessory
"82,69",agent_015,buyer_1290,0,48,purchase_100788,16.06.2026 17:21,books,0,refund_req_300788,"20,18",approve,
"416,97",agent_006,buyer_0242,0,59,purchase_102386,22.04.2026 21:42,sports,0,refund_req_302386,"101,55",approve,item_not_as_described
"1.110,41",agent_902,buyer_9906,1,9,purchase_104867,31.05.2026 22:55,luxury,0,refund_req_304867,"1.000,24",approve,changed_mind
"388,67",agent_014,buyer_0384,0,50,purchase_101771,02.04.2026 20:15,sports,1,refund_req_301771,"120,22",reject,item_not_as_described
"334,48",agent_030,buyer_0112,0,54,purchase_100959,08.06.2026 15:02,sports,1,refund_req_300959,"140,78",reject,damaged_item
"1.065,95",agent_777,buyer_700,1,22,purchase_1031,11.06.2026 09:03,Appliances,0,refund_req_3031,"881,61",approve,damaged_item
"320,69",agent_017,buyer_1651,0,70,purchase_101607,15.05.2026 13:15,appliances,1,refund_req_301607,"271,22",reject,not_working
"56,60",agent_005,buyer_1494,0,72,purchase_100759,26.05.2026 07:42,sports,0,refund_req_300759,"20,70", approve ,damaged_item
"480,98",agent_030,buyer_1903,0,78,purchase_102842,17.05.2026 05:14,luxury,0,refund_req_302842,"202,18",reject,item_not_as_described
"110,08",agent_023,buyer_1877,0,49,purchase_100133,12.05.2026 06:47,sports,1,refund_req_300133,"31,73",approve,item_not_as_described
"71,66",agent_024,buyer_0595,0,50,purchase_102293,14.05.2026 14:09,beauty,0,refund_req_302293,"38,80",reject,changed_mind
"531,08",agent_005,buyer_1814,0,114,purchase_102513,05.05.2026 04:39,fashion,1,refund_req_302513,"384,12",reject,item_not_as_described
"568,95",agent_012,buyer_1607,0,49,purchase_101809,18.04.2026 15:16,fashion,1,refund_req_301809,"298,88",approve,item_not_as_described
"24,28",agent_102,buyer_0865,0,3,purchase_103723,19.06.2026 21:30,beauty,1,refund_req_303723,"23,38",approve,damaged_item
"1.737,21",agent_025,buyer_1736,0,33,purchase_103473,13.05.2026 02:09,appliances,,refund_req_303473,"1.737,21",approve,missing_part
"1.749,66",agent_007,buyer_0021,1,7,purchase_103993,04.05.2026 10:20,luxury,0,refund_req_303993,"1.689,63",approve,damaged_item
"930,22",agent_024,buyer_1199,0,47,purchase_103410,13.05.2026 15:26,fashion,,refund_req_303410,"930,22",approve,wrong_size
"527,77",agent_001,buyer_0296,0,70,purchase_101762,04.04.2026 03:54,appliances,1,refund_req_301762,"307,17",reject,missing_part
"521,73",agent_002,buyer_1075,0,55,purchase_101186,04.05.2026 15:45, fashion ,1,refund_req_301186,"339,90",approve,  wrong_size  
"148,80",agent_006,buyer_0239,0,50,purchase_102545,05.05.2026 23:39,home,,refund_req_302545,"98,37",approve,damaged_item
"2.124,33",agent_006,buyer_0016,1,15,purchase_103985,01.05.2026 22:36,luxury,0,refund_req_303985,"1.730,86",approve,item_not_as_described
"2.558,90",agent_019,buyer_0572,1,32,purchase_104049,18.04.2026 20:21,luxury,0,refund_req_304049,"1.896,51",approve,item_not_as_described
"148,12",agent_103,buyer_1856,0,3,purchase_103740,19.04.2026 21:48,sports,0,refund_req_303740,"140,88",approve,damaged_item
"61,98",agent_803,buyer_8003,0,26,purchase_104623,12.04.2026 01:41,fashion,0,refund_req_304623,"41,08",approve,changed_mind
"517,24",agent_020,buyer_1637,0,81,purchase_100504,17.04.2026 07:21,luxury,0,refund_req_300504,"171,58",approve,
"942,34",agent_003,buyer_0870,0,71,purchase_102953,14.06.2026 00:19,appliances,1,refund_req_302953,"461,42",reject,not_working
"1.282,07",agent_021,buyer_1146,0,104,purchase_100644,04.06.2026 08:38,clothing,0,refund_req_300644,"707,95",reject,item_not_as_described
"227,24",agent_011,buyer_1106,0,46,purchase_101449,04.04.2026 12:48,fashion,1,refund_req_301449,"181,93",approve,  wrong_size  
"2.940,45",agent_103,buyer_1940,0,1,purchase_103764,05.05.2026 00:02,  luxury  ,0,refund_req_303764,"2.404,48",approve,changed_mind
"2.538,89",agent_007,buyer_0509,0,66,purchase_102443,03.05.2026 05:28,luxury,1,refund_req_302443,"670,51",approve,changed_mind
"1.874,68",agent_027,buyer_0008,0,44,purchase_102424,15.05.2026 02:16,luxury,0,refund_req_302424,"1.411,91",reject,damaged_item
"2.038,66",agent_022,buyer_1061,0,39,purchase_102988,11.05.2026 09:33,electronics,0,refund_req_302988,"1.345,49",approve,not_working
"396,80",agent_103,buyer_1260,0,5,purchase_103581,02.06.2026 05:55,luxury,1,refund_req_303581,"225,37",approve,damaged_item
"93,01",agent_017,buyer_0698,0,64,purchase_100632,26.05.2026 01:14,sports,0,refund_req_300632,"20,29",reject,wrong_size
"392,69",agent_003,buyer_0259,0,65,purchase_100089,17.06.2026 22:41,home,0,refund_req_300089,"218,51",approve,  item_not_as_described  
"1.431,05",agent_006,buyer_1557,1,11,purchase_103094,31.05.2026 05:28,luxury,0,refund_req_303094,"936,92",approve,damaged_item
"75,05",agent_701,buyer_0401,0,11,purchase_104347,17.04.2026 10:00,beauty,1,refund_req_304347,"68,05",approve,changed_mind
"167,57",agent_026,buyer_0964,0,70,purchase_100681,30.05.2026 14:06,clothing,0,refund_req_300681,"51,75",approve,item_not_as_described
"955,78",agent_025,buyer_0324,0,58,purchase_102931,25.05.2026 23:03,beauty,0,refund_req_302931,"344,54",reject,damaged_item
"371,37",agent_103,buyer_0010,0,4,purchase_103571,28.05.2026 06:03,sports,1,refund_req_303571,"364,67", approve ,item_not_as_described
"1.929,76",agent_027,buyer_0571,1,17,purchase_103884,14.04.2026 20:45,electronics,0,refund_req_303884,"1.292,12",approve,damaged_item
"1.523,03",agent_015,buyer_0904,0,81,purchase_101651,20.04.2026 00:19,appliances,1,refund_req_301651,"968,21",approve,not_working
"332,73",agent_018,buyer_0046,0,40,purchase_100395,03.06.2026 15:24,electronics,0,refund_req_300395,"124,77",reject,
"910,49",agent_001,buyer_303,0,16,purchase_1009,02.06.2026 10:15,appliances,0,refund_req_3009,"736,87",approve,damaged_item
"349,02",agent_001,buyer_0370,0,53,purchase_100095,09.04.2026 12:50,sports,1,refund_req_300095,"278,87",approve,wrong_size
"2.023,59",agent_101,buyer_1314,1,32,purchase_103503,16.06.2026 00:36,electronics,1,refund_req_303503,"2.023,59",approve,item_not_as_described
"1.364,76",agent_015,buyer_1598,0,42,purchase_101849,19.04.2026 16:17,electronics,0,refund_req_301849,"550,66",reject,  damaged_item  
"424,71",agent_028,buyer_0165,0,36,purchase_100584,22.04.2026 07:50,sports,0,refund_req_300584,"214,99",approve,item_not_as_described
"409,45",agent_028,buyer_0452,0,35,purchase_100881,25.04.2026 20:53, appliances ,0,refund_req_300881,"214,38",approve,damaged_item
"1.112,16",agent_103,buyer_1157,0,21,purchase_103434,02.04.2026 22:47,fashion,0,refund_req_303434,"1.112,16",approve,item_not_as_described
"2.389,49",agent_007,buyer_1966,0,56,purchase_102686,02.05.2026 00:57,luxury,0,refund_req_302686,"1.279,61",approve,changed_mind
"1.668,43",agent_028,buyer_0239,1,33,purchase_103978,27.05.2026 00:04,electronics,1,refund_req_303978,"1.661,62",approve,missing_accessory
"65,22",agent_012,buyer_1606,0,40,purchase_102835,04.06.2026 12:34,books,0,refund_req_302835,"45,84",approve,changed_mind
"2.281,32",agent_025,buyer_1692,0,72,purchase_100280,06.06.2026 20:45,luxury,1,refund_req_300280,"1.353,36",approve,changed_mind
"97,17",agent_009,buyer_0379,0,75,purchase_101667,11.04.2026 21:37,beauty,0,refund_req_301667,"39,58",approve,changed_mind
"1.469,51",agent_021,buyer_1966,0,101,purchase_101008,04.06.2026 20:43,luxury,,refund_req_301008,"345,97",approve,item_not_as_described
"422,21",agent_023,buyer_1671,0,61,purchase_101616,19.06.2026 19:31,HOME,0,refund_req_301616,"320,52",approve,missing_part
"131,71",agent_013,buyer_1334,0,67,purchase_102116,02.05.2026 23:09,clothing,1,refund_req_302116,"93,28",approve, changed_mind 
"1.243,35",agent_008,buyer_0609,1,16,purchase_103961,24.05.2026 08:12,electronics,1,refund_req_303961,"995,57",approve,item_not_as_described
"1.945,40",agent_025,buyer_1073,0,10,purchase_103290,15.05.2026 18:01,  luxury  ,1,refund_req_303290,"1.945,40",approve,item_not_as_described
"429,77",agent_023,buyer_0115,0,94,purchase_102135,02.04.2026 21:29,home,0,refund_req_302135,"161,30",approve,missing_part
"1.012,81",agent_802,buyer_8002,0,27,purchase_104700,02.05.2026 16:59,electronics,0,refund_req_304700,"745,21",approve,damaged_item
"232,59",agent_021,buyer_1593,0,72,purchase_100418,20.04.2026 09:43,electronics,1,refund_req_300418,"125,80",approve,missing_accessory
"338,11",agent_030,buyer_0858,0,61,purchase_100289,09.06.2026 05:47,sports,0,refund_req_300289,"195,75",reject,damaged_item
"1.950,09",agent_902,buyer_9905,1,2,purchase_104863,17.05.2026 04:40,luxury,0,refund_req_304863,"2.030,98",approve,item_not_as_described
"941,55",agent_102,buyer_1488,0,51,purchase_103492,23.05.2026 18:15,fashion,1,refund_req_303492,"941,55",approve,wrong_size
"1.380,57",agent_003,buyer_1348,0,63,purchase_101303,07.04.2026 00:00,appliances,0,refund_req_301303,"398,96",approve,not_working
"1.184,02",agent_018,buyer_1990,1,20,purchase_103860,27.04.2026 02:52,appliances,0,refund_req_303860,"1.050,80",approve,missing_part
"1.777,80",agent_024,buyer_1211,0,85,purchase_101284,10.04.2026 00:11,luxury,1,refund_req_301284,"1.228,91",approve,changed_mind
"1.074,36",agent_008,buyer_1258,0,60,purchase_101481,09.04.2026 22:30,  fashion  ,1,refund_req_301481,"902,74",approve,item_not_as_described
"1.583,83",agent_004,buyer_1678,0,108,purchase_102884,31.05.2026 11:09,electronics,0,refund_req_302884,"1.216,36",approve,damaged_item
"1.866,36",agent_022,buyer_1135,0,82,purchase_100564,20.05.2026 05:03,luxury,0,refund_req_300564,"950,62",reject,changed_mind
"1.157,35",agent_010,buyer_1103,0,73,purchase_101113,15.06.2026 18:44,luxury,0,refund_req_301113,"406,42",Reject,changed_mind
"908,35",agent_802,buyer_8002,0,25,purchase_104712,30.04.2026 09:41,sports,0,refund_req_304712,"613,06",approve,damaged_item
"1.107,93",agent_005,buyer_1560,0,55,purchase_103454,24.05.2026 10:40,fashion,0,refund_req_303454,"1.107,93",approve,item_not_as_described
"33,85",agent_022,buyer_1824,1,67,purchase_100732,13.05.2026 11:25,books,1,refund_req_300732,"12,04",approve,changed_mind
"20,92",agent_010,buyer_0661,0,84,purchase_100261,12.06.2026 07:40,books,0,refund_req_300261,"17,08",reject,changed_mind
"1.153,45",agent_014,buyer_0581,0,,purchase_103172,17.04.2026 06:16,electronics,0,refund_req_303172,"877,52",approve,missing_accessory
"1.491,05",agent_017,buyer_1853,0,91,purchase_100757,28.04.2026 07:28,electronics,0,refund_req_300757,"729,42",approve,missing_accessory
"151,06",agent_001,buyer_0293,0,57,purchase_100697,31.05.2026 03:39,beauty,1,refund_req_300697,"89,60",approve,changed_mind
"1.373,60",agent_777,buyer_703,0,35,purchase_1034,11.06.2026 10:02,electronics,1,refund_req_3034,"1.141,21",approve,item_not_as_described
"88,61",agent_024,buyer_9006,0,10,purchase_104223,15.06.2026 05:48,fashion,1,refund_req_304223,"84,43",approve,item_not_as_described
"93,15",agent_014,buyer_0170,0,50,purchase_102475,02.04.2026 12:56,beauty,0,refund_req_302475,"55,65",reject,
"1.520,97",agent_022,buyer_0106,0,54,purchase_102370,20.05.2026 08:51,electronics,0,refund_req_302370,"529,93",approve,missing_accessory
"2.552,56",agent_103,buyer_1509,0,4,purchase_103591,17.06.2026 01:51,luxury,0,refund_req_303591,"2.008,85",approve,changed_mind
"1.237,44",agent_802,buyer_8002,1,17,purchase_104583,24.05.2026 02:20,fashion,0,refund_req_304583,"924,56",approve,  wrong_size  
"314,34",agent_026,buyer_1514,0,40,purchase_100107,28.05.2026 11:31, FASHION ,1,refund_req_300107,"228,33",reject, changed_mind 
"71,89",agent_028,buyer_1639,0,,purchase_102552,21.05.2026 05:51,sports,1,refund_req_302552,"59,38",approve,wrong_size
"26,85",agent_020,buyer_1968,0,40,purchase_102759,17.06.2026 10:54,books,1,refund_req_302759,"16,96",approve,changed_mind
"1.399,57",agent_004,buyer_0119,1,23,purchase_103969,03.05.2026 03:34,appliances,,refund_req_303969,"1.361,21",approve,missing_part
"2.103,15",agent_008,buyer_0801,0,43,purchase_103188,08.05.2026 12:48,electronics,0,refund_req_303188,"1.306,11",approve,not_working
"58,30",agent_003,buyer_0126,0,48,purchase_102508,20.06.2026 22:05,beauty,0,refund_req_302508,"16,39",approve,damaged_item
"202,81",agent_015,buyer_1787,1,96,purchase_102612,03.04.2026 00:46,sports,1,refund_req_302612,"154,14",reject,item_not_as_described
"141,84",agent_017,buyer_0976,0,91,purchase_102960,12.04.2026 06:01,sports,,refund_req_302960,"39,15",approve,item_not_as_described
"49,32",agent_024,buyer_0327,0,63,purchase_102618,02.06.2026 02:36,beauty,1,refund_req_302618,"23,73",approve,damaged_item
"880,06",agent_016,buyer_1699,0,42,purchase_102276,13.04.2026 21:07,appliances,1,refund_req_302276,"362,38",reject,missing_part
"1.105,88",agent_016,buyer_1949,0,10,purchase_103261,25.04.2026 14:51,electronics,0,refund_req_303261,"1.105,88",approve,missing_accessory
"106,90",agent_021,buyer_0101,0,64,purchase_100961,18.05.2026 19:18,clothing,,refund_req_300961,"35,17",approve,item_not_as_described
"2.941,29",agent_901,buyer_9903,1,6,purchase_104814,07.06.2026 02:38,luxury,0,refund_req_304814,"2.570,90",approve,item_not_as_described
"221,69",agent_010,buyer_0189,0,43,purchase_102078,17.06.2026 15:16, clothing ,1,refund_req_302078,"110,53",Reject,changed_mind
"58,22",agent_020,buyer_1219,0,70,purchase_101700,02.04.2026 13:05,beauty,,refund_req_301700,"43,99", reject ,damaged_item
"1.598,77",agent_101,buyer_0002,0,38,purchase_103392,14.06.2026 07:30,appliances,,refund_req_303392,"1.598,77",approve,damaged_item
"736,86",agent_014,buyer_1613,0,64,purchase_101033,24.05.2026 06:24,luxury,0,refund_req_301033,"273,10",reject,item_not_as_described
"296,89",agent_022,buyer_0292,0,72,purchase_102530,13.06.2026 12:49,sports,0,refund_req_302530,"97,49",approve,item_not_as_described
"1.786,71",agent_019,buyer_0749,0,66,purchase_100362,12.06.2026 02:56,appliances,1,refund_req_300362,"818,93",approve, missing_part 
"1.279,00",agent_701,buyer_0104,0,6,purchase_104545,10.05.2026 17:37,clothing,0,refund_req_304545,"644,11",approve,item_not_as_described
"1.345,46",agent_028,buyer_1879,0,39,purchase_100171,24.04.2026 02:20,luxury,0,refund_req_300171,"866,17",reject,damaged_item
"2.577,80",agent_025,buyer_0767,0,64,purchase_100905,14.06.2026 02:59,luxury,0,refund_req_300905,"2.063,03",approve, changed_mind 
"57,64",agent_021,buyer_0597,0,110,purchase_100385,28.05.2026 22:07,books,0,refund_req_300385,"26,34",reject,damaged_item
"552,16",agent_007,buyer_1693,0,52,purchase_102414,01.06.2026 06:45,luxury,0,refund_req_302414,"398,07",reject,
"1.040,32",agent_028,buyer_1926,0,38,purchase_102409,15.06.2026 05:33,appliances,1,refund_req_302409,"767,98",approve,damaged_item
"1.259,54",agent_028,buyer_1342,0,65,purchase_102650,04.04.2026 11:49,electronics,0,refund_req_302650,"712,99",approve,item_not_as_described
"1.817,52",agent_802,buyer_8002,0,19,purchase_104580,04.06.2026 01:17,electronics,1,refund_req_304580,"1.483,41",approve,not_working
"1.084,10",agent_026,buyer_0739,1,23,purchase_103948,27.05.2026 01:43, electronics ,1,refund_req_303948,"847,79",approve,not_working
"1.153,16",agent_902,buyer_9905,1,5,purchase_104839,19.04.2026 22:21, electronics ,,refund_req_304839,"1.120,18",approve,item_not_as_described
"1.691,33",agent_023,buyer_1410,0,,purchase_103312,20.04.2026 16:20,luxury,0,refund_req_303312,"1.691,33",  approve  ,item_not_as_described
"101,73",agent_802,buyer_8002,0,8,purchase_104742,20.06.2026 23:41,beauty,0,refund_req_304742,"95,44",approve,changed_mind
"436,83",agent_006,buyer_0253,0,,purchase_100299,08.04.2026 06:35,fashion,1,refund_req_300299,"97,97",reject,
"129,23",agent_701,buyer_0168,0,15,purchase_104461,05.05.2026 16:13,beauty,1,refund_req_304461,"117,50",approve,damaged_item
"1.753,51",agent_021,buyer_1451,0,46,purchase_103270,11.05.2026 03:10,electronics,0,refund_req_303270,"1.753,51",approve,
"2.174,08",agent_902,buyer_9906,1,2,purchase_104871,21.06.2026 03:23,luxury,,refund_req_304871,"2.019,05",approve,item_not_as_described
"497,24",agent_703,buyer_0696,0,15,purchase_104373,18.05.2026 13:42,fashion,1,refund_req_304373,"223,98",approve,changed_mind
"2.093,59",agent_002,buyer_0663,0,17,purchase_103512,27.05.2026 15:51,electronics,1,refund_req_303512,"2.093,59", approve ,not_working
"999,54",agent_803,buyer_8003,0,16,purchase_104638,25.05.2026 01:34,beauty,0,refund_req_304638,"915,36",approve,damaged_item
"95,10",agent_030,buyer_1830,0,76,purchase_102002,12.06.2026 18:39,fashion,0,refund_req_302002,"52,45",approve,changed_mind
"1.997,51",agent_006,buyer_1903,0,80,purchase_100738,17.04.2026 06:42,electronics,1,refund_req_300738,"1.394,46",approve,item_not_as_described
"47,25",agent_801,buyer_8001,1,23,purchase_104573,27.05.2026 12:21,beauty,0,refund_req_304573,"33,71",approve,  changed_mind  
"92,04",agent_006,buyer_1574,0,67,purchase_102797,03.06.2026 15:01,beauty,1,refund_req_302797,"25,50",APPROVE,changed_mind
"1.333,73",agent_902,buyer_9906,1,2,purchase_104827,11.05.2026 03:53,appliances,0,refund_req_304827,"1.397,55",approve,damaged_item
"235,12",agent_009,buyer_0780,0,56,purchase_102193,04.06.2026 14:46,clothing,1,refund_req_302193,"196,06",approve,item_not_as_described
"1.079,88",agent_026,buyer_0945,0,43,purchase_101758,28.04.2026 02:27,electronics,0,refund_req_301758,"348,99",reject,damaged_item
"1.746,22",agent_009,buyer_9001,0,35,purchase_104306,14.05.2026 14:10,electronics,0,refund_req_304306,"1.238,20",approve,missing_accessory
"580,70",agent_025,buyer_1197,0,54,purchase_100866,02.06.2026 17:34,home,1,refund_req_300866,"272,14",Approve,item_not_as_described
"988,48",agent_018,buyer_0827,0,73,purchase_100330,01.06.2026 03:09,  fashion  ,1,refund_req_300330,"334,78",approve,wrong_size
"69,27",agent_102,buyer_1213,0,2,purchase_103750,18.05.2026 05:14,clothing,1,refund_req_303750,"67,56",approve,wrong_size
"537,33",agent_008,buyer_0912,0,56,purchase_102725,06.04.2026 21:29,fashion,1,refund_req_302725,"231,37",approve,changed_mind
"1.734,64",agent_902,buyer_9904,1,4,purchase_104903,10.04.2026 20:08,electronics,0,refund_req_304903,"1.555,41",approve,not_working
"2.169,23",agent_023,buyer_1943,1,37,purchase_103130,03.06.2026 05:41,luxury,0,refund_req_303130,"1.983,00",approve,item_not_as_described
"2.738,00",agent_017,buyer_0853,0,30,purchase_103119,13.04.2026 18:10,luxury,0,refund_req_303119,"2.580,15",approve, changed_mind 
"560,05",agent_003,buyer_1906,0,62,purchase_101710,03.06.2026 13:21,home,0,refund_req_301710,"395,64", approve ,damaged_item
"41,63",agent_023,buyer_0313,0,57,purchase_101615,16.05.2026 03:07,beauty,1,refund_req_301615,"27,59",  approve  ,changed_mind
"2.033,58",agent_023,buyer_1077,0,72,purchase_100590,08.05.2026 00:52,electronics,1,refund_req_300590,"1.006,44",reject,damaged_item
"723,01",agent_002,buyer_1574,0,47,purchase_100443,24.05.2026 18:30,appliances,1,refund_req_300443,"554,08",reject,  not_working  
"259,00",agent_103,buyer_0865,0,3,purchase_103797,08.04.2026 18:55,clothing,1,refund_req_303797,"218,56",approve,item_not_as_described
"2.477,44",agent_102,buyer_0963,1,2,purchase_103687,06.05.2026 13:03,  Luxury  ,0,refund_req_303687,"2.296,22",approve,item_not_as_described
"45,11",agent_803,buyer_8003,0,18,purchase_104614,31.05.2026 17:58,sports,0,refund_req_304614,"27,84",approve,damaged_item
"2.706,76",agent_006,buyer_0292,0,,purchase_102659,06.05.2026 20:09,luxury,1,refund_req_302659,"2.148,27",reject,changed_mind
"467,38",agent_013,buyer_0634,0,80,purchase_100582,02.04.2026 21:24,fashion,1,refund_req_300582,"367,85",approve,wrong_size
"310,29",agent_002,buyer_1963,0,80,purchase_100643,12.06.2026 06:01,fashion,1,refund_req_300643,"118,00",approve,wrong_size
"524,92",agent_015,buyer_0167,0,45,purchase_102736,16.06.2026 14:57,fashion,1,refund_req_302736,"273,01",approve,  item_not_as_described  
"758,49",agent_012,buyer_0520,0,84,purchase_100123,13.05.2026 12:33,appliances,0,refund_req_300123,"185,01",approve,not_working
"1.365,39",agent_025,buyer_1797,0,47,purchase_101584,17.05.2026 10:03,  luxury  ,1,refund_req_301584,"894,71",reject,damaged_item
"124,69",agent_010,buyer_0886,0,82,purchase_100696,29.05.2026 17:24,beauty,1,refund_req_300696,"37,81",approve, allergic_reaction 
"45,67",agent_702,buyer_0907,1,31,purchase_104441,15.05.2026 07:58,beauty,1,refund_req_304441,"43,82",approve,damaged_item
"997,66",agent_015,buyer_1542,0,87,purchase_100419,13.06.2026 09:40,APPLIANCES,1,refund_req_300419,"343,55",approve,not_working
"2.562,07",agent_022,buyer_1962,0,65,purchase_100554,16.04.2026 23:54,luxury,1,refund_req_300554,"2.146,62",approve,
"1.259,91",agent_002,buyer_1305,0,53,purchase_100189,07.06.2026 09:27,luxury,0,refund_req_300189,"661,34",approve,damaged_item
"190,40",agent_016,buyer_1143,0,121,purchase_100954,16.05.2026 00:31, clothing ,,refund_req_300954,"42,88",reject,item_not_as_described
"2.191,75",agent_001,buyer_0430,1,85,purchase_102529,26.04.2026 06:51,electronics,1,refund_req_302529,"630,16",approve,damaged_item
"1.851,65",agent_009,buyer_1826,0,11,purchase_103226,24.04.2026 03:54,luxury,0,refund_req_303226,"1.680,49", approve ,damaged_item
"218,38",agent_003,buyer_1165,0,45,purchase_102147,21.04.2026 22:07,clothing,1,refund_req_302147,"98,38",approve,item_not_as_described
"270,41",agent_009,buyer_1086,0,63,purchase_101340,19.05.2026 06:34,fashion,0,refund_req_301340,"75,69",approve,item_not_as_described
"150,92",agent_012,buyer_1975,0,80,purchase_101127,06.04.2026 15:19,beauty,1,refund_req_301127,"97,30",approve,allergic_reaction
"2.609,74",agent_102,buyer_1513,0,1,purchase_103737,15.04.2026 18:14,luxury,1,refund_req_303737,"2.452,91",approve,damaged_item
"1.769,27",agent_001,buyer_1468,1,32,purchase_103861,10.04.2026 20:06,appliances,0,refund_req_303861,"1.736,98",approve,not_working
"2.696,58",agent_028,buyer_1991,0,94,purchase_100972,24.05.2026 21:37,LUXURY,1,refund_req_300972,"1.407,26",approve,item_not_as_described
"1.172,86",agent_015,buyer_0612,0,29,purchase_102383,20.05.2026 16:32,appliances,0,refund_req_302383,"540,49", approve ,not_working
"127,16",agent_003,buyer_0965,0,66,purchase_101679,14.04.2026 06:14,clothing,1,refund_req_301679,"93,65",approve,item_not_as_described
"137,80",agent_701,buyer_0596,0,28,purchase_104491,20.06.2026 14:38,beauty,0,refund_req_304491,"75,22",approve,allergic_reaction
"124,77",agent_102,buyer_1830,0,1,purchase_103561,25.04.2026 20:01,clothing,1,refund_req_303561,"115,09",approve,changed_mind
"322,80",agent_013,buyer_0928,0,82,purchase_101791,20.04.2026 12:26,home,1,refund_req_301791,"242,34",approve,missing_part
"810,24",agent_021,buyer_1220,0,63,purchase_101019,31.05.2026 01:01,  appliances  ,,refund_req_301019,"651,77",approve,damaged_item
"1.305,83",agent_803,buyer_8003,0,25,purchase_104740,04.05.2026 00:46,electronics,0,refund_req_304740,"1.127,97",approve,item_not_as_described
"1.843,18",agent_025,buyer_0905,0,43,purchase_103029,25.05.2026 03:14,luxury,0,refund_req_303029,"1.730,80",approve,damaged_item
"449,82",agent_011,buyer_1765,0,43,purchase_100142,11.05.2026 16:15,home,1,refund_req_300142,"341,64",reject,missing_part
"420,44",agent_009,buyer_1475,0,80,purchase_102521,02.04.2026 15:27,home,1,refund_req_302521,"104,17",approve,missing_part
"42,27",agent_018,buyer_1925,0,,purchase_101432,08.05.2026 16:26,books,,refund_req_301432,"21,89",reject,
"1.664,87",agent_028,buyer_1550,0,89,purchase_102450,21.06.2026 06:10,  luxury  ,,refund_req_302450,"464,22",reject,item_not_as_described
"1.217,73",agent_012,buyer_1875,0,10,purchase_103129,15.04.2026 14:14,electronics,0,refund_req_303129,"964,74",approve,item_not_as_described
"59,99",agent_010,buyer_1797,0,65,purchase_102668,25.05.2026 08:58,beauty,1,refund_req_302668,"38,75",approve,changed_mind
"245,82",agent_016,buyer_0529,0,68,purchase_101776,02.05.2026 22:49,appliances,0,refund_req_301776,"52,85",reject, missing_part 
"1.319,69",agent_015,buyer_1965,0,108,purchase_101626,28.04.2026 05:32,electronics,0,refund_req_301626,"718,93",approve,
"109,64",agent_017,buyer_0448,0,64,purchase_102334,26.05.2026 00:33,clothing,,refund_req_302334,"24,90",reject,changed_mind
"1.731,35",agent_102,buyer_0736,0,31,purchase_103103,14.06.2026 21:56,luxury,0,refund_req_303103,"1.447,61",approve, damaged_item 
"165,58",agent_010,buyer_1612,1,49,purchase_100337,08.06.2026 15:30,clothing,0,refund_req_300337,"63,41",reject,item_not_as_described
"1.200,46",agent_009,buyer_1460,0,28,purchase_103443,02.04.2026 02:49,fashion,1,refund_req_303443,"1.200,46",approve,wrong_size
"229,67",agent_015,buyer_9003,0,46,purchase_104292,15.04.2026 05:05,home,0,refund_req_304292,"222,27",Approve,damaged_item
"1.659,74",agent_901,buyer_9902,1,2,purchase_104784,17.05.2026 08:21,electronics,0,refund_req_304784,"1.478,55",approve,item_not_as_described
"403,69",agent_030,buyer_0159,0,56,purchase_101005,25.05.2026 13:08,appliances,1,refund_req_301005,"130,06",approve,damaged_item
"361,06",agent_027,buyer_0216,0,52,purchase_101730,18.05.2026 11:03,home,0,refund_req_301730,"159,14",approve,missing_part
"2.055,72",agent_902,buyer_9905,1,3,purchase_104887,12.05.2026 07:37,electronics,0,refund_req_304887,"1.874,38",approve,item_not_as_described
"170,75",agent_801,buyer_8001,1,6,purchase_104618,09.06.2026 10:19,beauty,0,refund_req_304618,"105,31",Approve,allergic_reaction
"75,46",agent_010,buyer_1120,0,84,purchase_102601,18.06.2026 12:48,books,0,refund_req_302601,"40,45",reject,changed_mind
"1.192,88",agent_902,buyer_9905,1,,purchase_104823,03.04.2026 11:17,appliances,0,refund_req_304823,"1.102,03",approve,damaged_item
"1.010,19",agent_702,buyer_0906,0,12,purchase_104543,20.04.2026 00:42,sports,0,refund_req_304543,"785,62",approve,wrong_size
"187,81",agent_020,buyer_1507,0,92,purchase_100421,25.05.2026 20:28,fashion,0,refund_req_300421,"70,07", approve ,item_not_as_described
"152,22",agent_011,buyer_0125,0,70,purchase_101734,03.06.2026 15:01, sports ,1,refund_req_301734,"101,15",approve,damaged_item
"1.065,39",agent_012,buyer_0603,0,43,purchase_102944,05.04.2026 04:21,clothing,,refund_req_302944,"669,75",  Approve  ,item_not_as_described
"66,77",agent_011,buyer_0554,0,74,purchase_100489,26.04.2026 01:44,sports,0,refund_req_300489,"41,75",approve,
"2.991,16",agent_019,buyer_0894,0,52,purchase_101111,10.04.2026 07:16,luxury,0,refund_req_301111,"641,23",approve,changed_mind
"28,47",agent_007,buyer_9002,0,39,purchase_104155,17.05.2026 15:05,beauty,1,refund_req_304155,"22,77",approve,
"593,81",agent_016,buyer_9003,0,31,purchase_104188,06.06.2026 09:54,home,1,refund_req_304188,"394,23",approve,item_not_as_described
"94,55",agent_802,buyer_8002,1,25,purchase_104751,13.06.2026 22:56,beauty,0,refund_req_304751,"76,88",approve, allergic_reaction 
"1.182,73",agent_002,buyer_0130,0,69,purchase_100309,15.05.2026 01:43,luxury,0,refund_req_300309,"778,20",reject,damaged_item
"448,66",agent_017,buyer_1411,0,74,purchase_100744,08.04.2026 19:22,sports,0,refund_req_300744,"295,77",Approve,damaged_item
"1.966,08",agent_901,buyer_9902,1,2,purchase_104934,16.06.2026 01:15,  electronics  ,0,refund_req_304934,"1.690,22",  approve  ,missing_accessory
"61,20",agent_002,buyer_1928,0,55,purchase_101813,20.06.2026 02:22,books,1,refund_req_301813,"42,75",reject,wrong_item_received
"2.795,16",agent_103,buyer_1888,0,38,purchase_103096,14.04.2026 09:55,luxury,0,refund_req_303096,"2.577,22",approve,damaged_item
"132,93",agent_001,buyer_1061,0,33,purchase_100852,17.04.2026 17:08,fashion,1,refund_req_300852,"101,49",approve,changed_mind
"302,21",agent_702,buyer_1131,0,35,purchase_104321,14.04.2026 21:23,sports,1,refund_req_304321,"282,22",approve,damaged_item
"423,69",agent_017,buyer_0923,0,37,purchase_100508,20.06.2026 18:16,sports,,refund_req_300508,"252,88",approve,damaged_item
"343,96",agent_019,buyer_1793,0,80,purchase_101277,02.05.2026 00:26,electronics,1,refund_req_301277,"169,16",approve,missing_accessory
"835,39",agent_021,buyer_0221,0,52,purchase_102745,19.04.2026 09:40,appliances,0,refund_req_302745,"464,41",reject,damaged_item
"246,18",agent_007,buyer_1052,0,64,purchase_101156,04.05.2026 23:19,sports,0,refund_req_301156,"195,80",approve,wrong_size
"1.445,09",agent_022,buyer_0545,0,87,purchase_101096,19.05.2026 09:26,appliances,0,refund_req_301096,"954,55",Approve,damaged_item
"906,96",agent_016,buyer_0225,0,58,purchase_100878,13.04.2026 11:24,beauty,1,refund_req_300878,"582,30",approve,changed_mind
"379,76",agent_015,buyer_0190,0,49,purchase_101601,27.05.2026 01:15,fashion,0,refund_req_301601,"154,53",approve,item_not_as_described
"2.684,72",agent_022,buyer_0893,0,28,purchase_103057,24.04.2026 10:24,luxury,0,refund_req_303057,"1.742,08",approve,changed_mind
"193,26",agent_011,buyer_0860,0,68,purchase_101095,30.04.2026 04:10,fashion,0,refund_req_301095,"83,46",approve,changed_mind
"147,60",agent_014,buyer_0803,0,68,purchase_102921,12.05.2026 02:50,beauty,0,refund_req_302921,"43,00",approve,allergic_reaction
"46,36",agent_013,buyer_1852,0,105,purchase_102365,25.05.2026 23:11,clothing,0,refund_req_302365,"33,32",approve,
"252,95",agent_025,buyer_0568,0,64,purchase_100542,01.06.2026 07:41,clothing,1,refund_req_300542,"149,06",approve,
"2.512,11",agent_014,buyer_1222,0,81,purchase_100855,09.04.2026 23:20,luxury,0,refund_req_300855,"1.519,56",reject,damaged_item
"1.278,47",agent_803,buyer_8003,0,26,purchase_104707,19.06.2026 23:56,sports,0,refund_req_304707,"1.243,74",approve,
"67,18",agent_018,buyer_1913,0,49,purchase_100155,08.05.2026 09:26,books,1,refund_req_300155,"26,00",approve,damaged_item
"1.711,32",agent_009,buyer_9001,0,67,purchase_104250,15.06.2026 06:21, appliances ,,refund_req_304250,"1.550,94",approve,damaged_item
"357,59",agent_004,buyer_0688,0,47,purchase_102810,03.04.2026 14:06,sports,1,refund_req_302810,"236,25",reject,wrong_size
"1.843,59",agent_802,buyer_8002,0,29,purchase_104574,27.04.2026 05:23,electronics,1,refund_req_304574,"1.748,97",approve,damaged_item
"1.392,64",agent_018,buyer_1575,1,15,purchase_103866,22.05.2026 06:19,luxury,1,refund_req_303866,"1.390,11",approve,item_not_as_described
"1.413,40",agent_024,buyer_1216,1,17,purchase_103245,26.05.2026 03:22,electronics,0,refund_req_303245,"1.047,94",approve,damaged_item
"1.233,45",agent_018,buyer_0807,1,15,purchase_104068,13.06.2026 20:25,electronics,1,refund_req_304068,"940,10",approve,
"1.299,53",agent_014,buyer_0127,0,55,purchase_103479,16.04.2026 09:50, fashion ,1,refund_req_303479,"1.299,53",approve,item_not_as_described
"2.501,31",agent_025,buyer_0188,1,22,purchase_103925,16.06.2026 13:57,luxury,0,refund_req_303925,"2.085,72",approve,item_not_as_described
"568,91",agent_030,buyer_1688,0,58,purchase_102160,24.04.2026 12:20,home,0,refund_req_302160,"478,55",approve,damaged_item
"1.992,07",agent_902,buyer_9904,1,6,purchase_104785,07.04.2026 22:14,electronics,0,refund_req_304785,"1.894,30",approve,damaged_item
"1.066,10",agent_021,buyer_9002,0,15,purchase_104243,05.05.2026 11:57,fashion,0,refund_req_304243,"943,91",approve,changed_mind
"2.931,57",agent_027,buyer_9002,0,,purchase_104115,01.06.2026 14:53,luxury,1,refund_req_304115,"2.803,84",approve,
"999,76",agent_030,buyer_0077,0,94,purchase_101717,10.06.2026 00:13,appliances,0,refund_req_301717,"778,07",reject,damaged_item
"242,35",agent_001,buyer_0427,0,29,purchase_100456,14.05.2026 20:48,fashion,1,refund_req_300456,"192,79",reject,wrong_size
"112,00",agent_001,buyer_1317,0,39,purchase_102264,02.05.2026 00:23,clothing,1,refund_req_302264,"67,28",approve,wrong_size
"1.680,47",agent_902,buyer_9905,1,8,purchase_104847,29.05.2026 20:07,appliances,0,refund_req_304847,"1.578,76",approve, missing_part 
"815,79",agent_004,buyer_9001,0,19,purchase_104298,04.05.2026 00:06,appliances,0,refund_req_304298,"592,40",approve,not_working
"1.254,06",agent_102,buyer_1704,0,23,purchase_103043,27.05.2026 09:04,electronics,0,refund_req_303043,"918,05",approve,missing_accessory
"140,50",agent_029,buyer_1353,0,37,purchase_101238,20.06.2026 04:36,electronics,1,refund_req_301238,"58,93",approve,item_not_as_described
"1.586,16",agent_002,buyer_1937,0,82,purchase_101380,07.04.2026 23:28,electronics,1,refund_req_301380,"948,28",approve,not_working
"231,93",agent_006,buyer_1229,0,69,purchase_102815,30.05.2026 16:39,clothing,1,refund_req_302815,"106,56",approve,wrong_size
"2.149,66",agent_021,buyer_1260,0,93,purchase_101211,08.06.2026 11:20,luxury,1,refund_req_301211,"1.795,09",approve,changed_mind
"1.600,75",agent_024,buyer_9008,0,12,purchase_104273,11.05.2026 16:28,luxury,0,refund_req_304273,"1.094,29",approve,item_not_as_described
"222,33",agent_021,buyer_0506,0,63,purchase_101690,21.05.2026 20:51,fashion,1,refund_req_301690,"139,95",approve,item_not_as_described
"1.692,84",agent_019,buyer_0093,0,59,purchase_100646,12.04.2026 11:54,appliances,1,refund_req_300646,"712,64",approve,missing_part
"58,19",agent_021,buyer_1521,0,56,purchase_100786,11.04.2026 02:39,home,0,refund_req_300786,"48,26",reject,damaged_item
"2.243,17",agent_101,buyer_0343,0,4,purchase_103801,18.04.2026 17:13,luxury,0,refund_req_303801,"1.439,78",approve,item_not_as_described
"533,40",agent_801,buyer_8001,0,27,purchase_104651,19.04.2026 07:34,electronics,0,refund_req_304651,"476,58",approve, not_working 
"1.161,94",agent_013,buyer_0263,0,64,purchase_102770,29.04.2026 08:07,home,0,refund_req_302770,"595,49",approve,damaged_item
"73,98",agent_001,buyer_1867,0,62,purchase_101702,08.05.2026 22:44,beauty,0,refund_req_301702,"28,88",approve,allergic_reaction
"145,38",agent_029,buyer_9008,0,31,purchase_104201,02.06.2026 15:07,beauty,1,refund_req_304201,"114,84",APPROVE,allergic_reaction
"67,00",agent_004,buyer_0691,0,69,purchase_101554,28.05.2026 05:37,books,0,refund_req_301554,"21,37",reject, changed_mind 
"1.395,10",agent_101,buyer_1094,0,51,purchase_103296,25.04.2026 08:43,  appliances  ,1,refund_req_303296,"1.395,10",approve,damaged_item
"159,41",agent_011,buyer_1736,0,50,purchase_102869,12.05.2026 01:11,electronics,1,refund_req_302869,"50,55",approve,not_working
"1.117,61",agent_029,buyer_1048,1,9,purchase_104008,14.05.2026 22:44,electronics,1,refund_req_304008,"844,00",approve,item_not_as_described
"1.331,75",agent_101,buyer_1838,0,,purchase_103371,13.04.2026 09:44,luxury,0,refund_req_303371,"1.331,75",approve,changed_mind
"1.178,02",agent_021,buyer_1916,1,7,purchase_103816,14.04.2026 00:11,appliances,1,refund_req_303816,"1.154,42",approve,missing_part
"161,82",agent_024,buyer_0381,0,83,purchase_102766,25.04.2026 02:53,sports,1,refund_req_302766,"66,75",approve,item_not_as_described
"497,98",agent_012,buyer_1183,0,77,purchase_101577,27.04.2026 09:43,appliances,,refund_req_301577,"102,90",approve,
"1.278,81",agent_101,buyer_1213,0,42,purchase_103071,07.05.2026 12:41,appliances,0,refund_req_303071,"1.192,03",approve,not_working
"61,43",agent_016,buyer_0314,0,79,purchase_101924,02.06.2026 16:47,books,1,refund_req_301924,"41,54",  reject  ,wrong_item_received
"1.581,21",agent_001,buyer_0209,1,4,purchase_104024,04.06.2026 01:08,electronics,0,refund_req_304024,"1.457,63",approve,item_not_as_described
"528,03",agent_010,buyer_1559,0,54,purchase_102260,18.05.2026 08:14,home,0,refund_req_302260,"198,53",reject,damaged_item
"163,81",agent_102,buyer_502,0,1,purchase_1018,04.06.2026 09:31, clothing ,1,refund_req_3018,"135,58",  APPROVE  ,changed_mind
"62,65",agent_021,buyer_0058,0,,purchase_101556,09.05.2026 08:24,books,0,refund_req_301556,"46,30",approve,damaged_item
"1.710,26",agent_901,buyer_9901,1,8,purchase_104836,30.04.2026 20:10,luxury,0,refund_req_304836,"1.760,30",approve,changed_mind
"59,31",agent_014,buyer_1690,0,,purchase_100223,07.04.2026 09:34,beauty,1,refund_req_300223,"43,80",approve,changed_mind
"67,19",agent_010,buyer_1483,0,43,purchase_102312,12.05.2026 15:37,clothing,1,refund_req_302312,"17,10",reject,wrong_size
"15,55",agent_019,buyer_0228,0,50,purchase_101773,22.05.2026 08:05,beauty,0,refund_req_301773,"8,38",reject,allergic_reaction
"1.298,37",agent_002,buyer_1938,0,110,purchase_100081,25.05.2026 04:02,home,1,refund_req_300081,"357,67",approve,missing_part
"224,47",agent_016,buyer_1010,0,,purchase_101077,13.04.2026 21:47,clothing,1,refund_req_301077,"73,53",approve,wrong_size
"1.090,72",agent_023,buyer_0195,1,81,purchase_100226,16.04.2026 22:24, clothing ,1,refund_req_300226,"312,22",approve,wrong_size
"186,62",agent_103,buyer_0616,1,1,purchase_103710,15.04.2026 02:30,clothing,0,refund_req_303710,"146,72",approve,changed_mind
"109,44",agent_014,buyer_0198,0,48,purchase_100092,23.05.2026 20:04,clothing,0,refund_req_300092,"31,14",approve,item_not_as_described
"90,83",agent_030,buyer_1697,0,42,purchase_101580,04.04.2026 06:14, beauty ,1,refund_req_301580,"41,66",approve,allergic_reaction
"1.247,27",agent_901,buyer_9901,1,1,purchase_104826,02.06.2026 11:47,electronics,0,refund_req_304826,"1.155,00",approve,not_working
"1.801,71",agent_003,buyer_0638,0,47,purchase_101358,30.04.2026 21:33,electronics,1,refund_req_301358,"1.380,19",approve,not_working
"248,25",agent_007,buyer_0134,0,,purchase_101199,09.04.2026 17:35,home,1,refund_req_301199,"55,65",approve,damaged_item
"2.675,77",agent_102,buyer_1931,0,5,purchase_103617,19.04.2026 12:19,luxury,1,refund_req_303617,"2.219,39",approve,
"1.657,68",agent_701,buyer_0557,1,35,purchase_104362,13.06.2026 02:30,appliances,1,refund_req_304362,"1.092,11",approve,
"174,91",agent_012,buyer_0103,0,67,purchase_102141,16.05.2026 02:06,beauty,0,refund_req_302141,"134,42",approve,damaged_item
"264,05",agent_702,buyer_1353,0,38,purchase_104540,06.05.2026 04:12,sports,1,refund_req_304540,"252,53",approve,damaged_item
"2.888,70",agent_902,buyer_9905,1,4,purchase_104815,16.04.2026 15:21,luxury,0,refund_req_304815,"2.859,67",approve,changed_mind
"833,32",agent_013,buyer_0992,0,35,purchase_101705,19.05.2026 12:50,electronics,0,refund_req_301705,"395,21",reject,missing_accessory
"584,04",agent_009,buyer_9007,0,29,purchase_104304,04.05.2026 08:00,appliances,0,refund_req_304304,"527,73",approve,missing_part
"1.466,70",agent_014,buyer_1653,0,50,purchase_101276,05.04.2026 10:42,  appliances  ,1,refund_req_301276,"1.100,95",reject,damaged_item
"547,70",agent_021,buyer_0492,0,69,purchase_101589,11.06.2026 19:33,home,1,refund_req_301589,"362,74",approve,missing_part
"2.536,54",agent_018,buyer_0702,0,28,purchase_103145,02.04.2026 02:00,luxury,0,refund_req_303145,"1.575,77",Approve,item_not_as_described
"1.070,93",agent_004,buyer_1816,0,74,purchase_102818,28.05.2026 02:07,books,1,refund_req_302818,"242,61",APPROVE,wrong_item_received
"2.147,43",agent_003,buyer_0238,0,38,purchase_101539,11.05.2026 14:20,electronics,0,refund_req_301539,"1.281,53",  reject  ,not_working
"17,26",agent_023,buyer_0325,0,53,purchase_100063,21.04.2026 01:00,beauty,0,refund_req_300063,"8,03",approve,allergic_reaction
"303,64",agent_002,buyer_0288,0,46,purchase_101995,30.04.2026 11:04,fashion,,refund_req_301995,"94,00",reject,
"1.496,37",agent_015,buyer_0279,0,,purchase_101444,28.04.2026 09:15,Electronics,0,refund_req_301444,"1.199,48",reject,damaged_item
"140,11",agent_019,buyer_0018,0,71,purchase_100228,28.04.2026 10:57,fashion,0,refund_req_300228,"60,01",approve,changed_mind
"163,91",agent_009,buyer_0293,0,65,purchase_100799,11.04.2026 14:54,clothing,0,refund_req_300799,"117,21",approve,item_not_as_described
"2.308,89",agent_008,buyer_1243,0,78,purchase_100735,13.04.2026 21:08,luxury,0,refund_req_300735,"1.653,34",approve,changed_mind
"1.408,93",agent_027,buyer_0634,0,17,purchase_103184,10.04.2026 01:42,luxury,0,refund_req_303184,"1.065,23",approve,damaged_item
"187,34",agent_102,buyer_9006,1,32,purchase_104287,25.05.2026 18:49,appliances,0,refund_req_304287,"142,66",approve,
"1.366,15",agent_023,buyer_1419,0,34,purchase_103241,24.05.2026 10:45,electronics,0,refund_req_303241,"1.043,51",approve,missing_accessory
"1.893,70",agent_026,buyer_0311,0,48,purchase_102029,16.04.2026 03:02,electronics,1,refund_req_302029,"806,95",reject,item_not_as_described
"103,57",agent_003,buyer_1315,0,49,purchase_100271,29.04.2026 17:10,sports,1,refund_req_300271,"80,33",approve,damaged_item
"251,95",agent_008,buyer_1152,1,32,purchase_102200,01.04.2026 18:14,electronics,1,refund_req_302200,"72,94",approve,missing_accessory
"315,21",agent_103,buyer_1010,0,5,purchase_103683,29.05.2026 19:04, sports ,1,refund_req_303683,"201,58",approve,item_not_as_described
"343,77",agent_012,buyer_0849,1,38,purchase_102122,02.05.2026 23:28,fashion,0,refund_req_302122,"87,33",reject,wrong_size
"95,85",agent_014,buyer_1018,0,57,purchase_101956,09.05.2026 10:33,clothing,1,refund_req_301956,"22,53",approve,changed_mind
"228,99",agent_004,buyer_1596,0,59,purchase_102126,26.05.2026 23:11,clothing,1,refund_req_302126,"167,03",reject,changed_mind
"1.770,20",agent_010,buyer_0880,0,,purchase_100966,04.04.2026 00:57,appliances,0,refund_req_300966,"999,54",approve,missing_part
"29,94",agent_026,buyer_0459,0,37,purchase_100842,24.05.2026 09:06,books,0,refund_req_300842,"18,81",approve,damaged_item
"1.870,30",agent_004,buyer_0314,0,80,purchase_102608,23.05.2026 12:03,electronics,0,refund_req_302608,"1.015,93",  reject  ,damaged_item
"1.187,92",agent_103,buyer_0846,0,22,purchase_103146,04.06.2026 01:12,appliances,,refund_req_303146,"940,49",approve,
"1.121,69",agent_011,buyer_1675,0,45,purchase_103204,07.04.2026 10:48, electronics ,0,refund_req_303204,"802,95",approve,missing_accessory
"1.065,98",agent_103,buyer_0699,0,38,purchase_103300,03.06.2026 10:26, fashion ,0,refund_req_303300,"1.065,98",approve,changed_mind
"29,75",agent_010,buyer_0510,0,,purchase_102463,05.04.2026 12:35,beauty,0,refund_req_302463,"6,89",reject,changed_mind
"1.098,27",agent_022,buyer_0948,1,4,purchase_103871,12.05.2026 14:57, appliances ,0,refund_req_303871,"1.035,79",approve,not_working
"1.517,35",agent_703,buyer_0155,0,23,purchase_104499,05.04.2026 06:21,electronics,1,refund_req_304499,"921,04",approve,missing_accessory
"169,40",agent_102,buyer_1115,0,5,purchase_103685,21.04.2026 05:59,sports,0,refund_req_303685,"149,13",approve,damaged_item
"30,85",agent_102,buyer_1146,0,1,purchase_103754,09.04.2026 21:46,beauty,1,refund_req_303754,"15,65",approve,changed_mind
"128,40",agent_702,buyer_1538,0,35,purchase_104492,16.04.2026 02:40,beauty,0,refund_req_304492,"69,37",Approve,changed_mind
"974,44",agent_014,buyer_0219,1,11,purchase_103933,28.05.2026 08:34,electronics,1,refund_req_303933,"867,36",approve,damaged_item
"1.269,29",agent_006,buyer_1040,0,82,purchase_101164,10.04.2026 14:25,luxury,1,refund_req_301164,"416,99",approve, item_not_as_described 
"1.391,28",agent_029,buyer_0217,0,78,purchase_102547,16.06.2026 12:19,appliances,0,refund_req_302547,"938,89",approve,damaged_item
"2.464,11",agent_026,buyer_1056,0,54,purchase_103274,18.05.2026 04:10,luxury,1,refund_req_303274,"2.464,11",approve,item_not_as_described
"833,92",agent_006,buyer_1984,0,81,purchase_101408,18.05.2026 11:29,Appliances,1,refund_req_301408,"486,12",reject,missing_part
"773,88",agent_009,buyer_0714,0,89,purchase_101246,26.04.2026 09:14,appliances,1,refund_req_301246,"656,34",approve,missing_part
"365,24",agent_028,buyer_1022,0,80,purchase_100445,12.04.2026 04:31,luxury,1,refund_req_300445,"282,61",approve, changed_mind 
"1.885,60",agent_021,buyer_1914,0,86,purchase_100311,06.05.2026 09:43,electronics,1,refund_req_300311,"1.421,21",reject,item_not_as_described
"75,56",agent_002,buyer_1282,0,115,purchase_100794,15.04.2026 07:29,books,1,refund_req_300794,"25,88",reject,wrong_item_received
"1.462,11",agent_703,buyer_0736,0,21,purchase_104322,19.05.2026 07:36,luxury,0,refund_req_304322,"1.168,74", approve ,changed_mind
"245,75",agent_001,buyer_0281,0,60,purchase_100546,29.04.2026 14:25,home,0,refund_req_300546,"126,61",approve,damaged_item
"1.733,18",agent_018,buyer_0929,1,36,purchase_103202,25.05.2026 07:16,electronics,0,refund_req_303202,"1.325,40",approve,missing_accessory
"52,09",agent_702,buyer_1457,0,34,purchase_104390,09.04.2026 17:35,  books  ,0,refund_req_304390,"51,47",approve,damaged_item
"57,91",agent_023,buyer_1593,0,73,purchase_100766,26.05.2026 01:46,books,0,refund_req_300766,"38,19",approve,damaged_item
"2.461,81",agent_026,buyer_0864,0,74,purchase_100307,02.06.2026 03:25,luxury,1,refund_req_300307,"673,27",reject,item_not_as_described
"1.148,58",agent_014,buyer_1587,0,65,purchase_100109,07.05.2026 16:36,appliances,1,refund_req_300109,"818,93",reject,  not_working  
"89,36",agent_011,buyer_1381,0,65,purchase_101395,15.04.2026 07:26,books,1,refund_req_301395,"57,30",approve,damaged_item
"377,77",agent_019,buyer_1136,0,66,purchase_102958,09.04.2026 15:25,fashion,1,refund_req_302958,"284,02",approve,item_not_as_described
"434,80",agent_021,buyer_1786,0,97,purchase_101227,10.04.2026 03:10,appliances,0,refund_req_301227,"256,24",APPROVE,damaged_item
"217,30",agent_001,buyer_0317,0,70,purchase_100827,12.04.2026 19:54,fashion,1,refund_req_300827,"65,81",approve,changed_mind
"2.528,58",agent_901,buyer_9902,1,4,purchase_104852,19.06.2026 22:30,luxury,0,refund_req_304852,"2.446,72",approve,changed_mind
"134,98",agent_011,buyer_0983,0,38,purchase_102369,27.04.2026 06:47,beauty,0,refund_req_302369,"63,32",reject,changed_mind
"1.286,96",agent_017,buyer_1870,0,111,purchase_102620,08.06.2026 15:46,electronics,1,refund_req_302620,"952,68",approve,not_working
"1.068,66",agent_103,buyer_0026,1,32,purchase_103880,09.04.2026 19:04,appliances,0,refund_req_303880,"954,96",approve,not_working
"662,72",agent_020,buyer_9001,0,30,purchase_104226,23.04.2026 05:09,appliances,0,refund_req_304226,"557,11",approve,damaged_item
"507,53",agent_027,buyer_0814,1,74,purchase_100160,17.06.2026 11:39,electronics,0,refund_req_300160,"348,60",reject,not_working
"737,17",agent_101,buyer_1385,0,3,purchase_103589,02.06.2026 20:33,electronics,0,refund_req_303589,"615,82",approve,  damaged_item  
"515,03",agent_025,buyer_1712,1,82,purchase_102737,14.04.2026 04:29,home,0,refund_req_302737,"406,70",reject,missing_part
"1.427,37",agent_009,buyer_0496,0,35,purchase_102143,07.05.2026 01:34,  electronics  ,0,refund_req_302143,"1.114,57",approve, missing_accessory 
"414,66",agent_014,buyer_1654,0,72,purchase_101660,09.05.2026 07:40,fashion,0,refund_req_301660,"263,41",reject,changed_mind
"53,66",agent_802,buyer_8002,0,27,purchase_104694,31.05.2026 18:37,beauty,1,refund_req_304694,"39,36",approve,  allergic_reaction  
"44,11",agent_028,buyer_0206,0,43,purchase_100068,11.04.2026 00:01,books,1,refund_req_300068,"23,90",  approve  , damaged_item 
"1.394,85",agent_803,buyer_8003,0,11,purchase_104575,18.04.2026 18:00,electronics,1,refund_req_304575,"882,13", approve ,item_not_as_described
"394,37",agent_023,buyer_0221,0,103,purchase_102256,09.04.2026 10:16,home,0,refund_req_302256,"307,54",approve,damaged_item
"182,70",agent_005,buyer_1427,0,92,purchase_101345,09.05.2026 13:24,clothing,1,refund_req_301345,"122,75",approve,item_not_as_described
"124,73",agent_018,buyer_0111,0,73,purchase_100715,12.05.2026 14:15,beauty,0,refund_req_300715,"45,08",reject,changed_mind
"60,26",agent_101,buyer_0661,0,3,purchase_103625,02.06.2026 18:27,beauty,0,refund_req_303625,"51,09",approve,changed_mind
"1.611,34",agent_008,buyer_1802,0,73,purchase_101346,03.05.2026 10:48,electronics,1,refund_req_301346,"707,97",approve,damaged_item
"200,26",agent_010,buyer_0226,0,75,purchase_102924,14.06.2026 14:28,clothing,1,refund_req_302924,"68,22",approve,item_not_as_described
"578,20",agent_028,buyer_0712,0,51,purchase_102175,02.05.2026 08:17,electronics,1,refund_req_302175,"489,03",reject,missing_accessory
"298,22",agent_028,buyer_1903,0,30,purchase_102866,06.05.2026 12:23,fashion,0,refund_req_302866,"197,31",approve,item_not_as_described
"905,72",agent_016,buyer_9002,0,66,purchase_104187,10.05.2026 11:43,luxury,0,refund_req_304187,"806,68", approve , damaged_item 
"2.489,39",agent_009,buyer_1585,0,18,purchase_103036,31.05.2026 15:06,luxury,0,refund_req_303036,"2.220,01",approve,item_not_as_described
"841,31",agent_004,buyer_1999,0,60,purchase_100851,17.06.2026 09:00,electronics,1,refund_req_300851,"712,33",REJECT,missing_accessory
"180,08",agent_015,buyer_1325,0,121,purchase_102922,10.05.2026 04:13,clothing,1,refund_req_302922,"121,12",approve,
"2.084,53",agent_012,buyer_0561,0,46,purchase_103339,25.04.2026 19:49,  Electronics  ,0,refund_req_303339,"2.084,53",approve,damaged_item
"503,29",agent_022,buyer_0815,0,46,purchase_101835,28.04.2026 10:44,home,0,refund_req_301835,"120,47",approve,missing_part
"210,44",agent_026,buyer_0602,0,,purchase_101928,28.05.2026 02:14, home ,1,refund_req_301928,"157,89",approve,missing_part
"993,07",agent_801,buyer_8001,0,,purchase_104726,01.06.2026 11:08,electronics,1,refund_req_304726,"851,61",approve, missing_accessory 
"1.127,79",agent_011,buyer_1245,0,45,purchase_103394,20.06.2026 11:26,fashion,0,refund_req_303394,"1.127,79",approve,wrong_size
"12,64",agent_101,buyer_1702,0,2,purchase_103703,02.06.2026 00:55,books,1,refund_req_303703,"9,37",approve,damaged_item
"1.281,57",agent_003,buyer_0412,0,41,purchase_103391,30.05.2026 20:01,electronics,1,refund_req_303391,"1.281,57",approve,not_working
"311,21",agent_001,buyer_1236,0,58,purchase_101962,29.04.2026 07:17,home,1,refund_req_301962,"106,14",reject,item_not_as_described
"1.797,65",agent_103,buyer_0310,0,44,purchase_103257,02.04.2026 07:26,electronics,0,refund_req_303257,"1.797,65",approve,not_working
"1.633,20",agent_002,buyer_0503,0,,purchase_101257,11.04.2026 04:25,appliances,1,refund_req_301257,"1.306,21",approve,damaged_item
"2.179,73",agent_030,buyer_0547,0,59,purchase_102670,21.05.2026 02:06,  luxury  ,0,refund_req_302670,"1.359,20",reject,damaged_item
"29,67",agent_004,buyer_0757,0,39,purchase_100639,19.04.2026 12:51, clothing ,0,refund_req_300639,"8,89",approve,changed_mind
"471,73",agent_002,buyer_9007,0,17,purchase_104280,13.04.2026 02:06,appliances,0,refund_req_304280,"389,10",Approve, damaged_item 
"2.813,97",agent_702,buyer_0391,0,22,purchase_104363,15.04.2026 00:56,luxury,1,refund_req_304363,"1.224,45",approve,damaged_item
"128,77",agent_028,buyer_1890,0,39,purchase_101597,05.05.2026 14:11,clothing,1,refund_req_301597,"107,85",approve,item_not_as_described
"16,66",agent_777,buyer_701,0,31,purchase_1032,11.06.2026 09:23,books,1,refund_req_3032,"16,26",approve,damaged_item
"525,04",agent_026,buyer_0761,1,55,purchase_100816,22.04.2026 02:29,electronics,0,refund_req_300816,"142,00",approve,missing_accessory
"98,12",agent_001,buyer_1900,0,71,purchase_101605,23.04.2026 12:22,clothing,1,refund_req_301605,"52,73",reject,wrong_size
"1.700,87",agent_703,buyer_1787,0,16,purchase_104424,11.05.2026 21:24,electronics,1,refund_req_304424,"1.588,70",approve,not_working
"159,33",agent_018,buyer_0753,1,,purchase_102671,04.05.2026 09:00,beauty,0,refund_req_302671,"129,45",approve,damaged_item
"1.711,74",agent_005,buyer_1009,1,27,purchase_103412,24.05.2026 11:02,electronics,0,refund_req_303412,"1.711,74",approve,item_not_as_described
"1.119,06",agent_103,buyer_1176,0,2,purchase_103713,01.06.2026 20:11,appliances,0,refund_req_303713,"645,80",approve,damaged_item
"1.027,78",agent_019,buyer_0964,0,14,purchase_103338,26.05.2026 19:55,fashion,0,refund_req_303338,"1.027,78",approve,  wrong_size  
"1.004,46",agent_004,buyer_1839,1,26,purchase_103958,11.05.2026 00:03,luxury,0,refund_req_303958,"873,72",approve,item_not_as_described
"2.775,11",agent_026,buyer_0136,0,58,purchase_101264,18.06.2026 20:42,luxury,,refund_req_301264,"853,74",reject,damaged_item
"357,97",agent_018,buyer_1903,0,,purchase_102130,03.06.2026 14:07,appliances,1,refund_req_302130,"262,03",approve,
"66,69",agent_025,buyer_1006,0,74,purchase_102722,29.04.2026 07:30,books,0,refund_req_302722,"31,48",reject,damaged_item
"253,82",agent_018,buyer_0865,0,68,purchase_101488,11.05.2026 01:17,sports,0,refund_req_301488,"183,54",approve,damaged_item
"1.379,01",agent_001,buyer_0392,0,30,purchase_102363,14.04.2026 22:57,luxury,0,refund_req_302363,"293,10",approve,item_not_as_described
"1.240,23",agent_902,buyer_9906,1,9,purchase_104833,12.04.2026 01:31,electronics,0,refund_req_304833,"1.077,33",approve,not_working
"1.388,70",agent_026,buyer_0245,0,,purchase_101984,24.05.2026 19:00,appliances,1,refund_req_301984,"795,80",approve,  damaged_item  
"51,59",agent_025,buyer_1442,0,31,purchase_100210,05.05.2026 06:53,sports,1,refund_req_300210,"13,73",reject,damaged_item
"89,07",agent_027,buyer_9008,0,65,purchase_104097,25.04.2026 08:23,books,1,refund_req_304097,"76,03",approve,changed_mind
"168,20",agent_012,buyer_1769,0,52,purchase_102899,18.05.2026 21:11,beauty,0,refund_req_302899,"106,53",REJECT,damaged_item
"31,01",agent_008,buyer_0740,0,32,purchase_100050,02.06.2026 11:30,sports,0,refund_req_300050,"16,97",approve,
"1.705,81",agent_102,buyer_1305,1,1,purchase_103600,01.04.2026 19:21,ELECTRONICS,1,refund_req_303600,"1.367,82",approve,
"56,07",agent_013,buyer_0703,0,60,purchase_102299,30.04.2026 08:07,books,1,refund_req_302299,"11,83", approve ,changed_mind
"1.257,31",agent_801,buyer_8001,0,11,purchase_104585,07.04.2026 14:01,electronics,0,refund_req_304585,"1.157,70",approve,missing_accessory
"2.100,21",agent_015,buyer_9003,0,60,purchase_104140,01.05.2026 18:41,luxury,1,refund_req_304140,"1.981,32",approve,damaged_item
"606,06",agent_802,buyer_8002,0,22,purchase_104637,10.06.2026 13:52,electronics,0,refund_req_304637,"464,42",approve,missing_accessory
"493,08",agent_016,buyer_0971,0,68,purchase_100435,26.04.2026 14:58,appliances,1,refund_req_300435,"108,95",reject,damaged_item
"414,10",agent_015,buyer_0488,0,115,purchase_102560,07.04.2026 14:25,home,1,refund_req_302560,"171,92",approve,damaged_item
"79,66",agent_103,buyer_0978,0,5,purchase_103528,18.05.2026 09:08,beauty,1,refund_req_303528,"64,47",approve,allergic_reaction
"473,68",agent_026,buyer_0838,1,56,purchase_102731,16.04.2026 18:42,fashion,0,refund_req_302731,"310,85",reject,wrong_size
"59,84",agent_030,buyer_1058,0,88,purchase_102473,07.04.2026 02:30,clothing,1,refund_req_302473,"45,50",reject,wrong_size
"211,95",agent_102,buyer_0373,0,1,purchase_103602,20.04.2026 14:20,clothing,1,refund_req_303602,"131,26",approve,changed_mind
"126,30",agent_015,buyer_1408,0,30,purchase_101429,12.05.2026 14:12,clothing,1,refund_req_301429,"84,14",  approve  ,item_not_as_described
"1.095,79",agent_012,buyer_1917,0,12,purchase_103448,30.04.2026 20:55,luxury,0,refund_req_303448,"1.095,79",approve,changed_mind
"572,29",agent_002,buyer_0469,1,52,purchase_102412,19.06.2026 19:07,home,1,refund_req_302412,"177,24",approve,missing_part
"1.853,23",agent_018,buyer_1778,0,26,purchase_103044,26.04.2026 21:13,electronics,0,refund_req_303044,"1.163,40",approve,item_not_as_described
"83,57",agent_005,buyer_1643,0,69,purchase_100807,20.05.2026 10:51,books,1,refund_req_300807,"37,53", approve ,damaged_item
"177,19",agent_016,buyer_1618,0,104,purchase_100329,21.04.2026 22:11,sports,1,refund_req_300329,"125,74",approve,wrong_size
"88,66",agent_015,buyer_0668,0,87,purchase_102874,08.04.2026 12:54,  sports  ,1,refund_req_302874,"44,06",approve,  wrong_size  
"572,99",agent_013,buyer_1724,0,64,purchase_102627,27.05.2026 01:02,fashion,0,refund_req_302627,"256,17",approve,changed_mind
"414,67",agent_702,buyer_0124,0,19,purchase_104366,30.04.2026 07:45,sports,1,refund_req_304366,"376,18",approve,wrong_size
"960,39",agent_021,buyer_0642,0,81,purchase_102638,11.05.2026 13:05,appliances,,refund_req_302638,"584,83",approve,damaged_item
"292,31",agent_005,buyer_1697,0,109,purchase_101889,23.05.2026 07:18,home,0,refund_req_301889,"108,31",reject,item_not_as_described
"571,43",agent_001,buyer_1771,0,81,purchase_102531,12.06.2026 00:05,fashion,1,refund_req_302531,"377,80",approve,changed_mind
"96,97",agent_022,buyer_1297,0,47,purchase_100029,03.05.2026 00:13,fashion,1,refund_req_300029,"79,40",approve,wrong_size
"1.767,80",agent_017,buyer_0628,0,64,purchase_100782,15.04.2026 17:11,appliances,1,refund_req_300782,"608,40",approve,damaged_item
"19,60",agent_023,buyer_0531,0,71,purchase_101778,02.04.2026 10:20,books,1,refund_req_301778,"11,22",reject,wrong_item_received
"15,53",agent_025,buyer_1497,0,71,purchase_100867,28.04.2026 07:43,books,1,refund_req_300867,"10,84",  approve  ,wrong_item_received
"560,80",agent_030,buyer_0644,0,43,purchase_101385,30.05.2026 08:21,HOME,0,refund_req_301385,"186,02",reject,missing_part
"167,40",agent_013,buyer_1976,0,,purchase_102413,22.04.2026 01:43,fashion,1,refund_req_302413,"97,88",approve,changed_mind
"391,53",agent_025,buyer_0166,0,73,purchase_100294,23.04.2026 03:40,home,1,refund_req_300294,"123,31",approve,missing_part
"1.088,31",agent_009,buyer_0280,0,43,purchase_100515,14.06.2026 02:52,electronics,1,refund_req_300515,"513,51",approve,missing_accessory
"1.258,75",agent_007,buyer_0199,0,,purchase_100270,03.06.2026 06:33,luxury,0,refund_req_300270,"490,51",approve,changed_mind
"439,51",agent_014,buyer_1697,1,,purchase_101741,28.04.2026 08:16,sports,1,refund_req_301741,"363,11",Approve,
"965,24",agent_023,buyer_0131,0,103,purchase_101678,13.06.2026 07:53,sports,0,refund_req_301678,"351,74",approve,damaged_item
"1.507,25",agent_019,buyer_1081,0,20,purchase_102975,08.04.2026 11:10,electronics,0,refund_req_302975,"1.053,38",approve,  not_working  
"1.279,35",agent_902,buyer_9906,1,1,purchase_104885,11.04.2026 16:15,electronics,,refund_req_304885,"1.098,88",approve,  missing_accessory  
"59,92",agent_019,buyer_1124,0,57,purchase_102971,02.05.2026 13:21,sports,,refund_req_302971,"43,35",reject,damaged_item
"2.146,98",agent_022,buyer_1913,0,66,purchase_101136,03.05.2026 13:59,electronics,1,refund_req_301136,"1.501,93",reject,not_working
"165,06",agent_027,buyer_0333,0,41,purchase_102678,12.04.2026 23:11,beauty,1,refund_req_302678,"88,20",approve,changed_mind
"128,96",agent_014,buyer_1754,0,49,purchase_100380,21.06.2026 01:38,  fashion  ,0,refund_req_300380,"106,19",approve,wrong_size
"100,75",agent_007,buyer_0847,0,49,purchase_102511,23.05.2026 23:47,home,1,refund_req_302511,"61,26",approve,damaged_item
"1.610,59",agent_026,buyer_1205,0,42,purchase_103041,06.05.2026 05:02,luxury,,refund_req_303041,"1.072,92",approve,damaged_item
"2.207,12",agent_010,buyer_0107,1,80,purchase_102933,14.05.2026 14:05,luxury,,refund_req_302933,"1.726,41",approve,item_not_as_described
"2.032,30",agent_013,buyer_1469,0,31,purchase_101552,12.04.2026 06:45,electronics,1,refund_req_301552,"822,74",reject,not_working
"2.196,97",agent_011,buyer_1353,0,52,purchase_100957,04.04.2026 17:55,luxury,0,refund_req_300957,"1.445,90",reject,changed_mind
"1.526,29",agent_013,buyer_0001,0,54,purchase_101865,10.04.2026 00:17,appliances,0,refund_req_301865,"645,24",reject,damaged_item
"94,65",agent_025,buyer_1678,0,69,purchase_100041,26.04.2026 10:35,clothing,0,refund_req_300041,"54,53",reject,changed_mind
"64,00",agent_027,buyer_1830,0,66,purchase_101609,01.05.2026 07:52,  books  ,1,refund_req_301609,"50,64",  approve  ,changed_mind
"986,79",agent_002,buyer_0314,0,27,purchase_103159,13.05.2026 10:33,appliances,0,refund_req_303159,"605,55",approve,not_working
"45,20",agent_020,buyer_0891,0,71,purchase_102607,07.06.2026 04:34,books,1,refund_req_302607,"28,53",approve,wrong_item_received
"739,29",agent_005,buyer_0466,0,104,purchase_100930,28.05.2026 03:47,luxury,1,refund_req_300930,"444,81",APPROVE,item_not_as_described
"167,49",agent_006,buyer_1059,0,,purchase_101518,02.04.2026 14:19,beauty,1,refund_req_301518,"110,98",approve,allergic_reaction
"408,91",agent_003,buyer_0991,0,69,purchase_100450,19.06.2026 20:04,fashion,1,refund_req_300450,"291,27",approve,changed_mind
"1.137,82",agent_102,buyer_1647,0,47,purchase_103497,28.04.2026 23:14,fashion,1,refund_req_303497,"1.137,82",approve,changed_mind
"1.372,94",agent_002,buyer_1467,1,11,purchase_103017,31.05.2026 13:08,appliances,0,refund_req_303017,"1.021,73",approve,not_working
"1.141,77",agent_102,buyer_1111,0,2,purchase_103767,02.06.2026 18:29,luxury,0,refund_req_303767,"690,63",approve,damaged_item
"2.163,41",agent_016,buyer_0723,0,26,purchase_103077,25.04.2026 12:29,luxury,0,refund_req_303077,"2.044,19",approve,item_not_as_described
"121,30",agent_101,buyer_1807,1,1,purchase_103618,26.05.2026 01:26,beauty,1,refund_req_303618,"114,90",approve,damaged_item
"758,93",agent_004,buyer_0877,0,46,purchase_100566,09.04.2026 18:24,  appliances  ,1,refund_req_300566,"325,07",reject,missing_part
"301,68",agent_004,buyer_0581,0,88,purchase_102165,20.05.2026 17:40,home,1,refund_req_302165,"78,24",approve,item_not_as_described
"59,76",agent_014,buyer_1876,0,74,purchase_100240,06.04.2026 21:41,beauty,1,refund_req_300240,"14,98",APPROVE,allergic_reaction
"877,40",agent_103,buyer_1514,0,5,purchase_103641,29.04.2026 21:29,electronics,1,refund_req_303641,"741,00",approve,item_not_as_described
"2.678,99",agent_017,buyer_0029,1,10,purchase_103340,30.05.2026 13:51,luxury,1,refund_req_303340,"2.678,99",approve,changed_mind
"1.138,09",agent_025,buyer_0070,0,,purchase_102991,07.04.2026 22:50,appliances,0,refund_req_302991,"916,79",APPROVE,damaged_item
"770,77",agent_019,buyer_0163,0,60,purchase_102469,14.04.2026 22:56,electronics,1,refund_req_302469,"462,31",approve,not_working
"119,27",agent_022,buyer_0225,0,73,purchase_102067,04.04.2026 22:03,clothing,0,refund_req_302067,"94,48",reject,wrong_size
"36,90",agent_021,buyer_1018,0,87,purchase_101317,02.04.2026 00:25,home,1,refund_req_301317,"30,37",approve,item_not_as_described
"192,90",agent_029,buyer_0356,0,51,purchase_101241,28.04.2026 15:55,home,1,refund_req_301241,"38,98",approve,item_not_as_described
"1.984,89",agent_030,buyer_0817,0,62,purchase_101918,05.04.2026 17:42,luxury,0,refund_req_301918,"1.360,73",approve,damaged_item
"980,95",agent_012,buyer_0475,0,54,purchase_102783,15.06.2026 03:11,fashion,0,refund_req_302783,"612,83",approve,item_not_as_described
"42,61",agent_019,buyer_1864,0,56,purchase_101571,08.06.2026 20:40,fashion,1,refund_req_301571,"18,66",approve,wrong_size
"32,01",agent_011,buyer_1241,0,69,purchase_102303,02.06.2026 06:01,beauty,0,refund_req_302303,"25,75",approve,
"1.697,40",agent_004,buyer_603,1,26,purchase_1024,05.06.2026 10:11,electronics,0,refund_req_3024,"1.345,97",approve,damaged_item
"1.099,08",agent_999,buyer_999,1,2,purchase_1045,21.06.2026 09:37,appliances,0,refund_req_3045,"996,79",approve,not_working
"2.370,87",agent_030,buyer_1789,0,108,purchase_100276,14.06.2026 11:25,luxury,1,refund_req_300276,"1.379,67",reject,item_not_as_described
"1.280,14",agent_014,buyer_0821,0,,purchase_101015,13.06.2026 16:54,sports,0,refund_req_301015,"469,76",reject,damaged_item
"8,27",agent_010,buyer_0853,0,63,purchase_102915,20.06.2026 07:44,books,1,refund_req_302915,"2,61",approve,changed_mind
"226,77",agent_024,buyer_0559,0,74,purchase_102436,25.05.2026 07:21,fashion,1,refund_req_302436,"68,63",approve,item_not_as_described
"285,98",agent_008,buyer_0161,0,63,purchase_101634,21.05.2026 19:54,sports,1,refund_req_301634,"227,50",approve,item_not_as_described
"979,81",agent_030,buyer_0226,0,59,purchase_103315,22.04.2026 07:29,appliances,0,refund_req_303315,"979,81",approve,missing_part
"374,24",agent_025,buyer_0287,0,28,purchase_102968,16.04.2026 13:55,luxury,0,refund_req_302968,"142,29",approve,changed_mind
"278,85",agent_022,buyer_1609,0,65,purchase_101708,02.04.2026 00:41,sports,1,refund_req_301708,"164,66",approve,wrong_size
"73,78",agent_020,buyer_0465,0,111,purchase_100622,05.05.2026 13:09,clothing,1,refund_req_300622,"27,12",approve,wrong_size
"1.001,76",agent_901,buyer_9903,1,8,purchase_104850,16.05.2026 15:10,electronics,0,refund_req_304850,"1.005,34", approve ,damaged_item
"2.654,95",agent_006,buyer_1961,1,33,purchase_104075,13.05.2026 10:29,luxury,1,refund_req_304075,"1.956,22",Approve,damaged_item
"1.157,01",agent_803,buyer_8003,0,24,purchase_104572,11.05.2026 19:35,sports,1,refund_req_304572,"884,76",approve,wrong_size
"1.660,99",agent_028,buyer_0844,0,41,purchase_103520,04.06.2026 19:07,Appliances,0,refund_req_303520,"1.660,99",approve,not_working
"41,45",agent_019,buyer_0784,0,77,purchase_101935,10.06.2026 21:37,beauty,,refund_req_301935,"33,61",reject,damaged_item
"97,15",agent_010,buyer_1751,1,67,purchase_102925,09.05.2026 09:27,clothing,1,refund_req_302925,"19,79",approve,item_not_as_described
"479,27",agent_102,buyer_1629,1,1,purchase_103628,06.06.2026 19:10,luxury,1,refund_req_303628,"475,31",approve,damaged_item
"371,87",agent_016,buyer_0570,0,61,purchase_102852,04.06.2026 04:27,  Sports  ,1,refund_req_302852,"148,57",reject,item_not_as_described
"164,41",agent_802,buyer_8002,0,6,purchase_104697,15.05.2026 09:58,beauty,0,refund_req_304697,"132,19",approve,damaged_item
"259,10",agent_009,buyer_0548,0,47,purchase_102822,25.04.2026 05:21,sports,0,refund_req_302822,"162,80",reject,item_not_as_described
"727,62",agent_020,buyer_0222,0,103,purchase_102106,12.06.2026 20:55,appliances,0,refund_req_302106,"362,39",Reject,not_working
"107,11",agent_004,buyer_1447,0,56,purchase_100442,20.05.2026 02:47,clothing,0,refund_req_300442,"57,89",approve,item_not_as_described
"1.060,53",agent_006,buyer_0569,0,59,purchase_102107,16.06.2026 17:56,Electronics,1,refund_req_302107,"376,97",reject,damaged_item
"1.836,98",agent_015,buyer_0084,0,27,purchase_100885,07.04.2026 16:34,  electronics  ,1,refund_req_300885,"514,78",approve,missing_accessory
"48,25",agent_703,buyer_1849,0,10,purchase_104388,03.06.2026 12:00,clothing,1,refund_req_304388,"33,60",approve,changed_mind
"1.264,43",agent_701,buyer_0733,0,5,purchase_104530,09.05.2026 13:33,fashion,0,refund_req_304530,"1.258,41",approve,  item_not_as_described  
"1.187,74",agent_014,buyer_1212,1,7,purchase_103944,15.06.2026 13:06,electronics,0,refund_req_303944,"824,23",approve,item_not_as_described
"2.013,17",agent_008,buyer_1236,0,29,purchase_102709,18.05.2026 08:46,electronics,0,refund_req_302709,"1.016,02",reject,damaged_item
"2.597,13",agent_030,buyer_0883,0,43,purchase_102751,16.06.2026 19:47,luxury,1,refund_req_302751,"1.658,04",approve,changed_mind
"939,14",agent_009,buyer_0686,1,14,purchase_104044,09.06.2026 05:19,electronics,0,refund_req_304044,"809,24",approve,missing_accessory
"64,12",agent_029,buyer_0653,0,43,purchase_101985,12.05.2026 20:14,books,1,refund_req_301985,"29,76",approve,changed_mind
"1.907,00",agent_017,buyer_0560,1,24,purchase_104076,03.04.2026 20:46,electronics,0,refund_req_304076,"1.548,71",approve,not_working
"425,39",agent_001,buyer_1987,0,73,purchase_101796,19.06.2026 00:49,home,1,refund_req_301796,"306,57",approve,damaged_item
"77,39",agent_010,buyer_0318,0,43,purchase_102580,19.05.2026 16:46,fashion,0,refund_req_302580,"45,60",approve,changed_mind
"533,04",agent_006,buyer_1614,0,68,purchase_101244,05.04.2026 07:25,appliances,0,refund_req_301244,"229,01",approve,not_working
"38,88",agent_018,buyer_0949,0,61,purchase_102322,06.06.2026 05:55,beauty,1,refund_req_302322,"16,61", approve ,changed_mind
"36,56",agent_002,buyer_1841,0,41,purchase_101579,08.04.2026 19:45,beauty,1,refund_req_301579,"9,53",approve,damaged_item
"1.665,42",agent_003,buyer_1563,0,36,purchase_103189,04.06.2026 16:55,appliances,0,refund_req_303189,"1.359,76",approve,damaged_item
"1.064,22",agent_011,buyer_1361,0,36,purchase_103493,07.05.2026 07:04, fashion ,0,refund_req_303493,"1.064,22",approve,  changed_mind  
"2.295,95",agent_011,buyer_1941,0,55,purchase_100602,12.05.2026 09:53,luxury,1,refund_req_300602,"1.887,99", approve ,item_not_as_described
"112,66",agent_030,buyer_0122,0,54,purchase_102741,15.04.2026 12:01,beauty,0,refund_req_302741,"83,32",reject,damaged_item
"1.645,31",agent_901,buyer_9903,1,7,purchase_104758,27.05.2026 07:26,luxury,0,refund_req_304758,"1.594,00",Approve,item_not_as_described
"1.198,64",agent_004,buyer_1362,0,10,purchase_103207,27.05.2026 08:01,luxury,0,refund_req_303207,"1.063,17",approve,damaged_item
"282,44",agent_703,buyer_1411,0,,purchase_104556,12.06.2026 10:49,sports,1,refund_req_304556,"204,79",approve,item_not_as_described
"426,94",agent_011,buyer_0662,0,63,purchase_101188,10.06.2026 10:19,fashion,1,refund_req_301188,"195,23",approve,wrong_size
"47,79",agent_014,buyer_0167,0,66,purchase_102730,11.05.2026 19:59,clothing,1,refund_req_302730,"20,06",reject,item_not_as_described
"396,31",agent_005,buyer_0652,0,90,purchase_101003,08.06.2026 10:26,appliances,0,refund_req_301003,"278,46",Reject,missing_part
"610,56",agent_021,buyer_0353,0,72,purchase_101026,19.04.2026 04:48,luxury,1,refund_req_301026,"352,36",approve,item_not_as_described
"224,53",agent_008,buyer_0459,0,77,purchase_102865,25.04.2026 03:12, clothing ,1,refund_req_302865,"91,54",approve,wrong_size
"93,22",agent_024,buyer_1422,0,41,purchase_101961,12.06.2026 14:20,beauty,1,refund_req_301961,"62,94",approve,allergic_reaction
"2.961,73",agent_024,buyer_0018,0,33,purchase_103406,06.04.2026 03:11,luxury,0,refund_req_303406,"2.961,73",approve,changed_mind
"279,77",agent_015,buyer_1532,0,,purchase_101982,28.05.2026 05:16,sports,0,refund_req_301982,"232,80",reject,item_not_as_described
"1.017,30",agent_017,buyer_0088,0,39,purchase_101456,14.05.2026 10:04,appliances,0,refund_req_301456,"740,61",  reject  ,not_working
"1.084,74",agent_027,buyer_0278,0,,purchase_103395,15.05.2026 18:38,fashion,0,refund_req_303395,"1.084,74",approve,wrong_size
"1.599,59",agent_026,buyer_0106,0,,purchase_103424,11.06.2026 16:59,appliances,0,refund_req_303424,"1.599,59",approve,damaged_item
"1.081,84",agent_017,buyer_1479,0,,purchase_103220,18.04.2026 21:01,appliances,0,refund_req_303220,"941,23",approve,not_working
"115,92",agent_003,buyer_1058,0,57,purchase_102666,15.05.2026 16:48,clothing,1,refund_req_302666,"79,57",approve,item_not_as_described
"96,27",agent_007,buyer_0150,0,78,purchase_101328,16.06.2026 03:59,home,1,refund_req_301328,"33,60",  reject  ,item_not_as_described
"2.245,46",agent_001,buyer_1875,0,36,purchase_102011,30.04.2026 00:25,luxury,0,refund_req_302011,"1.689,43",approve,item_not_as_described
"82,33",agent_011,buyer_0741,0,48,purchase_100378,03.06.2026 22:28,Clothing,1,refund_req_300378,"45,82",approve,item_not_as_described
"1.075,11",agent_024,buyer_1274,0,13,purchase_103122,01.05.2026 06:46,luxury,0,refund_req_303122,"1.005,20",approve,damaged_item
"845,07",agent_001,buyer_0834,0,71,purchase_101890,03.04.2026 00:11,luxury,,refund_req_301890,"202,63",approve, damaged_item 
"1.609,28",agent_020,buyer_1406,1,86,purchase_100734,06.04.2026 19:06,luxury,0,refund_req_300734,"754,00",approve,changed_mind
"1.006,77",agent_703,buyer_1688,0,23,purchase_104346,20.05.2026 17:57,electronics,,refund_req_304346,"942,65", approve ,damaged_item
"40,29",agent_101,buyer_1080,0,5,purchase_103606,16.06.2026 11:56,books,0,refund_req_303606,"22,60",approve,damaged_item
"1.985,96",agent_021,buyer_0738,0,91,purchase_102758,23.05.2026 08:34,electronics,1,refund_req_302758,"823,77",reject,not_working
"56,32",agent_803,buyer_8003,0,15,purchase_104599,17.05.2026 01:09,fashion,1,refund_req_304599,"51,92",approve,wrong_size
"104,55",agent_005,buyer_0407,0,106,purchase_102121,08.05.2026 06:05,home,0,refund_req_302121,"45,08",approve,missing_part
"1.025,33",agent_025,buyer_0363,0,70,purchase_101381,18.05.2026 15:31,appliances,0,refund_req_301381,"786,12",reject,missing_part
"952,20",agent_030,buyer_1421,1,54,purchase_102437,22.04.2026 22:43,appliances,1,refund_req_302437,"768,67",reject,missing_part
"184,87",agent_101,buyer_1215,0,4,purchase_103752,20.06.2026 21:20,clothing,0,refund_req_303752,"96,59",  approve  ,item_not_as_described
"1.045,29",agent_030,buyer_1449,0,49,purchase_101614,19.04.2026 15:09,appliances,1,refund_req_301614,"384,54",approve,damaged_item
"484,02",agent_012,buyer_1507,0,69,purchase_102717,28.05.2026 17:08,home,1,refund_req_302717,"161,26",approve,item_not_as_described
"84,42",agent_802,buyer_8002,0,9,purchase_104667,01.06.2026 00:25,beauty,0,refund_req_304667,"68,67",approve,changed_mind
"57,58",agent_018,buyer_0172,0,,purchase_101668,15.04.2026 10:26,books,1,refund_req_301668,"12,56",approve,wrong_item_received
"514,95",agent_024,buyer_0801,0,95,purchase_100338,03.04.2026 02:53,home,1,refund_req_300338,"201,72",approve,item_not_as_described
"1.803,64",agent_028,buyer_1108,0,96,purchase_100389,27.05.2026 01:52,luxury,0,refund_req_300389,"519,13",reject,damaged_item
"924,71",agent_024,buyer_0531,1,6,purchase_103906,11.05.2026 01:41,electronics,0,refund_req_303906,"737,10",approve,missing_accessory
"26,84",agent_006,buyer_1847,0,82,purchase_100553,15.06.2026 14:19,sports,,refund_req_300553,"18,02",reject,item_not_as_described
"152,52",agent_013,buyer_1499,0,69,purchase_102064,27.05.2026 21:32,home,1,refund_req_302064,"43,57",approve,damaged_item
"1.718,81",agent_101,buyer_1865,0,47,purchase_103388,19.04.2026 20:06,  appliances  ,0,refund_req_303388,"1.718,81",approve,not_working
"1.142,89",agent_009,buyer_0813,0,93,purchase_101618,10.05.2026 12:09,electronics,1,refund_req_301618,"306,24",approve,missing_accessory
"958,84",agent_008,buyer_0588,1,14,purchase_103988,04.04.2026 23:11,appliances,0,refund_req_303988,"871,74",Approve,damaged_item
"1.451,54",agent_902,buyer_9905,1,9,purchase_104883,07.04.2026 07:16,electronics,0,refund_req_304883,"1.399,56",approve,not_working
"1.663,12",agent_014,buyer_0385,0,31,purchase_103244,11.04.2026 01:26,ELECTRONICS,0,refund_req_303244,"1.239,63",approve,damaged_item
"1.711,04",agent_005,buyer_1409,0,93,purchase_101327,14.04.2026 10:53,appliances,1,refund_req_301327,"869,08",approve,missing_part
"1.029,74",agent_008,buyer_1730,0,29,purchase_103157,24.05.2026 01:03,electronics,0,refund_req_303157,"889,25",approve,missing_accessory
"1.201,66",agent_015,buyer_1973,0,98,purchase_100078,17.05.2026 11:04,clothing,1,refund_req_300078,"416,55",approve,changed_mind
"47,89",agent_006,buyer_1442,0,41,purchase_100728,24.04.2026 14:32, books ,1,refund_req_300728,"25,22",approve,wrong_item_received
"19,35",agent_011,buyer_1829,0,58,purchase_100034,09.06.2026 23:54,books,,refund_req_300034,"6,78",approve,wrong_item_received
"536,61",agent_702,buyer_0652,0,,purchase_104546,24.05.2026 16:43,fashion,0,refund_req_304546,"291,67",approve,wrong_size
"536,77",agent_014,buyer_0705,0,70,purchase_100673,17.06.2026 07:38,electronics,0,refund_req_300673,"424,33",reject,item_not_as_described
"127,64",agent_010,buyer_0920,1,56,purchase_100327,11.06.2026 17:01,beauty,1,refund_req_300327,"41,04",approve,damaged_item
"63,02",agent_021,buyer_0122,0,66,purchase_100159,24.05.2026 14:00,  sports  ,0,refund_req_300159,"36,12",approve,
"425,87",agent_025,buyer_1617,0,33,purchase_100559,29.05.2026 11:41,sports,0,refund_req_300559,"183,75",approve,damaged_item
"1.627,13",agent_902,buyer_9904,1,4,purchase_104913,23.05.2026 18:09,luxury,0,refund_req_304913,"1.530,77",approve,changed_mind
"1.202,49",agent_703,buyer_0015,1,6,purchase_104526,04.06.2026 06:46,luxury,0,refund_req_304526,"574,61",approve,damaged_item
"198,46",agent_702,buyer_0086,0,37,purchase_104483,08.04.2026 01:31,sports,1,refund_req_304483,"122,56",approve,damaged_item
"911,35",agent_027,buyer_1312,0,36,purchase_103104,11.05.2026 13:14,appliances,0,refund_req_303104,"797,41",approve,not_working
"1.087,84",agent_022,buyer_0580,1,20,purchase_103144,11.04.2026 04:45,appliances,0,refund_req_303144,"979,05",approve,missing_part
"185,74",agent_027,buyer_0596,0,41,purchase_100893,28.04.2026 01:37,clothing,,refund_req_300893,"141,50",approve,item_not_as_described
"2.903,34",agent_009,buyer_0780,0,85,purchase_101401,21.05.2026 02:29,luxury,0,refund_req_301401,"700,47",approve,changed_mind
"999,14",agent_012,buyer_0164,0,51,purchase_100938,12.06.2026 12:16,appliances,0,refund_req_300938,"793,83",approve,damaged_item
"1.263,12",agent_029,buyer_1952,0,15,purchase_103456,19.06.2026 17:35,luxury,1,refund_req_303456,"1.263,12",approve,damaged_item
"584,44",agent_030,buyer_0691,0,45,purchase_101082,15.05.2026 01:43,fashion,0,refund_req_301082,"213,87",reject,
"1.190,00",agent_008,buyer_1040,0,43,purchase_100717,08.05.2026 03:40,beauty,1,refund_req_300717,"478,92",approve,allergic_reaction
"24,61",agent_024,buyer_0512,0,41,purchase_102058,15.05.2026 00:12,books,1,refund_req_302058,"19,49",reject,changed_mind
"1.140,43",agent_011,buyer_1164,0,50,purchase_100830,07.04.2026 15:13,beauty,0,refund_req_300830,"509,98",reject,damaged_item
"92,57",agent_025,buyer_0288,0,80,purchase_100891,08.05.2026 09:49,clothing,1,refund_req_300891,"33,11",APPROVE,item_not_as_described
"2.300,48",agent_702,buyer_0922,0,33,purchase_104381,10.05.2026 10:39,luxury,1,refund_req_304381,"1.635,38",  approve  ,damaged_item
"1.173,48",agent_004,buyer_0577,1,26,purchase_103887,09.06.2026 10:12,appliances,1,refund_req_303887,"1.064,09",approve,missing_part
"177,43",agent_012,buyer_1390,0,47,purchase_100115,27.04.2026 04:38,beauty,,refund_req_300115,"88,73",approve,changed_mind
"1.441,22",agent_030,buyer_0398,0,,purchase_101836,24.04.2026 22:06,appliances,0,refund_req_301836,"1.120,28",approve,damaged_item
"1.205,07",agent_018,buyer_1195,0,61,purchase_101757,12.06.2026 08:25,appliances,1,refund_req_301757,"613,70",approve,damaged_item
"173,23",agent_003,buyer_0422,1,38,purchase_102327,13.04.2026 14:36,beauty,0,refund_req_302327,"81,57",approve,changed_mind
"1.077,93",agent_002,buyer_1678,0,11,purchase_103021,26.05.2026 08:06,appliances,0,refund_req_303021,"720,93", approve ,missing_part
"1.345,19",agent_011,buyer_1452,0,19,purchase_103248,24.04.2026 19:51,appliances,0,refund_req_303248,"831,10",approve,not_working
"761,70",agent_030,buyer_9007,0,30,purchase_104296,09.04.2026 06:11,electronics,1,refund_req_304296,"581,31",approve,damaged_item
"551,42",agent_004,buyer_9006,0,50,purchase_104151,23.04.2026 07:42,fashion,0,refund_req_304151,"462,91",  approve  ,wrong_size
"200,46",agent_103,buyer_0669,0,5,purchase_103667,11.04.2026 23:15,fashion,1,refund_req_303667,"132,49",approve,item_not_as_described
"79,72",agent_016,buyer_1309,0,111,purchase_101465,08.05.2026 11:29,fashion,,refund_req_301465,"39,95",approve,changed_mind
"263,60",agent_026,buyer_0881,0,53,purchase_101766,02.06.2026 02:58,home,1,refund_req_301766,"182,50",approve,item_not_as_described
"1.398,80",agent_004,buyer_0054,0,85,purchase_100196,12.04.2026 03:05,appliances,0,refund_req_300196,"822,50",reject,not_working
"2.205,42",agent_102,buyer_1586,0,5,purchase_103774,04.05.2026 23:17,luxury,0,refund_req_303774,"1.263,04",approve,changed_mind
"272,79",agent_013,buyer_1763,1,39,purchase_100232,02.04.2026 16:56,home,1,refund_req_300232,"151,43",approve,damaged_item
"272,75",agent_103,buyer_0897,0,3,purchase_103615,10.04.2026 12:11,appliances,0,refund_req_303615,"258,34",approve,missing_part
"78,61",agent_701,buyer_1964,0,6,purchase_104377,28.04.2026 10:03,clothing,1,refund_req_304377,"45,17", approve ,
"1.222,32",agent_009,buyer_1437,0,38,purchase_102990,03.05.2026 17:44,appliances,0,refund_req_302990,"853,39",approve,damaged_item
"1.585,64",agent_015,buyer_0104,0,57,purchase_100282,19.05.2026 00:41,electronics,0,refund_req_300282,"599,51",reject,not_working
"1.410,32",agent_018,buyer_1593,1,23,purchase_104060,05.05.2026 16:28,appliances,1,refund_req_304060,"1.140,07",approve,damaged_item
"1.764,79",agent_005,buyer_1342,0,72,purchase_102049,08.06.2026 18:28,appliances,0,refund_req_302049,"1.200,86",reject,not_working
"1.203,38",agent_102,buyer_0822,0,3,purchase_103804,27.05.2026 23:19,electronics,0,refund_req_303804,"1.031,89",approve,missing_accessory
"230,21",agent_028,buyer_0642,0,70,purchase_100869,20.05.2026 23:26, fashion ,1,refund_req_300869,"113,98",approve,wrong_size
"173,14",agent_016,buyer_0409,0,91,purchase_100853,25.04.2026 16:32,sports,0,refund_req_300853,"96,69",approve,damaged_item
"1.471,25",agent_024,buyer_0650,0,73,purchase_102949,27.04.2026 16:08,luxury,0,refund_req_302949,"1.018,58",approve,item_not_as_described
"387,03",agent_021,buyer_1622,0,98,purchase_100111,05.06.2026 20:21,appliances,0,refund_req_300111,"254,22",reject,missing_part
"1.397,40",agent_006,buyer_0187,0,52,purchase_101240,01.05.2026 23:41,electronics,1,refund_req_301240,"1.164,25",reject,damaged_item
"929,75",agent_005,buyer_0826,0,53,purchase_100892,14.05.2026 04:17,appliances,0,refund_req_300892,"647,06",approve,not_working
"611,40",agent_013,buyer_0891,0,46,purchase_101959,10.06.2026 16:01,Fashion,1,refund_req_301959,"459,13",approve,changed_mind
"748,43",agent_001,buyer_0651,0,34,purchase_100975,08.06.2026 23:39,luxury,0,refund_req_300975,"182,30",reject,item_not_as_described
"154,43",agent_008,buyer_0656,0,29,purchase_102170,08.04.2026 09:56,beauty,0,refund_req_302170,"122,19",approve,allergic_reaction
"402,97",agent_003,buyer_1744,0,71,purchase_100013,07.04.2026 05:08,fashion,1,refund_req_300013,"257,45",APPROVE,item_not_as_described
"1.361,02",agent_007,buyer_0600,0,70,purchase_101720,15.06.2026 10:13,luxury,0,refund_req_301720,"349,72",approve,item_not_as_described
"927,82",agent_027,buyer_1523,0,9,purchase_103183,20.05.2026 04:18,luxury,0,refund_req_303183,"693,31",approve,damaged_item
"1.035,85",agent_003,buyer_1734,0,,purchase_102275,14.04.2026 19:29,electronics,0,refund_req_302275,"262,40",approve,missing_accessory
"1.457,01",agent_012,buyer_1119,0,88,purchase_100124,18.04.2026 10:09,electronics,0,refund_req_300124,"1.077,82",approve,  item_not_as_described  
"979,23",agent_103,buyer_1827,0,21,purchase_102989,17.05.2026 16:50,appliances,0,refund_req_302989,"822,69",approve,missing_part
"56,41",agent_019,buyer_1290,0,69,purchase_100052,18.06.2026 04:20,clothing,1,refund_req_300052,"41,02",reject,wrong_size
"1.862,73",agent_014,buyer_1316,0,45,purchase_102044,18.05.2026 16:59,electronics,1,refund_req_302044,"545,43",approve,damaged_item
"1.154,11",agent_007,buyer_1970,0,54,purchase_102497,27.04.2026 03:07,luxury,0,refund_req_302497,"551,57",reject,changed_mind
"496,01",agent_005,buyer_0076,0,112,purchase_102896,29.05.2026 17:38,home,0,refund_req_302896,"371,41",reject,
"165,58",agent_013,buyer_9005,0,38,purchase_104254,03.05.2026 02:10,sports,1,refund_req_304254,"86,43",approve,damaged_item
"407,26",agent_022,buyer_0669,1,71,purchase_102046,01.06.2026 09:15,electronics,1,refund_req_302046,"157,77",approve,damaged_item
"585,45",agent_026,buyer_0388,0,47,purchase_101293,19.04.2026 19:40,appliances,0,refund_req_301293,"124,03",reject,not_working
"26,21",agent_018,buyer_1574,0,40,purchase_101463,11.05.2026 16:30,beauty,0,refund_req_301463,"17,42",reject,changed_mind
"89,52",agent_019,buyer_0950,0,72,purchase_102355,30.04.2026 17:49,books,0,refund_req_302355,"56,54", approve ,changed_mind
"37,30",agent_102,buyer_0245,0,5,purchase_103575,17.05.2026 14:37,beauty,1,refund_req_303575,"19,74",approve,changed_mind
"125,06",agent_010,buyer_1415,0,,purchase_100620,09.05.2026 16:00,beauty,1,refund_req_300620,"35,51",approve,allergic_reaction
"2.635,48",agent_009,buyer_0295,1,9,purchase_103910,23.05.2026 23:42,luxury,0,refund_req_303910,"1.838,40",approve,item_not_as_described
"1.810,48",agent_001,buyer_1984,0,62,purchase_102088,19.04.2026 08:15,ELECTRONICS,0,refund_req_302088,"843,62",approve,
"1.270,08",agent_021,buyer_0892,0,,purchase_103134,10.06.2026 23:26,electronics,,refund_req_303134,"981,12",approve,not_working
"250,82",agent_009,buyer_1864,0,93,purchase_102393,15.06.2026 18:56,  home  ,1,refund_req_302393,"103,96",reject,damaged_item
"180,52",agent_024,buyer_0750,0,59,purchase_100146,04.06.2026 23:22,sports,1,refund_req_300146,"83,11",approve,item_not_as_described
"972,14",agent_001,buyer_1541,0,10,purchase_103298,31.05.2026 12:10,fashion,1,refund_req_303298,"972,14",approve,changed_mind
"405,68",agent_703,buyer_0679,1,9,purchase_104517,25.05.2026 16:57, electronics ,0,refund_req_304517,"405,13",approve,item_not_as_described
"167,95",agent_009,buyer_1757,1,71,purchase_101631,06.05.2026 03:17, electronics ,1,refund_req_301631,"60,26",approve,damaged_item
"61,70",agent_103,buyer_1472,0,3,purchase_103755,15.05.2026 05:07,home,1,refund_req_303755,"51,02", approve ,damaged_item
"571,23",agent_004,buyer_0343,0,99,purchase_100624,13.04.2026 13:15,fashion,1,refund_req_300624,"452,49",approve,changed_mind
"1.273,22",agent_029,buyer_0227,0,54,purchase_103376,22.04.2026 02:44,fashion,1,refund_req_303376,"1.273,22",approve,wrong_size
"978,28",agent_801,buyer_8001,0,10,purchase_104744,10.06.2026 21:36,beauty,0,refund_req_304744,"663,63",approve,damaged_item
"186,71",agent_010,buyer_0965,0,42,purchase_100449,15.04.2026 03:30,clothing,1,refund_req_300449,"70,65",approve,item_not_as_described
"210,17",agent_002,buyer_1758,1,70,purchase_101645,29.05.2026 03:46,home,1,refund_req_301645,"82,03",approve,damaged_item
"1.731,54",agent_030,buyer_1521,0,41,purchase_103385,14.06.2026 04:27,appliances,1,refund_req_303385,"1.731,54",approve,damaged_item
"988,89",agent_803,buyer_8003,0,15,purchase_104668,05.04.2026 21:06,sports,1,refund_req_304668,"853,34",approve,wrong_size
"752,89",agent_701,buyer_1864,0,20,purchase_104482,22.04.2026 15:47,appliances,0,refund_req_304482,"670,22",approve,not_working
"1.252,70",agent_017,buyer_9003,1,17,purchase_104108,21.05.2026 23:59,electronics,0,refund_req_304108,"642,66",approve,item_not_as_described
"423,40",agent_003,buyer_9007,0,9,purchase_104184,18.05.2026 18:52,luxury,1,refund_req_304184,"279,72",approve,damaged_item
"74,12",agent_009,buyer_1960,0,40,purchase_101543,31.05.2026 14:54,sports,1,refund_req_301543,"55,12",approve,item_not_as_described
"286,51",agent_005,buyer_9001,0,44,purchase_104098,06.04.2026 10:01,electronics,1,refund_req_304098,"267,28",approve,damaged_item
"1.344,97",agent_002,buyer_0706,1,4,purchase_103892,04.05.2026 05:16,electronics,1,refund_req_303892,"1.118,49",approve,damaged_item
"1.299,32",agent_902,buyer_9906,1,6,purchase_104955,12.04.2026 08:25,  electronics  ,0,refund_req_304955,"1.190,88",Approve,not_working
"1.157,12",agent_009,buyer_0363,0,55,purchase_101533,17.05.2026 17:05,appliances,1,refund_req_301533,"590,59",approve,not_working
"63,93",agent_005,buyer_1954,0,90,purchase_102559,11.05.2026 14:40,books,1,refund_req_302559,"14,58",approve,wrong_item_received
"47,57",agent_005,buyer_1870,0,102,purchase_101034,02.05.2026 16:52,books,1,refund_req_301034,"17,69",approve,damaged_item
"2.744,68",agent_023,buyer_0576,0,43,purchase_101152,18.04.2026 21:00,luxury,1,refund_req_301152,"2.290,38",reject,changed_mind
"1.093,31",agent_020,buyer_1034,0,79,purchase_102350,17.06.2026 13:38,clothing,1,refund_req_302350,"481,83",approve,changed_mind
"1.215,72",agent_002,buyer_1890,0,92,purchase_100233,12.04.2026 05:51,beauty,0,refund_req_300233,"643,48",reject,damaged_item
"53,12",agent_017,buyer_0199,0,48,purchase_100410,12.06.2026 03:03,beauty,0,refund_req_300410,"23,93",approve,changed_mind
"485,42",agent_014,buyer_0409,0,63,purchase_100254,02.06.2026 02:35,home,0,refund_req_300254,"175,70",reject,damaged_item
"371,77",agent_101,buyer_0355,0,2,purchase_103588,12.05.2026 16:44,Home,1,refund_req_303588,"339,46",approve,damaged_item
"1.135,16",agent_902,buyer_9904,1,6,purchase_104911,02.04.2026 11:39,appliances,0,refund_req_304911,"999,69",approve,damaged_item
"56,89",agent_015,buyer_0873,0,112,purchase_101459,27.04.2026 04:43,books,1,refund_req_301459,"29,73",approve,damaged_item
"998,11",agent_028,buyer_0075,1,10,purchase_103815,26.05.2026 21:23,electronics,1,refund_req_303815,"860,08",approve,not_working
"57,27",agent_025,buyer_1969,0,70,purchase_102238,01.05.2026 07:33,fashion,1,refund_req_302238,"31,60",approve,item_not_as_described
"2.910,23",agent_023,buyer_1034,0,16,purchase_103161,12.05.2026 14:28,  luxury  ,0,refund_req_303161,"2.057,14",approve,item_not_as_described
"956,49",agent_803,buyer_8003,0,19,purchase_104755,24.04.2026 17:01,fashion,1,refund_req_304755,"689,11",approve,changed_mind
"2.161,94",agent_103,buyer_0050,0,2,purchase_103798,28.05.2026 01:53,luxury,0,refund_req_303798,"1.321,56",approve,damaged_item
"807,73",agent_029,buyer_1624,0,59,purchase_101944,19.05.2026 08:05,appliances,1,refund_req_301944,"375,85",reject,damaged_item
"1.168,27",agent_999,buyer_999,1,4,purchase_1041,17.06.2026 09:01,electronics,0,refund_req_3041,"1.019,25",approve,item_not_as_described
"106,57",agent_014,buyer_1399,0,42,purchase_102672,01.05.2026 17:23,clothing,1,refund_req_302672,"58,97",approve,item_not_as_described
"1.178,25",agent_013,buyer_0852,0,39,purchase_100091,12.04.2026 10:54,luxury,0,refund_req_300091,"475,00",approve,damaged_item
"995,01",agent_026,buyer_1420,0,65,purchase_102828,29.04.2026 01:37,clothing,1,refund_req_302828,"824,87",reject,item_not_as_described
"128,55",agent_703,buyer_0552,0,23,purchase_104529,02.06.2026 20:31,clothing,1,refund_req_304529,"101,46",approve,wrong_size
"612,27",agent_006,buyer_0694,0,58,purchase_102615,18.06.2026 17:18,fashion,1,refund_req_302615,"486,55",approve,changed_mind
"2.470,46",agent_028,buyer_0122,0,9,purchase_103211,21.05.2026 16:23,luxury,,refund_req_303211,"1.501,10",approve,damaged_item
"79,30",agent_014,buyer_1473,0,42,purchase_102208,05.06.2026 16:47,books,0,refund_req_302208,"24,46",approve,wrong_item_received
"1.860,29",agent_019,buyer_9006,1,20,purchase_104143,05.04.2026 02:21,luxury,0,refund_req_304143,"1.808,04",approve,item_not_as_described
"817,99",agent_026,buyer_0181,0,84,purchase_102421,08.06.2026 19:40,electronics,1,refund_req_302421,"683,50",approve,item_not_as_described
"341,36",agent_019,buyer_0065,0,74,purchase_102467,23.05.2026 05:32,sports,0,refund_req_302467,"76,37",approve,wrong_size
"263,37",agent_010,buyer_0298,0,57,purchase_101370,04.04.2026 01:04,Fashion,1,refund_req_301370,"118,43",reject,
"155,87",agent_102,buyer_0632,0,4,purchase_103677,11.04.2026 00:58,clothing,1,refund_req_303677,"124,83",approve,  wrong_size  
"137,63",agent_002,buyer_0444,0,69,purchase_102697,01.05.2026 08:20,beauty,0,refund_req_302697,"86,86",reject,damaged_item
"220,39",agent_007,buyer_1779,0,45,purchase_100599,08.06.2026 03:28,clothing,0,refund_req_300599,"151,51",reject,item_not_as_described
"178,52",agent_007,buyer_0621,0,73,purchase_101066,16.04.2026 20:48,beauty,0,refund_req_301066,"62,74",reject,  allergic_reaction  
"942,60",agent_901,buyer_9903,1,2,purchase_104778,13.06.2026 11:16,appliances,0,refund_req_304778,"808,59",approve,not_working
"53,90",agent_024,buyer_0869,0,35,purchase_100983,26.04.2026 23:05,books,1,refund_req_300983,"45,74",reject,wrong_item_received
"60,18",agent_018,buyer_0318,0,68,purchase_101106,28.04.2026 12:57,beauty,0,refund_req_301106,"31,38",reject,allergic_reaction
"991,69",agent_013,buyer_0544,0,40,purchase_101286,07.05.2026 02:16,sports,1,refund_req_301286,"341,31",reject,wrong_size
"103,34",agent_801,buyer_8001,0,27,purchase_104669,22.05.2026 01:40,fashion,0,refund_req_304669,"100,58",approve,
"2.148,87",agent_029,buyer_0773,0,45,purchase_101529,30.05.2026 05:32,luxury,1,refund_req_301529,"606,47",reject,damaged_item
"1.685,10",agent_025,buyer_0540,1,85,purchase_102883,05.05.2026 23:02,  appliances  ,,refund_req_302883,"373,17",approve,damaged_item
"311,69",agent_030,buyer_1779,0,86,purchase_102284,19.04.2026 09:45,home,1,refund_req_302284,"133,30",approve,damaged_item
"915,57",agent_013,buyer_1025,0,96,purchase_100148,18.04.2026 19:11,fashion,0,refund_req_300148,"607,79",reject,wrong_size
"1.020,09",agent_024,buyer_0315,0,29,purchase_103065,10.04.2026 17:26,appliances,0,refund_req_303065,"715,43",approve,missing_part
"28,12",agent_014,buyer_1620,0,,purchase_100857,02.04.2026 19:13,books,1,refund_req_300857,"9,56",approve,damaged_item
"52,19",agent_009,buyer_1375,0,76,purchase_102894,16.06.2026 21:41,clothing,0,refund_req_302894,"23,52",approve,wrong_size
"70,42",agent_101,buyer_1939,0,3,purchase_103621,02.04.2026 22:40,books,1,refund_req_303621,"43,44",approve,damaged_item
"1.220,99",agent_801,buyer_8001,0,6,purchase_104645,08.04.2026 09:02,beauty,0,refund_req_304645,"764,02",approve,changed_mind
"1.976,08",agent_019,buyer_0082,0,58,purchase_101565,02.04.2026 13:10,  electronics  ,1,refund_req_301565,"1.472,78",approve,item_not_as_described
"2.177,55",agent_027,buyer_1936,0,56,purchase_100946,22.04.2026 12:02,electronics,1,refund_req_300946,"733,71",approve,missing_accessory
"833,23",agent_019,buyer_0175,0,80,purchase_101474,05.05.2026 13:38,APPLIANCES,0,refund_req_301474,"580,76",approve,
"229,30",agent_026,buyer_1238,1,39,purchase_101030,24.05.2026 01:44,clothing,1,refund_req_301030,"181,32",approve,wrong_size
"1.432,71",agent_902,buyer_9906,1,5,purchase_104941,09.04.2026 01:44,appliances,0,refund_req_304941,"1.424,45",approve,not_working
"945,63",agent_019,buyer_0085,1,59,purchase_101759,11.05.2026 17:32,appliances,1,refund_req_301759,"235,58",approve,not_working
"123,74",agent_003,buyer_9004,0,12,purchase_104237,05.04.2026 11:43,beauty,1,refund_req_304237,"63,72",approve,changed_mind
"83,32",agent_020,buyer_0934,0,102,purchase_102164,13.04.2026 04:29,books,1,refund_req_302164,"27,67",approve,
"387,93",agent_016,buyer_0390,0,48,purchase_100908,27.05.2026 22:35,fashion,1,refund_req_300908,"197,04",approve,item_not_as_described
"431,35",agent_004,buyer_0026,0,83,purchase_100236,17.04.2026 17:10,home,,refund_req_300236,"132,20",reject,item_not_as_described
"992,40",agent_005,buyer_1941,0,107,purchase_102506,10.05.2026 06:43,clothing,0,refund_req_302506,"228,72",reject,item_not_as_described
"150,68",agent_801,buyer_8001,0,9,purchase_104660,10.05.2026 20:21,beauty,1,refund_req_304660,"130,68",approve,allergic_reaction
"153,93",agent_019,buyer_1145,0,79,purchase_101530,18.05.2026 12:45,fashion,0,refund_req_301530,"32,26",reject,wrong_size
"1.222,84",agent_025,buyer_1843,0,55,purchase_100237,30.05.2026 01:26,clothing,,refund_req_300237,"460,75",approve,item_not_as_described
"291,79",agent_024,buyer_1994,0,74,purchase_101427,13.04.2026 01:26,sports,0,refund_req_301427,"150,12",approve,wrong_size
"44,22",agent_029,buyer_0575,0,76,purchase_101595,19.06.2026 18:27,beauty,0,refund_req_301595,"17,05",approve,allergic_reaction
"335,15",agent_015,buyer_1140,0,36,purchase_102679,01.05.2026 09:23,electronics,0,refund_req_302679,"215,84",approve,missing_accessory
"471,09",agent_029,buyer_1634,0,77,purchase_102540,10.05.2026 12:28,fashion,,refund_req_302540,"275,80",approve,wrong_size
"120,37",agent_803,buyer_8003,0,24,purchase_104710,27.04.2026 12:32,beauty,1,refund_req_304710,"99,72",approve,damaged_item
"277,61",agent_802,buyer_8002,0,24,purchase_104754,08.06.2026 21:57,fashion,1,refund_req_304754,"178,63",approve,item_not_as_described
"995,90",agent_024,buyer_0663,0,,purchase_102726,18.06.2026 05:50,home,1,refund_req_302726,"530,29",approve,item_not_as_described
"2.741,24",agent_013,buyer_0755,0,62,purchase_103516,15.06.2026 06:53,luxury,0,refund_req_303516,"2.741,24",approve,damaged_item
"74,83",agent_025,buyer_1826,0,71,purchase_100032,31.05.2026 23:21,books,0,refund_req_300032,"58,35",approve,damaged_item
"1.303,36",agent_006,buyer_0997,0,49,purchase_100213,11.05.2026 23:23,appliances,0,refund_req_300213,"807,33",reject,damaged_item
"240,09",agent_029,buyer_9003,0,32,purchase_104260,22.05.2026 09:58,clothing,0,refund_req_304260,"190,83",approve,changed_mind
"1.369,28",agent_020,buyer_0305,1,4,purchase_104027,04.06.2026 06:51,appliances,1,refund_req_304027,"991,72",approve,missing_part
"20,53",agent_004,buyer_1556,0,49,purchase_100315,06.04.2026 13:36,clothing,0,refund_req_300315,"8,85",reject,item_not_as_described
"82,66",agent_102,buyer_0349,0,3,purchase_103739,06.04.2026 16:57,books,1,refund_req_303739,"43,07",  approve  ,
"68,99",agent_007,buyer_0616,0,75,purchase_101919,17.04.2026 09:07,clothing,1,refund_req_301919,"50,19",approve,item_not_as_described
"1.138,90",agent_001,buyer_0502,0,71,purchase_102825,30.05.2026 15:06,sports,1,refund_req_302825,"666,89",reject,wrong_size
"125,25",agent_025,buyer_0952,0,75,purchase_100045,04.05.2026 19:37,beauty,1,refund_req_300045,"52,44",approve,damaged_item
"1.836,76",agent_019,buyer_0760,0,79,purchase_101724,16.05.2026 01:44,luxury,0,refund_req_301724,"1.414,21",reject,changed_mind
"312,23",agent_028,buyer_0957,0,35,purchase_100737,14.04.2026 22:50,fashion,1,refund_req_300737,"85,92",reject,wrong_size
"62,64",agent_013,buyer_0393,0,81,purchase_101279,12.05.2026 23:20,home,0,refund_req_301279,"46,78",  reject  ,missing_part
"164,69",agent_011,buyer_1899,0,63,purchase_101231,06.05.2026 17:00,beauty,1,refund_req_301231,"93,53",approve,damaged_item
"691,57",agent_010,buyer_1501,0,53,purchase_102096,03.04.2026 21:09,luxury,1,refund_req_302096,"154,68",approve,damaged_item
"62,45",agent_013,buyer_0057,0,63,purchase_101499,09.06.2026 01:38,clothing,1,refund_req_301499,"41,28",approve,item_not_as_described
"84,48",agent_006,buyer_1396,0,,purchase_101712,18.06.2026 10:52,sports,1,refund_req_301712,"64,08",approve,item_not_as_described
"1.775,82",agent_028,buyer_0125,1,22,purchase_103823,04.06.2026 00:44,electronics,0,refund_req_303823,"1.722,70",approve,missing_accessory
"886,69",agent_014,buyer_1017,0,84,purchase_102006,06.04.2026 23:26,luxury,0,refund_req_302006,"479,82",reject,damaged_item
"485,98",agent_010,buyer_0371,0,47,purchase_101498,12.05.2026 04:55,home,0,refund_req_301498,"232,45",reject,missing_part
"287,57",agent_024,buyer_1783,0,67,purchase_101038,12.05.2026 01:51,Fashion,1,refund_req_301038,"173,12",approve,wrong_size
"16,97",agent_009,buyer_0587,0,49,purchase_102375,19.05.2026 23:21,books,1,refund_req_302375,"4,47",approve,changed_mind
"981,02",agent_017,buyer_1252,1,28,purchase_104023,11.05.2026 18:53,appliances,0,refund_req_304023,"691,49",approve,
"546,55",agent_023,buyer_1026,0,45,purchase_101350,14.05.2026 09:16,fashion,1,refund_req_301350,"207,16",reject,item_not_as_described
"83,07",agent_026,buyer_1987,0,77,purchase_100835,14.06.2026 11:19,clothing,0,refund_req_300835,"55,61",reject,wrong_size
"988,89",agent_013,buyer_1843,0,46,purchase_101428,31.05.2026 13:59,luxury,0,refund_req_301428,"263,50",approve,damaged_item
"735,07",agent_026,buyer_1516,0,79,purchase_102117,29.05.2026 01:01,electronics,0,refund_req_302117,"508,68",approve,not_working
"106,94",agent_004,buyer_0776,0,106,purchase_102465,02.06.2026 06:58,beauty,0,refund_req_302465,"28,91",reject,allergic_reaction
"172,96",agent_019,buyer_0735,0,57,purchase_102331,18.04.2026 06:26,beauty,1,refund_req_302331,"80,56",approve,changed_mind
"78,72",agent_022,buyer_1501,0,88,purchase_101007,29.05.2026 08:23,books,1,refund_req_301007,"56,86",approve,  changed_mind  
"235,19",agent_015,buyer_1233,0,85,purchase_101785,12.04.2026 09:00,electronics,,refund_req_301785,"112,23",approve,damaged_item
"1.618,34",agent_002,buyer_1352,0,15,purchase_103038,18.05.2026 15:59,electronics,0,refund_req_303038,"1.164,39",approve,missing_accessory
"1.195,32",agent_020,buyer_0190,0,110,purchase_101425,30.05.2026 19:46,sports,1,refund_req_301425,"927,05",approve,damaged_item
"2.365,20",agent_005,buyer_1597,0,110,purchase_101806,05.06.2026 11:47,luxury,0,refund_req_301806,"1.572,36",approve,item_not_as_described
"48,30",agent_102,buyer_1945,1,3,purchase_103619,18.06.2026 13:04,sports,0,refund_req_303619,"36,67",approve,item_not_as_described
"1.228,11",agent_015,buyer_1303,0,23,purchase_103289,15.04.2026 03:36,fashion,0,refund_req_303289,"1.228,11", approve ,wrong_size
"44,63",agent_016,buyer_1527,0,119,purchase_100313,10.05.2026 01:21,clothing,1,refund_req_300313,"20,89",approve, wrong_size 
"97,03",agent_024,buyer_1509,0,58,purchase_101932,03.05.2026 04:33,clothing,1,refund_req_301932,"72,08",approve,item_not_as_described
"511,62",agent_002,buyer_0274,0,46,purchase_101272,22.04.2026 18:34,home,0,refund_req_301272,"328,04",reject,
"1.477,47",agent_001,buyer_1001,0,,purchase_103191,25.05.2026 10:18,appliances,0,refund_req_303191,"1.001,71",approve,not_working
"452,48",agent_024,buyer_1287,0,,purchase_101149,11.05.2026 20:10,fashion,1,refund_req_301149,"321,95",approve,wrong_size
"104,87",agent_101,buyer_1369,0,1,purchase_103576,18.05.2026 00:32,clothing,1,refund_req_303576,"93,07",approve,wrong_size
"916,25",agent_999,buyer_999,1,8,purchase_1044,20.06.2026 09:28,appliances,0,refund_req_3044,"831,78",approve,missing_part
"2.670,96",agent_005,buyer_1256,0,25,purchase_103321,11.04.2026 16:55,luxury,1,refund_req_303321,"2.670,96",approve,item_not_as_described
"78,06",agent_702,buyer_0426,0,15,purchase_104438,05.05.2026 18:18,fashion,1,refund_req_304438,"32,13",approve,wrong_size
"1.388,72",agent_020,buyer_0505,0,41,purchase_103156,17.04.2026 03:42,appliances,0,refund_req_303156,"872,24",approve, missing_part 
"1.273,80",agent_004,buyer_1179,0,98,purchase_101206,15.04.2026 19:06,fashion,1,refund_req_301206,"805,06",approve,item_not_as_described
"1.068,02",agent_021,buyer_0699,0,99,purchase_100043,24.04.2026 01:48,fashion,1,refund_req_300043,"553,91",approve,changed_mind
"1.294,05",agent_004,buyer_0346,0,44,purchase_101118,23.04.2026 14:26,books,1,refund_req_301118,"269,39",approve,changed_mind
"162,07",agent_102,buyer_0865,0,5,purchase_103792,18.04.2026 13:21,sports,0,refund_req_303792,"156,31",approve,item_not_as_described
"493,48",agent_011,buyer_0051,0,62,purchase_102501,28.04.2026 04:13,home,0,refund_req_302501,"277,45",approve,missing_part
"736,28",agent_002,buyer_1441,0,104,purchase_102321,17.04.2026 16:40,luxury,0,refund_req_302321,"169,57",reject,changed_mind
"177,36",agent_021,buyer_1711,0,116,purchase_102353,23.04.2026 12:48,beauty,1,refund_req_302353,"85,26",approve,damaged_item
"400,18",agent_021,buyer_0199,0,81,purchase_100076,12.05.2026 22:10,home,1,refund_req_300076,"160,39",approve,item_not_as_described
"2.682,43",agent_015,buyer_1961,0,27,purchase_102557,03.06.2026 01:20,luxury,,refund_req_302557,"1.732,72",reject,item_not_as_described
"1.713,45",agent_014,buyer_9008,0,40,purchase_104265,05.04.2026 19:59,electronics,0,refund_req_304265,"1.016,78",approve,not_working
"125,43",agent_006,buyer_1899,0,87,purchase_100436,07.04.2026 04:45,clothing,0,refund_req_300436,"75,39",  approve  ,wrong_size
"393,17",agent_006,buyer_1979,0,42,purchase_100448,26.05.2026 02:47,fashion,1,refund_req_300448,"316,68",approve,  changed_mind  
"371,32",agent_802,buyer_8002,0,14,purchase_104676,17.04.2026 06:07,sports,0,refund_req_304676,"336,16",approve,damaged_item
"2.365,54",agent_017,buyer_1481,0,45,purchase_100969,05.04.2026 18:58,luxury,1,refund_req_300969,"563,72",approve,damaged_item
"215,46",agent_026,buyer_1632,0,72,purchase_100325,07.04.2026 08:26,fashion,0,refund_req_300325,"136,15",reject,item_not_as_described
"2.914,63",agent_030,buyer_0119,0,,purchase_100178,28.05.2026 20:39,luxury,1,refund_req_300178,"1.638,71",approve,item_not_as_described
"1.955,15",agent_016,buyer_0998,0,,purchase_102567,26.04.2026 03:40,luxury,1,refund_req_302567,"1.245,25",reject,damaged_item
"1.062,28",agent_803,buyer_8003,0,5,purchase_104581,07.04.2026 20:42,  sports  ,0,refund_req_304581,"1.000,44",Approve,wrong_size
"2.137,16",agent_018,buyer_1798,0,44,purchase_102142,08.04.2026 17:37,electronics,0,refund_req_302142,"1.446,72",approve,not_working
"82,92",agent_028,buyer_1387,0,28,purchase_102294,04.05.2026 23:55,beauty,0,refund_req_302294,"69,61",Approve,changed_mind
"1.979,17",agent_029,buyer_0626,0,24,purchase_101788,15.04.2026 05:13,electronics,1,refund_req_301788,"1.654,60",approve, missing_accessory 
"1.132,19",agent_901,buyer_9901,1,7,purchase_104864,25.04.2026 19:31,electronics,0,refund_req_304864,"993,98",approve,damaged_item
"167,94",agent_802,buyer_8002,1,15,purchase_104568,07.06.2026 14:27,fashion,1,refund_req_304568,"164,99",approve,  wrong_size  
"130,65",agent_007,buyer_0795,0,57,purchase_102558,24.05.2026 03:51,fashion,1,refund_req_302558,"42,89",approve,wrong_size
"1.210,05",agent_005,buyer_1804,0,113,purchase_101056,27.04.2026 03:10,luxury,1,refund_req_301056,"851,76",approve,item_not_as_described
"1.522,25",agent_007,buyer_1263,0,,purchase_100844,22.05.2026 18:51,appliances,1,refund_req_300844,"1.097,34",approve,missing_part
"114,91",agent_011,buyer_0167,0,42,purchase_100110,11.05.2026 03:04,home,0,refund_req_300110,"49,11",reject,missing_part
"390,74",agent_028,buyer_1703,0,82,purchase_100404,02.04.2026 05:46,sports,1,refund_req_300404,"118,87",approve,damaged_item
"1.258,66",agent_027,buyer_0746,0,,purchase_100837,23.05.2026 20:00,books,0,refund_req_300837,"662,50",reject,changed_mind
"119,28",agent_026,buyer_0532,0,66,purchase_102476,01.05.2026 23:46,home,1,refund_req_302476,"65,47",reject,damaged_item
"1.769,63",agent_014,buyer_1310,1,5,purchase_103821,23.05.2026 17:12,electronics,0,refund_req_303821,"1.306,85", APPROVE ,damaged_item
"1.071,48",agent_027,buyer_0666,1,56,purchase_102181,15.06.2026 03:55,appliances,0,refund_req_302181,"660,61",approve,missing_part
"389,26",agent_103,buyer_0085,0,2,purchase_103573,26.04.2026 11:28,luxury,0,refund_req_303573,"241,99",approve,item_not_as_described
"70,56",agent_702,buyer_0966,0,36,purchase_104330,01.04.2026 20:18,books,1,refund_req_304330,"60,25",approve,wrong_item_received
"18,52",agent_021,buyer_1310,0,114,purchase_100084,28.04.2026 04:00,beauty,1,refund_req_300084,"13,18",approve,changed_mind
"193,56",agent_009,buyer_1390,0,40,purchase_102568,26.05.2026 03:12,Electronics,0,refund_req_302568,"104,08",approve,item_not_as_described
"261,20",agent_001,buyer_0154,0,54,purchase_101088,18.04.2026 12:54,sports,0,refund_req_301088,"105,14",reject,wrong_size
"665,92",agent_888,buyer_888,0,,purchase_1036,12.06.2026 09:06, sports ,0,refund_req_3036,"607,00",approve,item_not_as_described
"1.515,36",agent_017,buyer_0980,0,13,purchase_103174,21.06.2026 02:55,luxury,0,refund_req_303174,"1.210,27",approve,damaged_item
"1.518,04",agent_019,buyer_0144,1,16,purchase_104038,06.05.2026 19:02,luxury,1,refund_req_304038,"1.488,16",approve,damaged_item
"1.810,14",agent_007,buyer_0744,0,63,purchase_102898,03.06.2026 23:23,luxury,1,refund_req_302898,"1.221,91",approve,  damaged_item  
"2.406,67",agent_030,buyer_1177,0,75,purchase_101886,29.04.2026 01:08,LUXURY,0,refund_req_301886,"1.442,32",Reject,
"1.246,98",agent_702,buyer_1553,0,10,purchase_104420,07.04.2026 13:04,appliances,1,refund_req_304420,"1.119,24",approve,not_working
"2.754,11",agent_024,buyer_1415,0,11,purchase_103490,26.05.2026 14:39,luxury,1,refund_req_303490,"2.754,11",approve,damaged_item
"86,38",agent_002,buyer_0898,0,111,purchase_101555,07.04.2026 20:04,books,0,refund_req_301555,"44,92",reject,wrong_item_received
"1.658,89",agent_020,buyer_1644,0,106,purchase_101072,21.04.2026 06:49,electronics,0,refund_req_301072,"647,80",reject,item_not_as_described
"1.351,42",agent_013,buyer_1435,0,9,purchase_103164,22.04.2026 07:53,  luxury  ,0,refund_req_303164,"1.153,66",APPROVE,changed_mind
"305,48",agent_025,buyer_1263,0,73,purchase_102764,15.05.2026 12:21,fashion,1,refund_req_302764,"104,19",approve,changed_mind
"1.560,63",agent_028,buyer_1163,0,56,purchase_102577,14.05.2026 14:02,electronics,0,refund_req_302577,"331,86",approve,  missing_accessory  
"1.361,39",agent_007,buyer_0495,1,5,purchase_103886,04.04.2026 17:24,appliances,0,refund_req_303886,"920,43",approve,damaged_item
"1.146,48",agent_902,buyer_9905,1,3,purchase_104817,14.06.2026 05:27,appliances,0,refund_req_304817,"1.008,10",approve,damaged_item
"228,00",agent_702,buyer_0824,0,23,purchase_104534,15.04.2026 15:12,appliances,0,refund_req_304534,"208,52",approve,not_working
"1.721,98",agent_030,buyer_0839,0,34,purchase_100627,06.06.2026 10:22,appliances,0,refund_req_300627,"922,12",approve,damaged_item
"448,29",agent_801,buyer_8001,0,11,purchase_104753,20.04.2026 17:32,electronics,1,refund_req_304753,"314,93",approve,item_not_as_described
"877,22",agent_101,buyer_0689,0,4,purchase_103534,01.06.2026 20:40,luxury,1,refund_req_303534,"611,71",approve,damaged_item
"251,45",agent_023,buyer_0335,0,44,purchase_101925,04.06.2026 00:43,clothing,1,refund_req_301925,"157,61",Approve,changed_mind
"1.253,22",agent_005,buyer_1487,0,31,purchase_103282,05.05.2026 22:31,appliances,1,refund_req_303282,"1.253,22",approve,missing_part
"87,60",agent_007,buyer_1288,0,52,purchase_101081,07.05.2026 06:22,books,0,refund_req_301081,"40,62",reject,damaged_item
"739,64",agent_701,buyer_1127,1,5,purchase_104479,18.05.2026 13:25,luxury,0,refund_req_304479,"699,60",approve, changed_mind 
"1.608,63",agent_801,buyer_8001,0,13,purchase_104732,25.05.2026 19:37,electronics,0,refund_req_304732,"1.287,36", approve ,not_working
"748,05",agent_029,buyer_1643,0,64,purchase_102801,20.05.2026 21:08,appliances,0,refund_req_302801,"341,04",reject,damaged_item
"15,75",agent_701,buyer_1818,1,24,purchase_104449,14.04.2026 22:16,beauty,1,refund_req_304449,"8,84",Approve,changed_mind
"1.653,93",agent_015,buyer_1281,0,98,purchase_100452,28.04.2026 08:23,Electronics,1,refund_req_300452,"553,68",approve,not_working
"956,82",agent_803,buyer_8003,0,26,purchase_104746,21.06.2026 05:00,sports,0,refund_req_304746,"701,40",approve,damaged_item
"1.794,82",agent_028,buyer_1138,0,90,purchase_102856,09.04.2026 12:09,electronics,0,refund_req_302856,"671,94",reject,item_not_as_described
"452,91",agent_013,buyer_1615,0,58,purchase_101861,11.05.2026 20:44,home,1,refund_req_301861,"168,93",approve,damaged_item
"1.261,49",agent_016,buyer_1636,0,56,purchase_102043,13.05.2026 23:30,electronics,,refund_req_302043,"332,10",reject,missing_accessory
"44,86",agent_801,buyer_8001,0,14,purchase_104687,17.04.2026 12:18,fashion,0,refund_req_304687,"36,09",APPROVE,item_not_as_described
"126,33",agent_012,buyer_1935,0,44,purchase_102948,10.04.2026 13:30,beauty,1,refund_req_302948,"86,17",reject,allergic_reaction
"73,83",agent_801,buyer_8001,0,25,purchase_104696,23.04.2026 11:36,sports,1,refund_req_304696,"69,32",  approve  ,damaged_item
"1.350,57",agent_001,buyer_1510,0,58,purchase_102000,09.05.2026 01:37,appliances,1,refund_req_302000,"600,85",approve,damaged_item
"617,68",agent_003,buyer_1031,0,61,purchase_100370,20.05.2026 03:13,fashion,0,refund_req_300370,"445,91",reject,item_not_as_described
"1.650,80",agent_003,buyer_1279,0,23,purchase_103302,24.05.2026 08:26,luxury,,refund_req_303302,"1.650,80",approve,item_not_as_described
"260,40",agent_103,buyer_1518,0,3,purchase_103631,10.04.2026 22:32,appliances,0,refund_req_303631,"253,41",approve,missing_part
"1.875,92",agent_026,buyer_0146,0,16,purchase_103158,06.05.2026 03:16,luxury,0,refund_req_303158,"1.398,75",approve,damaged_item
"910,70",agent_022,buyer_1714,0,55,purchase_102488,12.05.2026 15:42, clothing ,1,refund_req_302488,"498,13",approve,changed_mind
"1.612,51",agent_901,buyer_9903,1,7,purchase_104892,20.05.2026 12:11,electronics,0,refund_req_304892,"1.410,66",approve,missing_accessory
"1.436,33",agent_030,buyer_0491,0,96,purchase_100181,30.05.2026 11:21,appliances,1,refund_req_300181,"642,66",approve,damaged_item
"987,04",agent_703,buyer_1499,0,11,purchase_104454,10.04.2026 07:46,books,0,refund_req_304454,"779,87",approve,wrong_item_received
"1.168,75",agent_902,buyer_9904,1,1,purchase_104835,04.05.2026 15:05,  electronics  ,0,refund_req_304835,"1.139,42",approve,missing_accessory
"1.004,84",agent_005,buyer_1048,0,88,purchase_100980,21.05.2026 00:11,electronics,0,refund_req_300980,"509,05",approve,damaged_item
"19,83",agent_007,buyer_1414,0,76,purchase_102656,09.04.2026 17:21,beauty,1,refund_req_302656,"5,36",approve,allergic_reaction
"1.117,14",agent_004,buyer_1597,0,92,purchase_102397,28.04.2026 11:59,books,0,refund_req_302397,"874,71",reject,changed_mind
"520,34",agent_012,buyer_1800,0,46,purchase_100886,26.04.2026 22:44,home,1,refund_req_300886,"329,10",approve,damaged_item
"1.296,97",agent_002,buyer_1452,0,,purchase_101573,10.04.2026 02:41,fashion,1,refund_req_301573,"545,75",approve,item_not_as_described
"1.384,19",agent_701,buyer_0767,1,13,purchase_104428,18.05.2026 01:46,luxury,0,refund_req_304428,"960,59",approve,damaged_item
"184,09",agent_010,buyer_0805,0,57,purchase_102167,01.04.2026 09:20,home,0,refund_req_302167,"143,19",reject,missing_part
"155,98",agent_005,buyer_1482,0,54,purchase_101641,27.04.2026 23:45,clothing,1,refund_req_301641,"114,63",approve,changed_mind
"1.866,74",agent_002,buyer_0729,0,86,purchase_100773,02.04.2026 11:27,luxury,1,refund_req_300773,"735,36",approve,damaged_item
"1.835,25",agent_018,buyer_1925,0,63,purchase_103387,12.06.2026 07:58,luxury,,refund_req_303387,"1.835,25",approve,changed_mind
"25,97",agent_001,buyer_1742,0,36,purchase_102573,20.04.2026 01:26,clothing,,refund_req_302573,"6,63",approve,  wrong_size  
"34,49",agent_003,buyer_9003,0,53,purchase_104204,18.04.2026 13:35,books,1,refund_req_304204,"33,34",approve,changed_mind
"111,52",agent_016,buyer_0422,0,104,purchase_100875,20.06.2026 00:16,sports,1,refund_req_300875,"68,47",reject,wrong_size
"1.461,89",agent_029,buyer_1025,0,24,purchase_102974,23.05.2026 03:34,appliances,0,refund_req_302974,"1.326,55",approve,missing_part
"2.258,30",agent_014,buyer_0346,0,76,purchase_102089,19.04.2026 14:10,luxury,0,refund_req_302089,"630,32",reject,item_not_as_described
"324,79",agent_702,buyer_0251,0,11,purchase_104372,15.05.2026 23:43,fashion,,refund_req_304372,"315,73",Approve,wrong_size
"448,66",agent_010,buyer_1685,0,71,purchase_100688,20.04.2026 21:34,sports,0,refund_req_300688,"365,56",reject,wrong_size
"30,65",agent_003,buyer_0464,0,61,purchase_101090,20.04.2026 06:56,books,1,refund_req_301090,"23,91",approve,  changed_mind  
"1.012,54",agent_019,buyer_0723,0,49,purchase_100145,26.05.2026 12:34,beauty,0,refund_req_300145,"595,77",reject,damaged_item
"1.749,59",agent_803,buyer_8003,0,19,purchase_104665,29.04.2026 04:51,electronics,,refund_req_304665,"1.244,73",  approve  ,damaged_item
"409,92",agent_004,buyer_9008,0,64,purchase_104233,05.05.2026 14:29,  sports  ,0,refund_req_304233,"377,36",approve,wrong_size
"1.228,40",agent_027,buyer_0328,0,58,purchase_103482,16.06.2026 18:49,appliances,0,refund_req_303482,"1.228,40",approve,damaged_item
"79,95",agent_001,buyer_1512,0,30,purchase_100772,31.05.2026 05:05,beauty,0,refund_req_300772,"63,96",reject,changed_mind
"54,68",agent_025,buyer_0987,0,64,purchase_101888,10.05.2026 03:29,  fashion  ,0,refund_req_301888,"40,93",reject,wrong_size
"1.086,68",agent_016,buyer_1398,0,52,purchase_103251,15.05.2026 15:43,fashion,1,refund_req_303251,"1.086,68",approve,
"254,73",agent_026,buyer_0005,0,67,purchase_100805,09.04.2026 11:51,clothing,1,refund_req_300805,"179,73",approve,changed_mind
"524,87",agent_012,buyer_1584,0,73,purchase_101526,13.06.2026 05:13,electronics,1,refund_req_301526,"248,16",  approve  ,item_not_as_described
"164,28",agent_702,buyer_1686,1,21,purchase_104435,02.05.2026 21:29,sports,0,refund_req_304435,"81,27",approve,damaged_item
"1.370,72",agent_007,buyer_9005,0,8,purchase_104142,15.06.2026 11:16,luxury,1,refund_req_304142,"1.029,34",approve,changed_mind
"51,00",agent_016,buyer_1540,0,,purchase_102035,13.05.2026 20:09,beauty,0,refund_req_302035,"29,02",reject,changed_mind
"1.072,66",agent_701,buyer_1555,0,32,purchase_104533,28.05.2026 03:46,electronics,0,refund_req_304533,"966,41",approve,item_not_as_described
"160,26",agent_021,buyer_1030,1,93,purchase_102325,14.05.2026 05:24,clothing,1,refund_req_302325,"66,48",approve,wrong_size
"354,03",agent_803,buyer_8003,0,4,purchase_104683,01.04.2026 10:17,fashion,0,refund_req_304683,"242,21",approve,item_not_as_described
"73,89",agent_030,buyer_9007,0,10,purchase_104136,04.06.2026 02:17,sports,1,refund_req_304136,"57,10",approve,wrong_size
"2.057,70",agent_004,buyer_0711,0,20,purchase_103322,04.06.2026 13:08,electronics,1,refund_req_303322,"2.057,70",approve,item_not_as_described
"976,33",agent_901,buyer_9902,1,8,purchase_104862,09.06.2026 23:02,luxury,0,refund_req_304862,"952,13",approve,changed_mind
"760,99",agent_018,buyer_0947,0,42,purchase_100169,25.05.2026 19:45,electronics,1,refund_req_300169,"162,97",approve,
"237,91",agent_015,buyer_0623,0,41,purchase_102034,10.06.2026 21:05,clothing,0,refund_req_302034,"114,74", approve ,changed_mind
"423,20",agent_005,buyer_1834,0,60,purchase_102447,18.05.2026 20:42,home,1,refund_req_302447,"166,93",APPROVE,damaged_item
"163,80",agent_009,buyer_1912,1,90,purchase_100661,18.06.2026 16:37,home,1,refund_req_300661,"88,45",approve,item_not_as_described
"1.787,55",agent_011,buyer_1264,1,27,purchase_103899,04.05.2026 14:46,luxury,0,refund_req_303899,"1.269,71",approve,damaged_item
"155,47",agent_103,buyer_1827,0,4,purchase_103636,15.04.2026 16:54,beauty,1,refund_req_303636,"151,03",approve,damaged_item
"1.055,84",agent_011,buyer_0479,0,70,purchase_102254,15.05.2026 05:13,sports,1,refund_req_302254,"743,72",approve,damaged_item
"1.305,29",agent_801,buyer_8001,0,26,purchase_104609,13.06.2026 06:24,electronics,0,refund_req_304609,"995,86",approve,not_working
"69,35",agent_010,buyer_0094,0,71,purchase_100789,10.04.2026 13:38,home,0,refund_req_300789,"57,71", approve ,missing_part
"305,44",agent_101,buyer_1635,0,4,purchase_103558,11.06.2026 09:31,sports,0,refund_req_303558,"280,89",approve,wrong_size
"202,17",agent_024,buyer_1457,0,89,purchase_100619,22.04.2026 05:13,sports,1,refund_req_300619,"164,12",approve,damaged_item
"381,48",agent_027,buyer_1304,0,49,purchase_102263,20.05.2026 10:35,sports,1,refund_req_302263,"321,81",approve,item_not_as_described
"240,43",agent_101,buyer_0743,0,4,purchase_103748,02.06.2026 00:27,sports,1,refund_req_303748,"237,29",approve,
"1.377,18",agent_025,buyer_1879,0,66,purchase_102594,06.04.2026 20:23,appliances,0,refund_req_302594,"582,93",approve,
"1.869,82",agent_103,buyer_1635,0,2,purchase_103795,03.05.2026 22:12,luxury,0,refund_req_303795,"1.817,58",approve,changed_mind
"181,30",agent_011,buyer_1052,0,47,purchase_102614,21.06.2026 02:48,fashion,1,refund_req_302614,"87,29",approve,item_not_as_described
"1.568,53",agent_014,buyer_1866,0,37,purchase_103009,25.04.2026 12:32,luxury,0,refund_req_303009,"1.086,60",approve,item_not_as_described
"1.308,68",agent_902,buyer_9904,1,2,purchase_104801,08.05.2026 02:06,appliances,0,refund_req_304801,"1.252,23",  approve  ,damaged_item
"1.097,85",agent_010,buyer_0780,0,71,purchase_101158,25.05.2026 21:53,electronics,1,refund_req_301158,"496,73",reject,item_not_as_described
"53,46",agent_024,buyer_0981,0,,purchase_100534,12.05.2026 09:52,clothing,1,refund_req_300534,"29,84",approve,wrong_size
"2.925,19",agent_023,buyer_0687,0,48,purchase_101009,20.04.2026 08:14,luxury,1,refund_req_301009,"797,37",approve,changed_mind
"1.110,34",agent_103,buyer_1993,1,16,purchase_104018,27.05.2026 17:57,appliances,0,refund_req_304018,"750,37",approve,missing_part
"2.065,70",agent_102,buyer_9007,0,10,purchase_104248,10.06.2026 06:07,electronics,0,refund_req_304248,"1.225,88",approve,not_working
"1.403,71",agent_027,buyer_0618,0,34,purchase_103242,01.05.2026 21:14,appliances,0,refund_req_303242,"1.128,29",approve,not_working
"60,27",agent_011,buyer_9007,0,28,purchase_104144,11.06.2026 18:05,home,0,refund_req_304144,"42,26",approve,damaged_item
"1.220,32",agent_703,buyer_1975,1,16,purchase_104457,09.06.2026 12:32,sports,0,refund_req_304457,"886,81",approve,wrong_size
"1.116,15",agent_026,buyer_1511,0,40,purchase_101271,02.04.2026 00:05,clothing,0,refund_req_301271,"580,65",approve,item_not_as_described
"663,57",agent_023,buyer_1364,1,49,purchase_100724,20.05.2026 21:34,electronics,1,refund_req_300724,"329,17",reject,damaged_item
"160,16",agent_001,buyer_0642,0,49,purchase_100343,01.06.2026 23:47,home,0,refund_req_300343,"109,05",approve,damaged_item
"622,29",agent_012,buyer_1648,0,42,purchase_100685,09.05.2026 01:07,appliances,1,refund_req_300685,"134,46",approve,not_working
"1.214,52",agent_026,buyer_0539,1,70,purchase_101502,03.05.2026 15:48,appliances,1,refund_req_301502,"578,41",approve,
"136,46",agent_023,buyer_0786,0,98,purchase_100593,17.05.2026 04:41, beauty ,1,refund_req_300593,"50,02",approve,damaged_item
"72,56",agent_010,buyer_1412,0,57,purchase_101035,04.04.2026 15:32,books,1,refund_req_301035,"47,51",approve,wrong_item_received
"41,72",agent_021,buyer_0416,0,89,purchase_100499,02.06.2026 10:53,sports,1,refund_req_300499,"18,76",approve,wrong_size
"1.784,91",agent_020,buyer_0014,0,113,purchase_100375,07.05.2026 00:45,luxury,0,refund_req_300375,"406,02",approve,changed_mind
"1.845,09",agent_001,buyer_1665,0,44,purchase_100652,19.05.2026 19:59,electronics,1,refund_req_300652,"715,92",reject,item_not_as_described
"1.666,59",agent_012,buyer_0511,1,9,purchase_104001,26.04.2026 21:34,luxury,0,refund_req_304001,"1.377,18",approve,item_not_as_described
"1.201,17",agent_019,buyer_0775,0,52,purchase_101376,26.04.2026 02:02,appliances,1,refund_req_301376,"961,24",approve,damaged_item
"399,86",agent_004,buyer_0110,0,38,purchase_101196,09.05.2026 09:11,home,0,refund_req_301196,"332,33",reject,missing_part
"1.277,21",agent_010,buyer_0752,0,63,purchase_102477,20.05.2026 05:32,clothing,0,refund_req_302477,"950,80",reject, wrong_size 
"492,56",agent_021,buyer_1700,0,53,purchase_100350,06.06.2026 16:35, fashion ,1,refund_req_300350,"283,77",approve,changed_mind
"1.726,34",agent_011,buyer_1600,1,27,purchase_104000,15.05.2026 15:05,electronics,0,refund_req_304000,"1.611,44",approve,not_working
"1.597,72",agent_023,buyer_0763,0,11,purchase_103405,27.05.2026 08:22,luxury,1,refund_req_303405,"1.597,72",approve,item_not_as_described
"2.093,41",agent_013,buyer_1632,0,27,purchase_103318,12.04.2026 13:59,electronics,1,refund_req_303318,"2.093,41",approve,damaged_item
"259,30",agent_009,buyer_0821,0,84,purchase_102361,02.05.2026 17:55,clothing,1,refund_req_302361,"126,79",approve,
"958,70",agent_018,buyer_1128,0,58,purchase_101797,05.06.2026 01:09,beauty,0,refund_req_301797,"346,95",reject,damaged_item
"539,62",agent_002,buyer_1582,0,42,purchase_100706,14.05.2026 14:33,electronics,1,refund_req_300706,"195,51",  reject  ,not_working
"248,61",agent_029,buyer_1426,0,69,purchase_102658,02.04.2026 03:43,sports,1,refund_req_302658,"80,86",reject,damaged_item
"578,80",agent_002,buyer_0320,0,80,purchase_101130,28.04.2026 06:18,appliances,0,refund_req_301130,"367,28",reject,missing_part
"1.497,59",agent_005,buyer_0371,1,29,purchase_103937,22.04.2026 13:19,electronics,1,refund_req_303937,"1.318,75",approve,missing_accessory
"78,27",agent_029,buyer_1061,0,63,purchase_100880,03.04.2026 13:02, books ,1,refund_req_300880,"61,55",approve,changed_mind
"127,24",agent_016,buyer_1026,0,79,purchase_101561,15.06.2026 07:51,beauty,0,refund_req_301561,"84,72",reject,changed_mind
"1.703,29",agent_005,buyer_0632,1,31,purchase_103890,20.05.2026 11:16,appliances,0,refund_req_303890,"1.603,49",approve,not_working
"1.968,75",agent_026,buyer_0053,0,85,purchase_101074,17.06.2026 01:55,electronics,0,refund_req_301074,"437,54",reject,not_working
"2.284,38",agent_014,buyer_1540,0,,purchase_103112,07.04.2026 22:57,luxury,0,refund_req_303112,"1.895,34",approve,changed_mind
"72,50",agent_010,buyer_1457,0,65,purchase_101155,22.04.2026 20:27,books,0,refund_req_301155,"31,22",reject,
"205,65",agent_029,buyer_0953,0,,purchase_100241,10.05.2026 05:15,clothing,1,refund_req_300241,"82,66",approve,changed_mind
"23,59",agent_009,buyer_1839,0,84,purchase_101364,26.05.2026 03:09,beauty,1,refund_req_301364,"11,31",approve,allergic_reaction
"2.034,82",agent_029,buyer_1122,0,36,purchase_103346,17.06.2026 22:40,electronics,1,refund_req_303346,"2.034,82",approve,not_working
"30,85",agent_009,buyer_0363,0,50,purchase_101313,28.05.2026 14:51,sports,1,refund_req_301313,"21,93",approve,damaged_item
"175,69",agent_020,buyer_0500,0,95,purchase_100469,12.06.2026 19:40,beauty,0,refund_req_300469,"78,97",approve,changed_mind
"454,62",agent_025,buyer_1870,0,50,purchase_100291,13.05.2026 20:41,fashion,1,refund_req_300291,"190,10",Approve,item_not_as_described
"1.168,92",agent_023,buyer_0120,0,40,purchase_103219,16.04.2026 04:56,appliances,0,refund_req_303219,"953,98",approve,not_working
"1.553,77",agent_024,buyer_0959,0,82,purchase_102472,06.04.2026 16:57,appliances,1,refund_req_302472,"1.273,70",approve,damaged_item
"2.014,87",agent_902,buyer_9906,1,1,purchase_104831,29.05.2026 08:35,electronics,0,refund_req_304831,"2.008,53",approve,not_working
"26,45",agent_013,buyer_0673,0,99,purchase_100023,13.05.2026 08:56,beauty,1,refund_req_300023,"18,59",approve,changed_mind
"147,59",agent_026,buyer_1359,0,57,purchase_102821,20.06.2026 01:09,beauty,1,refund_req_302821,"54,11",reject,damaged_item
"1.067,02",agent_017,buyer_0031,1,26,purchase_103824,26.04.2026 02:45,luxury,0,refund_req_303824,"1.065,51",approve,item_not_as_described
"226,70",agent_012,buyer_1344,0,62,purchase_100901,10.04.2026 06:01,home,1,refund_req_300901,"150,73",approve,item_not_as_described
"874,14",agent_016,buyer_0714,0,78,purchase_100548,04.04.2026 12:02,electronics,0,refund_req_300548,"639,06",reject,missing_accessory
"147,90",agent_028,buyer_1818,0,55,purchase_102127,02.06.2026 20:28,beauty,1,refund_req_302127,"76,48",reject,damaged_item
"42,60",agent_022,buyer_0902,0,,purchase_100486,07.04.2026 13:43,beauty,1,refund_req_300486,"24,52",reject,damaged_item
"101,70",agent_023,buyer_1052,0,53,purchase_100638,17.06.2026 21:56,home,0,refund_req_300638,"34,40",approve,item_not_as_described
"72,84",agent_701,buyer_1678,0,11,purchase_104356,29.05.2026 00:05,books,1,refund_req_304356,"55,74",approve,changed_mind
"296,11",agent_103,buyer_0194,0,3,purchase_103711,13.04.2026 10:48,home,1,refund_req_303711,"236,82",approve,missing_part
"985,42",agent_003,buyer_1530,1,14,purchase_103931,16.06.2026 11:07,electronics,,refund_req_303931,"821,80",approve,item_not_as_described
"233,17",agent_001,buyer_0121,0,36,purchase_102317,16.04.2026 21:48,clothing,0,refund_req_302317,"175,43",reject,wrong_size
"1.521,64",agent_101,buyer_1627,0,32,purchase_102979,18.04.2026 18:45,luxury,,refund_req_302979,"1.430,91",approve,damaged_item
"175,49",agent_803,buyer_8003,0,14,purchase_104596,02.05.2026 03:19,fashion,1,refund_req_304596,"112,91",approve,wrong_size
"533,07",agent_030,buyer_9006,0,49,purchase_104279,05.04.2026 13:46,home,1,refund_req_304279,"301,78",approve,damaged_item
"131,03",agent_027,buyer_1212,0,63,purchase_101979,31.05.2026 01:12,beauty,1,refund_req_301979,"52,11",approve,changed_mind
"1.511,00",agent_014,buyer_0010,0,13,purchase_103128,23.04.2026 00:33,appliances,0,refund_req_303128,"1.060,54",approve,missing_part
"148,30",agent_017,buyer_1569,0,37,purchase_101292,16.05.2026 14:01,clothing,1,refund_req_301292,"78,90",approve,  wrong_size  
"1.337,80",agent_902,buyer_9904,1,7,purchase_104915,02.06.2026 06:29,appliances,0,refund_req_304915,"1.326,64",approve,damaged_item
"173,51",agent_024,buyer_9002,0,8,purchase_104147,13.05.2026 14:39,electronics,1,refund_req_304147,"162,13",approve,not_working
"1.630,62",agent_015,buyer_0039,1,34,purchase_103975,30.05.2026 21:42,electronics,0,refund_req_303975,"1.360,84",approve,not_working
"611,64",agent_029,buyer_0321,0,65,purchase_101147,23.04.2026 17:19,fashion,1,refund_req_301147,"293,99",reject,wrong_size
"42,25",agent_015,buyer_1319,0,75,purchase_102909,29.05.2026 08:09,books,1,refund_req_302909,"32,67",approve,wrong_item_received
"111,43",agent_020,buyer_1032,0,78,purchase_101971,07.04.2026 12:30,home,1,refund_req_301971,"43,12",reject,missing_part
"82,19",agent_008,buyer_1462,0,81,purchase_101476,11.06.2026 05:55,books,1,refund_req_301476,"21,16",approve,damaged_item
"1.453,51",agent_902,buyer_9906,1,6,purchase_104923,29.05.2026 02:00,appliances,0,refund_req_304923,"1.276,91",  approve  ,missing_part
"161,13",agent_801,buyer_8001,0,14,purchase_104678,29.05.2026 20:03,beauty,0,refund_req_304678,"110,97",approve,allergic_reaction
"452,87",agent_016,buyer_9007,1,47,purchase_104120,17.05.2026 06:03,home,0,refund_req_304120,"233,26",approve,missing_part
"2.175,90",agent_021,buyer_0868,0,60,purchase_100637,02.06.2026 23:37,luxury,,refund_req_300637,"1.775,72",Reject,item_not_as_described
"87,99",agent_008,buyer_1210,0,37,purchase_101957,14.04.2026 07:12,beauty,0,refund_req_301957,"32,77",APPROVE,changed_mind
"1.409,11",agent_008,buyer_1807,0,46,purchase_100446,05.04.2026 12:57,electronics,1,refund_req_300446,"792,49",reject,damaged_item
"119,45",agent_013,buyer_0652,0,101,purchase_102102,08.04.2026 12:46,clothing,1,refund_req_302102,"95,82",approve,changed_mind
"1.652,86",agent_024,buyer_1209,0,38,purchase_103072,13.06.2026 04:41,appliances,0,refund_req_303072,"1.272,43",approve,damaged_item
"671,85",agent_004,buyer_1647,0,83,purchase_100250,21.06.2026 06:00,LUXURY,1,refund_req_300250,"161,30",reject,item_not_as_described
"1.436,21",agent_011,buyer_0981,0,75,purchase_102579,29.05.2026 13:13,Appliances,1,refund_req_302579,"336,59",approve,missing_part
"51,36",agent_005,buyer_0260,0,92,purchase_102868,18.05.2026 05:05,books,0,refund_req_302868,"21,94",reject,damaged_item
"954,95",agent_026,buyer_1924,0,49,purchase_100587,11.04.2026 22:08,appliances,0,refund_req_300587,"647,32",approve,damaged_item
"649,35",agent_018,buyer_0768,0,49,purchase_100580,18.05.2026 00:13,luxury,1,refund_req_300580,"360,22",approve,changed_mind
"1.771,68",agent_005,buyer_1788,0,41,purchase_103232,20.05.2026 00:54,appliances,0,refund_req_303232,"1.168,35",approve,not_working
"530,20",agent_007,buyer_0271,0,75,purchase_100077,08.05.2026 19:33,home,1,refund_req_300077,"232,13",approve,damaged_item
"1.368,00",agent_902,buyer_9905,1,9,purchase_104845,16.06.2026 18:53,Electronics,0,refund_req_304845,"1.350,19",approve,damaged_item
"232,36",agent_012,buyer_0623,0,73,purchase_101021,26.05.2026 22:10,fashion,1,refund_req_301021,"148,34",approve,wrong_size
"154,26",agent_019,buyer_0365,0,63,purchase_102936,24.04.2026 15:29,beauty,0,refund_req_302936,"106,30",REJECT,allergic_reaction
"1.742,58",agent_103,buyer_1006,0,1,purchase_103704,15.06.2026 11:48,luxury,1,refund_req_303704,"992,89",approve,item_not_as_described
"1.074,11",agent_010,buyer_1460,0,57,purchase_101871,15.04.2026 14:42,sports,1,refund_req_301871,"310,62", approve ,damaged_item
"1.444,75",agent_013,buyer_0627,1,10,purchase_104036,18.04.2026 21:19,electronics,1,refund_req_304036,"1.051,88",approve,  item_not_as_described  
"472,61",agent_009,buyer_1906,0,36,purchase_102727,24.04.2026 11:29,home,1,refund_req_302727,"165,85",approve,missing_part
"119,59",agent_009,buyer_1583,0,84,purchase_100065,20.04.2026 23:14,clothing,0,refund_req_300065,"96,54",approve,changed_mind
"179,67",agent_101,buyer_9005,0,33,purchase_104246,15.04.2026 06:05,home,1,refund_req_304246,"157,34",approve,  item_not_as_described  
"171,33",agent_010,buyer_1302,0,54,purchase_100767,12.04.2026 13:38,beauty,1,refund_req_300767,"79,54",approve,allergic_reaction
"239,54",agent_103,buyer_0589,0,1,purchase_103760,26.05.2026 21:17,clothing,0,refund_req_303760,"195,94",approve,wrong_size
"2.525,09",agent_026,buyer_0762,0,22,purchase_102998,14.06.2026 18:08,luxury,0,refund_req_302998,"1.707,37",approve,item_not_as_described
"64,27",agent_008,buyer_0078,0,71,purchase_101135,19.04.2026 23:05,clothing,1,refund_req_301135,"44,71",reject,item_not_as_described
"15,55",agent_016,buyer_1811,0,87,purchase_102191,24.05.2026 07:09,  books  ,1,refund_req_302191,"9,60",approve,changed_mind
"1.803,30",agent_005,buyer_402,0,60,purchase_1013,03.06.2026 10:08,luxury,0,refund_req_3013,"1.803,30",approve,changed_mind
"865,35",agent_027,buyer_0286,0,95,purchase_101954,22.05.2026 08:32,appliances,0,refund_req_301954,"424,86",approve,not_working
"371,14",agent_023,buyer_0263,0,69,purchase_101308,06.04.2026 10:27, sports ,1,refund_req_301308,"214,20",reject,item_not_as_described
"77,47",agent_019,buyer_0006,0,47,purchase_100222,08.06.2026 21:34,books,0,refund_req_300222,"20,18",reject,changed_mind
"327,15",agent_015,buyer_0104,0,117,purchase_100464,17.06.2026 04:13,FASHION,1,refund_req_300464,"209,07",approve,changed_mind
"2.037,65",agent_024,buyer_1913,0,83,purchase_100433,19.06.2026 05:03,luxury,1,refund_req_300433,"1.385,44",approve,item_not_as_described
"63,84",agent_018,buyer_0345,0,60,purchase_100647,24.04.2026 08:55,clothing,0,refund_req_300647,"44,65",approve,item_not_as_described
"19,50",agent_008,buyer_1356,0,61,purchase_102963,24.04.2026 23:17,books,1,refund_req_302963,"8,48",approve,wrong_item_received
"1.145,99",agent_025,buyer_0669,0,67,purchase_100193,15.06.2026 06:33,appliances,1,refund_req_300193,"968,57",approve,damaged_item
"40,54",agent_101,buyer_0864,0,5,purchase_103552,28.05.2026 21:28,beauty,1,refund_req_303552,"27,35",approve,allergic_reaction
"51,99",agent_005,buyer_0487,0,84,purchase_102358,03.06.2026 04:24,books,1,refund_req_302358,"43,07",APPROVE,changed_mind
"200,96",agent_017,buyer_0283,0,42,purchase_101575,20.06.2026 15:48,Clothing,1,refund_req_301575,"61,42",approve,item_not_as_described
"51,36",agent_028,buyer_0806,0,84,purchase_101642,02.04.2026 02:57,books,1,refund_req_301642,"30,13",  approve  ,changed_mind
"41,01",agent_015,buyer_0130,1,28,purchase_102690,26.04.2026 07:18,books,0,refund_req_302690,"30,20",approve,changed_mind
"28,76",agent_003,buyer_900,0,20,purchase_1026,06.06.2026 09:08,clothing,1,refund_req_3026,"14,42",approve,wrong_size
"389,15",agent_019,buyer_1268,0,52,purchase_101371,26.05.2026 21:47,sports,1,refund_req_301371,"318,96",reject,wrong_size
"977,29",agent_009,buyer_1356,1,,purchase_104078,15.06.2026 23:30,electronics,1,refund_req_304078,"846,22",approve,item_not_as_described
"1.496,13",agent_021,buyer_1203,0,48,purchase_102255,12.06.2026 04:51,electronics,0,refund_req_302255,"651,62",reject,damaged_item
"52,86",agent_004,buyer_0073,1,75,purchase_102702,20.04.2026 06:21,beauty,0,refund_req_302702,"26,77",reject,allergic_reaction
"53,66",agent_802,buyer_8002,0,27,purchase_104694,31.05.2026 18:37,beauty,1,refund_req_304694,"39,36",approve,  allergic_reaction  
"203,28",agent_021,buyer_1913,0,83,purchase_101315,22.05.2026 08:41,fashion,1,refund_req_301315,"89,66",approve,item_not_as_described
"1.072,57",agent_005,buyer_1781,0,94,purchase_100941,16.05.2026 12:21,clothing,1,refund_req_300941,"695,59",reject,item_not_as_described
"553,23",agent_001,buyer_1152,0,67,purchase_102140,18.05.2026 11:11,home,1,refund_req_302140,"211,31",approve,damaged_item
"746,20",agent_803,buyer_8003,0,13,purchase_104560,11.05.2026 13:27,electronics,0,refund_req_304560,"538,80",approve,missing_accessory
"1.137,84",agent_901,buyer_9903,1,7,purchase_104796,10.06.2026 21:24, appliances ,0,refund_req_304796,"1.029,36",approve,damaged_item
"37,97",agent_029,buyer_1698,0,64,purchase_102549,15.04.2026 02:38,books,0,refund_req_302549,"23,46",reject,changed_mind
"1.082,56",agent_025,buyer_0776,0,40,purchase_103120,10.06.2026 21:10,luxury,0,refund_req_303120,"667,80",approve,damaged_item
"149,79",agent_026,buyer_0406,0,73,purchase_101080,02.06.2026 00:30,electronics,1,refund_req_301080,"91,75",reject,item_not_as_described
"1.923,38",agent_001,buyer_1704,0,31,purchase_102691,08.06.2026 05:33,luxury,0,refund_req_302691,"1.614,69",approve,changed_mind
"1.030,45",agent_011,buyer_0348,0,67,purchase_100567,15.06.2026 08:45,clothing,0,refund_req_300567,"514,80",reject,changed_mind
"2.175,59",agent_902,buyer_9904,1,1,purchase_104909,26.05.2026 17:50,luxury,0,refund_req_304909,"2.249,93",approve,changed_mind
"609,89",agent_801,buyer_8001,0,24,purchase_104648,13.04.2026 10:59,fashion,0,refund_req_304648,"578,50",approve,changed_mind
"161,13",agent_017,buyer_1791,0,56,purchase_101878,13.05.2026 04:08,beauty,1,refund_req_301878,"82,68",reject,damaged_item
"36,47",agent_022,buyer_9004,0,,purchase_104109,12.04.2026 22:29,books,1,refund_req_304109,"33,05",approve,changed_mind
"1.473,21",agent_002,buyer_1966,0,50,purchase_101060,12.06.2026 11:08,appliances,1,refund_req_301060,"1.051,27",approve,missing_part
"406,05",agent_008,buyer_0448,0,60,purchase_102068,04.04.2026 11:52,fashion,1,refund_req_302068,"89,88",reject,changed_mind
"1.057,70",agent_002,buyer_0391,0,45,purchase_103124,09.04.2026 12:36,electronics,0,refund_req_303124,"849,07",approve,missing_accessory
"1.868,80",agent_001,buyer_0315,0,55,purchase_100843,02.05.2026 02:58,electronics,0,refund_req_300843,"1.004,16",reject,damaged_item
"1.026,28",agent_015,buyer_1283,0,73,purchase_102823,21.04.2026 15:03,electronics,1,refund_req_302823,"768,77",reject,not_working
"142,41",agent_029,buyer_1221,0,58,purchase_100046,02.05.2026 07:34,sports,1,refund_req_300046,"29,42",reject,item_not_as_described
"47,30",agent_703,buyer_0615,0,22,purchase_104502,22.04.2026 16:02,sports,1,refund_req_304502,"23,97",approve,item_not_as_described
"1.248,49",agent_021,buyer_0915,1,35,purchase_103849,13.04.2026 20:19,luxury,0,refund_req_303849,"1.217,25",approve,damaged_item
"1.089,94",agent_016,buyer_1899,0,76,purchase_100884,09.04.2026 18:03,electronics,0,refund_req_300884,"324,42",reject,damaged_item
"356,24",agent_702,buyer_1055,0,14,purchase_104360,26.04.2026 06:42,luxury,1,refund_req_304360,"349,47",approve,changed_mind
"1.978,81",agent_103,buyer_1871,0,4,purchase_103585,23.04.2026 21:34,electronics,1,refund_req_303585,"1.142,82",approve,not_working
"1.348,91",agent_701,buyer_1947,0,9,purchase_104443,13.06.2026 21:51,appliances,0,refund_req_304443,"1.307,91",approve,damaged_item
"220,08",agent_016,buyer_1177,0,78,purchase_102020,03.04.2026 10:15,appliances,0,refund_req_302020,"152,92",approve,missing_part
"2.084,43",agent_901,buyer_9903,1,7,purchase_104924,12.06.2026 08:30,electronics,0,refund_req_304924,"2.020,91",approve,not_working
"240,60",agent_016,buyer_1201,0,69,purchase_100820,29.04.2026 07:15,appliances,1,refund_req_300820,"73,33",reject, missing_part 
"905,94",agent_022,buyer_1775,0,,purchase_100086,25.05.2026 01:57,clothing,1,refund_req_300086,"646,38",approve,wrong_size
"89,44",agent_011,buyer_1446,0,56,purchase_101173,20.06.2026 13:24,clothing,0,refund_req_301173,"31,56",reject,
"328,61",agent_004,buyer_0835,0,89,purchase_102456,16.06.2026 09:33,fashion,1,refund_req_302456,"180,14",approve,item_not_as_described
"884,71",agent_025,buyer_1441,0,38,purchase_102515,29.04.2026 09:34,Appliances,1,refund_req_302515,"241,90",reject,damaged_item
"1.659,02",agent_902,buyer_9904,1,6,purchase_104837,05.05.2026 04:07,appliances,0,refund_req_304837,"1.598,70",  approve  ,missing_part
"121,14",agent_029,buyer_1260,0,56,purchase_101078,07.06.2026 03:42,sports,1,refund_req_301078,"38,77",approve,damaged_item
"76,15",agent_702,buyer_1849,0,35,purchase_104468,17.04.2026 20:55,clothing,1,refund_req_304468,"69,10",approve,changed_mind
"583,51",agent_008,buyer_1470,0,,purchase_101547,20.05.2026 05:31,fashion,1,refund_req_301547,"469,79", approve ,wrong_size
"1.108,07",agent_001,buyer_0120,0,56,purchase_101537,01.05.2026 11:04,sports,1,refund_req_301537,"902,48",Reject,item_not_as_described
"1.069,72",agent_012,buyer_0610,0,41,purchase_102417,08.04.2026 17:11, luxury ,0,refund_req_302417,"490,92",approve,damaged_item
"95,54",agent_008,buyer_1470,1,62,purchase_102887,03.05.2026 18:14,beauty,1,refund_req_302887,"32,27",reject,damaged_item
"74,50",agent_014,buyer_1399,0,61,purchase_101491,02.05.2026 22:01,clothing,0,refund_req_301491,"43,76",reject,changed_mind
"609,21",agent_016,buyer_1865,0,103,purchase_100303,20.04.2026 11:04,fashion,1,refund_req_300303,"252,76",approve,  wrong_size  
"1.872,49",agent_025,buyer_0014,0,63,purchase_100185,19.06.2026 00:29,ELECTRONICS,1,refund_req_300185,"656,18",approve, item_not_as_described 
"964,05",agent_023,buyer_0030,0,23,purchase_103080,25.04.2026 01:35,electronics,0,refund_req_303080,"672,91",approve,damaged_item
"2.136,80",agent_013,buyer_1002,0,62,purchase_103281,28.05.2026 14:52,luxury,,refund_req_303281,"2.136,80",approve,changed_mind
"1.788,29",agent_009,buyer_0102,0,50,purchase_102192,03.05.2026 19:16,luxury,0,refund_req_302192,"930,65",approve,changed_mind
"145,47",agent_014,buyer_1347,0,49,purchase_100014,09.05.2026 23:36,clothing,1,refund_req_300014,"117,48",approve,wrong_size
"1.105,46",agent_801,buyer_8001,0,7,purchase_104684,15.06.2026 15:21,beauty,1,refund_req_304684,"710,00",approve,changed_mind
"1.126,14",agent_030,buyer_0250,0,89,purchase_100896,18.06.2026 12:12,electronics,0,refund_req_300896,"359,95",approve,missing_accessory
"1.648,95",agent_702,buyer_2000,1,14,purchase_104444,01.04.2026 23:28,appliances,1,refund_req_304444,"1.133,39",Approve,missing_part
"985,28",agent_028,buyer_1419,1,33,purchase_103995,28.04.2026 22:48,electronics,1,refund_req_303995,"711,20",approve,  item_not_as_described  
"136,15",agent_803,buyer_8003,0,17,purchase_104713,18.05.2026 11:14,sports,1,refund_req_304713,"86,95",approve,wrong_size
"1.136,23",agent_101,buyer_0049,0,3,purchase_103765,15.04.2026 14:25,electronics,0,refund_req_303765,"869,08",approve,damaged_item
"61,87",agent_018,buyer_1919,0,46,purchase_101207,30.04.2026 05:51,books,1,refund_req_301207,"28,17",approve,changed_mind
"63,03",agent_027,buyer_1513,0,49,purchase_100113,19.06.2026 13:39,fashion,1,refund_req_300113,"26,40",REJECT, changed_mind 
"1.687,86",agent_001,buyer_0395,0,,purchase_101226,19.06.2026 01:23,appliances,0,refund_req_301226,"766,30",approve,missing_part
"81,69",agent_025,buyer_1667,0,81,purchase_101652,23.04.2026 15:52,BOOKS,1,refund_req_301652,"19,35",approve,wrong_item_received
"19,48",agent_103,buyer_0150,0,1,purchase_103769,25.04.2026 19:14,books,1,refund_req_303769,"14,96",approve,damaged_item
"98,66",agent_028,buyer_9004,0,57,purchase_104157,06.06.2026 04:59,clothing,,refund_req_304157,"81,82",approve,item_not_as_described
"173,44",agent_002,buyer_0437,0,93,purchase_102611,21.04.2026 17:42,beauty,0,refund_req_302611,"54,56",reject,damaged_item
"965,14",agent_010,buyer_1178,0,50,purchase_103334,02.04.2026 01:27,fashion,,refund_req_303334,"965,14",approve,
"829,56",agent_024,buyer_0028,0,56,purchase_101161,15.04.2026 04:54,electronics,1,refund_req_301161,"656,01",approve,item_not_as_described
"84,05",agent_014,buyer_1187,0,43,purchase_100517,01.06.2026 01:12,books,0,refund_req_300517,"68,51",reject,damaged_item
"2.136,20",agent_802,buyer_8002,0,21,purchase_104664,14.06.2026 10:51,electronics,0,refund_req_304664,"2.037,09",approve,
"26,84",agent_015,buyer_0112,0,54,purchase_101193,24.04.2026 19:23,books,1,refund_req_301193,"20,90",  reject  ,  wrong_item_received  
"190,30",agent_013,buyer_1365,0,62,purchase_101811,13.06.2026 20:26,sports,1,refund_req_301811,"92,79",approve,item_not_as_described
"71,02",agent_010,buyer_1340,1,85,purchase_102553,04.05.2026 16:30,books,1,refund_req_302553,"52,54",reject,damaged_item
"929,73",agent_025,buyer_1606,1,79,purchase_102290,01.06.2026 22:22,electronics,1,refund_req_302290,"439,70",approve,damaged_item
"117,32",agent_026,buyer_9002,0,20,purchase_104107,04.05.2026 15:14,sports,1,refund_req_304107,"61,18",approve,wrong_size
"1.257,77",agent_008,buyer_1359,0,53,purchase_102356,04.06.2026 19:29,sports,1,refund_req_302356,"466,09",approve,damaged_item
"63,19",agent_006,buyer_1766,0,79,purchase_100755,21.04.2026 10:59,clothing,1,refund_req_300755,"35,42",reject,wrong_size
"1.117,86",agent_001,buyer_1690,0,29,purchase_100801,30.04.2026 22:34,clothing,0,refund_req_300801,"298,10",reject,wrong_size
"193,51",agent_010,buyer_0616,0,40,purchase_102415,12.05.2026 10:40,appliances,,refund_req_302415,"63,19",approve,not_working
"148,51",agent_014,buyer_1623,0,47,purchase_101349,18.05.2026 16:14, sports ,0,refund_req_301349,"85,28",  reject  ,wrong_size
"341,13",agent_026,buyer_1817,0,62,purchase_102681,03.06.2026 03:35,home,1,refund_req_302681,"210,12",approve,missing_part
"853,44",agent_020,buyer_1174,0,87,purchase_102535,22.04.2026 07:49,APPLIANCES,1,refund_req_302535,"576,09",reject,
"254,72",agent_018,buyer_0704,0,60,purchase_100562,19.05.2026 23:06,sports,0,refund_req_300562,"53,87",reject,wrong_size
"126,56",agent_004,buyer_1689,0,77,purchase_102648,22.05.2026 03:10,beauty,1,refund_req_302648,"96,79",approve,changed_mind
"1.514,57",agent_016,buyer_1078,0,96,purchase_102556,14.04.2026 07:26,appliances,0,refund_req_302556,"1.278,51",reject,missing_part
"1.801,07",agent_028,buyer_0595,0,27,purchase_103047,09.04.2026 17:21,luxury,0,refund_req_303047,"1.410,66",approve,damaged_item
"727,66",agent_024,buyer_0651,0,75,purchase_102057,14.06.2026 02:49,appliances,0,refund_req_302057,"410,96",approve, damaged_item 
"601,05",agent_801,buyer_8001,0,,purchase_104699,02.06.2026 00:47,fashion,0,refund_req_304699,"526,46", approve ,  wrong_size  
"1.420,81",agent_801,buyer_8001,1,20,purchase_104627,24.05.2026 23:20,electronics,1,refund_req_304627,"1.244,75",approve,damaged_item
"39,31",agent_021,buyer_0073,0,66,purchase_102457,07.06.2026 09:10,books,0,refund_req_302457,"33,24",reject,wrong_item_received
"2.821,24",agent_019,buyer_1795,0,30,purchase_103200,14.06.2026 18:00,luxury,0,refund_req_303200,"2.212,53",approve,item_not_as_described
"1.103,11",agent_902,buyer_9905,1,7,purchase_104761,09.05.2026 05:06,appliances,0,refund_req_304761,"1.069,16",approve,not_working
"2.613,23",agent_702,buyer_1136,0,12,purchase_104465,19.05.2026 23:08,luxury,1,refund_req_304465,"1.473,11",approve,changed_mind
"77,88",agent_008,buyer_1592,0,76,purchase_100841,21.05.2026 08:15,beauty,1,refund_req_300841,"25,48",approve,
"565,37",agent_009,buyer_9003,0,16,purchase_104228,19.05.2026 05:40,HOME,0,refund_req_304228,"547,04",APPROVE,damaged_item
"1.568,03",agent_902,buyer_9905,1,1,purchase_104821,09.04.2026 22:32,electronics,0,refund_req_304821,"1.406,04",approve,missing_accessory
"1.269,49",agent_902,buyer_9906,1,4,purchase_104947,23.04.2026 07:22,appliances,0,refund_req_304947,"1.232,53",approve,not_working
"113,96",agent_024,buyer_0857,0,,purchase_100936,11.05.2026 17:11,fashion,0,refund_req_300936,"87,86",reject,item_not_as_described
"656,45",agent_015,buyer_1544,0,70,purchase_102698,20.04.2026 06:05,electronics,,refund_req_302698,"455,83",approve,
"166,40",agent_026,buyer_1942,0,75,purchase_100913,18.06.2026 10:45,clothing,1,refund_req_300913,"123,59",reject,wrong_size
"905,46",agent_024,buyer_0146,0,48,purchase_101974,16.06.2026 07:51,appliances,1,refund_req_301974,"366,52",  approve  ,not_working
"1.569,48",agent_021,buyer_1652,0,42,purchase_103418,07.04.2026 02:39,electronics,1,refund_req_303418,"1.569,48",approve,not_working
"1.263,70",agent_011,buyer_1312,1,61,purchase_100762,29.04.2026 20:55,clothing,0,refund_req_300762,"891,85",approve,changed_mind
"89,77",agent_029,buyer_0928,0,,purchase_101329,27.05.2026 17:31,books,0,refund_req_301329,"49,05",approve,damaged_item
"716,34",agent_026,buyer_9004,0,31,purchase_104133,10.04.2026 23:44,appliances,0,refund_req_304133,"631,29",approve,damaged_item
"61,11",agent_012,buyer_0151,0,51,purchase_102423,21.04.2026 03:17,home,0,refund_req_302423,"45,92",APPROVE,missing_part
"920,90",agent_018,buyer_0444,1,12,purchase_103419,10.06.2026 11:50,electronics,0,refund_req_303419,"920,90",approve,missing_accessory
"1.160,65",agent_005,buyer_0607,0,88,purchase_101181,11.06.2026 13:21,Beauty,1,refund_req_301181,"807,28",approve,allergic_reaction
"383,53",agent_025,buyer_1874,0,36,purchase_101262,25.05.2026 03:25,home,1,refund_req_301262,"145,45",approve,damaged_item
"1.014,11",agent_015,buyer_1591,0,75,purchase_102972,26.05.2026 02:05,books,1,refund_req_302972,"396,46",reject,wrong_item_received
"2.271,77",agent_019,buyer_1194,0,9,purchase_102994,03.05.2026 08:49, luxury ,0,refund_req_302994,"1.665,08",APPROVE,item_not_as_described
"27,71",agent_005,buyer_0123,0,,purchase_100813,10.06.2026 16:48,clothing,1,refund_req_300813,"19,07",approve,changed_mind
"607,06",agent_005,buyer_1032,0,58,purchase_100175,06.06.2026 15:32,electronics,0,refund_req_300175,"483,01",reject,missing_accessory
"260,55",agent_003,buyer_0080,0,48,purchase_102091,16.05.2026 06:46,sports,1,refund_req_302091,"128,72",reject,wrong_size
"1.031,78",agent_004,buyer_9003,0,56,purchase_104284,28.04.2026 11:34,electronics,0,refund_req_304284,"630,79",approve,item_not_as_described
"273,50",agent_003,buyer_1676,0,72,purchase_102505,21.06.2026 01:33,electronics,1,refund_req_302505,"67,22",approve,missing_accessory
"1.897,57",agent_029,buyer_1066,0,61,purchase_102460,10.06.2026 14:58,luxury,0,refund_req_302460,"1.598,93",approve,changed_mind
"1.308,83",agent_030,buyer_0111,0,40,purchase_101450,27.05.2026 10:54,luxury,1,refund_req_301450,"399,55",approve,item_not_as_described
"1.230,55",agent_901,buyer_9903,1,6,purchase_104846,10.04.2026 05:52,appliances,0,refund_req_304846,"1.150,30",approve,not_working
"572,12",agent_025,buyer_0477,0,74,purchase_100360,02.04.2026 03:43,luxury,1,refund_req_300360,"336,92",approve,item_not_as_described
"353,27",agent_010,buyer_0050,0,47,purchase_100963,05.05.2026 10:53,sports,1,refund_req_300963,"127,44",approve,damaged_item
"1.462,79",agent_102,buyer_0197,0,1,purchase_103622,30.04.2026 05:54,electronics,1,refund_req_303622,"942,03",approve,damaged_item
"349,90",agent_006,buyer_9002,0,28,purchase_104299,26.05.2026 22:11,sports,0,refund_req_304299,"191,25",approve,damaged_item
"26,25",agent_029,buyer_1520,0,49,purchase_101603,25.04.2026 14:39,books,1,refund_req_301603,"12,84",approve,  damaged_item  
"1.129,45",agent_012,buyer_1372,0,83,purchase_100368,12.06.2026 03:53,appliances,,refund_req_300368,"605,99",approve,not_working
"514,20",agent_101,buyer_0233,0,5,purchase_103612,29.04.2026 11:05,appliances,0,refund_req_303612,"482,54",approve,  not_working  
"1.235,25",agent_015,buyer_1700,0,40,purchase_101793,05.06.2026 18:21,luxury,1,refund_req_301793,"295,30",approve,
"165,31",agent_017,buyer_1319,0,105,purchase_102172,08.04.2026 05:13,home,1,refund_req_302172,"108,17",approve,item_not_as_described
"418,18",agent_012,buyer_0310,0,42,purchase_102591,22.05.2026 17:42,home,1,refund_req_302591,"250,95",approve,damaged_item
"629,93",agent_102,buyer_1878,0,3,purchase_103784,30.05.2026 09:22,electronics,0,refund_req_303784,"577,97",approve,item_not_as_described
"398,89",agent_011,buyer_1766,0,72,purchase_101297,10.06.2026 19:37,electronics,0,refund_req_301297,"104,66",approve,damaged_item
"1.847,98",agent_901,buyer_9901,1,5,purchase_104822,17.06.2026 12:00,luxury,0,refund_req_304822,"1.750,98",approve,changed_mind
"956,36",agent_003,buyer_0920,0,35,purchase_100203,18.05.2026 07:56,appliances,0,refund_req_300203,"440,43",  approve  ,missing_part
"503,00",agent_015,buyer_1015,0,67,purchase_100663,01.04.2026 21:22,fashion,1,refund_req_300663,"389,56",approve,changed_mind
"229,01",agent_011,buyer_1257,0,65,purchase_102610,09.05.2026 16:14,appliances,1,refund_req_302610,"92,85",approve,not_working
"330,46",agent_017,buyer_0190,0,99,purchase_102775,15.06.2026 13:14,fashion,0,refund_req_302775,"152,76",reject,wrong_size
"1.497,87",agent_028,buyer_1339,0,28,purchase_103069,20.05.2026 09:34,appliances,0,refund_req_303069,"934,52",approve,missing_part
"1.139,19",agent_007,buyer_0192,0,67,purchase_101104,21.05.2026 12:32,clothing,1,refund_req_301104,"877,18",approve,item_not_as_described
"1.385,52",agent_011,buyer_1424,1,,purchase_104009,10.04.2026 07:10,luxury,0,refund_req_304009,"925,80",approve,changed_mind
"292,04",agent_003,buyer_0609,0,66,purchase_100889,28.05.2026 07:41,sports,,refund_req_300889,"162,02", approve ,damaged_item
"473,41",agent_103,buyer_1723,0,5,purchase_103799,08.06.2026 00:56,home,1,refund_req_303799,"403,83",approve,damaged_item
"976,85",agent_029,buyer_1368,1,8,purchase_103820,17.04.2026 00:53,electronics,0,refund_req_303820,"816,92",approve,item_not_as_described
"42,61",agent_102,buyer_0395,0,3,purchase_103675,11.04.2026 11:02,books,1,refund_req_303675,"23,08",approve,changed_mind
"19,17",agent_024,buyer_0063,0,36,purchase_102834,27.05.2026 22:05,books,,refund_req_302834,"7,02",approve,
"1.724,23",agent_017,buyer_1880,0,41,purchase_103288,07.05.2026 16:19,luxury,1,refund_req_303288,"1.724,23",  approve  ,damaged_item
"1.118,82",agent_009,buyer_0634,0,66,purchase_100883,07.05.2026 11:45,appliances,1,refund_req_300883,"734,16",reject,damaged_item
"122,49",agent_012,buyer_9003,1,50,purchase_104220,12.06.2026 15:31,home,1,refund_req_304220,"110,91",approve,
"229,65",agent_701,buyer_0928,1,17,purchase_104467,14.04.2026 22:49,home,1,refund_req_304467,"212,70",approve,missing_part
"166,81",agent_003,buyer_1264,0,43,purchase_102526,03.06.2026 04:55, Electronics ,1,refund_req_302526,"65,34",approve,not_working
"1.155,16",agent_901,buyer_9901,1,6,purchase_104910,06.05.2026 09:23,electronics,0,refund_req_304910,"1.118,19",approve,
"449,37",agent_021,buyer_1307,0,,purchase_102005,11.04.2026 05:24,fashion,0,refund_req_302005,"251,16",reject,item_not_as_described
"1.134,47",agent_021,buyer_0221,0,58,purchase_103461,07.04.2026 03:17,fashion,0,refund_req_303461,"1.134,47",approve,changed_mind
"1.801,16",agent_028,buyer_1015,0,55,purchase_103389,22.05.2026 08:04,electronics,1,refund_req_303389,"1.801,16",approve,item_not_as_described
"1.491,61",agent_017,buyer_1558,0,14,purchase_103343,23.04.2026 03:12,electronics,1,refund_req_303343,"1.491,61",approve,missing_accessory
"1.133,97",agent_028,buyer_0217,0,45,purchase_100102,11.04.2026 01:25,appliances,1,refund_req_300102,"613,00",approve,damaged_item
"2.668,58",agent_016,buyer_0356,0,59,purchase_100986,23.04.2026 12:29,luxury,1,refund_req_300986,"1.835,67",REJECT,item_not_as_described
"807,73",agent_011,buyer_0556,0,61,purchase_102470,21.04.2026 12:57,appliances,1,refund_req_302470,"430,35",approve,not_working
"276,44",agent_101,buyer_1170,0,3,purchase_103671,26.05.2026 20:15,fashion,0,refund_req_303671,"204,39",approve,wrong_size
"1.828,73",agent_023,buyer_0676,0,124,purchase_102211,13.04.2026 13:54,electronics,1,refund_req_302211,"1.007,46",reject,item_not_as_described
"1.054,15",agent_703,buyer_1299,1,8,purchase_104553,14.04.2026 12:31,home,1,refund_req_304553,"707,35",approve,damaged_item
"157,26",agent_018,buyer_0716,0,65,purchase_102362,05.04.2026 12:11,clothing,1,refund_req_302362,"133,13",approve,changed_mind
"51,22",agent_003,buyer_0128,0,66,purchase_100636,21.05.2026 17:00,clothing,1,refund_req_300636,"17,39",approve,changed_mind
"2.610,44",agent_703,buyer_0646,0,14,purchase_104523,06.05.2026 20:37,luxury,1,refund_req_304523,"2.030,99",approve,damaged_item
"1.210,29",agent_001,buyer_0915,0,39,purchase_101012,12.04.2026 02:15,appliances,1,refund_req_301012,"710,75",approve,missing_part
"1.089,17",agent_006,buyer_1365,0,19,purchase_103489,30.04.2026 07:38,fashion,1,refund_req_303489,"1.089,17",approve,  changed_mind  
"1.154,32",agent_004,buyer_0255,0,36,purchase_100860,30.05.2026 17:42,appliances,1,refund_req_300860,"674,42",approve,not_working
"1.567,73",agent_019,buyer_9004,0,53,purchase_104293,29.04.2026 16:08,electronics,1,refund_req_304293,"1.188,64",approve,not_working
"1.082,40",agent_012,buyer_0517,0,20,purchase_103447,15.04.2026 06:28,fashion,1,refund_req_303447,"1.082,40",approve,changed_mind
"90,70",agent_101,buyer_1444,0,4,purchase_103720,11.05.2026 14:14,clothing,1,refund_req_303720,"65,45",Approve,wrong_size
"150,17",agent_015,buyer_1376,0,111,purchase_100572,30.05.2026 17:08,  fashion  ,0,refund_req_300572,"31,85",approve,
"2.155,20",agent_010,buyer_1613,1,10,purchase_104006,06.05.2026 22:31,electronics,0,refund_req_304006,"1.998,89",approve,item_not_as_described
"1.106,31",agent_801,buyer_8001,0,12,purchase_104576,02.06.2026 01:09,beauty,0,refund_req_304576,"1.016,19",approve,damaged_item
"1.424,85",agent_023,buyer_1695,1,13,purchase_104007,02.05.2026 13:57,luxury,0,refund_req_304007,"1.084,09",approve,changed_mind
"1.015,28",agent_002,buyer_1002,0,85,purchase_102367,14.04.2026 14:37,appliances,0,refund_req_302367,"555,45",Approve,not_working
"1.329,56",agent_022,buyer_1595,1,27,purchase_103901,14.04.2026 15:11,appliances,0,refund_req_303901,"1.144,36",approve,not_working
"172,30",agent_803,buyer_8003,0,8,purchase_104737,20.04.2026 13:54,beauty,0,refund_req_304737,"123,22",approve,allergic_reaction
"1.692,38",agent_005,buyer_0464,0,104,purchase_102653,10.04.2026 11:10,  luxury  ,,refund_req_302653,"1.159,54",approve,item_not_as_described
"1.465,56",agent_025,buyer_0320,0,33,purchase_100719,10.06.2026 13:59,appliances,0,refund_req_300719,"311,98",approve,damaged_item
"1.157,38",agent_701,buyer_1433,0,31,purchase_104344,19.05.2026 03:35,sports,1,refund_req_304344,"683,08",approve,item_not_as_described
"1.458,02",agent_103,buyer_1107,0,16,purchase_103026,06.04.2026 18:31,electronics,0,refund_req_303026,"1.047,87",approve,not_working
"1.557,68",agent_102,buyer_1286,0,,purchase_103048,05.06.2026 00:02,electronics,0,refund_req_303048,"1.415,67",approve,not_working
"1.408,90",agent_901,buyer_9901,1,8,purchase_104952,19.05.2026 21:29,  luxury  ,0,refund_req_304952,"1.369,20",approve,
"1.523,18",agent_025,buyer_9007,1,49,purchase_104192,19.05.2026 15:06,luxury,0,refund_req_304192,"919,88",approve,changed_mind
"2.026,55",agent_016,buyer_1774,1,17,purchase_104037,04.04.2026 04:30,electronics,1,refund_req_304037,"1.751,67",approve,damaged_item
"2.174,79",agent_014,buyer_0801,0,11,purchase_103486,21.04.2026 10:11,ELECTRONICS,0,refund_req_303486,"2.174,79",approve,damaged_item
"1.981,17",agent_023,buyer_0991,0,40,purchase_103463,09.05.2026 07:37,luxury,1,refund_req_303463,"1.981,17",Approve, item_not_as_described 
"99,41",agent_016,buyer_0651,0,87,purchase_100536,20.05.2026 20:43,beauty,0,refund_req_300536,"23,50", reject ,changed_mind
"1.509,38",agent_901,buyer_9901,1,4,purchase_104926,08.06.2026 05:20,electronics,0,refund_req_304926,"1.573,00", approve ,damaged_item
"1.263,71",agent_901,buyer_9902,1,4,purchase_104828,10.06.2026 00:36,electronics,0,refund_req_304828,"1.197,65",approve,
"1.377,71",agent_022,buyer_1541,1,22,purchase_103956,20.04.2026 00:00,LUXURY,1,refund_req_303956,"1.130,77",approve,changed_mind
"471,17",agent_014,buyer_1008,0,57,purchase_102859,13.05.2026 19:11,fashion,0,refund_req_302859,"397,24",reject,wrong_size
"2.128,72",agent_024,buyer_1196,0,36,purchase_102298,18.05.2026 12:32,luxury,0,refund_req_302298,"1.613,62",REJECT,item_not_as_described
"1.480,44",agent_008,buyer_9008,0,44,purchase_104177,06.05.2026 13:34,appliances,0,refund_req_304177,"1.373,48",approve,damaged_item
"27,03",agent_006,buyer_0436,0,59,purchase_102105,14.05.2026 16:25,sports,,refund_req_302105,"5,97",approve,damaged_item
"546,68",agent_003,buyer_0170,0,63,purchase_101213,05.04.2026 19:01,fashion,1,refund_req_301213,"333,66",APPROVE,changed_mind
"456,50",agent_002,buyer_0236,0,46,purchase_101443,17.04.2026 05:04,home,,refund_req_301443,"117,78",approve,damaged_item
"25,37",agent_010,buyer_1960,0,83,purchase_100180,17.06.2026 14:58,books,0,refund_req_300180,"8,21",reject,damaged_item
"35,02",agent_028,buyer_1078,0,73,purchase_102498,10.06.2026 23:28,books,1,refund_req_302498,"22,06",reject,damaged_item
"414,64",agent_005,buyer_1202,0,90,purchase_100260,15.06.2026 11:26,electronics,1,refund_req_300260,"112,82",approve,
"89,67",agent_007,buyer_1563,0,77,purchase_100144,29.05.2026 16:13,books,0,refund_req_300144,"45,14",reject,wrong_item_received
"1.620,27",agent_002,buyer_1919,0,49,purchase_100640,06.04.2026 22:15,appliances,0,refund_req_300640,"551,10",reject,not_working
"312,96",agent_030,buyer_1095,0,41,purchase_100739,14.05.2026 20:52,home,1,refund_req_300739,"224,42",approve,item_not_as_described
"1.451,72",agent_901,buyer_9902,1,7,purchase_104824,09.05.2026 10:36,appliances,0,refund_req_304824,"1.438,83",approve,not_working
"1.729,06",agent_028,buyer_0072,0,36,purchase_101354,31.05.2026 01:05,appliances,1,refund_req_301354,"1.377,69",approve,damaged_item
"175,64",agent_001,buyer_9001,1,51,purchase_104202,07.05.2026 08:20,beauty,0,refund_req_304202,"172,96",approve,damaged_item
"2.157,69",agent_001,buyer_403,0,39,purchase_1014,03.06.2026 10:25,luxury,1,refund_req_3014,"2.157,69",approve,changed_mind
"443,29",agent_011,buyer_0390,0,74,purchase_100952,19.05.2026 15:30,fashion,,refund_req_300952,"341,52",approve,wrong_size
"37,60",agent_024,buyer_1714,0,69,purchase_102798,10.06.2026 22:20,home,1,refund_req_302798,"31,14",approve,item_not_as_described
"382,37",agent_008,buyer_0699,0,44,purchase_101047,06.06.2026 00:03,fashion,0,refund_req_301047,"153,22",approve,wrong_size
"938,60",agent_028,buyer_0848,0,27,purchase_103237,03.04.2026 00:38,appliances,0,refund_req_303237,"644,69",approve,not_working
"43,14",agent_017,buyer_1710,0,56,purchase_102464,04.04.2026 07:06,books,1,refund_req_302464,"29,89",approve,changed_mind
"144,49",agent_027,buyer_1241,0,54,purchase_100965,14.06.2026 00:05,beauty,1,refund_req_300965,"68,83",approve,
"1.185,23",agent_021,buyer_1429,0,101,purchase_101245,25.05.2026 11:03,beauty,1,refund_req_301245,"253,90",approve,allergic_reaction
"1.663,23",agent_018,buyer_0905,0,25,purchase_103268,22.05.2026 10:53,ELECTRONICS,1,refund_req_303268,"1.663,23",approve,item_not_as_described
"190,75",agent_003,buyer_0076,0,38,purchase_100631,06.06.2026 02:50,sports,0,refund_req_300631,"127,28",reject,item_not_as_described
"54,72",agent_003,buyer_1956,0,41,purchase_101112,21.05.2026 15:20,books,1,refund_req_301112,"44,64",approve, damaged_item 
"2.508,16",agent_020,buyer_0586,0,37,purchase_103166,03.05.2026 03:59,luxury,0,refund_req_303166,"1.756,12",approve,changed_mind
"455,33",agent_010,buyer_0859,1,56,purchase_100629,08.06.2026 04:50,fashion,0,refund_req_300629,"254,92",approve,changed_mind
"1.074,05",agent_027,buyer_9005,0,66,purchase_104126,02.05.2026 17:42,beauty,0,refund_req_304126,"569,91",approve,changed_mind
"313,96",agent_801,buyer_8001,1,9,purchase_104630,17.06.2026 22:49,fashion,0,refund_req_304630,"293,46",approve,wrong_size
"1.146,04",agent_005,buyer_401,1,61,purchase_1012,03.06.2026 09:32,appliances,1,refund_req_3012,"1.146,04",approve,damaged_item
"402,26",agent_008,buyer_0560,0,79,purchase_102693,24.05.2026 07:21,  fashion  ,1,refund_req_302693,"256,26",approve,changed_mind
"78,76",agent_013,buyer_1494,0,93,purchase_101436,18.06.2026 07:24,books,0,refund_req_301436,"43,81",approve,damaged_item
"159,88",agent_026,buyer_0262,0,73,purchase_102905,07.05.2026 07:24,home,1,refund_req_302905,"77,75",approve,damaged_item
"135,17",agent_025,buyer_1983,0,61,purchase_102805,25.04.2026 14:22,electronics,0,refund_req_302805,"47,20",approve, missing_accessory 
"1.719,26",agent_026,buyer_0487,0,40,purchase_103399,29.04.2026 11:11,appliances,1,refund_req_303399,"1.719,26",approve,
"277,64",agent_027,buyer_0340,0,83,purchase_100457,05.04.2026 17:16,fashion,0,refund_req_300457,"162,94",reject,item_not_as_described
"69,74",agent_017,buyer_0067,0,36,purchase_100521,19.06.2026 19:27,books,1,refund_req_300521,"45,59",approve,wrong_item_received
"1.665,42",agent_003,buyer_1563,0,36,purchase_103189,04.06.2026 16:55,appliances,0,refund_req_303189,"1.359,76",approve,damaged_item
"2.410,27",agent_029,buyer_1992,0,,purchase_103306,08.06.2026 12:59,luxury,0,refund_req_303306,"2.410,27",approve,changed_mind
"100,11",agent_018,buyer_9008,0,24,purchase_104313,08.06.2026 08:15,SPORTS,0,refund_req_304313,"64,09",approve,wrong_size
"1.129,34",agent_703,buyer_0179,0,15,purchase_104445,07.04.2026 22:01,home,1,refund_req_304445,"846,75",approve,item_not_as_described
"2.706,30",agent_009,buyer_1182,0,88,purchase_101265,07.05.2026 04:16,luxury,0,refund_req_301265,"1.973,83",approve,
"121,83",agent_018,buyer_0513,0,50,purchase_102598,10.04.2026 16:17,clothing,,refund_req_302598,"64,89",approve,changed_mind
"204,51",agent_015,buyer_0899,0,100,purchase_102836,24.04.2026 20:37,home,1,refund_req_302836,"142,95",approve,missing_part
"2.459,08",agent_006,buyer_0170,0,67,purchase_100215,13.06.2026 00:54,luxury,1,refund_req_300215,"844,31",approve,changed_mind
"2.450,53",agent_019,buyer_9002,0,,purchase_104099,10.06.2026 20:53,luxury,0,refund_req_304099,"2.298,94",approve,damaged_item
"1.471,59",agent_001,buyer_0022,0,65,purchase_102629,06.05.2026 13:26,luxury,1,refund_req_302629,"448,97",APPROVE,changed_mind
"1.756,97",agent_901,buyer_9903,1,2,purchase_104810,20.06.2026 14:48,electronics,0,refund_req_304810,"1.546,33",approve,missing_accessory
"155,48",agent_021,buyer_0265,0,71,purchase_102622,15.05.2026 02:06,beauty,0,refund_req_302622,"76,87",approve,allergic_reaction
"162,47",agent_006,buyer_0999,0,87,purchase_101477,30.05.2026 03:49,beauty,1,refund_req_301477,"105,46",approve,damaged_item
"131,87",agent_025,buyer_1893,0,43,purchase_102428,27.04.2026 05:29,beauty,,refund_req_302428,"65,90",approve,damaged_item
"48,41",agent_018,buyer_1092,0,66,purchase_100432,23.05.2026 18:21,clothing,0,refund_req_300432,"19,68",reject,changed_mind
"541,44",agent_024,buyer_1922,0,39,purchase_100409,09.05.2026 10:39,fashion,1,refund_req_300409,"387,81",Approve,item_not_as_described
"148,19",agent_103,buyer_1770,0,,purchase_103803,07.06.2026 18:32,beauty,1,refund_req_303803,"100,17",approve,changed_mind
