decision_time,purchase_amount,manual_override,client_id,refund_amount,proof_provided,refund_request_id,support_user_id,approval_status,decision_time_minutes,purchase_id,product_category,return_reason
04/25/2026 08:30,$515.16,N,buyer_0211,$305.41,N,refund_req_303803,agent_101,Approved,,purchase_103803,FASHION,item_not_as_described
05/08/2026 01:35,$68.17,N,buyer_0594,$33.21,N,refund_req_300028,agent_014,Rejected,46,purchase_100028,BEAUTY,changed_mind
05/12/2026 06:44,$589.50,N,buyer_0098,$384.71,N,refund_req_300684,agent_009,Approved,44,purchase_100684,HOME,item_not_as_described
04/04/2026 21:04,$415.07,N,buyer_9002,$256.42,N,refund_req_304338,agent_025,Approved,13,purchase_104338,FASHION,item_not_as_described
04/26/2026 14:45,$54.18,N,buyer_0031,$26.35,N,refund_req_300651,agent_012,Approved,38,purchase_100651,CLOTHING,changed_mind
04/23/2026 20:23,$271.36,N,buyer_0116,$195.34,Y,refund_req_303792,agent_101,Approved,2,purchase_103792,HOME,missing_part
04/15/2026 14:28,$282.79,Y,buyer_0276,$210.84,Y,refund_req_300745,agent_018,Approved,52,purchase_100745,HOME,missing_part
06/04/2026 11:56,"$2,128.79",Y,buyer_0216,"$2,128.79",N,refund_req_303395,agent_103,Approved,47,purchase_103395,Electronics,not_working
04/11/2026 14:16,$939.80,Y,buyer_9904,$900.93,N,refund_req_304876,agent_902, Approved ,8,purchase_104876,APPLIANCES,
04/12/2026 19:45,$274.33,N,buyer_0547,$179.85,N,refund_req_302317,agent_029,Rejected,57,purchase_102317,SPORTS, wrong_size 
04/25/2026 19:08,"$1,102.19",N,buyer_0163,$739.63,N,refund_req_303177,agent_026,Approved,38,purchase_103177,APPLIANCES,missing_part
06/18/2026 09:07,$545.78,N,buyer_0399,$231.66,N,refund_req_302607,agent_028,Rejected,25,purchase_102607,HOME,
05/19/2026 09:52,"$1,734.52",Y,buyer_0056,"$1,151.57",Y,refund_req_304048,agent_001,Approved,19,purchase_104048,ELECTRONICS,  item_not_as_described  
04/08/2026 19:51,$211.10,N,buyer_0055,$123.32,N,refund_req_301070,agent_019,Approved,78,purchase_101070,SPORTS,wrong_size
06/11/2026 09:03,"$1,694.24",Y,buyer_0391,"$1,653.67",Y,refund_req_303877,agent_016,Approved,14,purchase_103877,electronics,not_working
04/07/2026 18:44,$165.74,N,buyer_0434,$90.04,N,refund_req_304364,agent_701,Approved,8,purchase_104364,CLOTHING,wrong_size
04/30/2026 16:09,$912.11,Y,buyer_9906,$779.16,N,refund_req_304894,agent_902,Approved,2,purchase_104894,LUXURY,item_not_as_described
04/23/2026 18:47,$996.74,N,buyer_0013,$593.38,Y,refund_req_303756,agent_101,Approved,4,purchase_103756,ELECTRONICS,missing_accessory
04/22/2026 21:12,"$1,262.10",N,buyer_0391,$570.84,,refund_req_304500,agent_702,Approved,7,purchase_104500,Beauty,changed_mind
04/18/2026 16:00,$940.28,N,buyer_8003,$870.10,Y,refund_req_304609,agent_803, Approved ,17,purchase_104609,beauty,changed_mind
06/02/2026 14:45,"$1,194.30",N,buyer_0524,$718.01,Y,refund_req_304532,agent_701,Approved,34,purchase_104532,SPORTS,wrong_size
04/06/2026 23:13,$71.53,N,buyer_0205,$19.63,Y,refund_req_301835,agent_001,Approved,47,purchase_101835,BOOKS,wrong_item_received
06/15/2026 17:13,"$1,138.27",N,buyer_0577,$295.36,Y,refund_req_301422,agent_013,Approved,94,purchase_101422,BEAUTY,allergic_reaction
05/21/2026 14:19,"$2,859.63",N,buyer_0143,"$2,418.09",N,refund_req_303174,agent_012,Approved,8,purchase_103174,LUXURY,damaged_item
05/10/2026 01:50,"$1,349.80",Y,buyer_0206,$939.01,N,refund_req_303955,agent_019, Approved ,19,purchase_103955,APPLIANCES, not_working 
05/20/2026 06:09,$82.58,N,buyer_0010,$47.11,Y,refund_req_301843,agent_008,Approved,63,purchase_101843,BOOKS,changed_mind
06/09/2026 23:46,"$1,807.76",N,buyer_0411,$895.99,Y,refund_req_300059,agent_010,Approved,39,purchase_100059,LUXURY,changed_mind
05/26/2026 20:11,$261.80,N,buyer_0160,$144.90,N,refund_req_303562,agent_101,Approved,3,purchase_103562,ELECTRONICS,item_not_as_described
04/16/2026 13:40,"$1,524.82",N,buyer_0069,"$1,208.00",N,refund_req_303229,agent_101,Approved,45,purchase_103229,APPLIANCES,missing_part
06/04/2026 00:16,"$1,090.57",N,buyer_0232,"$1,090.57",Y,refund_req_303295,agent_021,Approved,33,purchase_103295,APPLIANCES,missing_part
06/16/2026 17:33,$161.99,N,buyer_0009,$87.27,N,refund_req_303573,agent_102,Approved,2,purchase_103573,ELECTRONICS,item_not_as_described
04/21/2026 23:24,"$1,376.55",N,buyer_0108,"$1,376.55",N,refund_req_303414,agent_102,Approved,40,purchase_103414,APPLIANCES,missing_part
06/17/2026 21:51,"$1,095.56",N,buyer_0570,$894.16,Y,refund_req_302404,agent_023,Approved,106,purchase_102404,CLOTHING,wrong_size
04/02/2026 14:01,$147.67,N,buyer_0103,$82.84,Y,refund_req_300366,agent_027,Rejected,89,purchase_100366,BEAUTY, changed_mind 
04/14/2026 22:20,"$1,248.27",N,buyer_0479,"$1,248.27",N,refund_req_303555,agent_102, Approved ,41,purchase_103555,FASHION,item_not_as_described
06/10/2026 08:39,"$1,435.53",N,buyer_0483,"$1,008.64",N,refund_req_301993,agent_002, Rejected ,102,purchase_101993, APPLIANCES ,missing_part
06/15/2026 03:33,$244.60,N,buyer_0144,$50.01,Y,refund_req_300159,agent_006,Approved,57,purchase_100159,CLOTHING,changed_mind
04/22/2026 07:49,"$1,897.61",N,buyer_8002,"$1,670.81",N,refund_req_304650,agent_802,Approved,6,purchase_104650,ELECTRONICS,item_not_as_described
05/17/2026 13:19,"$1,583.15",N,buyer_0490,"$1,583.15",Y,refund_req_303476,agent_028,Approved,,purchase_103476,APPLIANCES,not_working
05/14/2026 05:33,"$2,945.56",N,buyer_0351,"$2,217.67",N,refund_req_301218,agent_026,Rejected,84,purchase_101218,LUXURY,
04/11/2026 01:28,$175.69,N,buyer_8003,$170.85,N,refund_req_304753,agent_803,Approved,20,purchase_104753,BEAUTY,changed_mind
04/07/2026 22:08,"$1,766.84",Y,buyer_0180,"$1,200.38",N,refund_req_303892,agent_026,Approved,27,purchase_103892,APPLIANCES,missing_part
05/29/2026 11:57,"$2,378.64",N,buyer_0009,$821.69,N,refund_req_302080,agent_005,Rejected,100,purchase_102080,LUXURY,changed_mind
06/01/2026 15:10,$14.31,N,buyer_0163,$9.41,Y,refund_req_301767,agent_009,Approved,45,purchase_101767,BOOKS,
06/12/2026 15:38,$35.20,N,buyer_0422,$22.03,N,refund_req_300299,agent_029,Approved,59,purchase_100299,CLOTHING,item_not_as_described
05/24/2026 16:46,$154.54,N,buyer_0598,$87.93,Y,refund_req_302429,agent_015,Rejected,105,purchase_102429,BEAUTY,allergic_reaction
04/29/2026 19:25,"$1,103.80",N,buyer_0117,"$1,037.65",N,refund_req_303253,agent_018,Approved,25,purchase_103253,ELECTRONICS,item_not_as_described
04/12/2026 04:28,$265.89,N,buyer_0585,$180.31,N,refund_req_302217,agent_028,Rejected,33,purchase_102217,ELECTRONICS,missing_accessory
04/30/2026 20:57,$17.51,N,buyer_0271,$5.41,,refund_req_300468,agent_002,Approved,109,purchase_100468, BOOKS ,changed_mind
04/26/2026 03:02,"$1,281.56",N,buyer_0260,"$1,054.92",Y,refund_req_303564,agent_102,Approved,3,purchase_103564,APPLIANCES,not_working
05/04/2026 20:31,"$1,183.44",N,buyer_0283,$675.67,Y,refund_req_300400,agent_025,Approved,,purchase_100400,ELECTRONICS,item_not_as_described
04/07/2026 17:07,$320.15,N,buyer_0434,$160.45,,refund_req_301423,agent_020,Rejected,101,purchase_101423,HOME,
06/18/2026 17:18,$83.02,N,buyer_0078,$44.84,Y,refund_req_302528,agent_005,Approved,80,purchase_102528,BOOKS,  wrong_item_received  
05/19/2026 15:30,$443.29,N,buyer_0195,$341.52,Y,refund_req_300916,agent_011, Approved ,74,purchase_100916,  FASHION  ,wrong_size
04/20/2026 08:48,"$1,318.30",N,buyer_0365,$347.10,N,refund_req_300788,agent_024,APPROVED,84,purchase_100788,APPLIANCES,
05/15/2026 06:59,"$1,073.96",Y,buyer_0349,$588.99,Y,refund_req_302706,agent_017,Approved,93,purchase_102706,APPLIANCES,not_working
05/27/2026 11:54,$34.59,N,buyer_0027,$21.50,Y,refund_req_302547,agent_012,Approved,42,purchase_102547,BOOKS,
05/09/2026 04:09,$141.57,N,buyer_0136,$68.95,Y,refund_req_302137,agent_009,Approved,64,purchase_102137,BEAUTY,allergic_reaction
06/06/2026 14:53,$384.00,N,buyer_0108,$147.36,N,refund_req_300292,agent_014,Rejected,57,purchase_100292,HOME,item_not_as_described
05/02/2026 09:25,"$1,634.34",N,buyer_0174,$702.54,Y,refund_req_301455,agent_022,Approved,69,purchase_101455,APPLIANCES,not_working
04/26/2026 09:14,$773.88,N,buyer_0357,$656.34,Y,refund_req_301200,agent_009,Approved,89,purchase_101200,APPLIANCES,missing_part
04/26/2026 02:31,$66.92,N,buyer_8002,$55.74,N,refund_req_304638,agent_802, Approved ,29,purchase_104638,SPORTS, item_not_as_described 
04/22/2026 18:26,$73.17,N,buyer_0233,$42.15,N,refund_req_304410,agent_702, Approved ,37,purchase_104410,CLOTHING,wrong_size
04/02/2026 15:20,"$1,232.32",N,buyer_0059,"$1,232.32",N,refund_req_303511,agent_013,Approved,39,purchase_103511,ELECTRONICS,damaged_item
04/18/2026 23:13,$46.46,N,buyer_0407,$16.51,N,refund_req_300335,agent_003,Rejected,65,purchase_100335,FASHION,item_not_as_described
05/24/2026 11:23,$130.67,N,buyer_0179,$127.17,Y,refund_req_303834,agent_103,Approved,5,purchase_103834,FASHION,wrong_size
05/22/2026 14:57,"$1,132.13",N,buyer_0244,$467.41,N,refund_req_304579,agent_703,APPROVED,18,purchase_104579,CLOTHING, changed_mind 
06/20/2026 16:35,$945.40,N,buyer_0370,$305.21,N,refund_req_302584,agent_014,Rejected,74,purchase_102584,CLOTHING,wrong_size
06/02/2026 13:27,$387.60,N,buyer_0008,$92.38,N,refund_req_301374,agent_029,Rejected,39,purchase_101374,home,item_not_as_described
06/08/2026 12:08,$576.62,N,buyer_0081,$487.25,N,refund_req_300900,agent_013,Approved,84,purchase_100900,HOME,item_not_as_described
06/10/2026 15:51,"$1,200.46",Y,buyer_0100,"$1,200.46",N,refund_req_303292,agent_009,Approved,10,purchase_103292,FASHION,  wrong_size  
04/25/2026 22:01,"$2,963.72",N,buyer_0356,"$1,515.21",N,refund_req_302707,agent_007,Rejected,58,purchase_102707,LUXURY,damaged_item
06/07/2026 14:18,$116.34,N,buyer_0421,$58.06,N,refund_req_301294,agent_008,Approved,78,purchase_101294,BEAUTY,changed_mind
05/07/2026 10:14,"$1,052.31",N,buyer_0331,$863.28,Y,refund_req_302955,agent_005,  Approved  ,107,purchase_102955,APPLIANCES,damaged_item
05/07/2026 07:47,"$1,141.36",N,buyer_0011,$729.22,Y,refund_req_301170,agent_004,Approved,,purchase_101170,APPLIANCES,not_working
04/25/2026 20:13,$43.87,N,buyer_0566,$13.19,Y,refund_req_302019,agent_005,Approved,107,purchase_102019,BEAUTY,damaged_item
05/04/2026 18:01,"$1,212.51",N,buyer_9003,$976.51,N,refund_req_304259,agent_025,Approved,31,purchase_104259,LUXURY,changed_mind
06/17/2026 00:29,$112.66,N,buyer_0467,$60.58,Y,refund_req_304401,agent_702,Approved,10,purchase_104401,HOME,damaged_item
05/29/2026 16:02,$188.51,N,buyer_0600,$87.23,Y,refund_req_302412,agent_020,Approved,101,purchase_102412,SPORTS,item_not_as_described
04/25/2026 21:28,$85.78,Y,buyer_8003,$82.93,N,refund_req_304771,agent_803,Approved,16,purchase_104771,SPORTS,item_not_as_described
05/03/2026 10:24,"$1,415.67",N,buyer_9001,$800.38,Y,refund_req_304265,agent_019,Approved,42,purchase_104265,APPLIANCES,missing_part
06/08/2026 22:06,$979.36,N,buyer_0414,$424.99,N,refund_req_304574,agent_701,  Approved  ,30,purchase_104574,APPLIANCES,damaged_item
05/09/2026 00:07,$313.62,N,buyer_0511,$239.18,,refund_req_303673,agent_102,Approved,1,purchase_103673, SPORTS ,item_not_as_described
04/09/2026 10:16,$394.37,N,buyer_0111,$307.54,,refund_req_302179,agent_023, Approved ,103,purchase_102179,HOME,damaged_item
05/19/2026 08:17,"$1,763.25",N,buyer_0522,$971.85,N,refund_req_302065,agent_001,Approved,41,purchase_102065,APPLIANCES,missing_part
05/17/2026 21:45,"$1,955.27",N,buyer_0289,"$1,222.57",Y,refund_req_300141,agent_002,Approved,74,purchase_100141,ELECTRONICS,not_working
04/02/2026 01:55,"$2,196.79",N,buyer_0161,"$2,196.79",N,refund_req_303362,agent_026,Approved,35,purchase_103362,  Electronics  ,damaged_item
04/25/2026 18:39,"$2,190.09",Y,buyer_9901,"$1,992.19",N,refund_req_304925,agent_901,Approved,1,purchase_104925,ELECTRONICS,missing_accessory
06/09/2026 20:23,$542.54,Y,buyer_8002,$525.54,N,refund_req_304758,agent_802,Approved,27,purchase_104758,FASHION,wrong_size
04/25/2026 19:46,$41.26,N,buyer_0578,$19.43,Y,refund_req_301849,agent_014,Approved,52,purchase_101849, HOME ,item_not_as_described
05/25/2026 23:19,$187.80,N,buyer_0533,$109.15,N,refund_req_301371,agent_028,Rejected,52,purchase_101371,SPORTS,damaged_item
04/18/2026 23:58,"$1,269.05",N,buyer_0123,$714.19,N,refund_req_301743,agent_006,Approved,68,purchase_101743,FASHION,item_not_as_described
06/18/2026 00:00,"$1,925.75",N,buyer_0511,"$1,925.75",Y,refund_req_303475,agent_019,Approved,33,purchase_103475,LUXURY,item_not_as_described
06/06/2026 00:03,$382.37,N,buyer_0350,$153.22,N,refund_req_301009,agent_008,Approved,44,purchase_101009, FASHION ,wrong_size
05/01/2026 12:56,$40.27,N,buyer_0500,$16.66,Y,refund_req_302278,agent_009,Approved,41,purchase_102278,BOOKS,changed_mind
05/06/2026 08:10,"$1,087.88",N,buyer_0217,$828.89,N,refund_req_301482,agent_006,Rejected,84,purchase_101482,LUXURY,damaged_item
05/27/2026 09:54,$227.75,N,buyer_8001,$200.50,Y,refund_req_304757,agent_801,Approved,,purchase_104757,SPORTS,wrong_size
04/17/2026 09:00,$159.95,N,buyer_0077,$109.02,N,refund_req_303775,agent_101,Approved,2,purchase_103775,BEAUTY,changed_mind
04/10/2026 22:33,$405.78,N,buyer_0185,$124.13,Y,refund_req_300766,agent_024,Approved,44,purchase_100766,LUXURY,damaged_item
05/03/2026 09:41,$70.54,N,buyer_0095,$28.10,N,refund_req_302115,agent_016,Rejected,103,purchase_102115,BOOKS,damaged_item
05/26/2026 09:05,$213.46,N,buyer_0421,$153.43,Y,refund_req_301021,agent_021,Rejected,116,purchase_101021,CLOTHING,item_not_as_described
06/13/2026 13:03,$131.87,N,buyer_9007,$82.24,,refund_req_304311,agent_030,Approved,59,purchase_104311,CLOTHING,changed_mind
06/12/2026 22:08,$122.74,N,buyer_0571,$98.32,N,refund_req_302897,agent_015,Approved,60,purchase_102897,HOME,missing_part
04/24/2026 09:26,"$2,721.79",Y,buyer_0137,"$2,242.46",Y,refund_req_304038,agent_026,Approved,22,purchase_104038,LUXURY,item_not_as_described
05/10/2026 06:02,$328.28,N,buyer_0426,$192.60,N,refund_req_304522,agent_703,Approved,18,purchase_104522,SPORTS,item_not_as_described
05/11/2026 04:00,"$1,445.40",Y,buyer_0132,"$1,089.92",Y,refund_req_304075,agent_026,APPROVED,34,purchase_104075,APPLIANCES,not_working
06/16/2026 00:42,$66.63,N,buyer_0232,$55.75,N,refund_req_300733,agent_005,Approved,79,purchase_100733,SPORTS,wrong_size
05/20/2026 17:24,$18.83,Y,buyer_8002,$15.78,N,refund_req_304641,agent_802,Approved,14,purchase_104641,BEAUTY,allergic_reaction
05/04/2026 12:28,"$1,122.67",N,buyer_0521,"$1,113.85",N,refund_req_303676,agent_103,Approved,4,purchase_103676,LUXURY,item_not_as_described
04/17/2026 03:53,"$1,265.03",N,buyer_9003,$717.66,Y,refund_req_304283,agent_103,Approved,44,purchase_104283,CLOTHING,wrong_size
06/16/2026 13:58,$909.51,N,buyer_0549,$609.95,Y,refund_req_302121,agent_028,Approved,28,purchase_102121,BOOKS,damaged_item
06/10/2026 11:10,$581.34,Y,buyer_0277,$279.12,Y,refund_req_300190,agent_012,Approved,59,purchase_100190,LUXURY,item_not_as_described
05/29/2026 05:57,"$1,497.26",N,buyer_0015,$801.29,Y,refund_req_304477,agent_703,Approved,8,purchase_104477,ELECTRONICS,item_not_as_described
04/11/2026 12:45,$77.38,N,buyer_0076,$38.60,Y,refund_req_302421,agent_014,Approved,73,purchase_102421,BOOKS,changed_mind
05/31/2026 16:38,"$2,446.44",N,buyer_0301,"$1,897.86",Y,refund_req_300122,agent_002,Approved,110,purchase_100122,LUXURY,changed_mind
06/10/2026 08:14,$728.49,N,buyer_0038,$543.06,N,refund_req_303772,agent_102,  Approved  ,5,purchase_103772,LUXURY,damaged_item
05/25/2026 23:24,$117.17,N,buyer_0516,$85.67,N,refund_req_302064,agent_010,Rejected,52,purchase_102064,FASHION,wrong_size
05/09/2026 13:01,"$1,565.09",Y,buyer_0248,"$1,152.20",N,refund_req_304040,agent_007,Approved,9,purchase_104040,APPLIANCES,
04/26/2026 16:39,$32.55,N,buyer_9002,$20.06,N,refund_req_304130,agent_019,Approved,64,purchase_104130,SPORTS,item_not_as_described
04/14/2026 22:57,"$1,379.01",N,buyer_0196,$293.10,N,refund_req_302284,agent_001,Approved,30,purchase_102284,LUXURY,item_not_as_described
05/03/2026 11:40,"$2,664.73",N,buyer_9003,"$2,147.98",Y,refund_req_304203,agent_004,Approved,45,purchase_104203,LUXURY,damaged_item
05/28/2026 19:55,$505.50,N,buyer_0128,$190.73,Y,refund_req_300114,agent_028,Rejected,52,purchase_100114,FASHION,changed_mind
04/02/2026 16:20,$51.61,N,buyer_0028,$13.90,Y,refund_req_301307,agent_007,Rejected,78,purchase_101307,HOME,damaged_item
06/19/2026 21:00,$856.95,Y,buyer_0241,$509.15,N,refund_req_300571,agent_011,Approved,69,purchase_100571,ELECTRONICS,not_working
04/08/2026 18:55,$299.70,N,buyer_0424,$264.15,Y,refund_req_303667,agent_103,Approved,3,purchase_103667,SPORTS,
05/13/2026 12:07,"$1,035.95",N,buyer_0424,$838.99,Y,refund_req_302972,agent_012,Approved,,purchase_102972,APPLIANCES,missing_part
05/19/2026 07:36,"$1,724.85",N,buyer_9003,"$1,354.68",N,refund_req_304163,agent_006,Approved,42,purchase_104163,LUXURY,changed_mind
05/14/2026 08:31,$917.91,Y,buyer_9901,$828.19,N,refund_req_304857,agent_901,Approved,5,purchase_104857,APPLIANCES,not_working
06/02/2026 23:44,$40.53,N,buyer_0409,$8.39,N,refund_req_300676,agent_024,Approved,64,purchase_100676,BOOKS,damaged_item
04/02/2026 22:56,$647.57,N,buyer_0023,$326.69,N,refund_req_301592,agent_008,Approved,47,purchase_101592,ELECTRONICS,item_not_as_described
06/17/2026 17:29,$918.09,N,buyer_0422,$597.58,N,refund_req_301923,agent_017,rejected,29,purchase_101923,BEAUTY,changed_mind
06/09/2026 04:47,"$1,058.07",N,buyer_0407,$773.52,Y,refund_req_302105,agent_015,Approved,118,purchase_102105,BEAUTY,changed_mind
05/12/2026 12:51,"$2,929.23",N,buyer_0329,"$1,655.97",Y,refund_req_301376,agent_015,Approved,31,purchase_101376,LUXURY,item_not_as_described
04/14/2026 15:42,$40.39,N,buyer_0383,$25.32,Y,refund_req_301163,agent_024,Approved,83,purchase_101163,BOOKS,changed_mind
05/09/2026 16:39,"$1,348.40",Y,buyer_9901,"$1,282.60",N,refund_req_304839,agent_901,Approved,3,purchase_104839,APPLIANCES,missing_part
05/30/2026 09:20,$241.18,N,buyer_0244,$70.55,Y,refund_req_302849,agent_016,Approved,104,purchase_102849,CLOTHING,item_not_as_described
04/09/2026 08:14,"$1,675.57",N,buyer_0182,$456.18,Y,refund_req_300992,agent_008,Approved,70,purchase_100992,LUXURY,
05/26/2026 19:07,$130.28,N,buyer_0210,$71.39,Y,refund_req_303740,agent_102,Approved,5,purchase_103740,BEAUTY,changed_mind
05/17/2026 07:47,$49.46,N,buyer_0418,$14.26,Y,refund_req_302610,agent_013,Approved,99,purchase_102610,BEAUTY,damaged_item
04/26/2026 01:18,"$2,447.40",N,buyer_0008,"$2,284.84",N,refund_req_303002,agent_027,Approved,29,purchase_103002,LUXURY,item_not_as_described
04/09/2026 09:32,$331.87,N,buyer_0520,$94.29,N,refund_req_300868,agent_019,Approved,68,purchase_100868,  HOME  ,missing_part
05/13/2026 00:44,$105.27,N,buyer_0340,$86.67,Y,refund_req_302202,agent_029,Rejected,57,purchase_102202,HOME,item_not_as_described
06/03/2026 23:50,$64.32,N,buyer_0109,$39.33,Y,refund_req_300987,agent_021,Approved,95,purchase_100987,BOOKS,changed_mind
06/11/2026 16:35,"$1,050.34",N,buyer_0499,$958.93,Y,refund_req_304530,agent_702,Approved,8,purchase_104530,BEAUTY,
04/24/2026 15:29,$154.26,N,buyer_0183,$106.30,N,refund_req_302839,agent_019,Rejected,63,purchase_102839,BEAUTY,allergic_reaction
06/20/2026 05:05,"$1,079.45",N,buyer_0346,"$1,079.45",Y,refund_req_303454,agent_101,Approved,65,purchase_103454,LUXURY,item_not_as_described
05/06/2026 09:57,"$1,180.37",N,buyer_0098,$279.93,N,refund_req_301796,agent_012,Approved,,purchase_101796,APPLIANCES,missing_part
05/29/2026 23:27,"$1,515.16",Y,buyer_9905,"$1,375.39",N,refund_req_304904,agent_902,Approved,3,purchase_104904,APPLIANCES, missing_part 
05/02/2026 15:16,$926.89,N,buyer_0260,$712.95,Y,refund_req_302223,agent_003,Approved,61,purchase_102223,HOME,missing_part
06/01/2026 18:17,$239.31,N,buyer_0062,$53.54,Y,refund_req_301731,agent_019,Rejected,79,purchase_101731,HOME,item_not_as_described
04/02/2026 04:00,$168.46,N,buyer_0344,$124.96,Y,refund_req_302705,agent_004,Approved,88,purchase_102705,CLOTHING,item_not_as_described
06/02/2026 23:31,$915.69,N,buyer_0428,$609.85,N,refund_req_303109,agent_013,Approved,30,purchase_103109,ELECTRONICS,item_not_as_described
05/11/2026 23:24,$151.17,N,buyer_0501,$109.43,Y,refund_req_302294,agent_019,Approved,68,purchase_102294,CLOTHING,item_not_as_described
04/16/2026 08:59,$110.75,N,buyer_0076,$65.93,Y,refund_req_301525,agent_014,Rejected,54,purchase_101525,CLOTHING,
05/01/2026 17:39,$304.77,N,buyer_0102,$219.33,Y,refund_req_301268,agent_023,Rejected,51,purchase_101268,SPORTS,item_not_as_described
04/27/2026 13:26,$988.09,N,buyer_0249,$630.83,N,refund_req_302530,agent_002,Rejected,62,purchase_102530,HOME,missing_part
04/16/2026 20:14,$159.23,N,buyer_0417,$74.58,N,refund_req_302449,agent_016,Rejected,52,purchase_102449,CLOTHING,item_not_as_described
04/13/2026 21:49,$903.98,Y,buyer_0006,$788.18,,refund_req_304115,agent_008,Approved,20,purchase_104115,ELECTRONICS,damaged_item
04/28/2026 13:45,"$1,420.03",Y,buyer_9906,"$1,354.28",N,refund_req_304970,agent_902,Approved,5,purchase_104970,LUXURY,damaged_item
04/14/2026 07:41,"$1,471.95",N,buyer_8001,"$1,415.40",N,refund_req_304721,agent_801,Approved,26,purchase_104721,ELECTRONICS,missing_accessory
06/10/2026 12:13,$248.47,N,buyer_0341,$117.70,N,refund_req_302173,agent_025,Rejected,61,purchase_102173,FASHION,item_not_as_described
04/14/2026 12:27,$56.29,N,buyer_0371,$33.38,Y,refund_req_300755,agent_024,Approved,91,purchase_100755,BOOKS,changed_mind
04/29/2026 10:32,$580.19,N,buyer_0443,$167.64,N,refund_req_300914,agent_029,Approved,70,purchase_100914,LUXURY,changed_mind
05/29/2026 03:24,$70.74,N,buyer_0559,$59.38,Y,refund_req_303689,agent_102,Approved,3,purchase_103689,SPORTS,item_not_as_described
05/29/2026 08:43,$86.49,N,buyer_0470,$27.55,N,refund_req_302086,agent_007,Rejected,45,purchase_102086,BOOKS,damaged_item
04/04/2026 23:09,$531.92,N,buyer_0239,$229.24,N,refund_req_301028,agent_009,APPROVED,70,purchase_101028,APPLIANCES,damaged_item
04/27/2026 13:44,$203.85,N,buyer_0535,$84.52,N,refund_req_300942,agent_005,Rejected,100,purchase_100942,CLOTHING,changed_mind
04/04/2026 10:20,$10.12,Y,buyer_0001,$5.88,,refund_req_302642,agent_024,  Rejected  ,,purchase_102642,BOOKS,changed_mind
05/03/2026 15:11,$172.34,N,buyer_0046,$56.26,,refund_req_301216,agent_002,Approved,113,purchase_101216,BEAUTY,  allergic_reaction  
05/24/2026 07:00,$165.25,N,buyer_0371,$81.27,Y,refund_req_300903,agent_030,Approved,64,purchase_100903,CLOTHING,wrong_size
05/28/2026 02:40,"$1,335.79",Y,buyer_0360,$882.05,N,refund_req_303909,agent_019,Approved,26,purchase_103909,LUXURY,item_not_as_described
05/25/2026 11:03,$147.02,N,buyer_0067,$66.57,Y,refund_req_301199,agent_021,Approved,101,purchase_101199,BEAUTY,damaged_item
04/17/2026 20:43,$56.72,N,buyer_0131,$26.21,N,refund_req_301847,agent_007, Approved ,49,purchase_101847,HOME,item_not_as_described
04/09/2026 18:33,$205.16,Y,buyer_8001,$125.04,Y,refund_req_304727,agent_801,Approved,20,purchase_104727,FASHION,changed_mind
06/08/2026 11:25,$50.55,N,buyer_0279,$40.26,Y,refund_req_302000,agent_008,Approved,41,purchase_102000,BEAUTY, allergic_reaction 
05/07/2026 21:02,$518.47,N,buyer_0317,$408.34,Y,refund_req_300112,agent_008,Approved,53,purchase_100112,FASHION,item_not_as_described
05/24/2026 11:44,$209.93,N,buyer_0059,$195.75,Y,refund_req_303586,agent_101,Approved,5,purchase_103586,HOME,missing_part
04/21/2026 13:45,"$1,405.63",N,buyer_0510,$465.82,N,refund_req_301062,agent_011,Rejected,60,purchase_101062,APPLIANCES,damaged_item
04/16/2026 09:27,$42.98,N,buyer_0125,$24.63,Y,refund_req_301672,agent_012,Approved,69,purchase_101672,BOOKS,changed_mind
06/14/2026 01:50,$142.35,N,buyer_0551,$39.47,Y,refund_req_302228,agent_025,Approved,27,purchase_102228,FASHION,item_not_as_described
06/13/2026 01:48,"$1,871.11",N,buyer_0089,$754.00,N,refund_req_301487,agent_009,Approved,40,purchase_101487,LUXURY,item_not_as_described
06/09/2026 18:04,$374.40,N,buyer_0449,$82.38,Y,refund_req_300326,agent_025,Approved,,purchase_100326,SPORTS,item_not_as_described
04/22/2026 09:54,$31.37,N,buyer_0392,$14.05,Y,refund_req_301693,agent_010,Approved,83,purchase_101693,BEAUTY,changed_mind
05/09/2026 02:55,$179.21,N,buyer_0339,$50.36,N,refund_req_300026,agent_022,Rejected,70,purchase_100026,CLOTHING,item_not_as_described
05/01/2026 04:30,"$1,329.50",N,buyer_0140,$903.78,N,refund_req_303201,agent_004,Approved,12,purchase_103201,APPLIANCES,damaged_item
05/25/2026 13:08,$73.93,N,buyer_0061,$56.82,Y,refund_req_302652,agent_007,Approved,48,purchase_102652,BEAUTY,changed_mind
05/17/2026 22:43,$30.65,N,buyer_0591,$14.82,,refund_req_300025,agent_013,Approved,56,purchase_100025,CLOTHING,
04/12/2026 06:36,$198.73,N,buyer_0453,$110.25,N,refund_req_301730,agent_003,Approved,62,purchase_101730,SPORTS,item_not_as_described
04/07/2026 09:05,"$1,550.63",Y,buyer_9906,"$1,557.01",N,refund_req_304814,agent_902,Approved,9,purchase_104814,ELECTRONICS,missing_accessory
06/03/2026 05:23,$137.09,N,buyer_0562,$104.18,N,refund_req_300032,agent_014,Approved,74,purchase_100032,FASHION,item_not_as_described
06/03/2026 11:18,$285.33,N,buyer_0475,$222.44,N,refund_req_303609,agent_101,approved,5,purchase_103609,SPORTS, wrong_size 
05/28/2026 13:09,"$2,562.05",Y,buyer_0397,"$2,010.88",Y,refund_req_304098,agent_016,Approved,9,purchase_104098,LUXURY,damaged_item
04/14/2026 22:53,$31.31,N,buyer_0373,$23.20,Y,refund_req_302745,agent_029,Approved,,purchase_102745, books ,damaged_item
04/07/2026 18:38,$907.08,N,buyer_0409,$854.57,,refund_req_303638,agent_101,Approved,5,purchase_103638,ELECTRONICS,not_working
05/14/2026 09:16,$152.02,N,buyer_0513,$57.62,Y,refund_req_301302,agent_018,Rejected,43,purchase_101302,BEAUTY,changed_mind
04/24/2026 20:39,$156.05,N,buyer_0485,$71.53,Y,refund_req_300261,agent_003,Approved,,purchase_100261,SPORTS,wrong_size
06/07/2026 05:02,$530.45,N,buyer_0016,$301.54,Y,refund_req_302672,agent_004,Approved,95,purchase_102672,  FASHION  ,changed_mind
04/13/2026 23:21,"$1,633.84",Y,buyer_0099,"$1,402.21",N,refund_req_303018,agent_018,Approved,17,purchase_103018,ELECTRONICS,item_not_as_described
05/16/2026 01:44,"$1,836.76",N,buyer_0380,"$1,414.21",N,refund_req_301663,agent_019,Rejected,79,purchase_101663,LUXURY,changed_mind
05/16/2026 21:13,"$1,348.39",N,buyer_0218,$611.83,Y,refund_req_301641,agent_001,Approved,29,purchase_101641,ELECTRONICS,  missing_accessory  
05/16/2026 07:56,$143.79,N,buyer_0032,$104.32,Y,refund_req_302183,agent_005,Rejected,92,purchase_102183,SPORTS,item_not_as_described
04/02/2026 11:31,"$1,138.88",N,buyer_0571,$346.88,Y,refund_req_302382,agent_016,Approved,59,purchase_102382,APPLIANCES,missing_part
06/09/2026 15:46,$58.97,N,buyer_0533,$24.21,Y,refund_req_302988,agent_003,Rejected,68,purchase_102988,BOOKS,damaged_item
04/10/2026 20:07,$158.46,N,buyer_0421,$75.00,Y,refund_req_302867,agent_001,Approved,68,purchase_102867,SPORTS,wrong_size
04/20/2026 06:59,"$2,030.09",N,buyer_0288,"$1,829.53",Y,refund_req_303784,agent_102,APPROVED,2,purchase_103784,LUXURY,changed_mind
04/28/2026 06:20,"$1,278.83",N,buyer_0414,$255.91,N,refund_req_300303,agent_004,Approved,107,purchase_100303,ELECTRONICS,missing_accessory
04/24/2026 08:07,"$1,459.97",N,buyer_0324,$325.08,N,refund_req_301469,agent_028,Approved,75,purchase_101469,APPLIANCES,not_working
04/11/2026 00:45,$559.50,N,buyer_0513,$420.98,Y,refund_req_302939,agent_001,Approved,39,purchase_102939,HOME,missing_part
04/13/2026 23:34,$553.68,N,buyer_0020,$127.22,Y,refund_req_300484,agent_016,Rejected,79,purchase_100484,HOME,damaged_item
04/13/2026 04:46,$159.76,N,buyer_0059,$32.46,Y,refund_req_301390,agent_007,Approved,76,purchase_101390,fashion,wrong_size
04/23/2026 19:08,$887.15,N,buyer_0335,$359.23,N,refund_req_301140,agent_028,Rejected,74,purchase_101140,ELECTRONICS,item_not_as_described
04/01/2026 15:19,$44.67,N,buyer_0294,$32.84,N,refund_req_301396,agent_020,  Approved  ,48,purchase_101396,HOME,missing_part
04/26/2026 04:57,"$1,722.62",Y,buyer_0546,"$1,617.64",N,refund_req_303916,agent_002,Approved,35,purchase_103916,ELECTRONICS,missing_accessory
05/09/2026 05:10,$56.00,N,buyer_0185,$29.57,,refund_req_303574,agent_103,Approved,1,purchase_103574,BEAUTY,damaged_item
04/18/2026 09:00,"$1,705.25",N,buyer_0415,$504.40,Y,refund_req_300538,agent_022,Approved,85,purchase_100538,LUXURY,changed_mind
05/10/2026 22:08,$345.40,N,buyer_0093,$135.29,Y,refund_req_301934,agent_030,Approved,105,purchase_101934,FASHION,changed_mind
04/25/2026 20:35,$904.16,N,buyer_0230,$242.62,Y,refund_req_300831,agent_001,Approved,33,purchase_100831,CLOTHING,changed_mind
06/01/2026 05:31,$246.46,N,buyer_0307,$96.61,Y,refund_req_302550,agent_003,Approved,,purchase_102550,HOME,damaged_item
05/13/2026 09:16,$27.95,N,buyer_0292,$6.50,Y,refund_req_302087,agent_023,Approved,48,purchase_102087,BOOKS,changed_mind
04/08/2026 05:20,"$1,284.29",Y,buyer_9905,"$1,265.16",N,refund_req_304820,agent_902,Approved,8,purchase_104820,APPLIANCES,not_working
05/28/2026 10:34,$465.23,N,buyer_0330,$297.54,Y,refund_req_300214,agent_023,Approved,86,purchase_100214,HOME,missing_part
04/26/2026 07:09,$499.35,N,buyer_0278,$205.22,Y,refund_req_301915,agent_028,Approved,73,purchase_101915,FASHION,changed_mind
06/11/2026 13:51,"$1,695.10",N,buyer_0241,"$1,122.32",N,refund_req_303039,agent_101,approved,37,purchase_103039,APPLIANCES,not_working
06/14/2026 01:37,"$1,266.17",N,buyer_0385,$414.34,N,refund_req_302460,agent_020,Approved,104,purchase_102460,FASHION,wrong_size
05/30/2026 06:18,$990.09,N,buyer_0400,$472.91,Y,refund_req_301025,agent_001,Approved,62,purchase_101025,SPORTS,item_not_as_described
04/08/2026 08:10,$476.78,N,buyer_0316,$364.34,N,refund_req_303694,agent_101,Approved,4,purchase_103694,ELECTRONICS,missing_accessory
05/12/2026 10:49,"$1,790.50",N,buyer_0155,$860.05,N,refund_req_302770,agent_010,Approved,54,purchase_102770,ELECTRONICS,missing_accessory
06/10/2026 00:02,$434.10,N,buyer_0475,$109.46,Y,refund_req_300382,agent_012,Approved,41,purchase_100382,LUXURY,changed_mind
06/15/2026 04:03,$46.47,N,buyer_0598,$30.91,Y,refund_req_302472,agent_013,Approved,83,purchase_102472,BEAUTY,allergic_reaction
06/02/2026 11:05,$597.36,N,buyer_0288,$304.41,Y,refund_req_300711,agent_025,Rejected,64,purchase_100711,APPLIANCES,
04/24/2026 19:42,"$1,783.54",Y,buyer_0218,"$1,675.77",,refund_req_303897,agent_020, Approved ,20,purchase_103897,ELECTRONICS,missing_accessory
06/10/2026 13:25,"$1,232.11",N,buyer_0110,$881.06,Y,refund_req_300451,agent_027,Approved,53,purchase_100451,APPLIANCES,damaged_item
05/12/2026 03:53,"$2,878.44",Y,buyer_9906,"$2,799.96",N,refund_req_304940,agent_902,Approved,3,purchase_104940,LUXURY,changed_mind
04/16/2026 08:49,$934.90,N,buyer_0433,$720.39,N,refund_req_301175,agent_023,Rejected,55,purchase_101175,FASHION,item_not_as_described
04/15/2026 06:05,"$1,170.15",Y,buyer_0198,$912.04,Y,refund_req_304084,agent_017,Approved,29,purchase_104084,ELECTRONICS,missing_accessory
05/26/2026 22:32,$456.86,N,buyer_0127,$159.91,Y,refund_req_301399,agent_014,Approved,46,purchase_101399,ELECTRONICS, not_working 
04/13/2026 00:06,"$1,155.08",N,buyer_0162,"$1,155.08",N,refund_req_303450,agent_015,Approved,33,purchase_103450,fashion,changed_mind
05/19/2026 22:01,"$1,574.37",N,buyer_0241,"$1,574.37",N,refund_req_303508,agent_007,Approved,11,purchase_103508,LUXURY,
05/28/2026 13:12,"$1,041.16",N,buyer_0175,$522.89,N,refund_req_301126,agent_019,  Approved  ,72,purchase_101126,BEAUTY,damaged_item
06/08/2026 13:56,$62.86,N,buyer_0086,$50.82,N,refund_req_304494,agent_702,Approved,23,purchase_104494,BOOKS,wrong_item_received
05/23/2026 23:22,$999.96,Y,buyer_9904,$965.22,N,refund_req_304838,agent_902, Approved ,1,purchase_104838,APPLIANCES,damaged_item
05/18/2026 19:00,$273.83,N,buyer_0203,$144.74,Y,refund_req_302343,agent_019,Approved,83,purchase_102343, SPORTS ,item_not_as_described
06/08/2026 23:49,"$1,684.28",N,buyer_0438,"$1,160.57",N,refund_req_300890,agent_028,Rejected,60,purchase_100890,APPLIANCES,missing_part
06/11/2026 13:17,$379.50,N,buyer_0441,$88.21,N,refund_req_300852,agent_001,Approved,77,purchase_100852,SPORTS,item_not_as_described
06/07/2026 13:43,$83.60,N,buyer_0060,$65.14,N,refund_req_304434,agent_702,Approved,,purchase_104434,BOOKS,changed_mind
06/11/2026 06:31,"$1,013.97",Y,buyer_0598,$533.56,Y,refund_req_304511,agent_701,Approved,7,purchase_104511,APPLIANCES,damaged_item
06/09/2026 10:43,$49.69,N,buyer_0342,$28.56,Y,refund_req_301254,agent_009,Approved,92,purchase_101254,CLOTHING,wrong_size
04/14/2026 05:30,"$1,146.83",N,buyer_0056,"$1,146.83",Y,refund_req_303442,agent_003,Approved,19,purchase_103442,FASHION,item_not_as_described
04/17/2026 22:56,"$1,736.53",N,buyer_0038,$590.69,,refund_req_301566,agent_013,Approved,54,purchase_101566,LUXURY,changed_mind
04/17/2026 01:56,"$1,060.58",Y,buyer_0014,$843.08,Y,refund_req_303975,agent_027,Approved,5,purchase_103975,APPLIANCES,missing_part
05/15/2026 11:01,$716.89,N,buyer_0061,$590.38,N,refund_req_303702,agent_103,Approved,2,purchase_103702,APPLIANCES, damaged_item 
04/05/2026 19:31,"$1,081.77",N,buyer_0343,$807.88,Y,refund_req_301820,agent_010,Approved,66,purchase_101820,FASHION,wrong_size
05/01/2026 11:42,$953.89,N,buyer_0121,$953.89,N,refund_req_303528,agent_024,Approved,29,purchase_103528,APPLIANCES,damaged_item
05/27/2026 13:39,$751.69,Y,buyer_0229,$574.30,Y,refund_req_300339,agent_030,Approved,50,purchase_100339,Appliances,missing_part
06/02/2026 13:31,"$1,652.30",N,buyer_0028,$773.56,Y,refund_req_301404,agent_007,Approved,50,purchase_101404,ELECTRONICS,missing_accessory
05/26/2026 21:22,$418.90,N,buyer_0235,$262.10,N,refund_req_302118,agent_018,Rejected,53,purchase_102118,SPORTS,damaged_item
04/05/2026 10:31,$318.83,N,buyer_0577,$82.13,Y,refund_req_302001,agent_002,Approved,68,purchase_102001,SPORTS,damaged_item
04/10/2026 10:20,"$1,163.63",N,buyer_0209,$460.59,Y,refund_req_302811,agent_010,Approved,83,purchase_102811,Luxury,changed_mind
04/18/2026 13:10,"$1,693.50",N,buyer_0290,$382.05,N,refund_req_301141,agent_021,Approved,52,purchase_101141,ELECTRONICS,damaged_item
05/24/2026 21:20,"$1,064.15",N,buyer_0069,$312.29,,refund_req_301049,agent_007,Rejected,55,purchase_101049,SPORTS,wrong_size
06/15/2026 05:33,"$1,105.46",Y,buyer_0222,$512.28,N,refund_req_304512,agent_702,Approved,19,purchase_104512,HOME,item_not_as_described
04/27/2026 07:07,$31.61,N,buyer_0297,$11.36,Y,refund_req_302044,agent_013,Approved,,purchase_102044,Books,changed_mind
05/02/2026 20:02,$211.55,N,buyer_0160,$121.83,N,refund_req_302286,agent_013,Rejected,82,purchase_102286,CLOTHING,item_not_as_described
04/26/2026 16:07,"$1,688.83",N,buyer_0324,$546.73,Y,refund_req_302787,agent_025,Approved,50,purchase_102787,ELECTRONICS,damaged_item
06/05/2026 10:15,"$1,227.42",N,buyer_0538,$935.52,,refund_req_301938,agent_007,Approved,74,purchase_101938,BOOKS,damaged_item
05/29/2026 18:50,"$1,314.06",Y,buyer_0563,"$1,152.73",Y,refund_req_303876,agent_017,Approved,7,purchase_103876,APPLIANCES, damaged_item 
05/18/2026 04:48,$952.50,N,buyer_0320,$539.39,Y,refund_req_301929,agent_007,Approved,74,purchase_101929,LUXURY,changed_mind
05/03/2026 02:47,"$1,417.41",Y,buyer_0179,"$1,417.41",Y,refund_req_303437,agent_009,Approved,47,purchase_103437,APPLIANCES,damaged_item
04/05/2026 08:27,"$1,049.18",N,buyer_0207,$774.55,N,refund_req_301739,agent_023,Approved,73,purchase_101739,ELECTRONICS,not_working
04/14/2026 10:57,"$1,038.35",N,buyer_8001,$699.26,N,refund_req_304799,agent_801,Approved,14,purchase_104799,SPORTS,item_not_as_described
06/13/2026 09:45,$279.00,N,buyer_0037,$110.94,Y,refund_req_300464,agent_006,Rejected,48,purchase_100464,SPORTS,
06/16/2026 00:40,"$2,043.60",Y,buyer_0272,"$1,809.05",Y,refund_req_304044,agent_011,Approved,7,purchase_104044,LUXURY,damaged_item
06/09/2026 00:18,$355.01,N,buyer_0590,$249.78,N,refund_req_304513,agent_703,Approved,23,purchase_104513,HOME,damaged_item
05/02/2026 10:33,$171.00,N,buyer_0045,$75.35,Y,refund_req_301628,agent_021,Approved,78,purchase_101628,CLOTHING,item_not_as_described
05/19/2026 07:24,$644.20,N,buyer_0097,$269.87,N,refund_req_301503,agent_010,Rejected,54,purchase_101503,FASHION,item_not_as_described
04/28/2026 02:56,$56.09,N,buyer_0193,$36.60,Y,refund_req_302176,agent_023,Approved,50,purchase_102176,HOME, missing_part 
05/25/2026 18:25,"$1,605.19",Y,buyer_9906,"$1,420.46",N,refund_req_304988,agent_902,Approved,7,purchase_104988,LUXURY,damaged_item
06/16/2026 02:51,"$2,099.10",N,buyer_0525,"$1,600.67",N,refund_req_300663,agent_016,Approved,106,purchase_100663,ELECTRONICS,damaged_item
05/06/2026 23:12,"$2,348.27",N,buyer_0418,"$2,076.71",N,refund_req_303238,agent_101,Approved,28,purchase_103238,LUXURY,damaged_item
04/25/2026 19:58,"$1,755.47",N,buyer_0557,"$1,755.47",N,refund_req_303338,agent_023,Approved,33,purchase_103338,APPLIANCES,damaged_item
05/22/2026 23:34,$574.63,N,buyer_0367,$215.14,Y,refund_req_300296,agent_011,Approved,62,purchase_100296,HOME,missing_part
04/01/2026 08:54,"$1,780.75",Y,buyer_9906,"$1,551.03",N,refund_req_304942,agent_902,Approved,4,purchase_104942,APPLIANCES,missing_part
04/08/2026 14:04,$70.22,Y,buyer_8001,$47.47,N,refund_req_304739,agent_801,Approved,7,purchase_104739, SPORTS ,item_not_as_described
06/06/2026 05:55,$38.88,N,buyer_0475,$16.61,Y,refund_req_302243,agent_018,Approved,61,purchase_102243,BEAUTY,changed_mind
04/18/2026 10:32,$36.69,N,buyer_0528,$13.96,N,refund_req_302368,agent_006,Approved,64,purchase_102368,BEAUTY,damaged_item
06/07/2026 06:12,$16.65,N,buyer_0431,$13.73,Y,refund_req_300042,agent_001, Approved ,39,purchase_100042,BOOKS,changed_mind
05/07/2026 12:51,"$1,214.34",N,buyer_0355,"$1,214.34",Y,refund_req_303294,agent_101,Approved,57,purchase_103294,FASHION,item_not_as_described
04/28/2026 09:13,$632.06,N,buyer_8002,$521.30,Y,refund_req_304659,agent_802,Approved,14,purchase_104659,FASHION,wrong_size
04/23/2026 13:44,$458.87,N,buyer_0098,$134.22,N,refund_req_301496,agent_013,Rejected,37,purchase_101496,FASHION,changed_mind
04/25/2026 19:49,"$1,502.10",Y,buyer_9902,"$1,436.48",,refund_req_304843,agent_901,Approved,1,purchase_104843,LUXURY,item_not_as_described
04/05/2026 19:48,$444.64,N,buyer_0338,$342.76,,refund_req_300878,agent_027,Approved,82,purchase_100878,FASHION,item_not_as_described
05/05/2026 13:16,"$1,911.85",N,buyer_0264,"$1,410.07",N,refund_req_303204,agent_015,Approved,45,purchase_103204,LUXURY,item_not_as_described
05/03/2026 08:52,$237.70,N,buyer_0413,$123.83,,refund_req_300056,agent_023,Approved,115,purchase_100056,SPORTS,damaged_item
06/01/2026 21:07,$52.80,N,buyer_0140,$17.88,N,refund_req_302425,agent_018,Approved,47,purchase_102425,FASHION,changed_mind
05/04/2026 16:56,$527.45,N,buyer_0294,$251.19,N,refund_req_301458,agent_017,Rejected,72,purchase_101458,  LUXURY  ,changed_mind
05/25/2026 06:56,"$1,443.63",Y,buyer_0177,"$1,418.30",N,refund_req_303956,agent_002,Approved,10,purchase_103956,APPLIANCES,missing_part
04/22/2026 01:03,$916.80,N,buyer_0249,$650.25,Y,refund_req_300386,agent_013,Approved,62,purchase_100386,CLOTHING,changed_mind
04/19/2026 06:03,$306.47,Y,buyer_0464,$125.37,N,refund_req_300631,agent_025,Approved,68,purchase_100631,SPORTS,damaged_item
05/03/2026 21:09,"$1,457.38",N,buyer_0033,$740.41,Y,refund_req_302130,agent_023,Approved,94,purchase_102130,  LUXURY  ,changed_mind
04/06/2026 18:01,"$1,234.34",N,buyer_0162,"$1,156.64",N,refund_req_303242,agent_002,Approved,11,purchase_103242,ELECTRONICS,missing_accessory
06/13/2026 17:34,$928.00,Y,buyer_9902,$875.55,N,refund_req_304975,agent_901,Approved,5,purchase_104975,ELECTRONICS,
04/03/2026 23:37,$402.97,N,buyer_0425,$282.38,N,refund_req_301837,agent_020,Rejected,43,purchase_101837,HOME,missing_part
05/01/2026 09:43,$394.20,N,buyer_0405,$267.84,Y,refund_req_301284,agent_016,Approved,56,purchase_101284,FASHION,item_not_as_described
04/26/2026 21:25,$226.57,N,buyer_0443,$182.90,Y,refund_req_302949,agent_025,Approved,61,purchase_102949,CLOTHING,item_not_as_described
04/24/2026 05:55,$297.15,N,buyer_0570,$227.50,N,refund_req_303645,agent_101,Approved,5,purchase_103645,SPORTS,wrong_size
04/25/2026 12:31,$480.64,N,buyer_0021,$164.09,Y,refund_req_300955,agent_011,Approved,56,purchase_100955,HOME,item_not_as_described
05/22/2026 20:09,$77.21,N,buyer_0347,$35.73,Y,refund_req_300537,agent_007,Approved,62,purchase_100537,BOOKS,damaged_item
04/08/2026 03:17,"$1,013.52",N,buyer_0102,$817.22,Y,refund_req_304408,agent_703,Approved,12,purchase_104408,sports,
04/13/2026 23:47,$94.27,N,buyer_0506,$20.54,,refund_req_301495,agent_002,Rejected,,purchase_101495,CLOTHING,wrong_size
04/14/2026 17:30,$837.42,N,buyer_9003,$610.32,N,refund_req_304243,agent_019,Approved,69,purchase_104243,APPLIANCES,damaged_item
05/14/2026 06:00,$52.95,N,buyer_0569,$22.56,Y,refund_req_302887,agent_012,Approved,77,purchase_102887,BEAUTY,changed_mind
06/03/2026 06:29,$39.16,N,buyer_0515,$13.14,N,refund_req_302051,agent_020,Rejected,53,purchase_102051,BOOKS,changed_mind
06/06/2026 20:15,$238.41,N,buyer_0034,$56.35,Y,refund_req_302735,agent_026,Rejected,50,purchase_102735,CLOTHING,changed_mind
05/10/2026 03:23,$210.17,N,buyer_0240,$117.73,,refund_req_300626,agent_021,Approved,60,purchase_100626,APPLIANCES,missing_part
05/13/2026 00:23,"$2,906.48",N,buyer_0129,"$2,906.48",Y,refund_req_303429,agent_003,Approved,14,purchase_103429,LUXURY,  item_not_as_described  
05/04/2026 12:50,$26.08,N,buyer_0443,$15.70,Y,refund_req_302658,agent_013,Approved,93,purchase_102658,BOOKS,changed_mind
06/05/2026 11:30,"$1,137.06",N,buyer_0031,$581.18,,refund_req_300450,agent_016,Rejected,56,purchase_100450,LUXURY,changed_mind
04/17/2026 14:49,$149.24,N,buyer_0539,$98.49,Y,refund_req_301373,agent_003,Rejected,37,purchase_101373,  BEAUTY  ,allergic_reaction
06/10/2026 00:25,$552.82,N,buyer_0185,$424.99,N,refund_req_300919,agent_022,Rejected,67,purchase_100919,FASHION,item_not_as_described
04/01/2026 19:38,"$1,090.97",Y,buyer_0073,$765.82,N,refund_req_303853,agent_025,Approved,,purchase_103853,APPLIANCES,not_working
06/03/2026 23:05,$226.41,N,buyer_0399,$64.94,Y,refund_req_301615,agent_002,Rejected,105,purchase_101615,FASHION,changed_mind
04/08/2026 16:41,$42.87,N,buyer_0249,$13.95,N,refund_req_302534,agent_016,Rejected,44,purchase_102534,  BOOKS  ,damaged_item
04/21/2026 12:46,$252.93,N,buyer_0103,$51.85,Y,refund_req_302018,agent_026,approved,59,purchase_102018,SPORTS,item_not_as_described
06/20/2026 22:43,"$1,219.34",N,buyer_0373,$682.96,N,refund_req_302128,agent_017,Rejected,59,purchase_102128,ELECTRONICS,missing_accessory
06/05/2026 14:16,$111.22,Y,buyer_8002,$81.25,Y,refund_req_304716,agent_802,Approved,18,purchase_104716,BEAUTY,changed_mind
05/30/2026 08:56,$319.66,N,buyer_0453,$206.29,Y,refund_req_300856,agent_017,Approved,78,purchase_100856,HOME,missing_part
06/13/2026 15:39,$502.12,N,buyer_0178,$361.37,Y,refund_req_300565,agent_009,Approved,70,purchase_100565,HOME,damaged_item
05/30/2026 11:21,$937.50,N,buyer_0283,$507.26,,refund_req_304379,agent_701,Approved,26,purchase_104379,HOME,damaged_item
04/21/2026 10:54,$770.72,N,buyer_0154,$490.88,N,refund_req_301289,agent_024,Rejected,51,purchase_101289,ELECTRONICS,missing_accessory
04/21/2026 17:40,$627.68,N,buyer_0268,$447.83,Y,refund_req_304437,agent_702,Approved,20,purchase_104437,FASHION,changed_mind
05/28/2026 13:42,"$1,189.12",N,buyer_0279,$707.22,Y,refund_req_300823,agent_020,Approved,48,purchase_100823,APPLIANCES,damaged_item
05/22/2026 15:28,"$1,584.39",N,buyer_8003,"$1,378.10",N,refund_req_304687,agent_803,Approved,23,purchase_104687,ELECTRONICS,item_not_as_described
04/09/2026 19:41,"$1,056.57",Y,buyer_0469,$952.80,Y,refund_req_304082,agent_023,Approved,13,purchase_104082,ELECTRONICS,item_not_as_described
04/15/2026 09:44,"$1,684.30",Y,buyer_0323,"$1,293.68",Y,refund_req_303854,agent_004,Approved,,purchase_103854,APPLIANCES,damaged_item
04/09/2026 00:15,$56.97,N,buyer_9005,$46.62,N,refund_req_304237,agent_022,Approved,54,purchase_104237,BOOKS,wrong_item_received
05/22/2026 03:35,$453.91,N,buyer_9002,$255.54,N,refund_req_304274,agent_102,Approved,68,purchase_104274,HOME,damaged_item
06/18/2026 03:28,"$1,044.86",N,buyer_0581,$872.40,N,refund_req_301192,agent_029,Rejected,62,purchase_101192,ELECTRONICS,damaged_item
05/16/2026 05:48,"$1,454.89",N,buyer_0173,"$1,063.82",N,refund_req_303195,agent_011,Approved,9,purchase_103195, APPLIANCES ,not_working
04/28/2026 06:58,$126.59,Y,buyer_0084,$37.69,N,refund_req_301196,agent_028,Rejected,58,purchase_101196,CLOTHING,
05/07/2026 15:43,$161.38,N,buyer_0584,$111.26,Y,refund_req_301577,agent_013,Approved,88,purchase_101577,CLOTHING,changed_mind
05/10/2026 10:28,"$1,460.99",N,buyer_0148,"$1,380.13",N,refund_req_303187,agent_025,Approved,28,purchase_103187,ELECTRONICS,missing_accessory
05/10/2026 21:01,"$1,194.17",N,buyer_0384,$576.66,N,refund_req_301725,agent_018,Approved,56,purchase_101725,SPORTS,item_not_as_described
04/30/2026 18:44,$387.55,Y,buyer_8002,$376.87,N,refund_req_304737,agent_802,Approved,18,purchase_104737,ELECTRONICS,damaged_item
04/20/2026 21:56,"$1,263.48",N,buyer_0360,"$1,096.69",N,refund_req_304573,agent_703,Approved,,purchase_104573,SPORTS,wrong_size
06/13/2026 09:30,$115.41,N,buyer_0157,$51.40,Y,refund_req_301155,agent_024,Approved,,purchase_101155,CLOTHING,changed_mind
06/04/2026 17:02,"$1,771.56",N,buyer_0336,"$1,582.08",N,refund_req_304463,agent_701,Approved,,purchase_104463,LUXURY,changed_mind
05/27/2026 05:22,$114.21,N,buyer_0223,$64.53,Y,refund_req_302560,agent_022,Rejected,59,purchase_102560,  CLOTHING  ,changed_mind
05/04/2026 21:42,$736.14,N,buyer_0486,$193.10,N,refund_req_301075,agent_023,Approved,61,purchase_101075,APPLIANCES,damaged_item
06/09/2026 03:42,$170.67,N,buyer_0582,$125.15,Y,refund_req_301712,agent_013,Approved,105,purchase_101712,CLOTHING,changed_mind
06/18/2026 23:02,"$1,681.44",N,buyer_0432,"$1,293.50",Y,refund_req_302057,agent_028,Rejected,26,purchase_102057,ELECTRONICS,damaged_item
04/17/2026 09:10,"$1,481.43",Y,buyer_0337,"$1,232.76",N,refund_req_303914,agent_103,Approved,6,purchase_103914,ELECTRONICS,not_working
04/26/2026 16:07,"$1,688.83",N,buyer_0324,$546.73,Y,refund_req_302787,agent_025,Approved,50,purchase_102787,ELECTRONICS,damaged_item
04/21/2026 00:02,"$1,794.23",N,buyer_0067,$925.99,Y,refund_req_300797,agent_011,Approved,71,purchase_100797,APPLIANCES,damaged_item
04/17/2026 10:30,$934.18,Y,buyer_0297,$920.32,N,refund_req_304078,agent_014,Approved,9,purchase_104078,LUXURY,item_not_as_described
05/05/2026 18:44,$115.39,N,buyer_0516,$24.71,N,refund_req_302400,agent_022,Approved,69,purchase_102400,  SPORTS  ,damaged_item
06/20/2026 18:36,"$1,724.72",N,buyer_0297,$899.01,Y,refund_req_301130,agent_020,Approved,83,purchase_101130,LUXURY,changed_mind
06/19/2026 05:45,"$2,586.24",N,buyer_0158,"$2,526.79",Y,refund_req_304458,agent_702,Approved,19,purchase_104458,LUXURY,item_not_as_described
05/04/2026 06:50,"$1,521.37",Y,buyer_0294,"$1,012.63",Y,refund_req_301746,agent_006,Approved,79,purchase_101746,  ELECTRONICS  ,not_working
05/01/2026 21:14,$602.75,N,buyer_0063,$430.19,Y,refund_req_301387,agent_013,Rejected,69,purchase_101387,FASHION,wrong_size
06/06/2026 00:54,$73.74,N,buyer_0418,$16.13,N,refund_req_302102,agent_016,Rejected,52,purchase_102102,BEAUTY,damaged_item
05/08/2026 11:04,$72.29,N,buyer_0143,$31.43,N,refund_req_301477,agent_030,Approved,91,purchase_101477,Books,
04/09/2026 07:16,"$2,440.35",Y,buyer_0391,"$2,166.36",N,refund_req_304099,agent_021,Approved,29,purchase_104099,LUXURY,damaged_item
06/01/2026 17:59,"$1,157.13",N,buyer_0440,$774.90,Y,refund_req_301932,agent_006,Approved,64,purchase_101932,BEAUTY,damaged_item
06/14/2026 11:26,"$2,511.27",N,buyer_0234,"$1,420.39",N,refund_req_302892,agent_019,Rejected,,purchase_102892,LUXURY,damaged_item
06/20/2026 10:00,$28.33,N,buyer_0530,$6.85,Y,refund_req_300006,agent_015,Approved,36,purchase_100006,BOOKS,changed_mind
05/31/2026 10:17,$80.79,N,buyer_0348,$54.47,Y,refund_req_300089,agent_014,Approved,,purchase_100089,  BEAUTY  ,damaged_item
06/17/2026 07:51,$404.90,N,buyer_0537,$214.56,Y,refund_req_301197,agent_014,Approved,45,purchase_101197,LUXURY,item_not_as_described
05/17/2026 06:15,$956.64,N,buyer_0078,$728.05,N,refund_req_304575,agent_702,Approved,8,purchase_104575,LUXURY,damaged_item
05/19/2026 21:19,$174.22,N,buyer_0265,$86.19,Y,refund_req_302936,agent_017,Rejected,85,purchase_102936,SPORTS,item_not_as_described
04/19/2026 17:22,"$1,229.52",N,buyer_0485,"$1,229.52",N,refund_req_303466,agent_008,Approved,37,purchase_103466,ELECTRONICS,missing_accessory
05/28/2026 03:28,$91.21,N,buyer_9007,$62.95,Y,refund_req_304319,agent_024,Approved,69,purchase_104319,BEAUTY,allergic_reaction
06/08/2026 11:20,"$2,939.09",N,buyer_0043,"$1,543.01",,refund_req_301167,agent_021,  Approved  ,93,purchase_101167,LUXURY,changed_mind
04/11/2026 08:21,"$1,778.52",N,buyer_0150,$627.93,Y,refund_req_300569,agent_026,Approved,66,purchase_100569, Appliances ,missing_part
06/04/2026 21:21,$112.29,N,buyer_0018,$23.77,N,refund_req_302111,agent_021,Approved,52,purchase_102111,BEAUTY,damaged_item
06/14/2026 22:48,$264.71,N,buyer_0439,$142.57,N,refund_req_303659,agent_101,Approved,1,purchase_103659,APPLIANCES,damaged_item
05/11/2026 08:24,$80.19,N,buyer_0213,$38.34,Y,refund_req_300682,agent_020,Approved,91,purchase_100682,BEAUTY,damaged_item
06/03/2026 03:49,"$1,444.37",Y,buyer_9902,"$1,273.55",N,refund_req_304967,agent_901,Approved,3,purchase_104967,LUXURY,damaged_item
04/30/2026 14:27,"$1,688.81",N,buyer_0282,$362.96,N,refund_req_302112,agent_016,Rejected,60,purchase_102112,ELECTRONICS,damaged_item
05/17/2026 19:23,$580.95,N,buyer_0027,$218.19,N,refund_req_300732,agent_013,Approved,42,purchase_100732,APPLIANCES,damaged_item
06/09/2026 14:41,"$2,751.93",Y,buyer_9903,"$2,570.66",N,refund_req_304899,agent_901,Approved,6,purchase_104899,LUXURY,item_not_as_described
06/09/2026 04:42,$239.20,N,buyer_0052,$118.86,Y,refund_req_302152,agent_025,approved,25,purchase_102152,CLOTHING,changed_mind
05/16/2026 16:15,$892.59,N,buyer_0412,$304.44,N,refund_req_301674,agent_025,Approved,37,purchase_101674,APPLIANCES,damaged_item
04/15/2026 21:52,$239.45,N,buyer_0592,$104.65,N,refund_req_301749,agent_008,Rejected,27,purchase_101749,CLOTHING,wrong_size
04/10/2026 11:41,"$1,412.99",N,buyer_0193,$983.92,,refund_req_302067,agent_004,Approved,36,purchase_102067,ELECTRONICS,damaged_item
04/09/2026 21:15,"$1,215.74",Y,buyer_0597,$445.02,Y,refund_req_300410,agent_013,Approved,32,purchase_100410,ELECTRONICS,missing_accessory
06/20/2026 04:18,"$1,181.02",Y,buyer_9904,"$1,120.29",N,refund_req_304980,agent_902,Approved,6,purchase_104980, APPLIANCES ,not_working
06/20/2026 07:12,$985.71,N,buyer_0484,$664.39,,refund_req_301308,agent_011,Rejected,37,purchase_101308,APPLIANCES,missing_part
06/01/2026 10:14,$793.31,N,buyer_9002,$455.73,N,refund_req_304282,agent_022,Approved,69,purchase_104282,ELECTRONICS,item_not_as_described
04/25/2026 01:13,$967.04,N,buyer_9004,$486.77,,refund_req_304356,agent_020,Approved,60,purchase_104356,ELECTRONICS,item_not_as_described
06/17/2026 03:52,$971.71,Y,buyer_9906,$857.33,N,refund_req_304914,agent_902,Approved,8,purchase_104914,electronics,not_working
05/04/2026 06:33,$996.63,N,buyer_0431,$924.57,N,refund_req_303083,agent_011,Approved,23,purchase_103083,APPLIANCES,damaged_item
04/05/2026 16:20,$472.95,N,buyer_0198,$221.49,N,refund_req_301581,agent_012,Approved,45,purchase_101581,FASHION,wrong_size
04/12/2026 09:00,$670.16,N,buyer_0178,$311.93,Y,refund_req_301723,agent_015,Approved,85,purchase_101723,ELECTRONICS,
04/15/2026 14:00,$399.38,N,buyer_0225,$275.86,N,refund_req_300920,agent_004,Approved,90,purchase_100920,SPORTS,damaged_item
06/04/2026 00:43,$251.45,N,buyer_0168,$157.61,Y,refund_req_301860,agent_023,Approved,44,purchase_101860,CLOTHING,changed_mind
06/06/2026 02:56,"$1,772.97",N,buyer_0215,$983.35,N,refund_req_300934,agent_009,Approved,83,purchase_100934, ELECTRONICS ,missing_accessory
05/25/2026 07:21,$226.77,N,buyer_0280,$68.63,Y,refund_req_302354,agent_024,Approved,74,purchase_102354,FASHION,item_not_as_described
04/05/2026 19:35,$907.73,Y,buyer_0363,$817.50,,refund_req_304103,agent_028,Approved,5,purchase_104103,Appliances,not_working
04/08/2026 06:00,$146.44,N,buyer_0055,$94.51,N,refund_req_300491,agent_009,Rejected,27,purchase_100491,BEAUTY,
05/07/2026 03:23,$31.46,N,buyer_0260,$15.18,Y,refund_req_302066,agent_021,Rejected,97,purchase_102066,Books,changed_mind
06/19/2026 04:53,$975.51,N,buyer_9007,$553.44,N,refund_req_304343,agent_030,Approved,29,purchase_104343,FASHION,wrong_size
05/08/2026 15:21,"$1,105.62",Y,buyer_0214,"$1,005.94",N,refund_req_303863,agent_011, Approved ,22,purchase_103863,ELECTRONICS,not_working
04/13/2026 02:00,$922.62,N,buyer_0401,$330.30,Y,refund_req_302373,agent_009,Approved,67,purchase_102373,ELECTRONICS,item_not_as_described
05/17/2026 03:14,$141.75,N,buyer_0337,$89.23,N,refund_req_302456,agent_012,Approved,87,purchase_102456,BEAUTY,allergic_reaction
06/19/2026 06:48,$88.99,N,buyer_8003,$62.01,N,refund_req_304798,agent_803,Approved,24,purchase_104798,BEAUTY,damaged_item
05/09/2026 23:32,"$2,043.56",Y,buyer_0031,"$1,433.76",N,refund_req_303220,agent_030,Approved,39,purchase_103220,  ELECTRONICS  ,not_working
05/05/2026 13:06,$154.57,N,buyer_0430,$83.61,Y,refund_req_301363,agent_027,Approved,77,purchase_101363,BEAUTY,damaged_item
05/26/2026 16:10,"$1,972.98",N,buyer_0512,"$1,379.89",N,refund_req_303185,agent_103,Approved,13,purchase_103185,ELECTRONICS,missing_accessory
05/06/2026 00:24,$27.84,N,buyer_0123,$25.31,N,refund_req_303648,agent_103,Approved,2,purchase_103648,BEAUTY,damaged_item
04/27/2026 07:28,"$1,248.44",N,buyer_0514,"$1,248.44",Y,refund_req_303328,agent_004,Approved,,purchase_103328,FASHION,wrong_size
04/30/2026 02:29,"$1,122.84",Y,buyer_9902,"$1,120.05",N,refund_req_304985,agent_901,Approved,5,purchase_104985,  APPLIANCES  ,
06/02/2026 00:39,"$1,279.00",N,buyer_0495,$406.49,Y,refund_req_300298,agent_030,Approved,49,purchase_100298,APPLIANCES,not_working
06/11/2026 05:02,"$1,870.24",N,buyer_0101,"$1,753.12",N,refund_req_303579,agent_101,Approved,1,purchase_103579,ELECTRONICS,missing_accessory
05/13/2026 06:36,$166.89,N,buyer_0514,$128.06,Y,refund_req_300148,agent_014,Rejected,76,purchase_100148,BEAUTY,  allergic_reaction  
04/13/2026 08:53,$162.39,N,buyer_0589,$107.94,Y,refund_req_301026,agent_025,Approved,35,purchase_101026,BEAUTY,allergic_reaction
04/23/2026 23:11,$285.05,N,buyer_0457,$185.59,Y,refund_req_300129,agent_023,Rejected,95,purchase_100129,SPORTS,wrong_size
05/30/2026 08:57,$116.50,N,buyer_0420,$76.71,Y,refund_req_302522,agent_012,Approved,88,purchase_102522,CLOTHING,wrong_size
05/02/2026 03:20,$936.10,Y,buyer_9901,$964.45,,refund_req_304939,agent_901,Approved,4,purchase_104939,LUXURY,changed_mind
06/08/2026 20:24,"$2,303.95",Y,buyer_0375,"$2,241.85",Y,refund_req_304028,agent_013,Approved,23,purchase_104028,LUXURY,item_not_as_described
04/08/2026 20:11,"$1,247.77",N,buyer_0006,$611.62,N,refund_req_301919,agent_009,Approved,59,purchase_101919,  APPLIANCES  ,missing_part
06/06/2026 05:33,"$1,345.89",N,buyer_0123,"$1,232.20",N,refund_req_303276,agent_023,Approved,39,purchase_103276,APPLIANCES, damaged_item 
05/10/2026 01:16,$981.99,N,buyer_0452,$981.99,N,refund_req_303352,agent_024,Approved,38,purchase_103352,FASHION,item_not_as_described
04/04/2026 03:54,$527.77,N,buyer_0148,$307.17,Y,refund_req_301700,agent_001, Rejected ,70,purchase_101700,APPLIANCES,
05/05/2026 11:55,$796.36,N,buyer_0100,$638.12,N,refund_req_303699,agent_102,Approved,5,purchase_103699,ELECTRONICS,missing_accessory
04/23/2026 14:26,"$1,294.05",N,buyer_0173,$269.39,Y,refund_req_301077,agent_004,Approved,44,purchase_101077,BOOKS,changed_mind
04/29/2026 17:09,$102.97,N,buyer_0455,$70.67,Y,refund_req_302259,agent_014,  Approved  ,62,purchase_102259,HOME,missing_part
04/21/2026 02:26,$279.14,N,buyer_0169,$163.50,Y,refund_req_301224,agent_008,Rejected,,purchase_101224,SPORTS,wrong_size
05/18/2026 20:01,$396.48,Y,buyer_0475,$370.50,Y,refund_req_303744,agent_103,Approved,1,purchase_103744,HOME,item_not_as_described
04/15/2026 10:31,$164.73,N,buyer_0493,$96.71,N,refund_req_302408,agent_021,Rejected,57,purchase_102408,BEAUTY,allergic_reaction
06/16/2026 14:13,$116.14,N,buyer_0032,$39.67,N,refund_req_301655,agent_018,Approved,73,purchase_101655,FASHION,item_not_as_described
05/26/2026 14:23,$878.24,N,buyer_0348,$492.86,N,refund_req_302749,agent_002,Rejected,87,purchase_102749,ELECTRONICS,missing_accessory
04/12/2026 20:46,"$1,121.26",N,buyer_0120,$978.68,N,refund_req_303029,agent_013,Approved,16,purchase_103029,APPLIANCES,damaged_item
04/05/2026 23:21,$44.19,N,buyer_0043,$15.12,Y,refund_req_300210,agent_018,Approved,59,purchase_100210,Books,changed_mind
04/13/2026 07:46,"$1,416.80",Y,buyer_0180,"$1,416.80",N,refund_req_303560,agent_028,Approved,10,purchase_103560,APPLIANCES,damaged_item
06/02/2026 18:59,$409.49,N,buyer_8002,$338.28,Y,refund_req_304653,agent_802,Approved,13,purchase_104653,SPORTS,wrong_size
06/03/2026 19:52,$466.71,N,buyer_0544,$107.71,N,refund_req_302170,agent_013,Approved,85,purchase_102170,ELECTRONICS,not_working
04/16/2026 22:28,"$1,303.86",N,buyer_9007,"$1,201.82",N,refund_req_304159,agent_014,Approved,53,purchase_104159,ELECTRONICS,item_not_as_described
06/06/2026 19:37,"$1,615.27",N,buyer_0343,"$1,246.86",Y,refund_req_300608,agent_018,APPROVED,59,purchase_100608, ELECTRONICS ,
05/15/2026 12:10,$34.75,N,buyer_0246,$8.86,N,refund_req_302309,agent_015,Approved,125,purchase_102309,  BOOKS  ,damaged_item
04/14/2026 21:23,$439.43,N,buyer_9002,$423.70,Y,refund_req_304162,agent_102, Approved ,37,purchase_104162,SPORTS,damaged_item
04/11/2026 18:00,$150.85,N,buyer_0343,$32.67,N,refund_req_301330,agent_027,Rejected,55,purchase_101330, BEAUTY ,
06/20/2026 06:06,"$1,659.99",N,buyer_0353,"$1,447.54",Y,refund_req_303729,agent_102,Approved,3,purchase_103729,ELECTRONICS,damaged_item
06/20/2026 20:17,"$1,223.31",N,buyer_0242,$955.39,Y,refund_req_304571,agent_701,Approved,28,purchase_104571,BOOKS,damaged_item
04/13/2026 10:17,$81.33,N,buyer_0064,$57.16,N,refund_req_302549,agent_005,Rejected,80,purchase_102549,  BOOKS  ,wrong_item_received
04/09/2026 06:00,$101.10,N,buyer_0025,$33.92,N,refund_req_302094,agent_019,Approved,55,purchase_102094,CLOTHING,changed_mind
04/03/2026 02:36,"$2,132.11",N,buyer_0495,"$1,682.18",Y,refund_req_302997,agent_005,Rejected,106,purchase_102997,ELECTRONICS,damaged_item
04/23/2026 03:12,"$1,549.50",N,buyer_0467,$973.40,N,refund_req_303197,agent_008,Approved,12,purchase_103197,ELECTRONICS,missing_accessory
04/19/2026 06:52,$349.77,N,buyer_9005,$330.06,N,refund_req_304333,agent_016,Approved,57,purchase_104333,HOME,item_not_as_described
06/17/2026 15:21,$161.17,N,buyer_0469,$110.46,Y,refund_req_304493,agent_701,Approved,,purchase_104493,BEAUTY,allergic_reaction
04/26/2026 17:08,$905.55,Y,buyer_0544,$704.47,N,refund_req_304031,agent_002,Approved,14,purchase_104031,ELECTRONICS,damaged_item
04/27/2026 16:16,$40.42,N,buyer_8002,$39.65,Y,refund_req_304722,agent_802,Approved,30,purchase_104722,BEAUTY,damaged_item
04/30/2026 08:43,"$2,815.42",N,buyer_0344,"$1,384.60",N,refund_req_300685,agent_003,Approved,33,purchase_100685,LUXURY,damaged_item
05/20/2026 20:12,$180.65,N,buyer_0104,$106.76,Y,refund_req_300875,agent_010,  Approved  ,55,purchase_100875,FASHION,changed_mind
05/11/2026 06:37,$20.73,N,buyer_0487,$16.57,Y,refund_req_302262,agent_019,Approved,56,purchase_102262,BOOKS,changed_mind
05/06/2026 23:23,$222.57,N,buyer_0552,$163.97,Y,refund_req_300043,agent_020,  Approved  ,51,purchase_100043,SPORTS,wrong_size
04/22/2026 03:42,$36.60,N,buyer_0562,$25.22,N,refund_req_300719,agent_023,Approved,121,purchase_100719,BEAUTY,changed_mind
04/12/2026 07:35,"$1,017.13",Y,buyer_0563,"$1,017.13",Y,refund_req_303447,agent_007,Approved,40,purchase_103447,FASHION,wrong_size
04/23/2026 17:04,"$1,740.13",Y,buyer_9904,"$1,682.54",N,refund_req_304920,agent_902,Approved,8,purchase_104920,APPLIANCES,damaged_item
06/11/2026 12:08,"$2,916.69",N,buyer_0385,"$1,938.80",N,refund_req_303763,agent_103,Approved,1,purchase_103763,luxury,damaged_item
04/06/2026 12:35,$99.38,N,buyer_0295,$20.62,Y,refund_req_301801,agent_003,Approved,61,purchase_101801,SPORTS,damaged_item
04/06/2026 03:28,$470.08,Y,buyer_0427,$226.82,N,refund_req_302602,agent_025,Rejected,75,purchase_102602,FASHION,wrong_size
05/27/2026 20:57,"$1,302.00",Y,buyer_0191,"$1,058.94",Y,refund_req_303944,agent_022,Approved,33,purchase_103944,LUXURY,changed_mind
06/11/2026 09:02,"$1,963.47",N,buyer_8002,"$1,760.87",N,refund_req_304746,agent_802,Approved,25,purchase_104746,ELECTRONICS, missing_accessory 
05/13/2026 11:54,$173.66,N,buyer_8002,$160.39,N,refund_req_304734,agent_802,Approved,21,purchase_104734,BEAUTY,damaged_item
04/09/2026 06:56,"$1,800.70",N,buyer_0525,"$1,386.57",N,refund_req_302017,agent_026,Approved,75,purchase_102017,ELECTRONICS,item_not_as_described
04/19/2026 10:52,"$1,566.18",N,buyer_0314,"$1,424.30",N,refund_req_303032,agent_008,Approved,26,purchase_103032,APPLIANCES,not_working
04/26/2026 17:10,"$2,304.98",N,buyer_0505,"$1,886.73",N,refund_req_303263,agent_002,Approved,15,purchase_103263,LUXURY,changed_mind
05/17/2026 00:15,$176.21,N,buyer_8001,$148.32,N,refund_req_304796,agent_801,Approved,18,purchase_104796,BEAUTY,changed_mind
04/24/2026 14:32,$28.62,N,buyer_0465,$7.97,Y,refund_req_300047,agent_012,Approved,81,purchase_100047,  BOOKS  ,changed_mind
06/20/2026 21:32,$132.39,N,buyer_8001,$125.28,Y,refund_req_304709,agent_801,Approved,23,purchase_104709,SPORTS,item_not_as_described
04/08/2026 08:57,"$2,190.21",N,buyer_0399,"$1,299.53",N,refund_req_304365,agent_702,Approved,23,purchase_104365,ELECTRONICS,not_working
04/02/2026 06:11,$192.53,N,buyer_0288,$63.87,Y,refund_req_301156,agent_025,Approved,52,purchase_101156,CLOTHING,wrong_size
05/13/2026 15:38,$47.50,N,buyer_0557,$30.50,N,refund_req_303691,agent_101,Approved,3,purchase_103691,BOOKS,changed_mind
05/13/2026 14:02,$391.32,Y,buyer_0585,$312.80,N,refund_req_301087,agent_007,Approved,60,purchase_101087,LUXURY,changed_mind
04/17/2026 09:07,$81.66,N,buyer_0398,$65.07,Y,refund_req_302649,agent_001,Rejected,75,purchase_102649,FASHION,changed_mind
05/02/2026 06:23,"$1,030.21",N,buyer_0429,$477.39,Y,refund_req_302478,agent_027,Rejected,72,purchase_102478,ELECTRONICS,damaged_item
06/13/2026 05:56,$405.36,N,buyer_0157,$127.75,N,refund_req_300102,agent_020,Rejected,97,purchase_100102,HOME,item_not_as_described
04/11/2026 19:54,$303.72,N,buyer_0343,$137.19,N,refund_req_302709,agent_024,Approved,63,purchase_102709,SPORTS,item_not_as_described
06/16/2026 07:51,$905.46,N,buyer_0073,$366.52,,refund_req_301907,agent_024,Approved,48,purchase_101907,APPLIANCES, not_working 
05/01/2026 16:05,"$1,179.05",N,buyer_0388,$689.14,N,refund_req_304585,agent_703,Approved,14,purchase_104585,HOME,item_not_as_described
04/16/2026 21:42,$244.65,N,buyer_0165,$80.11,Y,refund_req_301737,agent_003,Approved,34,purchase_101737,HOME,item_not_as_described
04/19/2026 01:29,$291.37,Y,buyer_0527,$232.76,Y,refund_req_302493,agent_029,Approved,61,purchase_102493,HOME,item_not_as_described
05/19/2026 07:25,"$1,574.41",N,buyer_0564,"$1,137.56",Y,refund_req_300242,agent_018,Approved,65,purchase_100242,LUXURY,item_not_as_described
04/12/2026 22:26,$75.25,N,buyer_0065,$18.52,,refund_req_301889,agent_012,Rejected,80,purchase_101889,BEAUTY,allergic_reaction
05/07/2026 21:50,$318.94,N,buyer_0567,$206.00,Y,refund_req_301634,agent_001,Approved,64,purchase_101634,FASHION,item_not_as_described
05/26/2026 08:28,$559.94,N,buyer_9003,$515.33,N,refund_req_304267,agent_017,Approved,35,purchase_104267,HOME,item_not_as_described
05/25/2026 09:10,"$2,226.38",N,buyer_0589,"$1,663.94",Y,refund_req_301908,agent_024,Approved,67,purchase_101908,LUXURY,damaged_item
06/17/2026 01:14,"$2,003.98",N,buyer_0555,"$1,639.06",N,refund_req_303122,agent_019,Approved,18,purchase_103122,ELECTRONICS,not_working
06/06/2026 17:42,$47.74,N,buyer_0252,$24.64,Y,refund_req_302048,agent_011,Approved,61,purchase_102048,BEAUTY,allergic_reaction
05/10/2026 23:57,"$1,179.01",N,buyer_0535,$992.54,Y,refund_req_301914,agent_013,Approved,82,purchase_101914,CLOTHING,item_not_as_described
04/22/2026 15:52,$916.52,N,buyer_0011,$760.66,Y,refund_req_304501,agent_703,Approved,11,purchase_104501,HOME,item_not_as_described
06/10/2026 22:30,"$1,785.71",N,buyer_0046,"$1,208.01",N,refund_req_301713,agent_024,Approved,90,purchase_101713,LUXURY,item_not_as_described
05/09/2026 08:17,"$1,458.31",N,buyer_0534,"$1,022.66",N,refund_req_303110,agent_026,Approved,8,purchase_103110,APPLIANCES, damaged_item 
04/03/2026 19:05,$227.05,N,buyer_0421,$78.50,N,refund_req_300989,agent_014,Rejected,67,purchase_100989,APPLIANCES,not_working
05/24/2026 22:33,$755.00,N,buyer_0165,$393.67,Y,refund_req_303633,agent_103,Approved,5,purchase_103633,LUXURY,changed_mind
05/30/2026 13:44,$257.36,N,buyer_0054,$67.86,N,refund_req_302433,agent_016,Approved,70,purchase_102433,FASHION,changed_mind
05/02/2026 15:01,$259.98,N,buyer_0371,$86.55,Y,refund_req_301187,agent_007,Approved,63,purchase_101187,SPORTS,wrong_size
06/03/2026 16:14,"$1,020.32",N,buyer_0079,$859.03,N,refund_req_303093,agent_002,Approved,10,purchase_103093,LUXURY,changed_mind
06/16/2026 20:22,"$2,230.87",N,buyer_0600,"$1,701.21",,refund_req_301053,agent_014,Approved,79,purchase_101053,LUXURY,damaged_item
04/10/2026 21:00,$56.55,N,buyer_0542,$55.17,Y,refund_req_303754,agent_102,Approved,2,purchase_103754,  SPORTS  ,wrong_size
05/16/2026 08:12,$173.26,N,buyer_0313,$92.71,N,refund_req_300742,agent_030,Rejected,40,purchase_100742,beauty,changed_mind
04/09/2026 19:02,$97.36,N,buyer_0499,$47.01,,refund_req_301129,agent_007,Rejected,51,purchase_101129,BEAUTY,changed_mind
06/18/2026 10:57,$744.09,N,buyer_0127,$680.63,N,refund_req_303625,agent_101,Approved,3,purchase_103625,LUXURY,  item_not_as_described  
05/27/2026 06:38,$51.55,N,buyer_0069,$24.62,Y,refund_req_300549,agent_009,Approved,60,purchase_100549,BOOKS,damaged_item
06/06/2026 04:58,$526.73,N,buyer_0545,$132.74,N,refund_req_300973,agent_014,Approved,53,purchase_100973,HOME,item_not_as_described
04/19/2026 23:44,"$1,033.01",N,buyer_8003,$647.24,N,refund_req_304681,agent_803,Approved,25,purchase_104681,ELECTRONICS,  not_working  
06/14/2026 05:22,"$1,537.22",N,buyer_0234,$352.16,Y,refund_req_301088,agent_027,Approved,65,purchase_101088,APPLIANCES,missing_part
04/02/2026 13:38,"$1,485.26",N,buyer_0225,$620.70,N,refund_req_301812,agent_006,Approved,74,purchase_101812,LUXURY,damaged_item
06/05/2026 10:53,"$1,163.28",Y,buyer_0433,"$1,157.35",N,refund_req_303898,agent_028,Approved,35,purchase_103898,LUXURY,damaged_item
04/12/2026 11:41,$454.32,N,buyer_0560,$380.12,Y,refund_req_302754,agent_017,Approved,36,purchase_102754,FASHION,item_not_as_described
06/16/2026 22:55,$155.60,N,buyer_0031,$122.22,,refund_req_301647,agent_015,Approved,55,purchase_101647,SPORTS,damaged_item
04/04/2026 02:43,"$2,046.05",Y,buyer_0329,"$2,037.78",N,refund_req_304087,agent_003,Approved,23,purchase_104087,LUXURY,  damaged_item  
05/27/2026 02:00,"$1,452.42",Y,buyer_0582,"$1,045.76",N,refund_req_303952,agent_014,Approved,,purchase_103952,LUXURY,item_not_as_described
05/05/2026 21:39,$35.87,N,buyer_0255,$23.51,Y,refund_req_303661,agent_102,Approved,5,purchase_103661,BOOKS,wrong_item_received
04/17/2026 01:41,"$2,676.59",N,buyer_0530,"$1,892.81",,refund_req_300133,agent_022,Rejected,48,purchase_100133,LUXURY,item_not_as_described
04/15/2026 00:30,"$1,072.25",N,buyer_0407,"$1,072.25",N,refund_req_303420,agent_003,Approved,23,purchase_103420,APPLIANCES,not_working
05/11/2026 01:52,"$1,355.88",Y,buyer_0481,"$1,166.83",N,refund_req_303111,agent_003,Approved,,purchase_103111,LUXURY,
04/13/2026 21:07,"$1,359.19",N,buyer_0368,$271.88,Y,refund_req_302198,agent_016,Approved,42,purchase_102198,APPLIANCES,missing_part
06/07/2026 15:31,$979.50,N,buyer_0123,$696.06,N,refund_req_303038,agent_001,  Approved  ,12,purchase_103038,ELECTRONICS,  missing_accessory  
05/18/2026 05:48,"$1,428.95",N,buyer_9008,$896.44,N,refund_req_304328,agent_004,Approved,20,purchase_104328,APPLIANCES,  missing_part  
06/09/2026 18:09,$278.14,Y,buyer_0498,$161.36,N,refund_req_302697,agent_003,Approved,68,purchase_102697,SPORTS,item_not_as_described
04/06/2026 09:53,$24.85,N,buyer_0183,$18.76,Y,refund_req_302230,agent_025,Approved,81,purchase_102230,Books,changed_mind
04/13/2026 04:46,$139.46,N,buyer_0304,$34.66,,refund_req_301478,agent_016,Approved,75,purchase_101478,HOME,item_not_as_described
06/02/2026 06:41,$996.21,N,buyer_8003,$639.08,Y,refund_req_304735,agent_803,Approved,14,purchase_104735,FASHION,changed_mind
05/11/2026 02:50,$181.00,N,buyer_0109,$94.06,N,refund_req_302872,agent_013,Approved,33,purchase_102872,SPORTS,  damaged_item  
05/03/2026 18:56,"$1,466.66",Y,buyer_0319,"$1,385.26",Y,refund_req_303891,agent_022,Approved,21,purchase_103891,ELECTRONICS,damaged_item
04/05/2026 01:29,$130.22,N,buyer_0586,$52.18,Y,refund_req_301568,agent_021,Approved,68,purchase_101568,BEAUTY,damaged_item
05/14/2026 02:05,$960.23,N,buyer_0466,$905.25,N,refund_req_303262,agent_014,Approved,24,purchase_103262,APPLIANCES,not_working
05/30/2026 01:53,"$1,437.65",Y,buyer_0239,"$1,405.68",,refund_req_304073,agent_103,Approved,5,purchase_104073,ELECTRONICS,not_working
05/27/2026 18:11,$378.54,N,buyer_0283,$104.57,Y,refund_req_301051,agent_005, Approved ,69,purchase_101051,LUXURY,damaged_item
05/30/2026 06:51,$233.38,N,buyer_0488,$88.42,Y,refund_req_302909,agent_005,Approved,60,purchase_102909,CLOTHING,changed_mind
06/18/2026 17:14,$38.23,N,buyer_8002,$32.85,N,refund_req_304794,agent_802,Approved,20,purchase_104794,BEAUTY,damaged_item
04/16/2026 09:05,"$1,355.67",N,buyer_0421,$899.30,N,refund_req_303227,agent_021,Approved,12,purchase_103227,APPLIANCES,not_working
05/07/2026 18:21,$135.33,N,buyer_0006,$72.96,Y,refund_req_301370,agent_007,APPROVED,51,purchase_101370,CLOTHING,item_not_as_described
04/04/2026 10:59,"$1,788.14",N,buyer_0129,"$1,471.32",Y,refund_req_302103,agent_013,Approved,76,purchase_102103,LUXURY,damaged_item
05/19/2026 20:35,$441.12,Y,buyer_0364,$184.01,N,refund_req_302794,agent_030,Approved,96,purchase_102794,SPORTS,damaged_item
05/18/2026 21:10,$96.26,N,buyer_0404,$57.11,N,refund_req_300516,agent_017,Rejected,80,purchase_100516,CLOTHING,  changed_mind  
05/28/2026 15:59,$59.69,N,buyer_0170,$26.07,N,refund_req_300111,agent_027,Approved,85,purchase_100111,home,item_not_as_described
04/21/2026 21:24,"$1,792.25",N,buyer_0141,$963.45,N,refund_req_300144,agent_002,Approved,81,purchase_100144,ELECTRONICS,damaged_item
05/07/2026 00:47,"$1,365.73",N,buyer_0330,"$1,365.73",N,refund_req_303506,agent_015,Approved,44,purchase_103506,APPLIANCES,
06/20/2026 07:44,$33.46,N,buyer_0115,$17.70,Y,refund_req_301063,agent_001,Approved,53,purchase_101063,BOOKS,changed_mind
04/16/2026 07:44,$34.80,N,buyer_0125,$26.33,N,refund_req_300473,agent_020,Approved,63,purchase_100473,BEAUTY,changed_mind
05/16/2026 07:18,$915.51,N,buyer_0456,$503.01,,refund_req_301079,agent_027,Rejected,44,purchase_101079,HOME,  missing_part  
04/22/2026 03:58,$137.58,N,buyer_0106,$111.33,N,refund_req_303796,agent_103,Approved,5,purchase_103796,BEAUTY,allergic_reaction
04/14/2026 03:24,"$1,238.84",N,buyer_0322,"$1,238.84",N,refund_req_303517,agent_002,Approved,44,purchase_103517,FASHION,item_not_as_described
05/25/2026 13:29,"$2,711.60",N,buyer_0012,"$2,679.97",Y,refund_req_304556,agent_701,Approved,23,purchase_104556,LUXURY,item_not_as_described
06/09/2026 13:06,$67.62,N,buyer_0013,$27.23,N,refund_req_301868,agent_029,Approved,73,purchase_101868,BEAUTY,  allergic_reaction  
05/31/2026 02:10,$745.86,N,buyer_8001,$517.35,N,refund_req_304748,agent_801,Approved,22,purchase_104748,ELECTRONICS,missing_accessory
06/02/2026 16:28,"$1,170.96",N,buyer_0415,$490.88,Y,refund_req_304547,agent_701,Approved,30,purchase_104547,SPORTS,item_not_as_described
05/14/2026 07:05,"$2,004.85",N,buyer_9002,"$1,682.18",Y,refund_req_304194,agent_029,Approved,66,purchase_104194,LUXURY,changed_mind
06/17/2026 17:43,$123.05,N,buyer_0394,$87.88,Y,refund_req_300223,agent_019,APPROVED,81,purchase_100223,CLOTHING,wrong_size
04/02/2026 03:03,"$1,411.89",N,buyer_0300,"$1,207.68",N,refund_req_303212,agent_015,Approved,17,purchase_103212,ELECTRONICS,item_not_as_described
05/26/2026 15:58,$136.74,N,buyer_0094,$52.64,Y,refund_req_302552,agent_006,Rejected,50,purchase_102552,BEAUTY,changed_mind
05/31/2026 04:34,"$2,056.88",N,buyer_9004,"$1,066.49",N,refund_req_304124,agent_015,Approved,22,purchase_104124,LUXURY,item_not_as_described
05/31/2026 13:22,"$1,163.06",N,buyer_0568,$704.53,N,refund_req_303183,agent_026,Approved,14,purchase_103183,ELECTRONICS,missing_accessory
04/07/2026 22:14,"$1,798.85",N,buyer_0084,"$1,155.63",N,refund_req_304388,agent_701,Approved,25,purchase_104388, APPLIANCES ,not_working
04/29/2026 15:19,$83.04,N,buyer_0045,$70.37,,refund_req_301273,agent_014,Approved,49,purchase_101273, BEAUTY ,changed_mind
05/17/2026 11:34,$258.99,N,buyer_9006,$169.64,Y,refund_req_304342,agent_020,Approved,11,purchase_104342,SPORTS,
06/20/2026 00:16,$111.52,N,buyer_0211,$68.47,,refund_req_300842,agent_016,Rejected,104,purchase_100842,SPORTS,wrong_size
04/11/2026 06:02,$57.90,N,buyer_0028,$40.48,Y,refund_req_300968,agent_016,Approved,90,purchase_100968,BOOKS,wrong_item_received
05/11/2026 20:10,$520.05,N,buyer_0037,$133.00,N,refund_req_301106,agent_024,Approved,40,purchase_101106,FASHION,wrong_size
04/16/2026 16:56,$402.00,N,buyer_0376,$145.62,,refund_req_300128,agent_017,Approved,97,purchase_100128,  HOME  ,missing_part
05/29/2026 14:12,$22.16,N,buyer_0113,$6.48,Y,refund_req_301603,agent_024,Approved,70,purchase_101603,BOOKS,damaged_item
05/11/2026 13:32,"$1,371.16",Y,buyer_0300,$918.02,Y,refund_req_304014,agent_021,Approved,30,purchase_104014,APPLIANCES,not_working
04/15/2026 10:50,"$1,071.35",N,buyer_8002,$812.10,N,refund_req_304761,agent_802,Approved,29,purchase_104761,SPORTS,
04/24/2026 01:19,"$1,264.91",N,buyer_0549,$970.01,N,refund_req_301078,agent_006,Rejected,66,purchase_101078,Luxury,damaged_item
06/18/2026 22:09,"$1,918.33",Y,buyer_9902,"$1,919.68",N,refund_req_304809,agent_901,Approved,4,purchase_104809,ELECTRONICS,missing_accessory
06/18/2026 20:08,"$1,525.03",N,buyer_0030,$410.01,Y,refund_req_300447,agent_005,Approved,97,purchase_100447,ELECTRONICS,damaged_item
05/19/2026 03:35,$405.31,N,buyer_0022,$184.81,,refund_req_301205,agent_017,Approved,103,purchase_101205,SPORTS,wrong_size
05/22/2026 20:54,$484.47,N,buyer_0035,$222.17,N,refund_req_302495,agent_014,approved,82,purchase_102495,FASHION,wrong_size
05/22/2026 09:53,$149.97,N,buyer_0394,$76.99,N,refund_req_300479,agent_001,Approved,47,purchase_100479,BEAUTY,damaged_item
04/12/2026 06:12,$75.59,N,buyer_0534,$26.68,N,refund_req_302842,agent_003,Rejected,44,purchase_102842, Beauty ,changed_mind
05/04/2026 15:12,$496.87,N,buyer_9006,$334.95,,refund_req_304294,agent_015,Approved,63,purchase_104294,APPLIANCES,damaged_item
04/23/2026 23:32,$62.78,N,buyer_0112,$39.98,N,refund_req_300431,agent_002,Rejected,112,purchase_100431,CLOTHING,item_not_as_described
04/11/2026 01:40,"$1,738.63",Y,buyer_9905,"$1,725.74",N,refund_req_304898,agent_902,Approved,7,purchase_104898,ELECTRONICS,missing_accessory
06/18/2026 05:23,$167.88,N,buyer_0325,$96.36,Y,refund_req_301682,agent_019,Approved,,purchase_101682,BEAUTY,damaged_item
06/07/2026 08:30,$903.94,Y,buyer_9904,$876.57,,refund_req_304912,agent_902,Approved,9,purchase_104912,ELECTRONICS,damaged_item
04/30/2026 08:29,$972.86,N,buyer_8003,$667.49,Y,refund_req_304672,agent_803,APPROVED,22,purchase_104672,FASHION,  changed_mind  
04/06/2026 18:32,$63.58,N,buyer_0195,$42.51,Y,refund_req_300074,agent_008,Approved,64,purchase_100074,BOOKS,changed_mind
05/26/2026 23:44,$52.72,N,buyer_0082,$34.30,Y,refund_req_302346,agent_020,Approved,70,purchase_102346,BOOKS,damaged_item
06/08/2026 05:33,"$1,202.81",N,buyer_0484,$704.75,N,refund_req_302601,agent_022,Rejected,48,purchase_102601,BEAUTY,allergic_reaction
05/12/2026 11:31,$180.46,N,buyer_0379,$96.84,,refund_req_300337,agent_009,Approved,27,purchase_100337,CLOTHING,changed_mind
04/22/2026 03:56,$950.89,N,buyer_0413,$950.89,N,refund_req_303399,agent_007,Approved,59,purchase_103399,FASHION,item_not_as_described
04/08/2026 02:15,$172.85,N,buyer_0140,$103.97,Y,refund_req_300380,agent_006,Approved,47,purchase_100380,CLOTHING,wrong_size
05/20/2026 06:08,"$2,770.79",Y,buyer_9902,"$2,483.00",N,refund_req_304847,agent_901,Approved,1,purchase_104847,Luxury,changed_mind
04/21/2026 17:06,$279.28,N,buyer_0199,$96.47,Y,refund_req_302703,agent_025,Approved,52,purchase_102703,HOME,missing_part
06/10/2026 23:21,$972.67,N,buyer_0132,$972.67,Y,refund_req_303374,agent_029,approved,25,purchase_103374,FASHION,item_not_as_described
05/23/2026 12:06,$274.63,N,buyer_0527,$225.82,N,refund_req_302970,agent_011,Rejected,72,purchase_102970,HOME,missing_part
05/20/2026 21:34,"$1,067.38",Y,buyer_0152,$686.00,N,refund_req_300697,agent_023,Approved,49,purchase_100697,ELECTRONICS, damaged_item 
05/27/2026 00:56,"$1,362.52",N,buyer_8003,"$1,025.15",Y,refund_req_304702,agent_803,Approved,16,purchase_104702,ELECTRONICS, missing_accessory 
04/15/2026 10:37,$937.27,N,buyer_9007,$578.91,N,refund_req_304263,agent_026,Approved,12,purchase_104263,ELECTRONICS,damaged_item
06/13/2026 19:26,$626.34,N,buyer_0194,$456.24,N,refund_req_302585,agent_009, Approved ,,purchase_102585,FASHION,wrong_size
04/19/2026 09:08,$353.14,N,buyer_0142,$207.54,N,refund_req_301719,agent_005,Rejected,90,purchase_101719,FASHION,wrong_size
04/03/2026 00:10,$156.09,N,buyer_0586,$53.68,Y,refund_req_300275,agent_028,Approved,26,purchase_100275,HOME,item_not_as_described
05/09/2026 20:23,"$1,090.05",N,buyer_0223,"$1,090.05",Y,refund_req_303390,agent_026,Approved,20,purchase_103390,APPLIANCES,damaged_item
06/03/2026 01:38,$91.41,N,buyer_0081,$66.59,Y,refund_req_302365,agent_003,Rejected,35,purchase_102365,SPORTS,  wrong_size  
06/12/2026 21:53,$162.06,N,buyer_0366,$79.58,Y,refund_req_302410,agent_026,Approved,79,purchase_102410,CLOTHING,item_not_as_described
05/26/2026 05:08,$176.94,N,buyer_0122,$81.74,Y,refund_req_301166,agent_015,Approved,65,purchase_101166,SPORTS,damaged_item
05/18/2026 00:07,"$2,010.06",N,buyer_0155,"$2,010.06",Y,refund_req_303383,agent_021,Approved,58,purchase_103383,LUXURY,item_not_as_described
04/05/2026 09:19,$529.52,N,buyer_0539,$425.01,N,refund_req_302870,agent_028,Approved,37,purchase_102870,FASHION,item_not_as_described
05/14/2026 14:05,"$2,207.12",Y,buyer_0054,"$1,726.41",N,refund_req_302836,agent_010,Approved,80,purchase_102836,LUXURY,
04/17/2026 00:51,"$1,114.39",N,buyer_0575,$365.32,Y,refund_req_302423,agent_025, Rejected ,57,purchase_102423,ELECTRONICS,missing_accessory
06/03/2026 18:05,$490.07,N,buyer_0247,$353.60,Y,refund_req_300279,agent_017,Approved,29,purchase_100279,HOME,item_not_as_described
04/30/2026 19:08,"$1,023.35",Y,buyer_9903,"$1,071.90",N,refund_req_304945,agent_901,Approved,,purchase_104945,ELECTRONICS,damaged_item
05/10/2026 12:03,$357.68,N,buyer_0251,$251.94,N,refund_req_301616,agent_016,rejected,91,purchase_101616,FASHION,changed_mind
06/08/2026 16:43,"$1,122.79",N,buyer_0147,"$1,122.79",N,refund_req_303410,agent_006,Approved,23,purchase_103410,FASHION,changed_mind
06/07/2026 01:02,$149.71,N,buyer_0002,$49.63,Y,refund_req_301605,agent_024,Approved,88,purchase_101605,BEAUTY,allergic_reaction
05/30/2026 11:01,"$1,971.05",N,buyer_0171,"$1,322.35",,refund_req_303169,agent_001,Approved,,purchase_103169,ELECTRONICS,missing_accessory
06/16/2026 22:09,$598.88,N,buyer_8003,$375.41,Y,refund_req_304699,agent_803,Approved,6,purchase_104699,FASHION,wrong_size
04/16/2026 00:28,$392.36,N,buyer_8002,$265.46,N,refund_req_304626,agent_802,Approved,24,purchase_104626,FASHION,wrong_size
06/05/2026 02:02,"$1,281.04",N,buyer_0551,"$1,281.04",N,refund_req_303423,agent_016,Approved,24,purchase_103423,APPLIANCES,not_working
04/29/2026 18:57,$895.03,N,buyer_0191,$242.95,N,refund_req_301573,agent_020,Rejected,88,purchase_101573,  APPLIANCES  ,not_working
06/13/2026 18:23,"$1,697.84",N,buyer_0486,"$1,697.84",N,refund_req_303497,agent_021,Approved,56,purchase_103497,APPLIANCES,not_working
04/03/2026 05:59,$101.92,N,buyer_0413,$68.53,N,refund_req_300767,agent_015,Rejected,41,purchase_100767,BEAUTY,damaged_item
04/05/2026 20:48,$989.73,N,buyer_0414,$831.54,Y,refund_req_300289,agent_030,Approved,79,purchase_100289,HOME,
06/09/2026 07:31,$959.91,N,buyer_0496,$543.13,N,refund_req_304553,agent_701,Approved,27,purchase_104553,APPLIANCES,not_working
05/12/2026 11:34,$598.50,N,buyer_9008,$408.99,N,refund_req_304240,agent_029,Approved,18,purchase_104240,APPLIANCES,
05/06/2026 03:56,$81.62,Y,buyer_8003,$49.81,Y,refund_req_304756,agent_803,Approved,25,purchase_104756,BEAUTY,changed_mind
04/09/2026 21:46,"$1,383.64",N,buyer_0553,"$1,286.58",Y,refund_req_303604,agent_101,Approved,1,purchase_103604,APPLIANCES,not_working
06/19/2026 20:39,$119.88,Y,buyer_0500,$87.26,Y,refund_req_303684,agent_102,Approved,1,purchase_103684,beauty,allergic_reaction
05/26/2026 21:37,$132.04,N,buyer_0367,$42.39,N,refund_req_300961,agent_006,Approved,82,purchase_100961,CLOTHING,changed_mind
06/01/2026 00:21,$94.48,N,buyer_0294,$88.84,Y,refund_req_303565,agent_103,Approved,2,purchase_103565,BEAUTY,allergic_reaction
06/01/2026 11:34,$431.11,N,buyer_0541,$334.70,Y,refund_req_301461,agent_019,Approved,51,purchase_101461,APPLIANCES,damaged_item
05/26/2026 12:56,$41.83,N,buyer_0101,$13.80,Y,refund_req_300494,agent_008, Rejected ,80,purchase_100494,BOOKS,changed_mind
04/06/2026 09:11,"$1,447.33",N,buyer_0417,"$1,447.33",N,refund_req_303392,agent_012,Approved,12,purchase_103392,LUXURY,changed_mind
04/12/2026 00:14,"$1,685.91",N,buyer_0403,$967.57,Y,refund_req_300404,agent_022,Approved,66,purchase_100404, ELECTRONICS ,item_not_as_described
05/19/2026 03:17,"$2,104.37",Y,buyer_0551,"$1,825.35",N,refund_req_304017,agent_020,Approved,24,purchase_104017,ELECTRONICS,item_not_as_described
04/02/2026 23:30,"$2,024.85",Y,buyer_0165,"$1,837.87",Y,refund_req_303977,agent_026,Approved,16,purchase_103977,ELECTRONICS,damaged_item
04/01/2026 21:24,$357.21,N,buyer_0224,$138.54,,refund_req_301506,agent_023,Approved,40,purchase_101506,Home,
04/06/2026 11:19,"$1,589.85",N,buyer_0269,$330.23,N,refund_req_300469,agent_016,Rejected,107,purchase_100469,APPLIANCES,missing_part
05/31/2026 23:03,$110.60,N,buyer_0460,$84.12,N,refund_req_300691,agent_019,Approved,53,purchase_100691,SPORTS,damaged_item
06/10/2026 05:24,"$1,019.88",N,buyer_0522,$418.17,N,refund_req_304367,agent_701,Approved,10,purchase_104367,CLOTHING,  changed_mind  
06/04/2026 00:40,"$2,439.16",N,buyer_0217,"$1,791.78",,refund_req_302889,agent_026,Rejected,67,purchase_102889,Luxury,changed_mind
04/13/2026 00:30,$268.77,N,buyer_0282,$90.41,Y,refund_req_300433,agent_004,Approved,,purchase_100433,HOME,item_not_as_described
06/12/2026 03:12,"$2,962.34",N,buyer_0211,"$1,031.20",N,refund_req_302624,agent_010,Rejected,51,purchase_102624,LUXURY,damaged_item
05/15/2026 11:47,$208.02,Y,buyer_0030,$137.55,Y,refund_req_303596,agent_102,Approved,4,purchase_103596,  CLOTHING  ,changed_mind
05/20/2026 16:32,$365.54,N,buyer_0077,$76.14,,refund_req_302700,agent_025,  Approved  ,83,purchase_102700,Home,missing_part
05/02/2026 01:03,"$1,382.41",N,buyer_0309,$445.99,,refund_req_300224,agent_028,Approved,38,purchase_100224,ELECTRONICS,damaged_item
06/02/2026 02:58,$263.60,N,buyer_0441,$182.50,Y,refund_req_301704,agent_026,Approved,53,purchase_101704,HOME,item_not_as_described
06/13/2026 21:13,"$2,826.44",N,buyer_0518,"$2,382.12",N,refund_req_303637,agent_103,Approved,5,purchase_103637,LUXURY,damaged_item
04/13/2026 06:06,$38.88,N,buyer_0056,$13.48,N,refund_req_301699,agent_014,Approved,50,purchase_101699,BEAUTY,allergic_reaction
04/05/2026 16:00,"$1,490.75",N,buyer_9007,$757.12,N,refund_req_304271,agent_013,Approved,43,purchase_104271,ELECTRONICS, item_not_as_described 
06/20/2026 08:34,"$1,137.18",N,buyer_0110,$642.25,Y,refund_req_301257,agent_018,Rejected,46,purchase_101257,APPLIANCES,not_working
04/07/2026 19:44,$94.83,N,buyer_8001,$85.64,N,refund_req_304646,agent_801,Approved,10,purchase_104646,SPORTS,item_not_as_described
05/30/2026 11:28,$68.05,N,buyer_0054,$49.63,N,refund_req_301596,agent_010,Rejected,73,purchase_101596,HOME,missing_part
04/12/2026 06:01,$141.84,N,buyer_0488,$39.15,Y,refund_req_302863,agent_017,Approved,91,purchase_102863,SPORTS,item_not_as_described
05/26/2026 02:56,$990.70,N,buyer_0086,$702.28,Y,refund_req_300627,agent_015,Approved,95,purchase_100627,APPLIANCES,not_working
05/05/2026 01:22,$78.23,N,buyer_8003,$74.24,Y,refund_req_304726,agent_803,Approved,25,purchase_104726,BEAUTY,damaged_item
05/10/2026 02:31,$452.00,N,buyer_0261,$296.18,Y,refund_req_301794,agent_008,Approved,24,purchase_101794,FASHION,wrong_size
06/20/2026 01:10,$76.62,N,buyer_0263,$31.35,N,refund_req_301015,agent_007,Rejected,58,purchase_101015,BEAUTY,changed_mind
04/30/2026 07:39,$35.52,N,buyer_0593,$14.02,Y,refund_req_300649,agent_028,Approved,24,purchase_100649,BOOKS,wrong_item_received
05/18/2026 11:43,"$2,876.42",Y,buyer_0540,"$2,220.48",N,refund_req_303866,agent_014,Approved,8,purchase_103866,LUXURY,item_not_as_described
05/27/2026 15:55,$76.62,N,buyer_0586,$65.60,N,refund_req_304564,agent_703,Approved,27,purchase_104564,  BEAUTY  ,damaged_item
05/25/2026 06:21,$52.56,N,buyer_0241,$26.01,N,refund_req_300080,agent_004,Rejected,55,purchase_100080,CLOTHING,item_not_as_described
06/11/2026 15:03,"$1,570.81",N,buyer_0462,$481.62,Y,refund_req_301623,agent_002,Approved,63,purchase_101623,ELECTRONICS,damaged_item
06/17/2026 13:38,"$1,093.31",N,buyer_0517,$481.83,Y,refund_req_302271,agent_020,Approved,79,purchase_102271,CLOTHING,changed_mind
06/21/2026 04:38,"$1,175.18",N,buyer_0600,$602.29,N,refund_req_301288,agent_006,Rejected,,purchase_101288,BOOKS,changed_mind
06/18/2026 03:37,"$2,744.51",N,buyer_0071,$917.25,N,refund_req_300670,agent_024,Rejected,45,purchase_100670,LUXURY,damaged_item
05/26/2026 10:48,$67.17,N,buyer_0435,$46.37,Y,refund_req_304495,agent_703,Approved,7,purchase_104495,BOOKS,damaged_item
04/04/2026 00:57,"$1,770.20",N,buyer_0440,$999.54,N,refund_req_300930,agent_010,Approved,63,purchase_100930,APPLIANCES, missing_part 
04/11/2026 17:42,$84.71,Y,buyer_0221,$67.21,N,refund_req_302371,agent_022,Approved,47,purchase_102371,BEAUTY,
05/23/2026 03:49,"$2,061.84",N,buyer_0472,$519.52,Y,refund_req_301892,agent_011,Approved,56,purchase_101892,ELECTRONICS,item_not_as_described
06/14/2026 15:17,$621.08,N,buyer_0017,$445.01,Y,refund_req_301240,agent_014,Rejected,72,purchase_101240,FASHION,item_not_as_described
04/02/2026 22:49,$48.83,N,buyer_0395,$14.19,N,refund_req_301127,agent_024,Approved,58,purchase_101127,home,item_not_as_described
04/24/2026 16:26,"$1,266.93",Y,buyer_9901,"$1,146.11",N,refund_req_304927,agent_901,Approved,2,purchase_104927,APPLIANCES,damaged_item
05/24/2026 12:06,"$1,223.34",N,buyer_0308,$548.06,N,refund_req_300402,agent_020,Rejected,95,purchase_100402,CLOTHING,changed_mind
05/14/2026 04:34,"$1,585.92",N,buyer_0154,"$1,585.92",N,refund_req_303484,agent_006,Approved,47,purchase_103484,APPLIANCES,missing_part
06/11/2026 04:37,"$1,494.42",N,buyer_0587,"$1,338.39",N,refund_req_303144,agent_102,Approved,10,purchase_103144,LUXURY,item_not_as_described
05/08/2026 22:05,"$1,615.83",N,buyer_0266,$970.98,N,refund_req_303006,agent_021,Approved,43,purchase_103006,APPLIANCES,missing_part
04/30/2026 03:49,"$1,086.03",N,buyer_0436,"$1,086.03",Y,refund_req_303364,agent_013,Approved,39,purchase_103364,Fashion,wrong_size
05/11/2026 00:22,"$1,516.01",Y,buyer_0278,"$1,289.68",Y,refund_req_304012,agent_015,Approved,17,purchase_104012,appliances,damaged_item
05/09/2026 15:44,$506.94,N,buyer_0536,$448.54,Y,refund_req_304580,agent_701, Approved ,22,purchase_104580,FASHION,changed_mind
06/11/2026 20:07,$938.61,N,buyer_8001,$868.45,N,refund_req_304664,agent_801,Approved,8,purchase_104664,SPORTS,item_not_as_described
06/12/2026 18:24,"$2,278.75",N,buyer_0578,"$1,932.27",N,refund_req_303126,agent_021,Approved,,purchase_103126,LUXURY,damaged_item
04/28/2026 02:27,"$1,079.88",N,buyer_0473,$348.99,N,refund_req_301696,agent_026,Rejected,43,purchase_101696,ELECTRONICS,damaged_item
04/12/2026 13:51,$283.21,N,buyer_0210,$127.78,Y,refund_req_300667,agent_013,Approved,,purchase_100667,APPLIANCES,damaged_item
04/14/2026 13:56,"$1,503.74",N,buyer_0163,$788.91,N,refund_req_300869,agent_028,Rejected,54,purchase_100869,ELECTRONICS,damaged_item
05/28/2026 08:54,$120.56,N,buyer_0310,$78.37,Y,refund_req_301830,agent_011,Approved,63,purchase_101830,BEAUTY,changed_mind
06/09/2026 05:15,$920.79,N,buyer_9003,$543.58,Y,refund_req_304347,agent_014, Approved ,35,purchase_104347,APPLIANCES,damaged_item
05/29/2026 11:03,$162.86,N,buyer_8003,$133.85,N,refund_req_304744,agent_803, Approved ,25,purchase_104744,BEAUTY,damaged_item
06/05/2026 15:07,$55.75,N,buyer_9007,$55.52,Y,refund_req_304135,agent_012,approved,13,purchase_104135,CLOTHING,item_not_as_described
04/23/2026 20:54,"$1,469.28",N,buyer_0114,"$1,154.05",N,refund_req_303158,agent_025,Approved,38,purchase_103158,ELECTRONICS,damaged_item
05/23/2026 06:50,$70.10,N,buyer_0303,$22.02,N,refund_req_300158,agent_026,Rejected,42,purchase_100158,BOOKS,  damaged_item  
06/08/2026 14:57,$798.49,N,buyer_0564,$628.71,Y,refund_req_300730,agent_003,Approved,,purchase_100730,APPLIANCES,  damaged_item  
05/29/2026 16:21,"$2,833.42",N,buyer_0246,"$2,263.62",Y,refund_req_300991,agent_012,Approved,66,purchase_100991,LUXURY,item_not_as_described
05/11/2026 04:51,$217.35,N,buyer_0094,$146.99,N,refund_req_302366,agent_019,Rejected,,purchase_102366,CLOTHING,changed_mind
05/16/2026 19:19,$187.56,N,buyer_0165,$130.41,Y,refund_req_302442,agent_014,Approved,61,purchase_102442, CLOTHING ,wrong_size
05/05/2026 13:44,$38.10,N,buyer_0269,$27.12,N,refund_req_304366,agent_703,Approved,27,purchase_104366,BOOKS,changed_mind
04/13/2026 12:46,"$1,622.66",N,buyer_0169,$986.99,Y,refund_req_300222,agent_020,Approved,,purchase_100222,ELECTRONICS,item_not_as_described
05/16/2026 09:14,$100.96,Y,buyer_0025,$43.61,Y,refund_req_300975,agent_025, Approved ,,purchase_100975,sports,item_not_as_described
04/18/2026 06:37,$431.75,N,buyer_0374,$166.68,Y,refund_req_302548,agent_017,  Approved  ,66,purchase_102548,SPORTS,damaged_item
04/29/2026 15:22,"$1,201.96",Y,buyer_0454,$509.15,Y,refund_req_304540,agent_703,Approved,29,purchase_104540,CLOTHING,
06/10/2026 05:25,"$1,532.96",N,buyer_0176,$877.75,N,refund_req_301936,agent_005,APPROVED,74,purchase_101936,ELECTRONICS,item_not_as_described
06/12/2026 10:41,$347.17,N,buyer_0450,$215.75,N,refund_req_302810,agent_022,Approved,75,purchase_102810, SPORTS ,item_not_as_described
04/20/2026 17:29,$308.46,N,buyer_0538,$137.86,Y,refund_req_301001,agent_028,Rejected,52,purchase_101001,HOME,damaged_item
06/13/2026 03:46,$45.43,N,buyer_0127,$23.92,N,refund_req_301460,agent_008,Approved,63,purchase_101460,BOOKS,changed_mind
04/07/2026 19:09,"$1,539.41",N,buyer_0386,$582.02,N,refund_req_301441,agent_010,rejected,65,purchase_101441,  Electronics  ,item_not_as_described
05/26/2026 17:42,$954.76,N,buyer_0136,$442.49,Y,refund_req_304389,agent_702,Approved,30,purchase_104389,HOME,missing_part
05/26/2026 05:39,"$1,001.13",N,buyer_0312,$554.21,Y,refund_req_302855,agent_005,Approved,48,purchase_102855,FASHION,changed_mind
06/19/2026 20:39,$119.88,Y,buyer_0500,$87.26,Y,refund_req_303684,agent_102,Approved,1,purchase_103684,beauty,allergic_reaction
05/19/2026 03:10,"$1,977.41",Y,buyer_0332,"$1,581.05",N,refund_req_301472,agent_018,Approved,40,purchase_101472,LUXURY,changed_mind
05/18/2026 08:12,$92.15,Y,buyer_0256,$21.85,,refund_req_302843,agent_011,Approved,67,purchase_102843,BEAUTY,changed_mind
04/06/2026 12:22,"$2,139.41",N,buyer_0270,"$1,285.81",N,refund_req_300543,agent_013,Approved,106,purchase_100543,ELECTRONICS,missing_accessory
04/14/2026 03:39,"$2,155.76",Y,buyer_9905,"$1,985.04",N,refund_req_304938,agent_902,Approved,9,purchase_104938,ELECTRONICS,  not_working  
04/23/2026 05:14,$948.99,N,buyer_0491,$714.91,N,refund_req_302681,agent_020,Approved,97,purchase_102681,CLOTHING,changed_mind
04/17/2026 14:44,"$1,061.47",N,buyer_0308,$720.78,N,refund_req_301707,agent_014,Rejected,81,purchase_101707,CLOTHING,
05/28/2026 20:11,"$2,735.46",N,buyer_0116,$794.99,Y,refund_req_300514,agent_011,Approved,51,purchase_100514,  LUXURY  ,changed_mind
06/03/2026 08:02,"$1,759.81",Y,buyer_0506,"$1,748.09",Y,refund_req_304113,agent_017,Approved,12,purchase_104113,ELECTRONICS,missing_accessory
05/31/2026 17:52,"$1,865.14",N,buyer_0200,"$1,483.51",N,refund_req_303241,agent_102,Approved,14,purchase_103241,LUXURY,damaged_item
05/08/2026 20:41,"$1,107.45",N,buyer_0579,$322.43,Y,refund_req_301033,agent_006,Approved,85,purchase_101033,BEAUTY,changed_mind
06/20/2026 07:44,$8.27,N,buyer_0427,$2.61,Y,refund_req_302819,agent_010,Approved,63,purchase_102819,BOOKS,changed_mind
05/28/2026 22:21,"$1,273.67",Y,buyer_0074,$963.08,N,refund_req_304065,agent_027,Approved,30,purchase_104065,LUXURY,item_not_as_described
06/14/2026 10:34,$548.95,N,buyer_0591,$186.18,Y,refund_req_301379,agent_005,Approved,81,purchase_101379,HOME,damaged_item
04/13/2026 22:48,$331.30,N,buyer_0362,$93.07,Y,refund_req_301515,agent_003,APPROVED,69,purchase_101515,HOME,damaged_item
04/25/2026 02:51,"$1,143.40",Y,buyer_0046,$846.24,N,refund_req_303989,agent_101,Approved,30,purchase_103989,APPLIANCES,missing_part
06/01/2026 15:26,"$2,461.10",Y,buyer_0136,"$2,219.49",N,refund_req_303868,agent_013,Approved,28,purchase_103868,LUXURY,changed_mind
05/12/2026 16:29,$32.08,N,buyer_9001,$30.07,Y,refund_req_304201,agent_017,Approved,28,purchase_104201,BEAUTY,changed_mind
05/21/2026 15:25,"$1,275.79",N,buyer_8001,$950.35,N,refund_req_304676,agent_801,Approved,20,purchase_104676,ELECTRONICS,not_working
04/10/2026 08:07,$98.37,N,buyer_9002,$55.84,,refund_req_304242,agent_029,APPROVED,25,purchase_104242,BEAUTY,allergic_reaction
04/09/2026 21:38,$226.30,N,buyer_0182,$174.77,Y,refund_req_301296,agent_028,Approved,91,purchase_101296,SPORTS,item_not_as_described
04/16/2026 07:25,$31.31,N,buyer_0303,$21.55,Y,refund_req_303787,agent_101,Approved,4,purchase_103787,BOOKS,wrong_item_received
04/22/2026 10:12,"$1,735.06",N,buyer_0108,"$1,109.98",Y,refund_req_300536,agent_022,Approved,51,purchase_100536,LUXURY,damaged_item
06/19/2026 16:43,"$1,408.94",N,buyer_0023,"$1,324.16",N,refund_req_303233,agent_024,Approved,35,purchase_103233,APPLIANCES,damaged_item
05/20/2026 04:12,$301.19,N,buyer_8001,$272.54,N,refund_req_304733,agent_801,Approved,25,purchase_104733,SPORTS,wrong_size
06/19/2026 11:13,"$2,127.10",Y,buyer_0342,"$1,778.25",Y,refund_req_303997,agent_004,Approved,5,purchase_103997,ELECTRONICS,item_not_as_described
04/22/2026 11:13,"$2,143.89",N,buyer_0480,"$1,150.46",Y,refund_req_302619,agent_020,Approved,70,purchase_102619,LUXURY,damaged_item
05/18/2026 00:52,$40.94,N,buyer_0110,$30.25,N,refund_req_302156,agent_013,Rejected,,purchase_102156,BOOKS,wrong_item_received
04/08/2026 16:56,$90.40,N,buyer_8002,$60.25,Y,refund_req_304644,agent_802,Approved,15,purchase_104644,  BEAUTY  ,damaged_item
06/19/2026 18:45,$179.22,N,buyer_0081,$107.35,N,refund_req_300361,agent_004,Rejected,83,purchase_100361,CLOTHING,wrong_size
04/09/2026 03:01,"$1,627.85",Y,buyer_0023,"$1,365.80",,refund_req_303990,agent_026,Approved,5,purchase_103990,LUXURY,changed_mind
06/17/2026 10:05,$96.57,N,buyer_0514,$62.83,Y,refund_req_302081,agent_029,APPROVED,72,purchase_102081,CLOTHING,changed_mind
04/04/2026 09:01,"$1,388.08",N,buyer_0318,$289.52,N,refund_req_302385,agent_005, Rejected ,,purchase_102385,LUXURY,item_not_as_described
04/20/2026 17:12,"$1,759.24",N,buyer_9001,"$1,258.80",N,refund_req_304241,agent_101,Approved,66,purchase_104241,LUXURY,item_not_as_described
04/17/2026 15:41,$283.80,N,buyer_0460,$200.60,Y,refund_req_301863,agent_009,Approved,75,purchase_101863,SPORTS,item_not_as_described
05/03/2026 13:31,$563.94,N,buyer_0302,$346.94,Y,refund_req_300474,agent_009,Rejected,63,purchase_100474,Home,missing_part
04/10/2026 06:31,$913.92,Y,buyer_0442,$603.22,N,refund_req_303855,agent_026,Approved,30,purchase_103855,  LUXURY  ,changed_mind
04/07/2026 14:25,$414.10,N,buyer_0244,$171.92,Y,refund_req_302474,agent_015,Approved,115,purchase_102474,HOME,damaged_item
04/30/2026 19:50,$34.20,N,buyer_0488,$19.51,,refund_req_302362,agent_025,Approved,,purchase_102362,SPORTS,damaged_item
05/16/2026 05:43,"$1,174.86",N,buyer_0389,$591.84,Y,refund_req_301291,agent_011,Approved,61,purchase_101291,ELECTRONICS,missing_accessory
04/09/2026 02:08,$58.29,N,buyer_0138,$47.30,Y,refund_req_303734,agent_101,Approved,4,purchase_103734,BEAUTY,allergic_reaction
05/13/2026 22:03,"$2,058.41",N,buyer_0431,$801.72,N,refund_req_300508,agent_012,Approved,70,purchase_100508,LUXURY,item_not_as_described
06/17/2026 05:25,$900.38,Y,buyer_0367,$812.01,Y,refund_req_303879,agent_030,Approved,,purchase_103879,APPLIANCES,not_working
04/23/2026 00:59,"$1,992.71",N,buyer_0393,"$1,880.24",Y,refund_req_303696,agent_102, Approved ,5,purchase_103696,ELECTRONICS,damaged_item
06/14/2026 05:29,"$2,908.57",N,buyer_0452,"$1,059.04",Y,refund_req_300050,agent_016,Rejected,49,purchase_100050,LUXURY,item_not_as_described
04/20/2026 13:25,$366.62,Y,buyer_0503,$179.35,Y,refund_req_302488,agent_011,Approved,49,purchase_102488,FASHION,wrong_size
04/28/2026 10:29,"$1,205.75",N,buyer_0221,$382.52,Y,refund_req_302991,agent_013,Approved,50,purchase_102991,  CLOTHING  ,item_not_as_described
04/11/2026 07:54,"$1,503.25",Y,buyer_0477,"$1,046.54",Y,refund_req_303885,agent_022,Approved,6,purchase_103885,LUXURY,changed_mind
04/24/2026 19:51,"$1,715.07",N,buyer_0210,"$1,185.04",N,refund_req_303105,agent_102,Approved,19,purchase_103105,ELECTRONICS,item_not_as_described
06/07/2026 05:30,$283.51,N,buyer_0522,$149.59,Y,refund_req_301635,agent_003,Approved,62,purchase_101635,SPORTS,wrong_size
05/15/2026 11:20,"$2,096.73",N,buyer_0268,"$2,096.73",Y,refund_req_303468,agent_028,Approved,48,purchase_103468,ELECTRONICS,item_not_as_described
06/06/2026 20:04,$312.95,N,buyer_0542,$142.94,Y,refund_req_301207,agent_015,Approved,109,purchase_101207,SPORTS,item_not_as_described
04/03/2026 12:28,$287.92,N,buyer_0555,$113.04,Y,refund_req_301888,agent_010,Rejected,64,purchase_101888,HOME,missing_part
06/11/2026 13:17,$115.58,N,buyer_0554,$70.58,N,refund_req_303832,agent_102,Approved,1,purchase_103832,BEAUTY,
06/11/2026 00:57,$491.87,N,buyer_9006,$455.15,Y,refund_req_304230,agent_019,Approved,49,purchase_104230,  FASHION  ,changed_mind
04/02/2026 10:19,"$1,910.12",N,buyer_0248,$624.04,N,refund_req_300471,agent_025,Approved,24,purchase_100471,LUXURY,  item_not_as_described  
04/21/2026 12:57,$807.73,N,buyer_0278,$430.35,Y,refund_req_302387,agent_011,Approved,61,purchase_102387,APPLIANCES,not_working
05/04/2026 17:41,"$1,332.86",N,buyer_0272,"$1,332.86",N,refund_req_303403,agent_027,Approved,37,purchase_103403,ELECTRONICS,missing_accessory
04/01/2026 23:42,"$2,129.72",N,buyer_0527,"$1,648.86",N,refund_req_303758,agent_103,Approved,1,purchase_103758,ELECTRONICS,item_not_as_described
05/06/2026 09:48,$397.86,N,buyer_0001,$269.47,,refund_req_301481,agent_027,Approved,64,purchase_101481,LUXURY,damaged_item
04/07/2026 00:15,"$1,000.08",Y,buyer_9901,$900.11,N,refund_req_304923,agent_901,Approved,3,purchase_104923,APPLIANCES,missing_part
05/22/2026 11:11,$53.09,N,buyer_0149,$48.85,N,refund_req_304502,agent_701,Approved,16,purchase_104502, BOOKS ,changed_mind
05/16/2026 10:50,"$1,541.12",Y,buyer_0138,"$1,277.19",N,refund_req_304096,agent_001,Approved,18,purchase_104096,ELECTRONICS,missing_accessory
05/20/2026 16:26,$593.56,N,buyer_0071,$399.59,Y,refund_req_303794,agent_101,Approved,1,purchase_103794,FASHION,changed_mind
06/07/2026 22:43,$927.59,N,buyer_0223,$927.59,N,refund_req_303290,agent_005,Approved,17,purchase_103290,  APPLIANCES  ,not_working
04/09/2026 04:32,"$1,226.07",Y,buyer_0155,$913.97,N,refund_req_303875,agent_009,Approved,8,purchase_103875,APPLIANCES,damaged_item
05/07/2026 00:25,"$1,822.30",N,buyer_0073,"$1,822.30",Y,refund_req_303529,agent_002,Approved,53,purchase_103529,LUXURY,changed_mind
05/21/2026 02:53,$269.43,N,buyer_0358,$111.60,N,refund_req_302414,agent_027,Approved,80,purchase_102414,FASHION,wrong_size
06/08/2026 05:29,"$1,105.34",N,buyer_0437,$920.34,,refund_req_300583,agent_014,REJECTED,72,purchase_100583,HOME,item_not_as_described
06/18/2026 15:52,$848.02,N,buyer_0281,$242.11,N,refund_req_300418,agent_024, Approved ,71,purchase_100418,LUXURY,damaged_item
05/29/2026 09:49,"$1,692.88",Y,buyer_0299,"$1,507.42",N,refund_req_303874,agent_019,Approved,15,purchase_103874,ELECTRONICS,missing_accessory
06/17/2026 01:25,"$1,033.06",N,buyer_0180,$342.06,N,refund_req_300353,agent_025,Approved,74,purchase_100353,ELECTRONICS,missing_accessory
05/17/2026 14:11,$552.09,N,buyer_0078,$302.11,Y,refund_req_301980,agent_028,Approved,46,purchase_101980,ELECTRONICS,damaged_item
05/22/2026 22:01,$75.51,N,buyer_0523,$58.01,N,refund_req_301846,agent_027,Approved,55,purchase_101846,SPORTS,wrong_size
04/15/2026 08:47,$138.34,N,buyer_0198,$109.80,Y,refund_req_301116,agent_018,Rejected,72,purchase_101116,SPORTS,item_not_as_described
05/02/2026 19:29,$351.25,N,buyer_8001,$212.82,N,refund_req_304742,agent_801,Approved,8,purchase_104742,FASHION,changed_mind
06/19/2026 00:31,$808.93,N,buyer_0386,$641.38,Y,refund_req_300149,agent_017,Approved,59,purchase_100149,  LUXURY  ,damaged_item
04/08/2026 07:33,$308.13,N,buyer_0051,$238.76,Y,refund_req_300423,agent_025,Approved,63,purchase_100423,FASHION,wrong_size
04/18/2026 06:55,"$1,334.04",N,buyer_0084,$720.13,Y,refund_req_300014,agent_020,Rejected,90,purchase_100014,ELECTRONICS,missing_accessory
06/04/2026 15:01,$970.66,N,buyer_9003,$935.77,Y,refund_req_304291,agent_007,Approved,8,purchase_104291,BOOKS,changed_mind
06/01/2026 08:19,"$1,801.41",N,buyer_0394,"$1,801.41",Y,refund_req_303331,agent_012,Approved,21,purchase_103331,ELECTRONICS,not_working
04/22/2026 03:26,"$1,567.16",N,buyer_0421,"$1,119.00",N,refund_req_303245,agent_014,Approved,37,purchase_103245,  APPLIANCES  ,damaged_item
05/27/2026 15:52,"$1,925.24",Y,buyer_9901,"$1,761.02",N,refund_req_304951,agent_901,Approved,5,purchase_104951,LUXURY,damaged_item
05/17/2026 01:45,$198.78,N,buyer_0041,$117.52,N,refund_req_301638,agent_015,Approved,,purchase_101638,HOME,damaged_item
04/03/2026 04:29,"$1,253.66",N,buyer_0164,$681.98,N,refund_req_302956,agent_029,Approved,,purchase_102956,SPORTS,  wrong_size  
04/06/2026 16:46,"$1,040.99",N,buyer_0445,$911.10,Y,refund_req_304462,agent_703,Approved,,purchase_104462,APPLIANCES,missing_part
05/16/2026 17:16,"$1,825.29",N,buyer_0540,$820.60,N,refund_req_304392,agent_702,Approved,22,purchase_104392,ELECTRONICS,missing_accessory
04/08/2026 22:29,"$2,139.77",N,buyer_0451,"$1,754.97",Y,refund_req_302566,agent_011,Approved,50,purchase_102566,ELECTRONICS,item_not_as_described
06/08/2026 04:11,"$1,540.99",N,buyer_0015,"$1,106.97",N,refund_req_304442,agent_701,Approved,9,purchase_104442,ELECTRONICS,item_not_as_described
05/27/2026 13:35,$149.77,N,buyer_0392,$97.91,Y,refund_req_303617,agent_102,Approved,1,purchase_103617,FASHION,wrong_size
04/13/2026 04:15,$837.12,N,buyer_0340,$704.68,Y,refund_req_302633,agent_022,Approved,73,purchase_102633,ELECTRONICS,missing_accessory
05/18/2026 13:47,"$1,590.71",Y,buyer_0599,"$1,034.81",N,refund_req_303089,agent_017,Approved,12,purchase_103089,APPLIANCES,not_working
06/11/2026 21:52,"$1,775.93",N,buyer_0374,"$1,348.74",Y,refund_req_300020,agent_010,Rejected,61,purchase_100020,ELECTRONICS,damaged_item
05/18/2026 01:46,$698.77,N,buyer_0005,$365.22,N,refund_req_302507,agent_025,Approved,26,purchase_102507,APPLIANCES,damaged_item
06/19/2026 16:50,$105.30,N,buyer_0231,$42.80,N,refund_req_304374,agent_702,Approved,7,purchase_104374,HOME,missing_part
04/21/2026 18:44,$225.89,N,buyer_0107,$170.70,Y,refund_req_302398,agent_017,Approved,55,purchase_102398,CLOTHING,changed_mind
04/13/2026 23:08,"$1,043.68",N,buyer_0555,$636.91,N,refund_req_300068,agent_028, Rejected ,36,purchase_100068,LUXURY, damaged_item 
06/07/2026 21:00,$571.35,N,buyer_0268,$479.15,N,refund_req_303580,agent_101,Approved,2,purchase_103580,HOME,damaged_item
04/13/2026 22:06,"$1,425.54",N,buyer_0412,"$1,425.54",Y,refund_req_303531,agent_008,Approved,34,purchase_103531,APPLIANCES,damaged_item
05/23/2026 09:11,$310.15,N,buyer_0204,$198.87,Y,refund_req_301305,agent_020,APPROVED,45,purchase_101305,ELECTRONICS,missing_accessory
05/09/2026 19:18,$959.30,N,buyer_0213,$599.21,N,refund_req_300430,agent_027,Approved,,purchase_100430,FASHION,item_not_as_described
04/22/2026 03:05,$736.51,N,buyer_0137,$362.62,N,refund_req_302192,agent_020,Approved,84,purchase_102192,APPLIANCES,not_working
05/15/2026 06:47,$126.53,N,buyer_0036,$66.53,N,refund_req_304385,agent_701,Approved,31,purchase_104385,BEAUTY,
05/07/2026 12:28,$161.88,N,buyer_0176,$57.25,Y,refund_req_300828,agent_015,Approved,86,purchase_100828,CLOTHING,item_not_as_described
05/27/2026 00:20,$111.15,N,buyer_8003,$88.32,,refund_req_304711,agent_803,Approved,23,purchase_104711,SPORTS,item_not_as_described
05/01/2026 07:50,"$2,109.20",Y,buyer_9905,"$1,957.70",N,refund_req_304978,agent_902,Approved,5,purchase_104978,LUXURY,item_not_as_described
04/06/2026 17:16,$376.29,N,buyer_9001,$369.95,N,refund_req_304321,agent_002,Approved,31,purchase_104321,SPORTS,damaged_item
06/04/2026 20:26,"$1,139.72",N,buyer_0588,$341.41,N,refund_req_302267,agent_020,Approved,,purchase_102267,SPORTS,damaged_item
06/13/2026 20:07,$172.61,N,buyer_0358,$137.05,N,refund_req_302947,agent_011,Approved,71,purchase_102947,BEAUTY,changed_mind
05/20/2026 07:56,$53.26,N,buyer_0033,$29.75,Y,refund_req_303628,agent_102,Approved,,purchase_103628,BOOKS,
06/04/2026 14:46,"$1,253.51",N,buyer_0563,$591.96,N,refund_req_302117,agent_029,Rejected,40,purchase_102117,APPLIANCES,missing_part
04/12/2026 22:57,"$2,404.39",N,buyer_0076,"$1,127.55",Y,refund_req_301018,agent_005,Approved,111,purchase_101018,LUXURY,changed_mind
06/15/2026 19:03,$254.59,Y,buyer_0149,$183.06,N,refund_req_300084,agent_028,Approved,54,purchase_100084,SPORTS,wrong_size
05/27/2026 13:47,$953.59,Y,buyer_0072,$705.33,N,refund_req_304076,agent_002,Approved,7,purchase_104076,LUXURY,item_not_as_described
06/14/2026 22:06,$146.03,N,buyer_0585,$91.84,Y,refund_req_301176,agent_003,Approved,44,purchase_101176,HOME,missing_part
06/10/2026 03:17,"$1,247.15",N,buyer_8002,"$1,092.97",Y,refund_req_304767,agent_802,Approved,23,purchase_104767,BEAUTY,allergic_reaction
05/30/2026 06:59,$614.21,Y,buyer_0065,$507.41,N,refund_req_302290,agent_015,Approved,33,purchase_102290,APPLIANCES,missing_part
05/02/2026 17:02,"$1,613.32",N,buyer_0300,"$1,293.96",N,refund_req_301426,agent_006,Rejected,72,purchase_101426,appliances,missing_part
04/13/2026 11:05,$78.25,N,buyer_0177,$32.63,Y,refund_req_301061,agent_025,approved,43,purchase_101061,BOOKS,wrong_item_received
06/18/2026 17:07,$278.27,N,buyer_0184,$218.77,Y,refund_req_302186,agent_017,Rejected,66,purchase_102186,ELECTRONICS,damaged_item
04/19/2026 17:05,"$2,715.25",Y,buyer_9903,"$2,544.28",N,refund_req_304897,agent_901,Approved,8,purchase_104897,LUXURY,changed_mind
06/02/2026 23:28,"$1,395.01",Y,buyer_0063,"$1,292.83",N,refund_req_303926,agent_003,Approved,19,purchase_103926,ELECTRONICS,item_not_as_described
04/28/2026 04:46,$255.72,N,buyer_9003,$212.46,Y,refund_req_304187,agent_006,  Approved  ,26,purchase_104187,CLOTHING,item_not_as_described
05/14/2026 14:58,$43.08,Y,buyer_0275,$22.19,Y,refund_req_302077,agent_018, Rejected ,72,purchase_102077,BOOKS,wrong_item_received
05/22/2026 14:37,$278.09,N,buyer_0508,$154.38,N,refund_req_301772,agent_009,Rejected,32,purchase_101772,APPLIANCES,not_working
06/18/2026 12:42,$97.86,N,buyer_9003,$91.74,N,refund_req_304219,agent_030,Approved,50,purchase_104219,BEAUTY,allergic_reaction
04/02/2026 12:55,$299.71,N,buyer_0595,$152.19,N,refund_req_303800,agent_102,Approved,1,purchase_103800,HOME,item_not_as_described
06/04/2026 14:27,$57.33,N,buyer_0229,$26.87,N,refund_req_302426,agent_021,Rejected,98,purchase_102426,CLOTHING,
05/04/2026 15:31,$77.62,N,buyer_0418,$31.22,Y,refund_req_301532,agent_024,Rejected,59,purchase_101532,CLOTHING,item_not_as_described
05/18/2026 14:21,$927.94,N,buyer_0504,$605.58,,refund_req_300700,agent_027,Approved,49,purchase_100700,HOME,item_not_as_described
05/31/2026 10:30,"$1,404.05",Y,buyer_0009,"$1,352.53",Y,refund_req_303969,agent_019,Approved,33,purchase_103969,APPLIANCES,  missing_part  
06/10/2026 02:34,$117.76,N,buyer_8001,$87.50,N,refund_req_304775,agent_801, Approved ,18,purchase_104775,beauty,damaged_item
06/14/2026 03:28,"$1,522.95",Y,buyer_9901,"$1,476.80",N,refund_req_304969,agent_901,Approved,8,purchase_104969,ELECTRONICS,missing_accessory
06/09/2026 11:02,"$1,258.64",Y,buyer_0046,"$1,019.96",Y,refund_req_304114,agent_007,Approved,35,purchase_104114,LUXURY,damaged_item
06/11/2026 15:26,$385.23,N,buyer_0329,$188.18,Y,refund_req_300893,agent_019,Approved,73,purchase_100893,SPORTS,  wrong_size  
04/01/2026 19:10,$107.10,N,buyer_0461,$75.02,Y,refund_req_301135,agent_003,Approved,47,purchase_101135,SPORTS,wrong_size
05/16/2026 15:11,"$1,159.60",N,buyer_8003,"$1,108.86",N,refund_req_304645,agent_803,Approved,11,purchase_104645,BEAUTY,damaged_item
06/09/2026 14:29,$96.58,N,buyer_0269,$41.80,Y,refund_req_301125,agent_019,Rejected,63,purchase_101125,CLOTHING,changed_mind
04/20/2026 07:56,"$1,205.56",N,buyer_0334,"$1,205.56",N,refund_req_303363,agent_102,Approved,45,purchase_103363,FASHION,item_not_as_described
05/14/2026 10:57,"$1,226.26",Y,buyer_0508,$854.71,N,refund_req_304550,agent_701,APPROVED,27,purchase_104550,HOME,missing_part
05/23/2026 23:55,$960.37,N,buyer_0408,$286.83,Y,refund_req_301391,agent_005,APPROVED,98,purchase_101391,CLOTHING, item_not_as_described 
05/25/2026 16:51,"$1,743.77",N,buyer_0326,"$1,743.77",,refund_req_303463,agent_002,Approved,63,purchase_103463,APPLIANCES,damaged_item
04/05/2026 23:34,$359.81,N,buyer_0139,$204.96,N,refund_req_300272,agent_013,Approved,62,purchase_100272,FASHION,wrong_size
06/09/2026 10:04,$427.21,N,buyer_9004,$324.90,Y,refund_req_304332,agent_025,Approved,9,purchase_104332,FASHION,item_not_as_described
05/11/2026 20:33,$310.32,N,buyer_0252,$120.97,Y,refund_req_302475,agent_005, Rejected ,,purchase_102475,  HOME  ,damaged_item
05/29/2026 21:11,"$1,520.19",Y,buyer_0295,"$1,465.67",N,refund_req_303996,agent_101,Approved,22,purchase_103996,APPLIANCES,missing_part
06/08/2026 05:48,"$1,562.03",N,buyer_0328,$675.27,Y,refund_req_300523,agent_005,Approved,,purchase_100523,ELECTRONICS,missing_accessory
04/02/2026 21:13,$201.98,N,buyer_0036,$158.35,N,refund_req_302679,agent_004,Approved,51,purchase_102679,HOME,missing_part
06/08/2026 08:15,$72.65,N,buyer_0597,$18.34,N,refund_req_301146,agent_008, Rejected ,33,purchase_101146,BEAUTY,allergic_reaction
04/09/2026 18:15,$383.04,N,buyer_0390,$129.58,Y,refund_req_300629,agent_027,Rejected,74,purchase_100629,SPORTS,wrong_size
04/11/2026 22:22,"$1,366.15",N,buyer_0333,"$1,043.51",N,refund_req_303098,agent_023,Approved,34,purchase_103098,ELECTRONICS,missing_accessory
04/23/2026 13:12,"$2,017.04",N,buyer_0284,"$1,502.43",Y,refund_req_302361,agent_008,Approved,30,purchase_102361,LUXURY,item_not_as_described
06/08/2026 17:44,$142.01,N,buyer_0381,$32.77,Y,refund_req_300510,agent_016,Approved,60,purchase_100510,BEAUTY,allergic_reaction
05/21/2026 15:08,"$1,059.38",N,buyer_0297,$857.35,N,refund_req_303182,agent_029,Approved,21,purchase_103182,APPLIANCES,damaged_item
06/05/2026 03:05,$228.74,N,buyer_0481,$100.59,Y,refund_req_300647,agent_005,Approved,70,purchase_100647,HOME,item_not_as_described
04/02/2026 12:43,"$1,892.68",N,buyer_0179,$821.69,N,refund_req_300295,agent_004,Rejected,41,purchase_100295,ELECTRONICS,not_working
05/24/2026 08:49,$148.14,N,buyer_0594,$88.06,Y,refund_req_300622,agent_008,Approved,35,purchase_100622,BEAUTY,allergic_reaction
05/03/2026 22:11,"$1,713.46",N,buyer_0337,$365.74,N,refund_req_301242,agent_003,Approved,51,purchase_101242,APPLIANCES,damaged_item
04/28/2026 22:01,$130.45,N,buyer_0195,$37.51,Y,refund_req_301530,agent_015,Rejected,59,purchase_101530,HOME,missing_part
04/28/2026 19:31,$408.96,N,buyer_0315,$110.67,Y,refund_req_301103,agent_012,Approved,,purchase_101103,APPLIANCES,missing_part
05/22/2026 09:19,$61.69,N,buyer_0421,$35.28,Y,refund_req_300268,agent_029,Approved,61,purchase_100268,BOOKS,damaged_item
06/07/2026 08:18,"$1,851.26",Y,buyer_0112,"$1,678.37",Y,refund_req_304074,agent_003,approved,22,purchase_104074,ELECTRONICS,damaged_item
05/25/2026 16:12,$184.25,N,buyer_0450,$50.78,N,refund_req_302155,agent_008,Rejected,,purchase_102155,CLOTHING,changed_mind
05/01/2026 00:40,"$2,211.17",N,buyer_0365,"$1,850.72",Y,refund_req_301654,agent_004,Approved,78,purchase_101654,LUXURY,damaged_item
04/01/2026 18:14,$251.95,Y,buyer_0576,$72.94,Y,refund_req_302124,agent_008,Approved,32,purchase_102124,ELECTRONICS,missing_accessory
04/29/2026 06:02,"$2,054.73",N,buyer_0012,$816.22,Y,refund_req_301152,agent_028,  Approved  ,71,purchase_101152,ELECTRONICS,damaged_item
05/10/2026 21:54,$109.93,N,buyer_0392,$29.08,Y,refund_req_300623,agent_011,Approved,46,purchase_100623,FASHION,changed_mind
06/09/2026 12:37,$434.12,N,buyer_0146,$112.34,Y,refund_req_300424,agent_029,Approved,67,purchase_100424,FASHION,
04/17/2026 16:40,$430.84,N,buyer_0207,$355.06,N,refund_req_302242,agent_002,Rejected,104,purchase_102242,LUXURY,changed_mind
04/07/2026 09:31,$973.55,Y,buyer_9902,$891.67,N,refund_req_304981,agent_901, Approved ,8,purchase_104981,APPLIANCES,missing_part
05/18/2026 02:07,$698.24,N,buyer_0594,$552.49,Y,refund_req_300075,agent_002,Approved,,purchase_100075,LUXURY,item_not_as_described
05/30/2026 13:54,$38.32,N,buyer_0301,$13.28,Y,refund_req_301813,agent_028,Rejected,59,purchase_101813,BOOKS,changed_mind
05/28/2026 22:23,"$1,047.46",N,buyer_0139,$707.28,N,refund_req_304528,agent_703,Approved,23,purchase_104528,CLOTHING,item_not_as_described
06/03/2026 07:26,$157.97,N,buyer_0187,$84.93,Y,refund_req_301341,agent_027,Rejected,91,purchase_101341,FASHION,item_not_as_described
04/29/2026 14:52,$248.36,N,buyer_0111,$209.31,Y,refund_req_300871,agent_011,Approved,55,purchase_100871,HOME,  missing_part  
05/10/2026 00:39,$50.77,N,buyer_0382,$35.74,N,refund_req_302279,agent_012,Approved,75,purchase_102279,FASHION,changed_mind
04/06/2026 13:11,$56.92,N,buyer_0173,$44.90,N,refund_req_302828,agent_010,Rejected,58,purchase_102828,CLOTHING,wrong_size
04/23/2026 00:59,"$1,992.71",N,buyer_0393,"$1,880.24",Y,refund_req_303696,agent_102, Approved ,5,purchase_103696,ELECTRONICS,damaged_item
04/16/2026 08:59,$441.27,N,buyer_0116,$369.76,N,refund_req_302692,agent_003,Rejected,44,purchase_102692,FASHION,wrong_size
04/20/2026 09:15,$781.30,N,buyer_0461,$458.24,N,refund_req_302800,agent_016,Approved,61,purchase_102800,ELECTRONICS,not_working
04/29/2026 06:54,$163.83,N,buyer_0115,$139.19,Y,refund_req_304531,agent_703,Approved,4,purchase_104531,  BEAUTY  ,
06/11/2026 22:22,"$1,136.48",Y,buyer_0196,"$1,016.41",Y,refund_req_304060,agent_015,Approved,4,purchase_104060,  ELECTRONICS  ,not_working
06/15/2026 10:13,"$1,361.02",N,buyer_0300,$349.72,N,refund_req_301659,agent_007,Approved,70,purchase_101659,LUXURY,item_not_as_described
05/15/2026 22:43,$134.91,N,buyer_0083,$38.33,Y,refund_req_300879,agent_014,Rejected,82,purchase_100879,CLOTHING,changed_mind
05/13/2026 09:57,"$2,276.26",N,buyer_0048,"$2,026.60",,refund_req_303206,agent_027, APPROVED ,9,purchase_103206,LUXURY,
06/03/2026 08:33,$156.80,N,buyer_0149,$78.72,Y,refund_req_303631,agent_103,Approved,2,purchase_103631,CLOTHING,changed_mind
05/29/2026 01:25,"$1,613.29",N,buyer_0056,"$1,613.29",N,refund_req_303327,agent_008,Approved,13,purchase_103327,APPLIANCES,damaged_item
06/05/2026 05:29,"$2,185.23",Y,buyer_9905,"$1,922.42",,refund_req_304882,agent_902,Approved,3,purchase_104882,ELECTRONICS,missing_accessory
05/13/2026 19:04,"$1,315.19",N,buyer_0344,$602.48,Y,refund_req_301494,agent_020,Approved,109,purchase_101494,LUXURY,item_not_as_described
04/07/2026 00:25,$913.87,N,buyer_0508,$458.45,N,refund_req_303686,agent_102,Approved,4,purchase_103686,APPLIANCES,missing_part
06/08/2026 00:26,"$2,071.89",N,buyer_0398,"$1,794.12",N,refund_req_303103,agent_020,Approved,27,purchase_103103,LUXURY,damaged_item
04/29/2026 20:05,$383.01,N,buyer_0454,$299.07,,refund_req_301552,agent_021,Approved,104,purchase_101552,HOME,missing_part
05/19/2026 04:34,$88.14,N,buyer_0029,$72.87,,refund_req_303563,agent_101,Approved,1,purchase_103563,BOOKS,wrong_item_received
05/27/2026 01:52,"$1,803.64",N,buyer_0554,$519.13,N,refund_req_300375,agent_028,Rejected,,purchase_100375,LUXURY,damaged_item
05/06/2026 18:29,$942.35,N,buyer_0461,$673.22,N,refund_req_304459,agent_703,Approved,18,purchase_104459,HOME,missing_part
05/27/2026 05:09,$600.52,N,buyer_0361,$380.22,N,refund_req_301748,agent_018,Approved,44,purchase_101748,APPLIANCES,missing_part
04/14/2026 22:20,$313.73,N,buyer_0380,$163.70,Y,refund_req_301887,agent_020,Approved,92,purchase_101887,HOME,damaged_item
04/23/2026 20:51,$87.42,N,buyer_0113,$21.85,Y,refund_req_301172,agent_014,Approved,,purchase_101172,BOOKS,damaged_item
04/12/2026 21:21,"$1,067.36",N,buyer_0384,"$1,067.36",,refund_req_303431,agent_026,Approved,45,purchase_103431,FASHION,wrong_size
05/20/2026 19:57,$110.19,N,buyer_0217,$68.13,Y,refund_req_302793,agent_016,Approved,45,purchase_102793,CLOTHING,changed_mind
06/11/2026 07:28,$339.76,N,buyer_9008,$266.65,N,refund_req_304296,agent_003,Approved,29,purchase_104296,HOME,item_not_as_described
05/13/2026 22:05,"$1,049.62",N,buyer_9002,$861.30,N,refund_req_304354,agent_022,Approved,61,purchase_104354,SPORTS,damaged_item
05/23/2026 15:05,$413.97,N,buyer_0418,$119.32,Y,refund_req_301586,agent_007,Rejected,61,purchase_101586,HOME,missing_part
04/15/2026 14:32,$25.37,N,buyer_0310,$20.75,Y,refund_req_300978,agent_011,Approved,64,purchase_100978,CLOTHING,wrong_size
05/13/2026 05:38,$944.59,N,buyer_0540,$944.59,N,refund_req_303474,agent_004,Approved,54,purchase_103474,FASHION,  wrong_size  
06/13/2026 20:59,$131.82,N,buyer_0418,$31.70,N,refund_req_300034,agent_014,Rejected,42,purchase_100034,CLOTHING,item_not_as_described
05/29/2026 20:34,$914.10,Y,buyer_9904,$824.93,N,refund_req_304886,agent_902,Approved,9,purchase_104886,ELECTRONICS,not_working
05/19/2026 01:49,$252.29,N,buyer_0241,$212.23,Y,refund_req_301267,agent_001,Approved,74,purchase_101267,HOME,damaged_item
04/19/2026 01:27,$309.98,N,buyer_0238,$223.86,Y,refund_req_300943,agent_026,Approved,40,purchase_100943,ELECTRONICS,not_working
04/08/2026 05:51,$481.13,N,buyer_0056,$369.24,Y,refund_req_303726,agent_102,Approved,4,purchase_103726,HOME,damaged_item
05/19/2026 01:56,"$1,204.54",N,buyer_8002,"$1,136.65",,refund_req_304740,agent_802,  Approved  ,22,purchase_104740,ELECTRONICS,missing_accessory
04/06/2026 23:10,$940.62,N,buyer_0126,$642.87,N,refund_req_303235,agent_027,APPROVED,27,purchase_103235,APPLIANCES,not_working
04/13/2026 17:02,$971.41,Y,buyer_0256,$877.96,N,refund_req_303946,agent_025,Approved,5,purchase_103946,LUXURY,damaged_item
06/15/2026 06:55,"$1,401.94",Y,buyer_0479,"$1,249.40",N,refund_req_303142,agent_019,Approved,12,purchase_103142,ELECTRONICS,not_working
04/21/2026 20:59,"$1,176.83",N,buyer_0084,"$1,176.83",Y,refund_req_303541,agent_004,Approved,33,purchase_103541,FASHION,item_not_as_described
04/19/2026 05:29,"$1,915.60",N,buyer_0491,"$1,189.05",Y,refund_req_300341,agent_022,APPROVED,55,purchase_100341,LUXURY,
04/18/2026 06:54,"$1,263.30",N,buyer_0563,$491.33,Y,refund_req_300329,agent_028,Approved,69,purchase_100329,ELECTRONICS,item_not_as_described
04/02/2026 02:16,$244.40,N,buyer_0129,$96.51,Y,refund_req_302079,agent_011,Approved,49,purchase_102079,HOME,item_not_as_described
04/23/2026 17:50,"$2,855.22",N,buyer_0377,"$2,072.08",Y,refund_req_300506,agent_020,Rejected,90,purchase_100506,LUXURY,changed_mind
06/11/2026 03:45,$93.46,N,buyer_0492,$76.35,Y,refund_req_302499,agent_002,Approved,95,purchase_102499,HOME,missing_part
05/01/2026 11:39,"$1,047.72",N,buyer_0156,$765.19,Y,refund_req_302136,agent_021,Approved,66,purchase_102136,SPORTS,item_not_as_described
05/18/2026 10:05,$460.98,N,buyer_0474,$221.04,Y,refund_req_302078,agent_029,Approved,63,purchase_102078,HOME,missing_part
05/26/2026 00:33,$109.64,N,buyer_0224,$24.90,N,refund_req_302255,agent_017,Rejected,64,purchase_102255,CLOTHING,changed_mind
06/11/2026 01:14,"$1,212.57",N,buyer_0524,$663.68,Y,refund_req_303683,agent_102,Approved,4,purchase_103683,APPLIANCES, not_working 
06/17/2026 11:25,$191.26,N,buyer_0562,$92.67,Y,refund_req_300677,agent_003,Approved,34,purchase_100677,CLOTHING,wrong_size
05/02/2026 21:35,$468.24,N,buyer_0309,$177.01,Y,refund_req_302033,agent_007,Approved,66,purchase_102033,HOME,damaged_item
04/13/2026 18:46,$33.11,N,buyer_0369,$25.29,Y,refund_req_300411,agent_022,Rejected,90,purchase_100411,SPORTS,damaged_item
05/23/2026 08:44,$49.46,N,buyer_0464,$27.45,Y,refund_req_301779,agent_001,Approved,51,purchase_101779,BOOKS,
06/13/2026 21:03,"$1,074.97",N,buyer_0096,$654.42,Y,refund_req_300814,agent_007,Approved,50,purchase_100814,BOOKS,changed_mind
05/29/2026 04:58,$106.36,N,buyer_0449,$82.88,Y,refund_req_301963,agent_024,Approved,90,purchase_101963,BEAUTY,allergic_reaction
04/27/2026 07:34,"$1,772.63",N,buyer_0312,"$1,772.63",N,refund_req_303371,agent_103,Approved,58,purchase_103371,ELECTRONICS,not_working
05/01/2026 22:18,$582.48,N,buyer_0580,$341.17,Y,refund_req_301512,agent_011,Approved,51,purchase_101512,LUXURY,item_not_as_described
05/18/2026 20:07,"$1,943.70",Y,buyer_0271,"$1,695.49",N,refund_req_304064,agent_024,Approved,7,purchase_104064,ELECTRONICS,not_working
04/30/2026 13:58,$995.32,N,buyer_0145,$317.04,Y,refund_req_301898,agent_021,Approved,68,purchase_101898,books,wrong_item_received
05/22/2026 07:46,"$1,516.01",N,buyer_0274,$700.22,N,refund_req_302266,agent_016,Rejected,66,purchase_102266,APPLIANCES,not_working
04/22/2026 14:46,$600.30,N,buyer_0220,$444.14,N,refund_req_300800,agent_017,Approved,64,purchase_100800,APPLIANCES,damaged_item
04/27/2026 01:16,$52.37,Y,buyer_0264,$32.78,Y,refund_req_304481,agent_701,Approved,35,purchase_104481,HOME,item_not_as_described
06/05/2026 20:41,$983.60,N,buyer_0553,$441.34,N,refund_req_301869,agent_003,Approved,48,purchase_101869,HOME,item_not_as_described
04/28/2026 15:03,"$1,617.94",N,buyer_0055,"$1,138.69",Y,refund_req_302544,agent_018,Approved,63,purchase_102544,APPLIANCES,not_working
04/21/2026 07:43,$33.15,N,buyer_0372,$22.05,Y,refund_req_300998,agent_019,Approved,61,purchase_100998,BOOKS,changed_mind
04/03/2026 09:06,$338.31,N,buyer_0212,$154.83,Y,refund_req_302573,agent_018,Approved,74,purchase_102573,FASHION,wrong_size
06/09/2026 06:06,$653.37,Y,buyer_9002,$389.82,N,refund_req_304146,agent_008,Approved,16,purchase_104146,LUXURY,changed_mind
06/17/2026 11:37,"$1,013.92",N,buyer_0322,$280.91,Y,refund_req_300911,agent_019,Approved,59,purchase_100911,SPORTS,wrong_size
05/04/2026 06:20,"$1,161.47",N,buyer_0301,$702.28,N,refund_req_303146,agent_007,Approved,42,purchase_103146,ELECTRONICS,damaged_item
04/01/2026 20:47,"$2,619.31",N,buyer_0391,"$2,142.22",N,refund_req_300809,agent_018,Approved,65,purchase_100809,LUXURY,  changed_mind  
06/06/2026 00:03,$382.37,N,buyer_0350,$153.22,N,refund_req_301009,agent_008,Approved,44,purchase_101009, FASHION ,wrong_size
05/09/2026 22:50,$382.80,N,buyer_0545,$187.82,N,refund_req_300455,agent_015,Approved,113,purchase_100455,HOME,missing_part
04/06/2026 12:00,"$1,016.38",N,buyer_9007,$609.74,N,refund_req_304327,agent_003,Approved,21,purchase_104327,CLOTHING,wrong_size
05/31/2026 00:30,"$1,552.75",Y,buyer_0238,"$1,173.73",N,refund_req_303939,agent_024,Approved,24,purchase_103939,ELECTRONICS, not_working 
06/13/2026 07:47,"$1,124.47",N,buyer_0405,$792.63,Y,refund_req_302270,agent_024,Approved,85,purchase_102270,SPORTS,damaged_item
05/24/2026 18:33,$11.44,N,buyer_0463,$9.59,Y,refund_req_302476,agent_023,Approved,62,purchase_102476,BOOKS,damaged_item
06/14/2026 03:00,$538.32,N,buyer_0031,$437.87,N,refund_req_301464,agent_016,Approved,46,purchase_101464,FASHION,  item_not_as_described  
04/25/2026 21:31,"$1,259.59",N,buyer_9004,"$1,134.65",Y,refund_req_304172,agent_012,Approved,59,purchase_104172,  BEAUTY  ,allergic_reaction
04/15/2026 07:20,"$1,734.42",N,buyer_0298,"$1,734.42",N,refund_req_303472,agent_015,Approved,50,purchase_103472,  ELECTRONICS  ,  item_not_as_described  
05/03/2026 17:19,$396.74,N,buyer_0547,$328.72,N,refund_req_301884,agent_002,Approved,82,purchase_101884,ELECTRONICS,item_not_as_described
04/16/2026 03:02,"$1,893.70",N,buyer_0156,$806.95,Y,refund_req_301960,agent_026,Rejected,48,purchase_101960,ELECTRONICS,item_not_as_described
04/11/2026 23:10,$23.23,N,buyer_9006,$13.71,Y,refund_req_304166,agent_021,Approved,29,purchase_104166,BOOKS,wrong_item_received
04/06/2026 12:35,$99.38,N,buyer_0295,$20.62,Y,refund_req_301801,agent_003,Approved,61,purchase_101801,SPORTS,damaged_item
05/09/2026 01:47,$21.59,Y,buyer_0417,$7.49,N,refund_req_302405,agent_010,Approved,67,purchase_102405,BOOKS,wrong_item_received
05/06/2026 10:06,$36.79,N,buyer_0456,$17.64,Y,refund_req_301546,agent_029,Approved,30,purchase_101546,BEAUTY,
04/20/2026 15:18,"$1,014.29",N,buyer_0451,$382.00,Y,refund_req_300033,agent_009,Approved,71,purchase_100033,BEAUTY,allergic_reaction
04/09/2026 18:00,"$1,671.80",Y,buyer_9906,"$1,507.83",N,refund_req_304806,agent_902,Approved,3,purchase_104806,APPLIANCES,  not_working  
04/01/2026 17:52,$383.54,N,buyer_0164,$82.64,N,refund_req_302935,agent_029,Approved,31,purchase_102935,FASHION,wrong_size
05/03/2026 13:58,$132.86,N,buyer_0461,$46.65,N,refund_req_301462,agent_027,Rejected,62,purchase_101462,SPORTS, item_not_as_described 
05/16/2026 04:58,$107.95,Y,buyer_8002,$103.14,N,refund_req_304647,agent_802,Approved,26,purchase_104647,BEAUTY,damaged_item
05/05/2026 19:38,$262.30,N,buyer_0311,$218.48,Y,refund_req_302236,agent_011,Approved,75,purchase_102236,SPORTS,damaged_item
06/17/2026 17:18,$914.28,N,buyer_0103,$648.37,N,refund_req_303054,agent_028,Approved,21,purchase_103054,APPLIANCES,not_working
04/18/2026 05:14,$743.40,N,buyer_0038,$551.01,N,refund_req_300729,agent_008,Rejected,41,purchase_100729,ELECTRONICS,damaged_item
06/14/2026 18:07,$322.87,N,buyer_0289,$267.79,N,refund_req_302784,agent_017,Rejected,82,purchase_102784,SPORTS,damaged_item
06/16/2026 17:08,$997.16,N,buyer_8001,$762.20,Y,refund_req_304736,agent_801,Approved,14,purchase_104736,SPORTS,wrong_size
06/01/2026 21:35,"$2,014.96",N,buyer_0318,"$1,602.45",Y,refund_req_300948,agent_019,Approved,60,purchase_100948,ELECTRONICS,missing_accessory
06/03/2026 06:55,$593.09,N,buyer_0021,$258.32,Y,refund_req_301110,agent_025,Approved,86,purchase_101110,HOME,missing_part
05/06/2026 01:02,"$1,280.68",N,buyer_0343,$381.19,,refund_req_300773,agent_017,Rejected,39,purchase_100773,APPLIANCES,damaged_item
04/21/2026 08:32,$890.63,N,buyer_0379,$714.01,Y,refund_req_300487,agent_006,Approved,87,purchase_100487,APPLIANCES,missing_part
06/07/2026 02:39,$319.06,N,buyer_0062,$229.77,,refund_req_302596,agent_008,Approved,70,purchase_102596,FASHION,changed_mind
05/20/2026 07:19,$326.65,N,buyer_0462,$129.08,Y,refund_req_301761,agent_029,Approved,51,purchase_101761,HOME,missing_part
05/18/2026 02:11,"$1,749.22",N,buyer_0387,$851.96,N,refund_req_302919,agent_026,Rejected,69,purchase_102919,APPLIANCES,missing_part
04/05/2026 17:16,"$1,104.99",N,buyer_0548,$500.80,N,refund_req_300440,agent_021,Approved,84,purchase_100440,APPLIANCES,damaged_item
06/06/2026 23:04,"$1,617.17",N,buyer_0097,$470.15,Y,refund_req_301792,agent_011,Approved,40,purchase_101792,ELECTRONICS,damaged_item
05/30/2026 04:01,$390.69,N,buyer_0551,$254.43,N,refund_req_300357,agent_009,Rejected,80,purchase_100357,FASHION,wrong_size
04/24/2026 16:53,"$1,480.13",N,buyer_0302,$560.07,Y,refund_req_302016,agent_003,Rejected,59,purchase_102016,ELECTRONICS,item_not_as_described
05/08/2026 18:47,$51.99,N,buyer_0409,$28.42,Y,refund_req_301636,agent_007,Rejected,61,purchase_101636,BOOKS,changed_mind
04/27/2026 06:18,"$1,721.57",Y,buyer_0342,"$1,196.57",N,refund_req_303941,agent_015,Approved,34,purchase_103941,appliances,not_working
05/11/2026 14:40,$70.80,N,buyer_0568,$47.66,Y,refund_req_302473,agent_005,  Approved  ,90,purchase_102473,BOOKS,
05/24/2026 09:25,$389.27,N,buyer_8001,$288.35,,refund_req_304715,agent_801,APPROVED,7,purchase_104715,SPORTS,damaged_item
05/13/2026 22:17,"$1,314.14",N,buyer_0432,$930.60,N,refund_req_303248,agent_005, Approved ,16,purchase_103248,ELECTRONICS,missing_accessory
05/19/2026 03:35,"$1,479.10",Y,buyer_9001,$973.98,N,refund_req_304185,agent_019,Approved,61,purchase_104185,APPLIANCES,
05/25/2026 21:29,$181.65,N,buyer_0459,$127.57,N,refund_req_302835,agent_027,Approved,95,purchase_102835,ELECTRONICS,item_not_as_described
06/05/2026 20:45,$97.35,N,buyer_0270,$72.54,Y,refund_req_303668,agent_102,Approved,2,purchase_103668,BEAUTY,allergic_reaction
04/14/2026 20:45,$210.11,N,buyer_0286,$110.93,Y,refund_req_303721,agent_102,Approved,2,purchase_103721,CLOTHING,item_not_as_described
06/14/2026 21:21,$303.39,N,buyer_0363,$241.72,Y,refund_req_300470,agent_021,Rejected,76,purchase_100470,FASHION,changed_mind
04/10/2026 03:12,$378.59,N,buyer_0498,$137.81,N,refund_req_301411,agent_015,Approved,97,purchase_101411,Electronics,damaged_item
04/04/2026 05:04,"$1,873.91",Y,buyer_0550,"$1,312.65",N,refund_req_303954,agent_028,Approved,19,purchase_103954,LUXURY,changed_mind
06/16/2026 09:23,$907.41,N,buyer_9002,$685.82,N,refund_req_304178,agent_007,Approved,45,purchase_104178,CLOTHING,item_not_as_described
04/15/2026 14:42,$152.36,N,buyer_0096,$123.43,N,refund_req_301808,agent_010,Rejected,57,purchase_101808,SPORTS,damaged_item
06/10/2026 16:57,$81.55,N,buyer_0013,$65.68,Y,refund_req_302071,agent_002,Approved,98,purchase_102071,BEAUTY,damaged_item
05/20/2026 07:44,"$1,790.25",Y,buyer_0061,"$1,749.46",Y,refund_req_303923,agent_011,Approved,28,purchase_103923,appliances,damaged_item
06/07/2026 03:42,$131.54,N,buyer_0108,$88.73,Y,refund_req_301039,agent_029,Approved,56,purchase_101039,SPORTS,damaged_item
06/02/2026 09:33,$128.15,N,buyer_0405,$82.18,Y,refund_req_302992,agent_008,Approved,34,purchase_102992,BEAUTY,changed_mind
06/03/2026 19:44,$250.48,N,buyer_0354,$156.71,Y,refund_req_301123,agent_027,Rejected,42,purchase_101123,SPORTS,
04/29/2026 07:34,$598.40,N,buyer_0269,$276.25,Y,refund_req_301556,agent_030,Approved,59,purchase_101556,APPLIANCES,damaged_item
06/16/2026 18:49,"$1,141.74",N,buyer_0374,"$1,141.74",N,refund_req_303329,agent_016,Approved,20,purchase_103329,FASHION,wrong_size
05/08/2026 17:52,"$1,497.92",N,buyer_0143,"$1,083.80",Y,refund_req_300212,agent_006,Approved,58,purchase_100212,  APPLIANCES  ,missing_part
06/11/2026 15:34,"$1,779.29",N,buyer_0025,$940.81,Y,refund_req_302981,agent_015,Approved,66,purchase_102981,APPLIANCES,damaged_item
05/14/2026 20:51,"$2,256.87",N,buyer_0064,$721.01,Y,refund_req_302041,agent_003,Approved,44,purchase_102041,LUXURY,item_not_as_described
05/25/2026 05:13,$217.41,N,buyer_0365,$114.76,Y,refund_req_302637,agent_022,Approved,,purchase_102637,CLOTHING,  wrong_size  
04/16/2026 17:12,"$1,611.86",Y,buyer_0148,"$1,109.09",Y,refund_req_304041,agent_010,Approved,30,purchase_104041,ELECTRONICS,damaged_item
04/17/2026 15:24,"$2,824.50",N,buyer_0463,"$1,063.37",Y,refund_req_302743,agent_025,Approved,31,purchase_102743,LUXURY,changed_mind
04/05/2026 18:38,"$2,764.68",N,buyer_9002,"$1,794.05",Y,refund_req_304258,agent_004,APPROVED,61,purchase_104258, LUXURY ,changed_mind
04/07/2026 10:52,$212.47,N,buyer_0459,$186.29,N,refund_req_304445,agent_701,Approved,18,purchase_104445,CLOTHING,changed_mind
04/22/2026 04:25,$73.72,N,buyer_0451,$58.02,Y,refund_req_301524,agent_030,Approved,35,purchase_101524,BEAUTY,allergic_reaction
04/21/2026 08:56,$144.53,N,buyer_0506,$88.24,N,refund_req_302990,agent_016,Rejected,60,purchase_102990,BEAUTY,allergic_reaction
05/02/2026 20:54,"$1,439.68",N,buyer_0134,"$1,015.60",N,refund_req_300815,agent_024,Approved,69,purchase_100815,ELECTRONICS,damaged_item
05/23/2026 03:28,"$2,892.82",N,buyer_0568,"$2,892.82",Y,refund_req_303388,agent_003,Approved,11,purchase_103388,LUXURY,
06/08/2026 08:13,$251.99,N,buyer_0183,$115.14,Y,refund_req_302434,agent_014,Approved,45,purchase_102434,Clothing,changed_mind
06/20/2026 05:09,$137.88,N,buyer_9005,$121.04,Y,refund_req_304309,agent_022,Approved,17,purchase_104309,FASHION,wrong_size
06/14/2026 19:32,"$1,349.86",N,buyer_0476,"$1,138.37",N,refund_req_303017,agent_027,Approved,12,purchase_103017,APPLIANCES, damaged_item 
05/21/2026 15:48,"$1,615.65",N,buyer_0215,$986.37,N,refund_req_303116,agent_102,Approved,32,purchase_103116, APPLIANCES ,missing_part
05/22/2026 04:59,$437.07,N,buyer_0595,$215.19,Y,refund_req_302402,agent_009,Approved,51,purchase_102402,SPORTS,item_not_as_described
05/13/2026 03:09,$32.02,Y,buyer_0459,$19.44,Y,refund_req_301083,agent_005,Approved,53,purchase_101083,BOOKS,damaged_item
06/17/2026 21:42,$981.75,N,buyer_8002,$654.17,Y,refund_req_304677,agent_802,Approved,23,purchase_104677,FASHION,changed_mind
06/09/2026 00:34,$361.95,N,buyer_0232,$137.60,N,refund_req_302669,agent_029,Rejected,74,purchase_102669,SPORTS,damaged_item
04/03/2026 14:35,"$1,746.69",Y,buyer_9902,"$1,637.75",N,refund_req_304801,agent_901,Approved,2,purchase_104801,APPLIANCES,missing_part
06/14/2026 01:56,$659.11,N,buyer_0349,$425.37,Y,refund_req_302821,agent_030,Rejected,64,purchase_102821,ELECTRONICS,not_working
05/09/2026 10:07,"$1,181.75",Y,buyer_0380,$941.82,N,refund_req_304016,agent_005,  Approved  ,35,purchase_104016,LUXURY,changed_mind
05/15/2026 01:24,"$2,992.00",N,buyer_0403,"$2,476.31",N,refund_req_303008,agent_015,Approved,10,purchase_103008,LUXURY,changed_mind
05/18/2026 03:41,$307.87,N,buyer_0440,$155.57,Y,refund_req_303594,agent_101,Approved,4,purchase_103594,Fashion,item_not_as_described
05/24/2026 03:14,$399.55,N,buyer_9005,$334.98,Y,refund_req_304205,agent_022,Approved,58,purchase_104205,APPLIANCES,not_working
06/11/2026 15:37,$438.42,N,buyer_0522,$370.18,Y,refund_req_301220,agent_011,Approved,46,purchase_101220,SPORTS,
05/15/2026 04:11,$545.91,N,buyer_0543,$234.93,Y,refund_req_300906,agent_017,  Approved  ,69,purchase_100906,HOME,item_not_as_described
06/04/2026 05:44,$516.30,N,buyer_0370,$198.24,Y,refund_req_302748,agent_013,Approved,44,purchase_102748,LUXURY,damaged_item
05/02/2026 13:21,$59.92,N,buyer_0562,$43.35,N,refund_req_302874,agent_019,Rejected,57,purchase_102874,SPORTS,
04/06/2026 19:52,$533.42,N,buyer_8001,$523.68,Y,refund_req_304745,agent_801,Approved,18,purchase_104745,ELECTRONICS,damaged_item
04/04/2026 07:26,"$2,131.48",N,buyer_0399,"$2,131.48",N,refund_req_303556,agent_005,Approved,31,purchase_103556,LUXURY,item_not_as_described
06/02/2026 08:44,"$1,985.96",N,buyer_0487,$943.30,N,refund_req_301633,agent_009,Rejected,72,purchase_101633,LUXURY,changed_mind
06/01/2026 03:09,"$1,041.54",N,buyer_0090,$517.45,N,refund_req_301364,agent_010,Rejected,,purchase_101364,CLOTHING,wrong_size
06/17/2026 23:40,$63.54,N,buyer_0430,$18.52,Y,refund_req_301473,agent_014,Approved,65,purchase_101473,beauty,changed_mind
05/29/2026 07:06,$66.84,Y,buyer_0057,$36.24,N,refund_req_300515,agent_011,Rejected,71,purchase_100515,CLOTHING,wrong_size
05/15/2026 01:36,"$1,628.63",Y,buyer_0124,"$1,379.20",N,refund_req_303988,agent_006,Approved,21,purchase_103988,APPLIANCES,damaged_item
04/19/2026 16:42,"$1,782.04",Y,buyer_0515,$875.57,N,refund_req_304566,agent_702,Approved,9,purchase_104566,APPLIANCES,
05/15/2026 06:47,$126.53,N,buyer_0036,$66.53,N,refund_req_304385,agent_701,Approved,31,purchase_104385,BEAUTY,
05/19/2026 23:43,$437.73,N,buyer_0078,$245.17,,refund_req_302229,agent_023,APPROVED,52,purchase_102229,SPORTS,item_not_as_described
06/18/2026 16:59,$186.18,N,buyer_0456,$75.87,N,refund_req_302273,agent_015,Rejected,119,purchase_102273,SPORTS,damaged_item
04/01/2026 19:50,$400.71,N,buyer_0536,$141.03,Y,refund_req_301764,agent_030,Approved,66,purchase_101764,FASHION,changed_mind
04/14/2026 03:46,"$1,101.41",N,buyer_0371,"$1,006.18",,refund_req_303135,agent_103,Approved,37,purchase_103135,Appliances,damaged_item
04/25/2026 14:53,$525.67,N,buyer_0200,$521.54,Y,refund_req_304521,agent_702, Approved ,7,purchase_104521,HOME,missing_part
05/03/2026 03:22,$37.68,N,buyer_0170,$12.95,Y,refund_req_302809,agent_019,Approved,43,purchase_102809,BEAUTY,damaged_item
05/15/2026 05:40,$194.02,N,buyer_0126,$164.77,Y,refund_req_300630,agent_013,  Rejected  ,71,purchase_100630,Clothing,item_not_as_described
05/08/2026 11:49,$225.44,N,buyer_0466,$157.14,Y,refund_req_301653,agent_015,Approved,94,purchase_101653,SPORTS,wrong_size
05/14/2026 14:56,$121.92,N,buyer_0107,$33.53,Y,refund_req_300017,agent_010,Approved,52,purchase_100017,  FASHION  ,changed_mind
06/20/2026 03:44,"$1,026.15",N,buyer_9007,$691.78,Y,refund_req_304279,agent_010,Approved,33,purchase_104279,HOME,damaged_item
05/21/2026 07:09,"$1,432.57",N,buyer_0308,"$1,305.96",N,refund_req_303087,agent_006,Approved,13,purchase_103087,APPLIANCES,missing_part
04/14/2026 21:35,"$1,635.72",N,buyer_0523,$785.56,Y,refund_req_301339,agent_010,Approved,55,purchase_101339,APPLIANCES,damaged_item
06/11/2026 10:00,"$1,403.52",N,buyer_0332,$474.31,Y,refund_req_300570,agent_005,Approved,52,purchase_100570,LUXURY,damaged_item
06/16/2026 07:07,"$2,284.39",N,buyer_0449,"$1,085.33",N,refund_req_302541,agent_030,Approved,107,purchase_102541,LUXURY,
04/03/2026 16:41,$819.50,N,buyer_0557,$185.41,Y,refund_req_302454,agent_023,Approved,,purchase_102454,LUXURY,damaged_item
04/26/2026 23:43,$502.96,N,buyer_0257,$140.46,Y,refund_req_300383,agent_007,Approved,47,purchase_100383,HOME,missing_part
04/14/2026 15:37,$22.09,N,buyer_0172,$18.00,Y,refund_req_301358,agent_013,Approved,78,purchase_101358,BOOKS,damaged_item
05/22/2026 06:15,$948.94,N,buyer_0409,$457.79,,refund_req_300405,agent_018,Rejected,71,purchase_100405,ELECTRONICS,  item_not_as_described  
06/19/2026 20:27,"$1,691.31",Y,buyer_0422,"$1,297.75",N,refund_req_304070,agent_003,Approved,5,purchase_104070,ELECTRONICS,damaged_item
04/06/2026 23:08,"$2,561.02",N,buyer_0057,"$2,561.02",N,refund_req_303366,agent_001, Approved ,33,purchase_103366,LUXURY,damaged_item
06/13/2026 19:56,$588.00,N,buyer_0370,$346.19,Y,refund_req_302605,agent_013,Approved,92,purchase_102605,LUXURY,damaged_item
04/26/2026 15:12,"$1,332.41",N,buyer_0010,$959.52,Y,refund_req_301235,agent_002,APPROVED,105,purchase_101235,APPLIANCES,damaged_item
06/20/2026 15:12,"$1,909.59",N,buyer_0454,$914.20,Y,refund_req_300052,agent_030,Approved,59,purchase_100052,LUXURY,damaged_item
05/14/2026 12:50,"$2,594.74",N,buyer_0128,"$1,797.28",N,refund_req_300995,agent_014,Approved,67,purchase_100995,LUXURY,damaged_item
04/10/2026 23:21,$192.06,N,buyer_0317,$98.17,,refund_req_300132,agent_003,Approved,53,purchase_100132,CLOTHING,item_not_as_described
04/04/2026 14:54,$243.52,Y,buyer_0001,$126.44,Y,refund_req_302927,agent_026, Approved ,50,purchase_102927,FASHION,item_not_as_described
06/13/2026 12:48,$563.43,N,buyer_0004,$275.58,N,refund_req_301916,agent_008,Approved,27,purchase_101916,FASHION,wrong_size
06/01/2026 03:03,"$1,139.79",N,buyer_0563,$552.48,N,refund_req_304496,agent_701,Approved,27,purchase_104496,HOME,missing_part
05/04/2026 07:06,"$1,005.29",N,buyer_0504,$843.83,Y,refund_req_301926,agent_025,Approved,60,purchase_101926, APPLIANCES ,missing_part
04/08/2026 21:01,"$1,421.40",Y,buyer_0571,"$1,312.77",Y,refund_req_303865,agent_022,APPROVED,19,purchase_103865,ELECTRONICS,item_not_as_described
04/15/2026 16:24,$41.58,N,buyer_0002,$28.62,,refund_req_302020,agent_002,Approved,54,purchase_102020,sports,wrong_size
04/12/2026 06:09,$912.45,N,buyer_0488,$285.41,N,refund_req_300632,agent_020,Approved,108,purchase_100632,ELECTRONICS,item_not_as_described
04/14/2026 12:11,$80.08,N,buyer_0484,$61.09,Y,refund_req_303764,agent_101,Approved,2,purchase_103764,FASHION,changed_mind
04/21/2026 07:29,"$1,859.35",Y,buyer_9902,"$1,688.06",N,refund_req_304811,agent_901,Approved,6,purchase_104811,ELECTRONICS,missing_accessory
04/03/2026 11:07,"$1,031.06",N,buyer_8002,$788.84,N,refund_req_304749,agent_802,Approved,5,purchase_104749,SPORTS,damaged_item
05/14/2026 08:56,"$1,929.52",N,buyer_0535,"$1,210.12",N,refund_req_303005,agent_024,Approved,11,purchase_103005,ELECTRONICS,missing_accessory
06/09/2026 20:52,$271.47,N,buyer_0306,$170.74,N,refund_req_300064,agent_024,Rejected,70,purchase_100064,  SPORTS  ,damaged_item
06/12/2026 05:23,$219.31,N,buyer_0099,$67.79,Y,refund_req_300681,agent_008,Approved,44,purchase_100681,CLOTHING,wrong_size
06/05/2026 02:54,$62.48,N,buyer_0585,$15.97,Y,refund_req_300119,agent_008,Rejected,74,purchase_100119,BOOKS,changed_mind
05/02/2026 02:48,$138.74,N,buyer_0058,$81.10,,refund_req_301689,agent_001,Approved,,purchase_101689,CLOTHING,wrong_size
05/05/2026 07:55,"$2,366.38",N,buyer_0289,$854.35,Y,refund_req_300749,agent_010,Approved,,purchase_100749,LUXURY,item_not_as_described
05/28/2026 14:45,"$1,578.45",N,buyer_0553,"$1,001.79",Y,refund_req_302617,agent_022,approved,85,purchase_102617,  LUXURY  ,item_not_as_described
05/07/2026 19:20,$64.41,N,buyer_0200,$43.92,Y,refund_req_303750,agent_102,Approved,3,purchase_103750,BOOKS,changed_mind
05/05/2026 08:05,$37.52,N,buyer_0521,$9.21,N,refund_req_300063,agent_030,Rejected,97,purchase_100063,BEAUTY,damaged_item
04/21/2026 19:08,$988.39,N,buyer_0494,$333.65,N,refund_req_300710,agent_004,Rejected,39,purchase_100710,LUXURY,
06/03/2026 17:47,"$1,399.94",Y,buyer_0433,"$1,399.94",Y,refund_req_303469,agent_010,Approved,58,purchase_103469,LUXURY,changed_mind
04/17/2026 23:16,"$1,093.26",Y,buyer_0058,$975.16,Y,refund_req_304043,agent_002,Approved,16,purchase_104043,ELECTRONICS,not_working
05/05/2026 02:59,$337.72,N,buyer_0446,$285.18,Y,refund_req_301614,agent_028,Approved,65,purchase_101614,Home,item_not_as_described
05/25/2026 19:38,$909.13,Y,buyer_0453,$844.68,Y,refund_req_303959,agent_018,Approved,33,purchase_103959,ELECTRONICS,missing_accessory
05/15/2026 16:48,$115.92,N,buyer_0529,$79.57,Y,refund_req_302578,agent_003,Approved,,purchase_102578,CLOTHING,item_not_as_described
04/09/2026 10:36,$127.61,N,buyer_0437,$33.62,Y,refund_req_301243,agent_029,Rejected,63,purchase_101243,HOME,item_not_as_described
04/13/2026 08:12,$824.56,Y,buyer_0465,$450.38,Y,refund_req_304448,agent_701,APPROVED,5,purchase_104448,ELECTRONICS,not_working
04/07/2026 22:50,"$1,074.70",N,buyer_0293,$487.74,Y,refund_req_302890,agent_009,Approved,28,purchase_102890,LUXURY,  changed_mind  
04/01/2026 23:06,"$2,484.06",N,buyer_0285,"$1,906.77",N,refund_req_303211,agent_102,Approved,32,purchase_103211,LUXURY,damaged_item
06/07/2026 19:14,$51.60,N,buyer_0176,$43.31,N,refund_req_302171,agent_026,Approved,76,purchase_102171,BEAUTY,allergic_reaction
06/07/2026 18:17,"$2,899.72",N,buyer_0436,"$1,842.74",N,refund_req_304538,agent_701,Approved,23,purchase_104538,LUXURY,damaged_item
06/01/2026 05:01,$462.73,N,buyer_0057,$272.70,Y,refund_req_303653,agent_102,APPROVED,4,purchase_103653,APPLIANCES,damaged_item
06/01/2026 14:04,$71.13,N,buyer_0587,$21.83,N,refund_req_301357,agent_018,Approved,61,purchase_101357,BEAUTY,damaged_item
06/08/2026 04:36,"$2,158.32",N,buyer_0184,"$1,570.49",N,refund_req_304404,agent_702,Approved,11,purchase_104404,LUXURY, changed_mind 
05/30/2026 20:34,$260.06,N,buyer_0319,$53.36,,refund_req_300234,agent_025,Approved,39,purchase_100234,SPORTS,damaged_item
06/11/2026 11:02,"$2,654.17",Y,buyer_9905,"$2,330.86",N,refund_req_304890,agent_902,Approved,2,purchase_104890,LUXURY,damaged_item
06/16/2026 10:57,"$1,107.97",N,buyer_0328,$917.04,Y,refund_req_304515,agent_702,Approved,25,purchase_104515,FASHION,item_not_as_described
06/14/2026 15:31,"$1,385.66",N,buyer_0275,$528.00,Y,refund_req_301815,agent_024,Approved,37,purchase_101815,LUXURY,item_not_as_described
04/07/2026 21:35,"$1,556.01",N,buyer_0138,$834.11,N,refund_req_300367,agent_016, Rejected ,112,purchase_100367,APPLIANCES,damaged_item
04/09/2026 23:55,$61.79,N,buyer_0331,$42.06,Y,refund_req_302012,agent_006,Rejected,69,purchase_102012,BOOKS,changed_mind
04/07/2026 16:31,"$2,138.71",N,buyer_0463,"$1,530.26",N,refund_req_303120,agent_029,Approved,29,purchase_103120,ELECTRONICS,not_working
06/09/2026 23:25,$702.73,N,buyer_0338,$160.50,Y,refund_req_302163,agent_013,Approved,,purchase_102163,ELECTRONICS,damaged_item
04/27/2026 05:01,"$1,410.44",Y,buyer_0358,"$1,296.53",Y,refund_req_303934,agent_010,Approved,26,purchase_103934,ELECTRONICS,missing_accessory
04/11/2026 07:07,$132.10,Y,buyer_0387,$110.43,,refund_req_303639,agent_102,Approved,5,purchase_103639,HOME,missing_part
05/07/2026 14:43,$920.35,N,buyer_0456,$350.24,N,refund_req_302930,agent_008,Approved,43,purchase_102930,beauty,changed_mind
05/17/2026 10:58,$922.46,N,buyer_0192,$677.09,N,refund_req_303260,agent_028,Approved,,purchase_103260,APPLIANCES,damaged_item
06/16/2026 11:09,$91.26,Y,buyer_0501,$22.20,Y,refund_req_301652,agent_011,Approved,,purchase_101652,FASHION,item_not_as_described
04/10/2026 15:07,"$1,483.32",N,buyer_0501,$771.39,,refund_req_302696,agent_006,Approved,65,purchase_102696,LUXURY,changed_mind
04/27/2026 20:47,$80.06,N,buyer_0204,$61.27,N,refund_req_302074,agent_007,Approved,79,purchase_102074,FASHION,changed_mind
04/08/2026 09:56,$154.43,N,buyer_0328,$122.19,N,refund_req_302095,agent_008,Approved,29,purchase_102095,BEAUTY,allergic_reaction
04/22/2026 10:13,$637.55,N,buyer_0005,$414.91,Y,refund_req_300287,agent_022,Approved,64,purchase_100287,ELECTRONICS,item_not_as_described
05/15/2026 03:49,$992.03,N,buyer_0396,$646.54,Y,refund_req_302479,agent_012,Approved,57,purchase_102479,ELECTRONICS,
05/01/2026 15:38,"$1,852.08",Y,buyer_9905,"$1,611.25",N,refund_req_304908,agent_902,Approved,8,purchase_104908,ELECTRONICS,
04/10/2026 16:44,"$1,254.94",N,buyer_0163,$454.11,Y,refund_req_302563,agent_026,Rejected,68,purchase_102563, BEAUTY ,damaged_item
06/19/2026 09:35,$188.73,N,buyer_9003,$162.69,N,refund_req_304155,agent_028,Approved,48,purchase_104155,sports, item_not_as_described 
04/06/2026 00:38,$66.47,N,buyer_0106,$55.61,N,refund_req_300592,agent_001,Rejected,46,purchase_100592,BOOKS,changed_mind
04/24/2026 23:48,$942.60,N,buyer_0373,$259.48,Y,refund_req_302453,agent_020,Approved,95,purchase_102453,BEAUTY,damaged_item
06/03/2026 09:03,"$2,279.77",N,buyer_0277,$486.67,N,refund_req_300847,agent_004,Rejected,81,purchase_100847,LUXURY,damaged_item
05/30/2026 16:59,$792.41,N,buyer_9007,$524.65,Y,refund_req_304359,agent_009,Approved,,purchase_104359,APPLIANCES,missing_part
04/06/2026 13:20,"$1,644.49",N,buyer_0488,"$1,133.46",Y,refund_req_302348,agent_012,Rejected,78,purchase_102348,APPLIANCES,
04/04/2026 03:53,$71.24,N,buyer_0292,$34.18,N,refund_req_302653,agent_004,Rejected,49,purchase_102653,BEAUTY,changed_mind
04/28/2026 18:44,$972.79,Y,buyer_0407,$374.44,Y,refund_req_300399,agent_015,Approved,55,purchase_100399,LUXURY,changed_mind
04/24/2026 13:18,$308.83,N,buyer_0550,$220.07,,refund_req_301598,agent_008,Approved,28,purchase_101598,FASHION,item_not_as_described
04/18/2026 03:08,$345.23,N,buyer_0076,$127.30,N,refund_req_302251,agent_010,Rejected,67,purchase_102251,SPORTS,damaged_item
04/28/2026 01:47,"$2,034.74",N,buyer_0108,$520.50,N,refund_req_300200,agent_016,Rejected,98,purchase_100200,ELECTRONICS,missing_accessory
04/29/2026 23:16,"$1,119.46",N,buyer_0580,$461.99,Y,refund_req_302974,agent_012,Approved,51,purchase_102974,APPLIANCES,missing_part
06/15/2026 06:04,$123.38,N,buyer_0412,$90.98,Y,refund_req_303805,agent_103,Approved,1,purchase_103805,CLOTHING,item_not_as_described
05/06/2026 04:24,"$2,896.95",N,buyer_0002,"$1,748.24",,refund_req_300628,agent_002,rejected,102,purchase_100628,LUXURY,item_not_as_described
04/04/2026 15:32,$216.41,N,buyer_0456,$79.56,Y,refund_req_300997,agent_023,Approved,74,purchase_100997,SPORTS,wrong_size
06/19/2026 13:07,"$1,571.25",Y,buyer_0314,"$1,267.39",Y,refund_req_304091,agent_012,Approved,20,purchase_104091,ELECTRONICS,not_working
06/02/2026 18:00,$499.82,N,buyer_0431,$196.86,N,refund_req_302569,agent_018,Rejected,74,purchase_102569,Electronics,item_not_as_described
05/31/2026 02:23,$189.67,N,buyer_0285,$44.63,N,refund_req_301832,agent_024,Approved,39,purchase_101832,FASHION, item_not_as_described 
04/23/2026 03:20,$979.30,N,buyer_9006,$759.79,Y,refund_req_304214,agent_009,Approved,67,purchase_104214,HOME,damaged_item
04/04/2026 11:30,"$1,420.20",Y,buyer_0312,"$1,066.75",N,refund_req_304036,agent_001,Approved,27,purchase_104036,APPLIANCES,damaged_item
04/06/2026 01:34,$476.85,N,buyer_9003,$300.69,N,refund_req_304195,agent_025,Approved,8,purchase_104195,FASHION,wrong_size
04/09/2026 23:41,"$1,355.76",N,buyer_0438,"$1,164.87",N,refund_req_303216,agent_004, Approved ,41,purchase_103216,LUXURY,  item_not_as_described  
04/03/2026 00:38,$938.60,N,buyer_0424,$644.69,N,refund_req_303094,agent_028,Approved,27,purchase_103094,APPLIANCES,  not_working  
04/24/2026 19:00,$730.42,N,buyer_0260,$538.57,N,refund_req_300824,agent_017,  Approved  ,40,purchase_100824,ELECTRONICS,missing_accessory
04/03/2026 10:58,$45.19,N,buyer_0440,$11.32,Y,refund_req_301475,agent_026,Approved,45,purchase_101475,BOOKS,changed_mind
06/17/2026 09:39,$564.60,N,buyer_0141,$419.91,Y,refund_req_302950,agent_010,Approved,75,purchase_102950,FASHION,wrong_size
04/27/2026 16:22,$493.02,N,buyer_0097,$267.35,Y,refund_req_301890,agent_026,Approved,41,purchase_101890,LUXURY,item_not_as_described
04/25/2026 19:49,"$1,502.10",Y,buyer_9902,"$1,436.48",,refund_req_304843,agent_901,Approved,1,purchase_104843,LUXURY,item_not_as_described
04/15/2026 08:02,"$1,741.41",N,buyer_0150,"$1,019.51",Y,refund_req_302815,agent_010,Approved,48,purchase_102815,ELECTRONICS,missing_accessory
05/13/2026 19:29,$81.90,N,buyer_0387,$33.54,Y,refund_req_300960,agent_019,Approved,73,purchase_100960,BOOKS,wrong_item_received
05/08/2026 17:57,"$1,785.08",Y,buyer_0416,"$1,435.52",N,refund_req_303856,agent_013,Approved,14,purchase_103856,APPLIANCES,not_working
06/02/2026 00:11,$243.30,N,buyer_0007,$111.29,N,refund_req_300437,agent_011,Approved,58,purchase_100437,FASHION,wrong_size
04/13/2026 03:19,$112.02,N,buyer_0493,$42.64,Y,refund_req_301787,agent_003,Approved,50,purchase_101787,BEAUTY,allergic_reaction
06/01/2026 21:36,$606.99,N,buyer_0564,$323.30,Y,refund_req_301940,agent_027,Approved,81,purchase_101940,APPLIANCES,not_working
06/11/2026 23:04,$77.06,N,buyer_0081,$63.27,N,refund_req_300945,agent_017,Rejected,81,purchase_100945,BOOKS,  changed_mind  
04/21/2026 17:42,$173.44,N,buyer_0219,$54.56,N,refund_req_302524,agent_002,Rejected,93,purchase_102524,BEAUTY, damaged_item 
05/26/2026 05:22,$84.81,N,buyer_0096,$52.75,N,refund_req_304519,agent_703,Approved,28,purchase_104519,BEAUTY,changed_mind
05/13/2026 21:45,"$1,482.73",Y,buyer_0272,"$1,102.48",Y,refund_req_304081,agent_023,Approved,8,purchase_104081,APPLIANCES,missing_part
06/04/2026 02:02,$9.89,N,buyer_9007,$8.14,N,refund_req_304231,agent_002,Approved,70,purchase_104231,BOOKS,damaged_item
06/19/2026 15:49,"$1,143.55",N,buyer_0200,$818.02,Y,refund_req_301456,agent_011,Approved,54,purchase_101456, SPORTS ,item_not_as_described
06/13/2026 19:06,"$1,169.52",N,buyer_0508,$537.39,Y,refund_req_302256,agent_021,Approved,79,purchase_102256,APPLIANCES,damaged_item
05/25/2026 00:44,"$1,247.05",N,buyer_0299,$538.39,N,refund_req_302903,agent_025,Rejected,52,purchase_102903,LUXURY,damaged_item
04/03/2026 21:42,$543.52,N,buyer_0156,$337.58,Y,refund_req_301024,agent_029,Approved,50,purchase_101024,LUXURY,damaged_item
04/26/2026 19:32,$508.88,N,buyer_0154,$474.52,N,refund_req_303776,agent_102,Approved,1,purchase_103776,APPLIANCES,damaged_item
05/23/2026 20:00,"$1,258.66",N,buyer_0373,$662.50,N,refund_req_300805,agent_027,Rejected,64,purchase_100805,BOOKS,  changed_mind  
05/15/2026 09:10,"$1,954.26",Y,buyer_0027,"$1,535.57",N,refund_req_304055,agent_017,Approved,18,purchase_104055,ELECTRONICS,
05/05/2026 02:17,"$1,161.82",N,buyer_0533,$751.75,Y,refund_req_300348,agent_004,Approved,68,purchase_100348,FASHION,wrong_size
05/28/2026 11:46,"$1,928.24",N,buyer_0268,$973.44,N,refund_req_302795,agent_019,Rejected,,purchase_102795,ELECTRONICS,
04/18/2026 19:46,$399.71,N,buyer_8001,$269.53,Y,refund_req_304763,agent_801,Approved,14,purchase_104763,FASHION,changed_mind
05/23/2026 07:57,"$1,313.86",N,buyer_0514,$958.92,N,refund_req_301845,agent_009,Approved,53,purchase_101845,APPLIANCES,damaged_item
06/17/2026 13:45,"$2,032.54",Y,buyer_9901,"$1,876.93",N,refund_req_304941,agent_901,  Approved  ,2,purchase_104941,ELECTRONICS,not_working
04/24/2026 16:42,$605.74,N,buyer_0220,$294.34,N,refund_req_301042,agent_015,Approved,70,purchase_101042,APPLIANCES,missing_part
05/12/2026 19:42,$353.04,N,buyer_0081,$269.99,Y,refund_req_302944,agent_029,Approved,57,purchase_102944,ELECTRONICS,missing_accessory
05/27/2026 20:23,"$1,209.26",N,buyer_0074,$488.25,N,refund_req_300371,agent_028,Rejected,58,purchase_100371,APPLIANCES,missing_part
05/11/2026 13:56,$35.60,N,buyer_0406,$14.59,N,refund_req_300252,agent_023,Rejected,100,purchase_100252,BOOKS,damaged_item
04/05/2026 08:07,$64.38,N,buyer_8003,$53.99,Y,refund_req_304618,agent_803,Approved,6,purchase_104618,SPORTS,item_not_as_described
05/04/2026 08:26,"$2,091.27",N,buyer_0151,$961.21,Y,refund_req_302244,agent_023,Rejected,,purchase_102244,ELECTRONICS,not_working
05/08/2026 00:06,$28.25,N,buyer_0360,$22.09,Y,refund_req_300753,agent_009,Approved,49,purchase_100753,BOOKS,changed_mind
06/21/2026 07:22,$366.07,N,buyer_0098,$97.49,N,refund_req_302167,agent_024,Rejected,48,purchase_102167,fashion,changed_mind
05/12/2026 16:00,$223.55,N,buyer_0500,$119.40,Y,refund_req_304583,agent_701,Approved,35,purchase_104583,SPORTS,damaged_item
05/25/2026 02:45,$87.77,N,buyer_0435,$51.88,Y,refund_req_300776,agent_016,Rejected,89,purchase_100776,BOOKS,changed_mind
05/08/2026 17:37,"$1,294.22",Y,buyer_0446,"$1,051.22",N,refund_req_304072,agent_019,Approved,28,purchase_104072,APPLIANCES,damaged_item
05/29/2026 07:21,"$1,433.43",Y,buyer_9903,"$1,286.15",N,refund_req_304815,agent_901,Approved,6,purchase_104815,LUXURY,
05/31/2026 03:55,$12.64,N,buyer_0453,$5.61,Y,refund_req_301891,agent_010,Approved,59,purchase_101891,BOOKS, wrong_item_received 
05/07/2026 11:42,$72.06,N,buyer_0377,$55.91,Y,refund_req_301309,agent_013,Approved,104,purchase_101309,BEAUTY,allergic_reaction
05/19/2026 08:30,$130.05,N,buyer_0548,$97.51,Y,refund_req_302034,agent_011,Approved,73,purchase_102034,CLOTHING,wrong_size
05/23/2026 04:14,$405.19,N,buyer_0219,$334.49,Y,refund_req_302281,agent_008,Approved,40,purchase_102281,HOME,damaged_item
05/12/2026 01:25,"$1,983.49",Y,buyer_9902,"$1,747.35",N,refund_req_304819,agent_901,Approved,8,purchase_104819,LUXURY,damaged_item
05/13/2026 09:33,"$1,392.79",N,buyer_0162,$894.27,N,refund_req_303200,agent_026,Approved,18,purchase_103200,APPLIANCES,damaged_item
05/06/2026 12:49,$97.18,N,buyer_0590,$80.37,Y,refund_req_300486,agent_022,Approved,52,purchase_100486,CLOTHING,wrong_size
04/24/2026 16:34,"$1,449.36",N,buyer_8002,"$1,322.82",Y,refund_req_304608,agent_802,Approved,14,purchase_104608,ELECTRONICS, item_not_as_described 
06/18/2026 04:50,"$1,201.03",N,buyer_0598,"$1,201.03",Y,refund_req_303417,agent_030,Approved,27,purchase_103417,FASHION,item_not_as_described
04/16/2026 20:35,$552.71,N,buyer_0551,$361.32,Y,refund_req_300674,agent_009,Approved,92,purchase_100674,HOME,missing_part
04/05/2026 05:38,"$1,074.84",N,buyer_0355,$800.90,N,refund_req_300187,agent_017,Approved,67,purchase_100187,CLOTHING,  item_not_as_described  
05/08/2026 08:38,$535.29,N,buyer_0555,$271.65,N,refund_req_303804,agent_102,Approved,5,purchase_103804,APPLIANCES,not_working
05/09/2026 12:20,"$1,329.14",N,buyer_0099,"$1,329.14",Y,refund_req_303513,agent_003,Approved,54,purchase_103513,APPLIANCES,damaged_item
05/11/2026 19:14,$545.68,N,buyer_0124,$445.98,,refund_req_300556,agent_030,Rejected,48,purchase_100556,FASHION,  wrong_size  
05/15/2026 06:35,"$1,303.79",N,buyer_0257,"$1,078.78",N,refund_req_302304,agent_013,Approved,47,purchase_102304, ELECTRONICS ,not_working
04/10/2026 17:38,$21.07,N,buyer_0153,$5.02,Y,refund_req_301230,agent_015,Rejected,119,purchase_101230,BEAUTY,damaged_item
04/25/2026 08:31,"$1,960.27",Y,buyer_0138,"$1,836.75",N,refund_req_303999,agent_006,Approved,14,purchase_103999,LUXURY,item_not_as_described
05/22/2026 21:57,"$1,081.13",N,buyer_0501,"$1,081.13",N,refund_req_303418,agent_005,Approved,65,purchase_103418,APPLIANCES,
06/03/2026 05:02,$41.94,N,buyer_0084,$20.86,N,refund_req_304387,agent_703,Approved,23,purchase_104387,BEAUTY,changed_mind
04/23/2026 11:05,"$1,746.85",Y,buyer_0396,"$1,181.45",N,refund_req_303922,agent_001,Approved,18,purchase_103922,ELECTRONICS,
05/28/2026 19:50,"$1,406.16",Y,buyer_9906,"$1,198.87",N,refund_req_304998,agent_902,Approved,,purchase_104998,ELECTRONICS,damaged_item
05/13/2026 16:21,$106.27,N,buyer_0221,$105.20,N,refund_req_304469,agent_701,Approved,35,purchase_104469,BEAUTY,  allergic_reaction  
05/01/2026 12:43,"$1,538.10",N,buyer_0451,"$1,197.05",Y,refund_req_301409,agent_006,Approved,71,purchase_101409,APPLIANCES,damaged_item
04/09/2026 12:10,$211.86,N,buyer_0509,$154.43,N,refund_req_304363,agent_703,Approved,28,purchase_104363,ELECTRONICS,missing_accessory
05/02/2026 20:43,$80.76,N,buyer_0153,$53.79,N,refund_req_301522,agent_030,Approved,,purchase_101522,sports,
04/16/2026 18:59,$150.84,N,buyer_9004,$109.63,N,refund_req_304228,agent_008,Approved,,purchase_104228,CLOTHING,wrong_size
06/17/2026 08:46,$63.04,N,buyer_0229,$38.35,Y,refund_req_301632,agent_011,Approved,,purchase_101632,BOOKS,damaged_item
04/04/2026 17:42,$109.18,N,buyer_0005,$51.39,N,refund_req_300577,agent_019,Approved,64,purchase_100577,BEAUTY,changed_mind
06/17/2026 06:00,"$1,414.66",N,buyer_0125,$605.75,N,refund_req_301550,agent_007,approved,46,purchase_101550,ELECTRONICS,damaged_item
05/02/2026 16:27,"$1,256.54",N,buyer_0598,$530.03,Y,refund_req_300544,agent_012,Approved,40,purchase_100544,BOOKS,damaged_item
05/19/2026 00:41,$689.87,N,buyer_0370,$507.25,N,refund_req_300273,agent_030,Approved,63,purchase_100273,ELECTRONICS,not_working
04/16/2026 13:55,$374.24,N,buyer_0144,$142.29,N,refund_req_302871,agent_025,Approved,28,purchase_102871,LUXURY,changed_mind
05/31/2026 17:57,$13.43,Y,buyer_0571,$8.33,N,refund_req_303840,agent_103,Approved,3,purchase_103840,BOOKS,changed_mind
04/28/2026 02:02,$516.80,N,buyer_0419,$317.88,Y,refund_req_301449,agent_023,Approved,44,purchase_101449,HOME,damaged_item
04/27/2026 11:43,"$1,440.49",Y,buyer_0036,$981.93,N,refund_req_304018,agent_011,Approved,32,purchase_104018,ELECTRONICS,item_not_as_described
05/07/2026 04:44,$163.29,N,buyer_0582,$92.27,Y,refund_req_300826,agent_015,Approved,98,purchase_100826,BEAUTY,changed_mind
05/18/2026 22:06,"$1,597.68",N,buyer_0313,"$1,240.04",Y,refund_req_303808,agent_102,Approved,3,purchase_103808,LUXURY,item_not_as_described
04/10/2026 10:17,$66.05,N,buyer_0215,$48.18,Y,refund_req_301165,agent_027,Approved,90,purchase_101165,SPORTS,  wrong_size  
04/05/2026 10:56,$163.76,N,buyer_0116,$50.30,N,refund_req_301361,agent_030,Approved,67,purchase_101361,CLOTHING,changed_mind
04/24/2026 13:01,$27.04,N,buyer_0276,$15.52,N,refund_req_302058,agent_009,Approved,22,purchase_102058,BEAUTY,changed_mind
05/28/2026 17:58,"$2,608.61",Y,buyer_0536,"$2,271.86",N,refund_req_303912,agent_028,Approved,5,purchase_103912,LUXURY,changed_mind
05/11/2026 13:16,$27.86,N,buyer_0475,$19.39,Y,refund_req_302232,agent_019,Approved,75,purchase_102232,BOOKS,wrong_item_received
05/14/2026 02:54,$407.02,Y,buyer_8001,$334.16,N,refund_req_304613,agent_801,Approved,25,purchase_104613,SPORTS, damaged_item 
06/15/2026 03:53,"$1,558.82",N,buyer_0496,$764.71,N,refund_req_302083,agent_012,Approved,,purchase_102083,ELECTRONICS,item_not_as_described
04/05/2026 04:32,"$1,594.39",N,buyer_0059,"$1,154.46",N,refund_req_300705,agent_013,Approved,48,purchase_100705,APPLIANCES,damaged_item
05/21/2026 07:39,$62.55,N,buyer_8001,$59.95,N,refund_req_304760,agent_801,Approved,15,purchase_104760,SPORTS,
04/21/2026 17:50,$104.19,N,buyer_0427,$52.85,Y,refund_req_301986,agent_002,Rejected,88,purchase_101986,FASHION,changed_mind
06/19/2026 04:02,$143.30,N,buyer_0134,$63.89,Y,refund_req_300654,agent_029,Approved,25,purchase_100654,HOME,item_not_as_described
05/09/2026 16:14,"$1,583.55",N,buyer_0259,"$1,312.87",Y,refund_req_302523,agent_011,Approved,77,purchase_102523,APPLIANCES,missing_part
05/31/2026 22:15,$156.85,N,buyer_0490,$103.39,Y,refund_req_301762,agent_005,Rejected,91,purchase_101762,BEAUTY,changed_mind
05/14/2026 03:20,"$1,856.22",N,buyer_0295,"$1,856.22",Y,refund_req_303490,agent_103, Approved ,52,purchase_103490,LUXURY,item_not_as_described
05/27/2026 17:51,$33.26,N,buyer_0292,$16.28,Y,refund_req_300517,agent_001,Approved,54,purchase_100517,BOOKS,damaged_item
04/18/2026 20:52,"$1,381.22",Y,buyer_9903,"$1,294.34",N,refund_req_304903,agent_901,Approved,2,purchase_104903,APPLIANCES,missing_part
05/10/2026 12:04,"$1,103.84",N,buyer_0561,$993.34,Y,refund_req_304368,agent_702,Approved,29,purchase_104368,APPLIANCES,damaged_item
04/18/2026 03:40,$133.37,N,buyer_0128,$79.14,,refund_req_301260,agent_008,Approved,40,purchase_101260,SPORTS,item_not_as_described
04/06/2026 02:49,$162.20,N,buyer_0079,$122.01,N,refund_req_300333,agent_009,Approved,49,purchase_100333,BEAUTY,changed_mind
04/09/2026 07:44,"$1,276.59",N,buyer_0496,"$1,044.47",Y,refund_req_302873,agent_014,Approved,72,purchase_102873,APPLIANCES,damaged_item
06/18/2026 04:26,$182.67,N,buyer_0046,$177.43,Y,refund_req_303753,agent_103,Approved,2,purchase_103753,CLOTHING,item_not_as_described
06/04/2026 13:35,"$1,638.18",Y,buyer_0054,"$1,428.70",N,refund_req_303936,agent_010,Approved,26,purchase_103936,APPLIANCES,
06/09/2026 13:05,$212.24,N,buyer_0195,$88.92,Y,refund_req_301327,agent_025,Rejected,49,purchase_101327,HOME,damaged_item
04/06/2026 02:29,$803.15,N,buyer_0020,$183.82,Y,refund_req_300888,agent_016,Approved,79,purchase_100888,APPLIANCES,damaged_item
04/15/2026 15:13,"$1,049.24",Y,buyer_9901,$893.17,N,refund_req_304861,agent_901,Approved,1,purchase_104861,APPLIANCES,not_working
05/15/2026 22:34,"$1,037.24",N,buyer_0181,"$1,037.24",Y,refund_req_303557,agent_012,Approved,14,purchase_103557,FASHION, changed_mind 
04/24/2026 01:01,$58.70,N,buyer_9008,$49.37,N,refund_req_304272,agent_029,Approved,60,purchase_104272,BEAUTY,allergic_reaction
05/05/2026 23:02,"$1,685.10",Y,buyer_0270,$373.17,Y,refund_req_302789,agent_025,Approved,85,purchase_102789,APPLIANCES,damaged_item
05/27/2026 01:44,$37.98,Y,buyer_0492,$31.20,,refund_req_303707,agent_103,Approved,1,purchase_103707,BEAUTY,
04/10/2026 23:19,"$1,702.45",Y,buyer_0215,"$1,702.45",Y,refund_req_303500,agent_001,Approved,24,purchase_103500,ELECTRONICS,item_not_as_described
04/29/2026 10:17,"$1,053.16",N,buyer_9003,$535.46,N,refund_req_304331,agent_011,Approved,69,purchase_104331,fashion,changed_mind
05/02/2026 15:27,"$1,677.73",N,buyer_0207,$845.13,Y,refund_req_302716,agent_007,Approved,47,purchase_102716,APPLIANCES,damaged_item
05/08/2026 09:06,$339.95,Y,buyer_0507,$224.91,Y,refund_req_300208,agent_021,Approved,72,purchase_100208,FASHION,item_not_as_described
04/26/2026 20:56,$85.78,N,buyer_0585,$61.65,Y,refund_req_302459,agent_017,Approved,52,purchase_102459,BOOKS, wrong_item_received 
04/04/2026 02:15,$532.28,N,buyer_0510,$136.79,N,refund_req_302852,agent_008,approved,30,purchase_102852,APPLIANCES,not_working
05/29/2026 01:59,$137.82,N,buyer_0442,$44.93,N,refund_req_300848,agent_019,Rejected,77,purchase_100848,BEAUTY,damaged_item
05/14/2026 21:25,"$1,135.10",N,buyer_0511,$940.01,N,refund_req_302364,agent_028,Approved,62,purchase_102364,FASHION,changed_mind
05/30/2026 06:48,"$1,299.67",N,buyer_0432,$711.69,Y,refund_req_301728,agent_018, Approved ,48,purchase_101728,BOOKS,
06/05/2026 18:03,"$2,142.57",N,buyer_0349,"$1,716.56",Y,refund_req_304383,agent_702,Approved,17,purchase_104383,electronics,not_working
05/11/2026 04:22,"$2,349.99",N,buyer_0294,"$1,532.26",N,refund_req_304558,agent_703,Approved,22,purchase_104558,LUXURY,changed_mind
05/26/2026 07:59,$9.72,N,buyer_0156,$8.52,Y,refund_req_303708,agent_103,Approved,3,purchase_103708,books,wrong_item_received
04/27/2026 12:52,$59.92,N,buyer_0186,$18.42,Y,refund_req_302983,agent_019,Approved,52,purchase_102983,BOOKS,damaged_item
06/03/2026 02:27,$559.90,N,buyer_0108,$365.25,N,refund_req_302462,agent_015,Rejected,113,purchase_102462,  HOME  ,damaged_item
05/12/2026 17:44,$124.24,N,buyer_0564,$77.57,N,refund_req_300154,agent_001,Rejected,46,purchase_100154,HOME,item_not_as_described
05/03/2026 20:19,"$1,655.18",N,buyer_0145,$577.08,Y,refund_req_301969,agent_016,Approved,48,purchase_101969,APPLIANCES,not_working
05/22/2026 16:24,"$2,277.18",N,buyer_0326,"$2,109.74",N,refund_req_303259,agent_028,Approved,17,purchase_103259,LUXURY,damaged_item
06/13/2026 17:53,$962.74,N,buyer_0485,$542.38,Y,refund_req_300615,agent_015,Rejected,74,purchase_100615,BEAUTY,damaged_item
04/11/2026 00:02,"$1,403.32",N,buyer_0121,"$1,112.59",N,refund_req_303154,agent_020,Approved,14,purchase_103154,APPLIANCES,not_working
05/07/2026 02:56,"$2,853.13",N,buyer_0428,"$1,847.07",,refund_req_301132,agent_012,Rejected,67,purchase_101132,LUXURY,damaged_item
05/13/2026 11:39,$291.76,N,buyer_0228,$59.95,Y,refund_req_301721,agent_030,Approved,103,purchase_101721,HOME,item_not_as_described
04/04/2026 15:37,"$1,595.38",Y,buyer_0449,"$1,512.96",N,refund_req_303132,agent_102,Approved,,purchase_103132,electronics,damaged_item
05/08/2026 09:36,"$2,609.58",N,buyer_0246,"$2,285.77",N,refund_req_303203,agent_026,Approved,26,purchase_103203,LUXURY,  damaged_item  
04/22/2026 10:29,"$1,712.26",N,buyer_0124,"$1,134.20",Y,refund_req_300905,agent_006,Approved,39,purchase_100905, ELECTRONICS ,not_working
04/26/2026 11:09,$781.97,N,buyer_0509,$577.99,Y,refund_req_300441,agent_003,Approved,35,purchase_100441,APPLIANCES,not_working
04/29/2026 07:08,$219.94,N,buyer_0085,$64.22,Y,refund_req_302082,agent_015,Rejected,89,purchase_102082,ELECTRONICS,
04/29/2026 00:16,"$1,150.24",N,buyer_0170,$772.84,N,refund_req_300219,agent_022,Rejected,45,purchase_100219,BOOKS,wrong_item_received
05/20/2026 04:33,$336.52,N,buyer_0144,$261.00,Y,refund_req_302428,agent_011,Approved,48,purchase_102428,  HOME  ,missing_part
04/27/2026 16:09,"$1,344.05",Y,buyer_8002,$921.06,N,refund_req_304695,agent_802,approved,16,purchase_104695,ELECTRONICS,not_working
06/03/2026 15:01,$152.22,N,buyer_0063,$101.15,Y,refund_req_301673,agent_011,Approved,70,purchase_101673,SPORTS,damaged_item
06/20/2026 09:38,$184.28,N,buyer_0135,$54.25,N,refund_req_301040,agent_025,Approved,48,purchase_101040,SPORTS,item_not_as_described
05/09/2026 15:09,$66.93,N,buyer_0328,$32.33,Y,refund_req_301231,agent_023,Approved,113,purchase_101231,BOOKS,changed_mind
04/23/2026 00:26,$103.45,N,buyer_0342,$66.07,Y,refund_req_302432,agent_027,Rejected,82,purchase_102432,CLOTHING,item_not_as_described
04/21/2026 23:16,"$1,041.63",Y,buyer_0387,$793.50,,refund_req_303913,agent_027,APPROVED,17,purchase_103913,APPLIANCES,missing_part
05/13/2026 08:42,$314.61,N,buyer_0245,$97.00,Y,refund_req_300843,agent_028,Approved,78,purchase_100843,SPORTS,wrong_size
04/18/2026 17:18,$22.91,N,buyer_0276,$16.05,N,refund_req_301924,agent_007,Approved,76,purchase_101924,CLOTHING,changed_mind
05/03/2026 17:13,"$1,426.11",N,buyer_0345,$793.67,N,refund_req_301927,agent_029,Approved,62,purchase_101927,ELECTRONICS,not_working
06/02/2026 16:47,$61.43,N,buyer_0157,$41.54,Y,refund_req_301859,agent_016,Rejected,79,purchase_101859,BOOKS,wrong_item_received
05/08/2026 01:06,$391.59,N,buyer_0152,$199.67,N,refund_req_301290,agent_027,Approved,90,purchase_101290,FASHION,wrong_size
05/25/2026 18:58,$45.78,N,buyer_0485,$29.77,N,refund_req_302503,agent_029,Approved,61,purchase_102503,BOOKS,changed_mind
06/20/2026 15:02,"$1,737.36",Y,buyer_9902,"$1,635.30",N,refund_req_304867,agent_901,Approved,4,purchase_104867,ELECTRONICS,
04/25/2026 22:06,$985.80,N,buyer_0174,$459.21,Y,refund_req_304520,agent_701,Approved,22,purchase_104520,BOOKS,damaged_item
04/17/2026 15:12,"$1,451.65",Y,buyer_0014,"$1,248.31",Y,refund_req_303993,agent_018,Approved,11,purchase_103993,ELECTRONICS,not_working
06/05/2026 12:11,"$2,496.73",N,buyer_0109,"$1,248.70",,refund_req_301403,agent_027,Approved,89,purchase_101403,LUXURY,item_not_as_described
04/07/2026 20:04,$86.38,N,buyer_0449,$44.92,N,refund_req_301500,agent_002,Rejected,111,purchase_101500,BOOKS,wrong_item_received
05/25/2026 00:25,$36.21,N,buyer_0013,$25.82,Y,refund_req_300645,agent_004,  Approved  ,81,purchase_100645,CLOTHING,item_not_as_described
06/02/2026 15:03,"$2,755.51",N,buyer_0334,"$2,755.51",Y,refund_req_303321,agent_010,Approved,34,purchase_103321,LUXURY,damaged_item
04/10/2026 07:15,$284.11,N,buyer_0290,$83.05,N,refund_req_302076,agent_006,Approved,40,purchase_102076,FASHION,changed_mind
04/18/2026 17:13,$38.94,N,buyer_0134,$19.57,N,refund_req_301702,agent_008,Rejected,67,purchase_101702,CLOTHING,wrong_size
05/15/2026 10:51,"$1,734.97",Y,buyer_0198,"$1,529.50",N,refund_req_303951,agent_027,Approved,7,purchase_103951,LUXURY,item_not_as_described
06/05/2026 20:11,$461.83,N,buyer_0317,$324.58,Y,refund_req_302629,agent_014,Approved,71,purchase_102629,HOME,item_not_as_described
05/07/2026 17:07,"$2,721.85",N,buyer_0019,"$2,721.85",N,refund_req_303288,agent_024,Approved,46,purchase_103288,LUXURY,item_not_as_described
04/09/2026 17:58,"$1,013.40",N,buyer_0431,$562.60,N,refund_req_304395,agent_702,  Approved  ,39,purchase_104395,BOOKS,changed_mind
06/17/2026 15:36,"$1,153.45",N,buyer_0155,"$1,153.45",N,refund_req_303337,agent_028,Approved,21,purchase_103337,ELECTRONICS,damaged_item
05/22/2026 21:50,$344.76,N,buyer_0142,$234.74,Y,refund_req_300662,agent_007,Rejected,67,purchase_100662,SPORTS,damaged_item
06/09/2026 07:09,"$1,150.85",N,buyer_0216,$898.66,N,refund_req_303213,agent_001,Approved,16,purchase_103213,ELECTRONICS,damaged_item
05/22/2026 05:51,"$2,002.64",N,buyer_0148,"$1,508.87",N,refund_req_303247,agent_011,Approved,12,purchase_103247,ELECTRONICS,missing_accessory
05/07/2026 06:23,"$1,097.26",N,buyer_0473,$748.80,N,refund_req_302568,agent_007,Approved,49,purchase_102568,BEAUTY,allergic_reaction
05/31/2026 16:05,$223.65,Y,buyer_0241,$146.01,N,refund_req_302464,agent_025,Approved,24,purchase_102464,SPORTS,item_not_as_described
06/20/2026 06:15,"$1,221.37",N,buyer_0190,$888.28,Y,refund_req_301564,agent_026,Approved,41,purchase_101564, BOOKS ,wrong_item_received
04/17/2026 07:00,$125.34,N,buyer_8003,$108.44,N,refund_req_304642,agent_803,Approved,26,purchase_104642,SPORTS,damaged_item
06/04/2026 17:06,"$1,392.06",N,buyer_0561,$927.30,Y,refund_req_301505,agent_030,Approved,94,purchase_101505,APPLIANCES,missing_part
06/14/2026 19:32,"$1,177.34",N,buyer_8003,$715.95,N,refund_req_304663,agent_803,Approved,10,purchase_104663,ELECTRONICS,damaged_item
05/23/2026 16:30,"$1,263.40",N,buyer_8001,"$1,139.48",N,refund_req_304730,agent_801,Approved,22,purchase_104730,ELECTRONICS,not_working
05/31/2026 04:46,$318.43,N,buyer_0552,$122.57,Y,refund_req_301237,agent_010,Approved,65,purchase_101237,FASHION,wrong_size
04/25/2026 04:08,"$2,198.27",Y,buyer_0176,"$1,659.15",Y,refund_req_304054,agent_007,Approved,14,purchase_104054,ELECTRONICS,missing_accessory
04/02/2026 19:25,"$1,905.53",N,buyer_0160,$708.96,N,refund_req_302513,agent_029, Approved ,31,purchase_102513,ELECTRONICS,item_not_as_described
05/31/2026 05:28,$271.40,Y,buyer_0577,$70.67,Y,refund_req_302967,agent_024,Approved,38,purchase_102967,HOME,item_not_as_described
05/24/2026 04:57,"$1,772.93",Y,buyer_9905,"$1,712.63",N,refund_req_304860,agent_902,  Approved  ,5,purchase_104860,LUXURY,damaged_item
04/13/2026 06:15,$49.48,N,buyer_0387,$22.58,N,refund_req_302565,agent_003,Rejected,37,purchase_102565,BEAUTY,changed_mind
04/06/2026 21:41,"$1,594.41",Y,buyer_0041,$997.38,N,refund_req_303012,agent_025,Approved,27,purchase_103012,ELECTRONICS,missing_accessory
05/04/2026 13:43,$802.00,N,buyer_0483,$593.27,N,refund_req_300343,agent_020,Rejected,105,purchase_100343,LUXURY,item_not_as_described
06/10/2026 17:28,$44.26,N,buyer_0189,$22.44,Y,refund_req_301128,agent_005,Approved,78,purchase_101128,HOME,missing_part
06/04/2026 03:21,$177.35,Y,buyer_0506,$114.96,N,refund_req_302059,agent_010,Rejected,61,purchase_102059,BEAUTY,changed_mind
05/25/2026 18:51,$37.55,N,buyer_0023,$30.85,Y,refund_req_301432,agent_025,Approved,30,purchase_101432,BOOKS,damaged_item
04/14/2026 13:06,$168.36,N,buyer_0198,$92.34,Y,refund_req_301394,agent_019, APPROVED ,76,purchase_101394,SPORTS,item_not_as_described
05/15/2026 01:40,$955.41,N,buyer_0214,$740.84,Y,refund_req_302593,agent_004,Approved,46,purchase_102593,FASHION,item_not_as_described
04/06/2026 22:35,"$1,680.94",Y,buyer_0395,"$1,286.14",N,refund_req_304006,agent_020,Approved,34,purchase_104006,LUXURY,item_not_as_described
06/19/2026 05:24,$14.80,N,buyer_0249,$9.74,Y,refund_req_303583,agent_101,APPROVED,3,purchase_103583,BOOKS,wrong_item_received
05/12/2026 19:07,"$1,073.77",N,buyer_0229,$800.41,Y,refund_req_303741,agent_101,Approved,3,purchase_103741,appliances,damaged_item
04/03/2026 09:53,$180.62,N,buyer_0164,$128.83,Y,refund_req_300554,agent_007,Approved,76,purchase_100554,ELECTRONICS,  not_working  
04/21/2026 15:21,$363.23,N,buyer_0232,$153.62,Y,refund_req_301310,agent_010,Approved,85,purchase_101310,FASHION,changed_mind
04/13/2026 02:27,$630.98,N,buyer_0572,$370.88,Y,refund_req_301873,agent_024,Approved,74,purchase_101873,FASHION,wrong_size
05/25/2026 16:55,$140.83,N,buyer_0218,$107.37,Y,refund_req_302689,agent_019,Approved,51,purchase_102689, CLOTHING ,changed_mind
04/11/2026 17:37,$946.23,N,buyer_9002,$572.91,Y,refund_req_304218,agent_015,Approved,,purchase_104218,CLOTHING,changed_mind
05/09/2026 02:57,$975.13,Y,buyer_0598,$701.35,Y,refund_req_304111,agent_026,Approved,35,purchase_104111,LUXURY,item_not_as_described
06/05/2026 18:42,$267.41,Y,buyer_0227,$200.37,,refund_req_302641,agent_020,Approved,68,purchase_102641,FASHION,changed_mind
05/01/2026 06:28,$45.92,N,buyer_0068,$17.36,Y,refund_req_302427,agent_030,REJECTED,106,purchase_102427,BOOKS,
04/19/2026 22:49,$101.92,N,buyer_0580,$56.77,,refund_req_301325,agent_005,Rejected,109,purchase_101325,CLOTHING,item_not_as_described
04/11/2026 18:23,$444.61,N,buyer_9001,$274.65,N,refund_req_304225,agent_024,Approved,43,purchase_104225,HOME,
05/17/2026 19:28,"$2,417.11",N,buyer_0362,"$2,417.11",N,refund_req_303335,agent_005,Approved,52,purchase_103335,LUXURY,changed_mind
06/18/2026 18:41,"$1,221.06",N,buyer_0490,$246.95,Y,refund_req_301903,agent_024,Approved,56,purchase_101903,SPORTS,damaged_item
05/07/2026 21:11,"$1,250.75",N,buyer_0112,$846.73,N,refund_req_303797,agent_103,Approved,4,purchase_103797,APPLIANCES,not_working
04/18/2026 16:47,"$2,110.87",N,buyer_0293,"$1,744.77",,refund_req_303049,agent_003,Approved,25,purchase_103049,ELECTRONICS,
05/31/2026 16:29,"$2,061.45",N,buyer_0465,"$1,635.76",N,refund_req_303027,agent_005,Approved,17,purchase_103027,LUXURY,changed_mind
05/17/2026 10:28,$77.23,N,buyer_0182,$31.69,Y,refund_req_300251,agent_023,Approved,105,purchase_100251,BOOKS,wrong_item_received
06/17/2026 08:24,$907.46,N,buyer_0019,$548.99,,refund_req_303268,agent_016,Approved,45,purchase_103268,APPLIANCES,damaged_item
04/02/2026 04:59,"$1,674.55",N,buyer_0114,$918.38,Y,refund_req_300118,agent_003,Approved,60,purchase_100118,LUXURY,damaged_item
04/16/2026 02:03,$110.89,N,buyer_0430,$83.96,Y,refund_req_301681,agent_016,Rejected,98,purchase_101681,HOME,missing_part
06/18/2026 05:14,$30.04,N,buyer_0087,$12.69,Y,refund_req_301900,agent_028,  Rejected  ,96,purchase_101900,BOOKS,damaged_item
04/30/2026 04:10,$193.26,N,buyer_0430,$83.46,N,refund_req_301055,agent_011,Approved,68,purchase_101055,FASHION,changed_mind
06/02/2026 21:22,"$1,341.16",Y,buyer_0342,"$1,007.54",Y,refund_req_300717,agent_002,Rejected,63,purchase_100717,APPLIANCES,missing_part
06/06/2026 18:36,$376.87,N,buyer_0225,$363.71,Y,refund_req_303715,agent_101,Approved,5,purchase_103715,HOME,damaged_item
04/23/2026 04:14,"$2,364.81",N,buyer_0502,"$1,595.46",N,refund_req_303052,agent_101,Approved,40,purchase_103052,  LUXURY  ,damaged_item
04/02/2026 19:13,$297.68,Y,buyer_0191,$186.65,N,refund_req_300825,agent_026,Approved,81,purchase_100825, APPLIANCES ,not_working
04/27/2026 13:41,$561.07,N,buyer_0424,$157.82,Y,refund_req_300372,agent_015,Approved,37,purchase_100372,FASHION,item_not_as_described
05/31/2026 12:14,"$1,155.37",N,buyer_0310,$651.09,Y,refund_req_300520,agent_002,Approved,79,purchase_100520,LUXURY,item_not_as_described
04/19/2026 12:43,"$1,791.12",Y,buyer_9906,"$1,680.67",,refund_req_304826,agent_902,Approved,2,purchase_104826, ELECTRONICS ,not_working
05/26/2026 04:29,"$1,423.38",N,buyer_0572,"$1,123.69",Y,refund_req_300566,agent_001,  Rejected  ,67,purchase_100566,ELECTRONICS,damaged_item
06/13/2026 02:30,$765.05,N,buyer_9002,$412.48,Y,refund_req_304202,agent_010,Approved,69,purchase_104202,APPLIANCES,damaged_item
06/02/2026 18:00,$24.17,Y,buyer_0502,$12.24,Y,refund_req_303806,agent_103,Approved,3,purchase_103806,CLOTHING,wrong_size
04/06/2026 16:16,$585.01,N,buyer_0397,$202.14,N,refund_req_301944,agent_005,Rejected,98,purchase_101944,FASHION,changed_mind
06/06/2026 12:13,"$1,173.39",N,buyer_0514,"$1,173.39",N,refund_req_303378,agent_017,Approved,58,purchase_103378,FASHION,wrong_size
06/12/2026 10:23,"$2,056.69",N,buyer_0553,$853.25,Y,refund_req_302963,agent_020,Approved,67,purchase_102963,LUXURY,changed_mind
06/08/2026 15:39,$158.66,N,buyer_0565,$106.38,Y,refund_req_301612,agent_001,Approved,64,purchase_101612,FASHION,wrong_size
04/12/2026 05:52,"$1,236.04",N,buyer_0592,$760.58,Y,refund_req_303812,agent_103,APPROVED,5,purchase_103812,APPLIANCES,missing_part
06/11/2026 21:50,"$1,470.18",N,buyer_0451,"$1,063.05",,refund_req_303014,agent_026,Approved,40,purchase_103014,LUXURY,damaged_item
06/12/2026 12:03,"$1,132.15",N,buyer_9004,$962.78,Y,refund_req_304316,agent_018,Approved,27,purchase_104316,BOOKS,  changed_mind  
06/14/2026 00:10,$731.95,N,buyer_0560,$471.04,N,refund_req_300873,agent_019,Rejected,56,purchase_100873,APPLIANCES,missing_part
06/04/2026 03:11,"$1,262.76",Y,buyer_9903,"$1,204.27",N,refund_req_304909,agent_901,Approved,7,purchase_104909,ELECTRONICS,damaged_item
05/09/2026 14:25,$167.92,N,buyer_0111,$63.76,Y,refund_req_300278,agent_010,Approved,80,purchase_100278,SPORTS,item_not_as_described
06/09/2026 20:45,$544.64,N,buyer_8001,$534.56,N,refund_req_304766,agent_801,Approved,19,purchase_104766,ELECTRONICS,damaged_item
04/07/2026 18:42,$30.88,N,buyer_0435,$7.69,Y,refund_req_302147,agent_026,Approved,41,purchase_102147,BEAUTY,allergic_reaction
05/27/2026 13:55,"$1,711.87",N,buyer_0296,"$1,422.94",N,refund_req_303036,agent_012,Approved,40,purchase_103036,APPLIANCES,not_working
04/05/2026 08:31,$123.68,N,buyer_0291,$49.45,N,refund_req_300810,agent_017,Rejected,79,purchase_100810,BEAUTY,changed_mind
04/02/2026 19:43,$135.20,N,buyer_0383,$34.58,Y,refund_req_300408,agent_022,Rejected,63,purchase_100408,BEAUTY,changed_mind
06/14/2026 17:49,"$1,343.12",N,buyer_0244,$850.83,Y,refund_req_301259,agent_018,Approved,66,purchase_101259,LUXURY,changed_mind
06/19/2026 17:20,"$2,591.41",N,buyer_0162,"$2,255.82",N,refund_req_303064,agent_102,Approved,19,purchase_103064,LUXURY,changed_mind
06/18/2026 19:07,$178.96,N,buyer_0090,$163.40,N,refund_req_304378,agent_703,  Approved  ,19,purchase_104378,CLOTHING,wrong_size
05/13/2026 06:33,$86.74,N,buyer_0293,$35.16,Y,refund_req_301657,agent_001,Approved,54,purchase_101657,BEAUTY,damaged_item
06/06/2026 03:32,"$1,019.58",N,buyer_0319,$795.37,Y,refund_req_304548,agent_702,Approved,13,purchase_104548,BEAUTY,allergic_reaction
05/13/2026 09:30,"$2,433.66",Y,buyer_9904,"$2,144.93",N,refund_req_304864,agent_902,Approved,5,purchase_104864,LUXURY,item_not_as_described
06/01/2026 05:54,"$1,201.64",Y,buyer_9902,"$1,075.40",N,refund_req_304971,agent_901,  Approved  ,8,purchase_104971,ELECTRONICS,
04/03/2026 19:42,"$1,109.71",N,buyer_0033,$815.34,N,refund_req_303223,agent_029,Approved,24,purchase_103223,APPLIANCES,missing_part
05/02/2026 04:42,"$1,418.38",N,buyer_0044,"$1,375.19",N,refund_req_304529,agent_701,Approved,32,purchase_104529,Appliances,damaged_item
05/10/2026 08:28,"$1,599.62",N,buyer_0034,"$1,460.62",N,refund_req_303141,agent_102,Approved,11,purchase_103141,APPLIANCES,
04/01/2026 16:37,"$1,005.59",Y,buyer_0169,"$1,005.59",N,refund_req_303348,agent_021,Approved,,purchase_103348,LUXURY,item_not_as_described
04/06/2026 20:02,"$1,164.37",N,buyer_0106,$464.84,Y,refund_req_300125,agent_011,Approved,65,purchase_100125,SPORTS,item_not_as_described
06/15/2026 00:49,"$1,804.62",Y,buyer_9902,"$1,686.08",N,refund_req_304881,agent_901,Approved,1,purchase_104881,LUXURY,item_not_as_described
06/09/2026 15:53,$883.81,N,buyer_9002,$713.57,Y,refund_req_304210,agent_022,Approved,35,purchase_104210,ELECTRONICS,missing_accessory
04/16/2026 08:13,"$1,895.04",Y,buyer_9902,"$1,750.38",N,refund_req_304891,agent_901,Approved,2,purchase_104891,LUXURY,damaged_item
05/08/2026 03:24,"$2,344.20",Y,buyer_0301,"$2,124.29",Y,refund_req_304077,agent_013,Approved,5,purchase_104077,LUXURY,damaged_item
04/12/2026 15:35,"$1,013.87",N,buyer_0017,$672.46,N,refund_req_303074,agent_028,Approved,20,purchase_103074,LUXURY,damaged_item
04/06/2026 13:35,$84.00,N,buyer_0078,$56.99,Y,refund_req_302999,agent_023,Approved,56,purchase_102999,SPORTS,damaged_item
04/17/2026 15:02,"$2,844.89",N,buyer_0007,"$1,875.87",Y,refund_req_300488,agent_003,Approved,63,purchase_100488, LUXURY ,damaged_item
05/31/2026 07:33,$70.74,N,buyer_0115,$31.23,Y,refund_req_301516,agent_025,Approved,60,purchase_101516, CLOTHING ,item_not_as_described
06/13/2026 23:01,$92.99,N,buyer_0409,$26.95,N,refund_req_301420,agent_018,Rejected,54,purchase_101420,CLOTHING,changed_mind
06/02/2026 02:32,"$1,991.37",Y,buyer_9903,"$1,742.97",N,refund_req_304837,agent_901,Approved,1,purchase_104837,LUXURY,item_not_as_described
04/17/2026 14:44,"$1,061.47",N,buyer_0308,$720.78,N,refund_req_301707,agent_014,Rejected,81,purchase_101707,CLOTHING,
04/03/2026 21:38,$279.55,N,buyer_0345,$101.84,Y,refund_req_301733,agent_003,Approved,44,purchase_101733,HOME,missing_part
04/06/2026 16:10,$384.02,N,buyer_0256,$184.66,Y,refund_req_300673,agent_014,Approved,66,purchase_100673,HOME,item_not_as_described
04/16/2026 22:29,"$1,038.49",N,buyer_0220,"$1,038.49",N,refund_req_303486,agent_009,Approved,37,purchase_103486,FASHION,item_not_as_described
04/26/2026 04:51,$242.40,N,buyer_0134,$218.52,Y,refund_req_303839,agent_102,Approved,4,purchase_103839,CLOTHING,changed_mind
04/25/2026 20:32,"$2,118.36",N,buyer_8003,"$1,286.22",N,refund_req_304762,agent_803,Approved,22,purchase_104762,ELECTRONICS,not_working
06/10/2026 22:46,$909.82,Y,buyer_0127,$571.36,Y,refund_req_300307,agent_002,Rejected,47,purchase_100307,APPLIANCES,damaged_item
05/13/2026 19:52,$75.06,N,buyer_0099,$41.08,Y,refund_req_301648,agent_006,Approved,56,purchase_101648,BOOKS,wrong_item_received
05/02/2026 11:38,$54.95,N,buyer_9008,$36.06,N,refund_req_304216,agent_016,Approved,15,purchase_104216,CLOTHING,  changed_mind  
05/21/2026 04:56,"$1,265.38",N,buyer_0287,"$1,044.51",N,refund_req_302054,agent_006,Rejected,58,purchase_102054,LUXURY,changed_mind
05/31/2026 11:48,$33.52,N,buyer_0576,$23.28,Y,refund_req_304382,agent_701,Approved,16,purchase_104382,BEAUTY,allergic_reaction
06/03/2026 07:27,"$1,482.84",N,buyer_0207,"$1,262.11",N,refund_req_303096,agent_019, Approved ,33,purchase_103096,Appliances,
06/08/2026 03:38,"$1,291.65",N,buyer_0095,"$1,291.65",,refund_req_303535,agent_021,Approved,29,purchase_103535,  FASHION  ,item_not_as_described
06/06/2026 10:54,"$2,374.87",N,buyer_0207,"$1,702.70",Y,refund_req_303823,agent_101,Approved,1,purchase_103823, LUXURY ,item_not_as_described
05/23/2026 14:25,"$1,475.93",N,buyer_0246,$883.48,Y,refund_req_300379,agent_021,Approved,78,purchase_100379,APPLIANCES,missing_part
04/16/2026 18:41,$60.91,N,buyer_0187,$46.85,Y,refund_req_303736,agent_103,Approved,1,purchase_103736,BEAUTY,allergic_reaction
05/05/2026 13:53,"$1,549.64",N,buyer_0086,"$1,549.64",N,refund_req_303334,agent_024,Approved,43,purchase_103334,ELECTRONICS,damaged_item
05/01/2026 10:20,"$2,601.75",N,buyer_0039,"$2,099.50",N,refund_req_303271,agent_028,Approved,,purchase_103271,LUXURY,damaged_item
05/18/2026 06:49,$630.69,N,buyer_0545,$515.28,Y,refund_req_301534,agent_012,rejected,82,purchase_101534,ELECTRONICS,damaged_item
06/05/2026 07:21,$47.16,N,buyer_0595,$23.67,Y,refund_req_301606,agent_020,Rejected,,purchase_101606,FASHION,changed_mind
04/18/2026 01:06,$317.68,N,buyer_0506,$263.53,N,refund_req_302632,agent_009,Approved,63,purchase_102632,SPORTS,wrong_size
05/16/2026 05:43,$28.20,N,buyer_0276,$19.27,N,refund_req_302533,agent_027,Approved,55,purchase_102533,BEAUTY,allergic_reaction
06/07/2026 21:10,$311.03,Y,buyer_0516,$170.86,Y,refund_req_302258,agent_030,Approved,70,purchase_102258,HOME,item_not_as_described
05/29/2026 04:54,"$1,200.28",Y,buyer_0400,$838.20,N,refund_req_303862,agent_017,Approved,19,purchase_103862,APPLIANCES,not_working
05/26/2026 23:13,$93.14,N,buyer_0288,$66.65,Y,refund_req_300822,agent_007,Approved,76,purchase_100822,HOME,damaged_item
05/14/2026 12:55,$203.48,N,buyer_0546,$132.79,Y,refund_req_302296,agent_026,Approved,38,purchase_102296,CLOTHING,changed_mind
04/25/2026 12:32,"$2,006.12",N,buyer_0280,$816.34,N,refund_req_302904,agent_026,Approved,66,purchase_102904,LUXURY,item_not_as_described
04/30/2026 06:25,"$2,665.12",N,buyer_0097,"$2,003.64",N,refund_req_303196,agent_002,Approved,22,purchase_103196,LUXURY,
04/23/2026 04:16,"$1,798.57",Y,buyer_0515,"$1,291.35",Y,refund_req_304051,agent_012,Approved,31,purchase_104051,Electronics,damaged_item
05/17/2026 10:53,"$1,017.77",N,buyer_0190,"$1,017.77",N,refund_req_303519,agent_017,APPROVED,50,purchase_103519, FASHION ,
05/24/2026 22:27,"$1,180.47",N,buyer_0070,$943.99,N,refund_req_300226,agent_019,Rejected,75,purchase_100226,ELECTRONICS,missing_accessory
06/04/2026 01:37,"$1,942.45",N,buyer_9005,"$1,933.25",Y,refund_req_304133,agent_002,Approved,41,purchase_104133,LUXURY,damaged_item
06/06/2026 06:58,$117.74,N,buyer_8003,$92.23,Y,refund_req_304654,agent_803,Approved,20,purchase_104654,BEAUTY,damaged_item
05/06/2026 12:29,$91.63,N,buyer_0108,$27.67,Y,refund_req_302737,agent_027,Approved,65,purchase_102737,FASHION,item_not_as_described
06/14/2026 18:49,$384.14,N,buyer_0179,$89.21,Y,refund_req_300895,agent_008,Approved,52,purchase_100895,HOME,
05/16/2026 21:42,"$1,539.36",Y,buyer_0429,"$1,405.75",Y,refund_req_304032,agent_103,Approved,27,purchase_104032,electronics,damaged_item
06/12/2026 19:11,"$1,835.45",Y,buyer_0059,"$1,579.42",Y,refund_req_303986,agent_018,Approved,33,purchase_103986,ELECTRONICS,missing_accessory
05/03/2026 00:14,"$1,671.76",Y,buyer_0225,"$1,233.51",N,refund_req_303841,agent_027,Approved,19,purchase_103841,ELECTRONICS,item_not_as_described
05/16/2026 14:04,"$2,821.21",N,buyer_0037,"$1,661.33",Y,refund_req_301602,agent_010, Approved ,83,purchase_101602,LUXURY,damaged_item
06/10/2026 16:03,"$1,408.99",N,buyer_0562,"$1,202.97",N,refund_req_303010,agent_029,Approved,15,purchase_103010,LUXURY,item_not_as_described
04/03/2026 12:11,$384.26,N,buyer_9006,$203.72,Y,refund_req_304206,agent_006,Approved,,purchase_104206,SPORTS,wrong_size
05/15/2026 21:50,"$1,086.62",N,buyer_0189,$319.14,N,refund_req_301995,agent_013,Approved,68,purchase_101995,LUXURY, item_not_as_described 
04/19/2026 23:38,"$1,052.36",N,buyer_0201,"$1,052.36",Y,refund_req_303284,agent_024,Approved,36,purchase_103284,FASHION,wrong_size
05/24/2026 13:07,"$1,653.17",N,buyer_0355,"$1,201.83",N,refund_req_303108,agent_002,Approved,8,purchase_103108,APPLIANCES,not_working
06/19/2026 05:35,$447.43,N,buyer_0090,$315.06,,refund_req_300211,agent_012,Approved,82,purchase_100211,SPORTS,item_not_as_described
04/02/2026 06:11,$165.30,Y,buyer_0207,$145.72,N,refund_req_303824,agent_102,Approved,3,purchase_103824,BEAUTY,changed_mind
05/09/2026 07:05,"$1,029.83",N,buyer_0175,$299.59,N,refund_req_300936,agent_016,Rejected,95,purchase_100936,APPLIANCES,not_working
05/14/2026 16:16,$43.89,N,buyer_0134,$33.88,Y,refund_req_302327,agent_021,Approved,108,purchase_102327,BOOKS,damaged_item
04/30/2026 06:51,$82.75,N,buyer_9003,$73.85,Y,refund_req_304123,agent_019,Approved,53,purchase_104123,BEAUTY,damaged_item
06/10/2026 13:25,$384.66,N,buyer_0102,$106.53,Y,refund_req_300813,agent_008,Approved,77,purchase_100813,APPLIANCES,missing_part
05/20/2026 04:34,$249.25,N,buyer_0063,$157.64,Y,refund_req_300703,agent_001,Rejected,28,purchase_100703,CLOTHING,wrong_size
05/18/2026 08:10,$80.41,N,buyer_0177,$28.43,Y,refund_req_300965,agent_007,Approved,80,purchase_100965,HOME,damaged_item
06/08/2026 08:18,"$1,562.43",N,buyer_0038,"$1,207.85",N,refund_req_303164,agent_019,Approved,34,purchase_103164,APPLIANCES,missing_part
04/03/2026 04:45,"$1,958.14",N,buyer_8003,"$1,785.31",,refund_req_304693,agent_803,Approved,9,purchase_104693,ELECTRONICS,not_working
04/18/2026 14:35,$101.46,N,buyer_0296,$36.88,Y,refund_req_301911,agent_011,Approved,47,purchase_101911,CLOTHING,item_not_as_described
04/16/2026 08:22,"$1,224.28",N,buyer_0046,$755.01,Y,refund_req_301881,agent_012,Approved,74,purchase_101881,ELECTRONICS,not_working
06/11/2026 23:37,$457.47,N,buyer_0496,$111.39,Y,refund_req_301248,agent_007,Rejected,,purchase_101248,HOME,item_not_as_described
04/22/2026 00:10,$201.58,N,buyer_0210,$140.04,N,refund_req_301279,agent_024,Rejected,92,purchase_101279,CLOTHING,item_not_as_described
04/20/2026 15:01,"$1,285.34",N,buyer_0359,$487.84,Y,refund_req_301050,agent_008,Rejected,67,purchase_101050,BEAUTY,  changed_mind  
04/10/2026 18:41,"$1,530.03",N,buyer_0236,"$1,107.79",N,refund_req_300098,agent_018,  Approved  ,69,purchase_100098,APPLIANCES,not_working
06/01/2026 01:12,$84.05,N,buyer_0594,$68.51,N,refund_req_300498,agent_014, Rejected ,43,purchase_100498,BOOKS,damaged_item
06/18/2026 16:33,"$1,115.65",Y,buyer_9903,"$1,010.83",N,refund_req_304919,agent_901,Approved,1,purchase_104919,APPLIANCES,missing_part
04/27/2026 15:17,$161.81,N,buyer_0294,$123.58,Y,refund_req_302680,agent_009,Approved,56,purchase_102680,CLOTHING,item_not_as_described
04/23/2026 03:26,"$1,619.74",N,buyer_0338,$593.84,,refund_req_302250,agent_007,REJECTED,80,purchase_102250,ELECTRONICS,
04/19/2026 17:15,"$1,334.56",Y,buyer_0176,"$1,312.23",N,refund_req_304094,agent_003,Approved,33,purchase_104094,ELECTRONICS,  damaged_item  
05/16/2026 11:03,$46.58,N,buyer_0006,$19.05,Y,refund_req_301864,agent_003,Approved,68,purchase_101864,BOOKS,damaged_item
05/14/2026 02:05,$960.23,N,buyer_0466,$905.25,N,refund_req_303262,agent_014,Approved,24,purchase_103262,APPLIANCES,not_working
04/19/2026 11:42,$398.89,Y,buyer_0338,$391.70,N,refund_req_304453,agent_703,Approved,18,purchase_104453,APPLIANCES,
05/29/2026 08:01,$65.40,N,buyer_0342,$16.92,Y,refund_req_300964,agent_005,Rejected,61,purchase_100964,HOME,missing_part
05/24/2026 06:47,$930.21,N,buyer_0031,$930.21,N,refund_req_303308,agent_008,Approved,62,purchase_103308,ELECTRONICS,not_working
05/17/2026 11:49,"$1,216.59",N,buyer_0436,"$1,172.89",N,refund_req_304452,agent_702,Approved,15,purchase_104452,SPORTS,wrong_size
05/14/2026 07:29,$290.66,N,buyer_0587,$91.64,Y,refund_req_301984,agent_022,  approved  ,50,purchase_101984,Sports,  damaged_item  
04/13/2026 07:21,$25.72,N,buyer_0553,$8.36,Y,refund_req_302185,agent_020,Approved,81,purchase_102185,BEAUTY,changed_mind
05/19/2026 19:54,$39.78,N,buyer_0178,$14.48,Y,refund_req_300276,agent_021,Rejected,98,purchase_100276,HOME,item_not_as_described
06/10/2026 06:37,"$1,207.81",N,buyer_0213,$729.84,N,refund_req_304525,agent_703,Approved,5,purchase_104525,BOOKS,damaged_item
04/29/2026 18:35,$219.85,Y,buyer_0571,$109.35,N,refund_req_302314,agent_025,Rejected,41,purchase_102314,CLOTHING,
05/30/2026 03:17,$77.83,N,buyer_0099,$46.92,Y,refund_req_300182,agent_030,Approved,84,purchase_100182,CLOTHING,changed_mind
05/21/2026 22:45,$396.66,N,buyer_0071,$107.71,N,refund_req_302367,agent_030,Approved,48,purchase_102367,SPORTS,damaged_item
06/03/2026 09:41,"$1,159.16",N,buyer_0202,$537.90,Y,refund_req_302798,agent_028,Approved,86,purchase_102798,ELECTRONICS,item_not_as_described
04/03/2026 02:03,$388.43,N,buyer_0357,$274.82,Y,refund_req_300531,agent_019,Approved,80,purchase_100531,  SPORTS  ,wrong_size
04/17/2026 19:18,$132.21,Y,buyer_0104,$68.66,Y,refund_req_300754,agent_030,Approved,103,purchase_100754,SPORTS,item_not_as_described
06/16/2026 23:50,"$1,790.86",Y,buyer_9906,"$1,643.09",N,refund_req_304906,agent_902,Approved,6,purchase_104906,LUXURY,damaged_item
05/28/2026 07:50,"$1,188.67",N,buyer_0193,$622.89,Y,refund_req_300060,agent_002,Approved,77,purchase_100060,APPLIANCES,damaged_item
04/08/2026 22:56,$982.75,N,buyer_0066,$982.75,Y,refund_req_303464,agent_002,Approved,35,purchase_103464,ELECTRONICS,missing_accessory
06/18/2026 21:24,$99.84,N,buyer_0064,$23.87,Y,refund_req_300475,agent_009,Rejected,47,purchase_100475,CLOTHING,changed_mind
05/08/2026 09:16,"$1,654.64",Y,buyer_0532,"$1,654.64",Y,refund_req_303523,agent_028,  Approved  ,12,purchase_103523,LUXURY,changed_mind
04/15/2026 20:56,"$2,162.30",Y,buyer_9906,"$2,019.99",N,refund_req_304812,agent_902,Approved,6,purchase_104812,LUXURY,item_not_as_described
05/06/2026 07:13,$406.74,N,buyer_0372,$276.76,N,refund_req_301544,agent_007,Approved,61,purchase_101544,HOME,item_not_as_described
06/16/2026 01:32,$286.12,N,buyer_8002,$185.79,N,refund_req_304728,agent_802,Approved,10,purchase_104728,SPORTS,item_not_as_described
05/26/2026 07:24,$94.63,N,buyer_0336,$68.49,Y,refund_req_301658,agent_030,Approved,78,purchase_101658,BEAUTY,changed_mind
04/28/2026 14:01,$219.90,Y,buyer_0030,$51.89,Y,refund_req_302714,agent_026,Rejected,61,purchase_102714,SPORTS,damaged_item
06/11/2026 03:43,$40.61,N,buyer_0065,$33.68,N,refund_req_300216,agent_028,Rejected,67,purchase_100216,BOOKS,damaged_item
04/08/2026 10:13,$56.12,N,buyer_0174,$45.67,N,refund_req_300952,agent_029,Approved,65,purchase_100952,BOOKS,damaged_item
05/26/2026 07:18,$174.21,N,buyer_0490,$140.01,Y,refund_req_301438,agent_002,Rejected,51,purchase_101438,HOME,damaged_item
05/15/2026 02:11,"$1,160.43",N,buyer_0574,$730.67,Y,refund_req_301184,agent_025,Approved,86,purchase_101184,  APPLIANCES  ,not_working
06/13/2026 08:29,$65.04,N,buyer_0224,$42.45,N,refund_req_300804,agent_002,Rejected,65,purchase_100804,CLOTHING,wrong_size
04/29/2026 04:25,"$1,321.25",N,buyer_0473,$423.89,Y,refund_req_302627,agent_022,Rejected,81,purchase_102627,APPLIANCES,missing_part
04/30/2026 11:59,"$1,790.72",N,buyer_0283,"$1,790.72",N,refund_req_303446,agent_005,Approved,24,purchase_103446,APPLIANCES,not_working
04/05/2026 12:35,$29.75,N,buyer_0255,$6.89,N,refund_req_302380,agent_010,Rejected,40,purchase_102380,BEAUTY,changed_mind
05/20/2026 17:58,$977.59,N,buyer_0553,$729.52,N,refund_req_303180,agent_024,Approved,28,purchase_103180,ELECTRONICS,
06/03/2026 10:46,$385.42,N,buyer_0597,$80.07,N,refund_req_302311,agent_021,Approved,107,purchase_102311,FASHION,
05/07/2026 19:01,"$2,097.86",N,buyer_0045,$862.63,N,refund_req_300579,agent_011, Approved ,40,purchase_100579,ELECTRONICS,damaged_item
06/02/2026 22:57,"$1,986.15",N,buyer_0322,"$1,131.91",N,refund_req_301588,agent_018,Approved,45,purchase_101588,ELECTRONICS,not_working
05/07/2026 12:53,$17.28,N,buyer_0080,$4.33,Y,refund_req_300897,agent_004,Approved,90,purchase_100897,BOOKS,changed_mind
05/27/2026 01:21,$365.92,N,buyer_0322,$84.41,Y,refund_req_301085,agent_006,Approved,81,purchase_101085,FASHION,item_not_as_described
06/12/2026 02:32,"$1,178.35",N,buyer_0226,$240.64,N,refund_req_301511,agent_015,Rejected,99,purchase_101511,APPLIANCES,damaged_item
04/30/2026 11:34,$49.86,N,buyer_0312,$29.26,N,refund_req_302207,agent_009,Approved,53,purchase_102207,BEAUTY,damaged_item
05/14/2026 13:35,"$1,227.11",N,buyer_0038,$687.39,Y,refund_req_301661,agent_023,Approved,125,purchase_101661,ELECTRONICS,damaged_item
05/29/2026 19:02,"$2,115.51",N,buyer_0330,"$1,394.93",N,refund_req_303051,agent_023,Approved,25,purchase_103051,LUXURY,damaged_item
05/18/2026 11:20,"$1,388.16",Y,buyer_9904,"$1,428.09",N,refund_req_305000,agent_902,Approved,7,purchase_105000,ELECTRONICS,  item_not_as_described  
04/21/2026 05:25,$141.18,N,buyer_0538,$108.74,Y,refund_req_302816,agent_028,Approved,51,purchase_102816,CLOTHING,item_not_as_described
04/29/2026 18:09,"$2,905.19",N,buyer_9001,"$2,140.93",,refund_req_304145,agent_016,Approved,16,purchase_104145,LUXURY,changed_mind
06/01/2026 19:51,"$1,799.29",Y,buyer_9905,"$1,739.33",,refund_req_304954,agent_902,Approved,5,purchase_104954,APPLIANCES,missing_part
05/31/2026 10:29,$244.14,N,buyer_0013,$69.77,N,refund_req_300225,agent_017,Rejected,48,purchase_100225,Clothing,changed_mind
04/28/2026 14:04,$44.49,Y,buyer_0582,$14.82,N,refund_req_302998,agent_010,Approved,,purchase_102998,BEAUTY,allergic_reaction
04/13/2026 01:43,"$1,600.48",N,buyer_0479,"$1,105.55",N,refund_req_301818,agent_028,Approved,62,purchase_101818,APPLIANCES,not_working
06/11/2026 13:18,"$1,528.56",N,buyer_0534,"$1,528.56",Y,refund_req_303375,agent_012,Approved,62,purchase_103375,ELECTRONICS,
04/18/2026 21:30,$909.97,N,buyer_0253,$614.76,N,refund_req_303214,agent_019,Approved,9,purchase_103214,LUXURY,changed_mind
04/18/2026 14:05,$187.31,N,buyer_0557,$104.70,Y,refund_req_301285,agent_028,Approved,94,purchase_101285,FASHION,changed_mind
06/16/2026 17:29,$909.15,Y,buyer_0504,$609.47,N,refund_req_303118,agent_022,Approved,19,purchase_103118,APPLIANCES,missing_part
06/07/2026 13:00,$62.38,N,buyer_0290,$17.49,N,refund_req_301734,agent_026,Rejected,42,purchase_101734,SPORTS,wrong_size
05/27/2026 09:47,$550.27,N,buyer_0453,$400.31,N,refund_req_300679,agent_007,  Approved  ,64,purchase_100679,FASHION,wrong_size
04/19/2026 21:08,"$1,295.69",N,buyer_0430,"$1,029.52",N,refund_req_303228,agent_022,Approved,15,purchase_103228,APPLIANCES,damaged_item
06/17/2026 12:50,$968.16,N,buyer_0417,$968.16,Y,refund_req_303525,agent_023,  Approved  ,47,purchase_103525,FASHION,wrong_size
04/15/2026 17:11,"$1,767.80",N,buyer_0314,$608.40,Y,refund_req_300752,agent_017,Approved,64,purchase_100752,APPLIANCES,damaged_item
06/17/2026 02:20,"$1,507.76",N,buyer_0444,"$1,079.27",Y,refund_req_300692,agent_017,Approved,64,purchase_100692,APPLIANCES,not_working
04/14/2026 08:19,$186.95,Y,buyer_0465,$105.65,N,refund_req_303768,agent_101,Approved,5,purchase_103768,SPORTS,wrong_size
04/13/2026 02:40,$183.50,Y,buyer_0244,$58.22,N,refund_req_301941,agent_005,Rejected,82,purchase_101941,CLOTHING,item_not_as_described
06/14/2026 02:52,"$1,088.31",N,buyer_0140,$513.51,,refund_req_300496,agent_009,Approved,43,purchase_100496,ELECTRONICS,missing_accessory
04/30/2026 20:57,"$1,320.79",N,buyer_0013,"$1,320.79",Y,refund_req_303358,agent_004,Approved,38,purchase_103358,ELECTRONICS,missing_accessory
05/11/2026 14:28,$46.51,N,buyer_0254,$37.88,N,refund_req_300139,agent_015,Rejected,,purchase_100139,SPORTS,wrong_size
05/07/2026 12:04,$886.07,N,buyer_0494,$351.53,N,refund_req_302788,agent_011,Approved,71,purchase_102788,ELECTRONICS,not_working
05/26/2026 02:29,"$1,207.74",N,buyer_0443,"$1,011.01",Y,refund_req_302531,agent_007,Approved,53,purchase_102531,ELECTRONICS,item_not_as_described
06/14/2026 11:14,$83.64,N,buyer_0549,$32.89,N,refund_req_300548,agent_027,Approved,43,purchase_100548,CLOTHING,item_not_as_described
06/01/2026 10:17,"$1,968.33",N,buyer_0574,"$1,756.80",N,refund_req_303239,agent_024,Approved,23,purchase_103239,LUXURY,damaged_item
04/22/2026 06:35,$569.80,N,buyer_0304,$410.09,N,refund_req_301595,agent_018,  Rejected  ,50,purchase_101595,HOME,damaged_item
06/02/2026 19:21,$592.76,N,buyer_0206,$462.56,,refund_req_300284,agent_005,Rejected,50,purchase_100284,HOME,item_not_as_described
04/10/2026 04:29,$158.07,N,buyer_0286,$96.56,Y,refund_req_302174,agent_016,Approved,74,purchase_102174,HOME,missing_part
05/23/2026 06:43,"$1,243.16",N,buyer_0031,"$1,137.99",N,refund_req_303024,agent_002,Approved,40,purchase_103024,LUXURY,damaged_item
06/05/2026 00:23,"$1,688.07",Y,buyer_0220,"$1,367.07",N,refund_req_304000,agent_101,APPROVED,,purchase_104000,APPLIANCES,damaged_item
05/21/2026 21:42,$299.10,N,buyer_0132,$102.27,N,refund_req_301902,agent_030,Rejected,37,purchase_101902,HOME,item_not_as_described
04/07/2026 14:54,$438.01,N,buyer_0334,$172.45,Y,refund_req_300624,agent_002,Approved,56,purchase_100624,HOME,missing_part
04/10/2026 00:18,$119.51,N,buyer_0177,$65.96,Y,refund_req_301179,agent_004,Rejected,54,purchase_101179,BEAUTY,allergic_reaction
06/11/2026 14:38,"$1,261.04",Y,buyer_0509,$642.70,,refund_req_302907,agent_028,Approved,96,purchase_102907,BEAUTY,allergic_reaction
06/11/2026 01:16,"$1,410.00",N,buyer_0299,$721.19,N,refund_req_302727,agent_028,Approved,81,purchase_102727,ELECTRONICS,damaged_item
06/03/2026 20:57,"$1,038.25",N,buyer_0200,$783.30,,refund_req_304555,agent_703,Approved,6,purchase_104555,LUXURY,damaged_item
06/14/2026 18:52,"$1,200.37",N,buyer_0306,"$1,200.37",Y,refund_req_303325,agent_029,Approved,12,purchase_103325,APPLIANCES,
06/04/2026 00:35,$647.04,N,buyer_9008,$464.89,Y,refund_req_304352,agent_028,Approved,51,purchase_104352,FASHION,item_not_as_described
04/01/2026 10:48,$491.90,N,buyer_0081,$254.30,Y,refund_req_302335,agent_011,Approved,47,purchase_102335,ELECTRONICS,not_working
05/20/2026 05:18,"$1,081.84",N,buyer_0114,$941.23,N,refund_req_303078,agent_017,Approved,16,purchase_103078,  APPLIANCES  ,not_working
04/10/2026 02:06,$775.45,N,buyer_0105,$305.93,N,refund_req_300221,agent_003,Approved,42,purchase_100221,APPLIANCES,not_working
05/13/2026 23:41,$212.50,N,buyer_0440,$131.72,Y,refund_req_302344,agent_003,Approved,62,purchase_102344,CLOTHING,wrong_size
06/16/2026 07:58,"$2,218.00",N,buyer_0295,"$1,436.06",Y,refund_req_303672,agent_102,Approved,2,purchase_103672,LUXURY,item_not_as_described
04/23/2026 00:48,"$1,042.06",N,buyer_0228,$637.62,,refund_req_300305,agent_025,Rejected,26,purchase_100305,CLOTHING,changed_mind
05/17/2026 22:37,$597.00,N,buyer_0158,$122.08,Y,refund_req_300744,agent_029,Rejected,42,purchase_100744,FASHION,changed_mind
06/05/2026 20:19,"$2,176.09",N,buyer_0046,"$1,428.84",N,refund_req_304508,agent_701,Approved,5,purchase_104508,ELECTRONICS,item_not_as_described
05/05/2026 09:37,"$1,287.57",Y,buyer_8001,$775.06,N,refund_req_304685,agent_801,Approved,5,purchase_104685,FASHION,item_not_as_described
05/16/2026 02:47,$41.04,N,buyer_8003,$31.01,N,refund_req_304696,agent_803,Approved,19,purchase_104696,FASHION,changed_mind
05/31/2026 06:28,"$1,385.60",N,buyer_0035,$587.92,N,refund_req_301232,agent_021,Approved,107,purchase_101232,LUXURY,changed_mind
05/12/2026 18:17,$464.54,N,buyer_0009,$227.44,Y,refund_req_301580,agent_004,Approved,97,purchase_101580,HOME,missing_part
06/10/2026 07:48,$37.95,N,buyer_0162,$21.78,N,refund_req_300876,agent_028,Rejected,31,purchase_100876,CLOTHING, item_not_as_described 
06/06/2026 18:09,$118.30,N,buyer_0088,$63.80,Y,refund_req_301662,agent_023,Rejected,103,purchase_101662,CLOTHING,changed_mind
04/12/2026 21:14,"$2,406.64",Y,buyer_0227,"$2,247.64",N,refund_req_303945,agent_102,Approved,27,purchase_103945,LUXURY,damaged_item
05/27/2026 12:15,"$1,800.48",Y,buyer_9901,"$1,537.50",N,refund_req_304961,agent_901,Approved,8,purchase_104961,LUXURY,item_not_as_described
06/12/2026 21:43,$954.96,Y,buyer_0584,$837.10,N,refund_req_304066,agent_103,Approved,24,purchase_104066,LUXURY,changed_mind
04/06/2026 04:26,"$1,119.90",N,buyer_0022,"$1,119.90",N,refund_req_303479,agent_023,Approved,32,purchase_103479,  ELECTRONICS  , missing_accessory 
04/18/2026 08:53,$448.16,N,buyer_0583,$219.57,Y,refund_req_301416,agent_019,Approved,70,purchase_101416, SPORTS ,damaged_item
05/25/2026 10:58,$221.13,N,buyer_0269,$125.55,Y,refund_req_302719,agent_017,Approved,28,purchase_102719,SPORTS,wrong_size
06/04/2026 23:28,$377.78,N,buyer_0055,$179.48,N,refund_req_302739,agent_008,Approved,40,purchase_102739,ELECTRONICS,missing_accessory
05/17/2026 21:43,$48.30,N,buyer_0575,$12.83,Y,refund_req_302379,agent_003,Approved,71,purchase_102379,BOOKS,wrong_item_received
04/20/2026 14:04,$87.64,N,buyer_0105,$21.87,Y,refund_req_300772,agent_008,approved,62,purchase_100772,CLOTHING,wrong_size
04/16/2026 23:25,$651.40,N,buyer_0492,$366.77,N,refund_req_302808,agent_009,Approved,,purchase_102808,LUXURY,damaged_item
06/17/2026 16:51,"$1,052.45",N,buyer_0461,$871.82,Y,refund_req_300587,agent_025,  Rejected  ,86,purchase_100587,LUXURY,item_not_as_described
06/11/2026 02:33,"$1,344.61",N,buyer_0562,"$1,344.61",Y,refund_req_303393,agent_023,  Approved  ,56,purchase_103393,LUXURY,item_not_as_described
04/09/2026 17:50,"$1,328.21",Y,buyer_0577,$675.63,,refund_req_304440,agent_702,Approved,7,purchase_104440,LUXURY,damaged_item
04/30/2026 13:36,"$1,961.95",N,buyer_0473,"$1,569.03",Y,refund_req_303809,agent_102,Approved,4,purchase_103809,LUXURY,damaged_item
04/13/2026 21:40,$117.83,N,buyer_0219,$23.60,Y,refund_req_301431,agent_008,Approved,56,purchase_101431,CLOTHING,changed_mind
05/06/2026 07:31,$582.30,N,buyer_8001,$389.39,Y,refund_req_304688,agent_801,Approved,26,purchase_104688,FASHION,changed_mind
04/02/2026 02:20,$55.52,N,buyer_0199,$42.69,Y,refund_req_301784,agent_020,Approved,56,purchase_101784,BEAUTY,allergic_reaction
05/15/2026 05:03,$955.05,N,buyer_0501,$938.67,N,refund_req_304518,agent_702,Approved,28,purchase_104518,CLOTHING,
06/07/2026 10:23,"$1,136.83",N,buyer_0041,$452.98,Y,refund_req_302558,agent_008,Approved,58,purchase_102558,CLOTHING,item_not_as_described
04/26/2026 02:36,$49.30,N,buyer_0548,$31.27,Y,refund_req_301245,agent_017,Approved,75,purchase_101245,CLOTHING,wrong_size
06/13/2026 01:54,$251.47,N,buyer_0334,$201.08,N,refund_req_302332,agent_020,Rejected,100,purchase_102332,CLOTHING,item_not_as_described
04/21/2026 07:53,$24.50,N,buyer_0257,$12.83,Y,refund_req_300477,agent_019,Approved,60,purchase_100477,CLOTHING,wrong_size
05/03/2026 16:10,$178.68,N,buyer_0026,$100.58,N,refund_req_302026,agent_021,Rejected,100,purchase_102026,  FASHION  ,wrong_size
05/14/2026 04:50,$9.05,N,buyer_0586,$1.88,Y,refund_req_302353,agent_014,Approved,54,purchase_102353,BOOKS,changed_mind
05/14/2026 03:01,$133.99,N,buyer_0135,$58.24,Y,refund_req_301365,agent_020,Approved,57,purchase_101365,ELECTRONICS,missing_accessory
05/09/2026 21:40,"$1,527.74",N,buyer_0348,$888.90,N,refund_req_302417,agent_005,Rejected,90,purchase_102417,APPLIANCES,damaged_item
05/23/2026 04:55,"$2,744.71",Y,buyer_9904,"$2,745.50",N,refund_req_304996,agent_902,Approved,6,purchase_104996,LUXURY,damaged_item
05/10/2026 18:37,$162.12,N,buyer_0181,$145.81,Y,refund_req_304492,agent_703,Approved,22,purchase_104492,BEAUTY,allergic_reaction
06/14/2026 14:28,$200.26,N,buyer_0113,$68.22,Y,refund_req_302827,agent_010,  Approved  ,75,purchase_102827,  CLOTHING  ,  item_not_as_described  
06/01/2026 07:21,"$2,144.51",N,buyer_0195,"$1,751.61",N,refund_req_303023,agent_030,Approved,29,purchase_103023,ELECTRONICS,
04/29/2026 07:27,$154.60,N,buyer_0101,$83.65,N,refund_req_302157,agent_015,Approved,44,purchase_102157,BEAUTY, allergic_reaction 
05/08/2026 12:48,"$2,103.15",N,buyer_0401,"$1,306.11",,refund_req_303047,agent_008,Approved,43,purchase_103047,ELECTRONICS,not_working
06/07/2026 07:32,$288.65,N,buyer_0019,$239.62,N,refund_req_301246,agent_024,Rejected,45,purchase_101246,  SPORTS  ,wrong_size
04/22/2026 02:31,$87.87,N,buyer_0556,$36.75,N,refund_req_300806,agent_027,Rejected,76,purchase_100806,BOOKS, damaged_item 
04/02/2026 11:30,"$1,032.99",N,buyer_0538,$473.52,Y,refund_req_304514,agent_701,Approved,18,purchase_104514,HOME,  damaged_item  
06/14/2026 22:06,"$1,428.88",N,buyer_9001,$975.47,N,refund_req_304353,agent_021,Approved,57,purchase_104353,ELECTRONICS,not_working
05/03/2026 07:09,$195.93,N,buyer_0278,$94.21,Y,refund_req_300853,agent_023,Rejected,83,purchase_100853,CLOTHING,wrong_size
06/12/2026 06:48,"$1,205.24",Y,buyer_0304,$571.07,Y,refund_req_301048,agent_013,Approved,63,purchase_101048,ELECTRONICS,missing_accessory
05/19/2026 14:28,"$1,095.79",N,buyer_0289,"$1,095.79",Y,refund_req_303297,agent_012,Approved,24,purchase_103297,LUXURY,damaged_item
05/08/2026 11:06,$46.75,N,buyer_8001,$33.93,N,refund_req_304649,agent_801,Approved,16,purchase_104649,FASHION,  changed_mind  
05/27/2026 17:56,"$1,039.19",N,buyer_0420,"$1,039.19",Y,refund_req_303415,agent_016,Approved,37,purchase_103415,APPLIANCES,not_working
05/26/2026 20:18,"$1,249.51",N,buyer_8002,"$1,092.06",N,refund_req_304620,agent_802,Approved,18,purchase_104620,SPORTS,wrong_size
06/09/2026 19:33,$676.73,N,buyer_0255,$548.21,N,refund_req_300768,agent_005,Rejected,53,purchase_100768,ELECTRONICS,not_working
05/14/2026 19:33,$23.14,N,buyer_0101,$10.08,Y,refund_req_302738,agent_028,Approved,34,purchase_102738,BOOKS,changed_mind
04/21/2026 16:23,$105.20,N,buyer_0177,$73.04,N,refund_req_301800,agent_015,Rejected,48,purchase_101800,SPORTS,wrong_size
05/07/2026 13:57,"$2,037.35",Y,buyer_9902,"$1,886.23",N,refund_req_304803,agent_901,Approved,8,purchase_104803,ELECTRONICS,item_not_as_described
04/03/2026 06:57,"$2,676.33",Y,buyer_9904,"$2,342.13",N,refund_req_304968,agent_902,Approved,1,purchase_104968,LUXURY,
05/13/2026 18:14,$27.84,N,buyer_0341,$6.69,Y,refund_req_302742,agent_012,Approved,86,purchase_102742,BEAUTY,allergic_reaction
04/07/2026 05:49,"$1,934.83",N,buyer_0551,"$1,934.83",Y,refund_req_303357,agent_024,Approved,48,purchase_103357,LUXURY,item_not_as_described
06/11/2026 02:05,$973.21,N,buyer_0254,$823.03,N,refund_req_302330,agent_011,Rejected,64,purchase_102330,ELECTRONICS,not_working
04/10/2026 14:25,$160.61,N,buyer_0082,$47.14,N,refund_req_301121,agent_001,Approved,76,purchase_101121,FASHION,item_not_as_described
06/06/2026 02:07,$992.36,Y,buyer_9901,$891.76,N,refund_req_304855,agent_901,Approved,7,purchase_104855,LUXURY,damaged_item
06/13/2026 11:20,$611.92,N,buyer_0528,$399.20,N,refund_req_300546,agent_019,Approved,63,purchase_100546,APPLIANCES,damaged_item
06/11/2026 21:13,$315.48,N,buyer_0040,$232.68,N,refund_req_300422,agent_017,Approved,31,purchase_100422,FASHION,
04/13/2026 18:21,"$2,420.63",N,buyer_0358,$994.76,Y,refund_req_302915,agent_021,Approved,117,purchase_102915,LUXURY,item_not_as_described
05/13/2026 18:25,"$1,233.70",N,buyer_0166,$917.74,N,refund_req_303236,agent_102,Approved,40,purchase_103236,LUXURY,item_not_as_described
06/12/2026 03:50,"$1,250.17",N,buyer_0335,"$1,250.17",N,refund_req_303551,agent_101, Approved ,13,purchase_103551,APPLIANCES,missing_part
05/28/2026 08:07,$122.43,N,buyer_0123,$82.09,Y,refund_req_302342,agent_002,Approved,113,purchase_102342,HOME,item_not_as_described
06/04/2026 05:41,"$1,682.34",N,buyer_0211,"$1,172.91",N,refund_req_300547,agent_004,APPROVED,61,purchase_100547,LUXURY, changed_mind 
05/04/2026 01:03,$901.96,N,buyer_0570,$901.96,N,refund_req_303343,agent_007,Approved,26,purchase_103343,Electronics,item_not_as_described
06/06/2026 04:32,"$1,814.75",Y,buyer_0054,"$1,371.86",,refund_req_303896,agent_012,Approved,15,purchase_103896,LUXURY,item_not_as_described
04/17/2026 03:00,"$1,669.45",Y,buyer_0343,"$1,387.78",N,refund_req_303207,agent_103,Approved,28,purchase_103207,APPLIANCES,missing_part
06/01/2026 19:00,"$1,712.88",N,buyer_0134,"$1,712.88",N,refund_req_303315,agent_017,Approved,44,purchase_103315,Appliances,damaged_item
06/18/2026 06:29,$70.53,N,buyer_0144,$27.99,N,refund_req_300867,agent_015,Approved,87,purchase_100867,BOOKS,changed_mind
06/01/2026 13:00,"$2,365.13",N,buyer_0412,"$1,957.67",Y,refund_req_301943,agent_001,approved,42,purchase_101943,LUXURY,changed_mind
05/19/2026 17:45,"$1,065.41",Y,buyer_0532,$797.18,N,refund_req_304046,agent_027,Approved,35,purchase_104046,APPLIANCES,damaged_item
04/13/2026 10:55,$606.54,N,buyer_0192,$304.66,Y,refund_req_300262,agent_012,Approved,81,purchase_100262,appliances,not_working
06/15/2026 01:37,$80.86,N,buyer_0051,$26.98,,refund_req_301029,agent_013,Approved,95,purchase_101029,BEAUTY,allergic_reaction
04/15/2026 19:45,$171.27,N,buyer_0121,$115.97,N,refund_req_304464,agent_702,Approved,34,purchase_104464,SPORTS,wrong_size
04/04/2026 08:11,$354.32,N,buyer_0247,$352.96,N,refund_req_303611,agent_102,Approved,,purchase_103611,FASHION,item_not_as_described
05/03/2026 19:06,"$2,165.75",Y,buyer_0185,"$2,165.75",Y,refund_req_303397,agent_025,Approved,34,purchase_103397,LUXURY,damaged_item
06/16/2026 10:58,$62.30,N,buyer_0136,$28.16,Y,refund_req_300443,agent_022,Rejected,88,purchase_100443,FASHION,changed_mind
05/12/2026 07:12,"$1,464.11",N,buyer_0472,$839.68,Y,refund_req_302285,agent_013,  Approved  ,71,purchase_102285,ELECTRONICS,damaged_item
05/19/2026 02:22,$120.79,N,buyer_0086,$98.73,Y,refund_req_301613,agent_003,approved,40,purchase_101613,HOME,item_not_as_described
04/20/2026 05:12,$49.74,N,buyer_0054,$15.88,Y,refund_req_301315,agent_012,Approved,72,purchase_101315,BOOKS,damaged_item
05/01/2026 16:26,$26.05,N,buyer_0366,$11.10,N,refund_req_302075,agent_009,Approved,68,purchase_102075,BEAUTY,changed_mind
04/07/2026 15:41,$232.48,N,buyer_0432,$50.13,Y,refund_req_302542,agent_006,Approved,83,purchase_102542,SPORTS,wrong_size
04/08/2026 20:43,$340.06,N,buyer_0029,$125.19,Y,refund_req_300609,agent_001,Rejected,35,purchase_100609,HOME,missing_part
04/06/2026 19:51,$48.19,N,buyer_0101,$33.57,Y,refund_req_301057,agent_019,Approved,68,purchase_101057,CLOTHING,  item_not_as_described  
04/13/2026 16:30,$534.01,N,buyer_0489,$306.60,N,refund_req_301579,agent_005,Rejected,74,purchase_101579,APPLIANCES,missing_part
06/12/2026 15:51,$151.21,N,buyer_0177,$41.25,Y,refund_req_302850,agent_029,Approved,64,purchase_102850,BEAUTY,
04/21/2026 12:13,$469.78,N,buyer_0332,$274.21,Y,refund_req_300425,agent_014,Rejected,61,purchase_100425,APPLIANCES,damaged_item
06/18/2026 19:47,"$1,023.75",N,buyer_9003,$859.46,N,refund_req_304275,agent_014,Approved,58,purchase_104275,FASHION,  wrong_size  
04/15/2026 16:09,$946.06,N,buyer_0577,$500.48,Y,refund_req_302562,agent_029,Rejected,24,purchase_102562,Fashion,changed_mind
05/25/2026 20:42,"$1,756.67",N,buyer_0020,$536.31,,refund_req_301643,agent_030,Rejected,59,purchase_101643,LUXURY,item_not_as_described
04/28/2026 12:08,$909.38,Y,buyer_0511,$672.18,N,refund_req_304085,agent_021,Approved,26,purchase_104085,APPLIANCES,not_working
06/16/2026 23:50,"$1,790.86",Y,buyer_9906,"$1,643.09",N,refund_req_304906,agent_902,Approved,6,purchase_104906,LUXURY,damaged_item
05/14/2026 11:40,$380.13,N,buyer_0420,$122.37,N,refund_req_300306,agent_027,Rejected,50,purchase_100306,HOME,missing_part
05/07/2026 19:51,"$1,323.82",Y,buyer_0529,"$1,236.21",N,refund_req_304020,agent_012,Approved,,purchase_104020,LUXURY,item_not_as_described
04/15/2026 10:43,$672.26,N,buyer_0168,$345.36,Y,refund_req_301217,agent_003,Approved,64,purchase_101217,ELECTRONICS,damaged_item
05/01/2026 03:00,$209.22,N,buyer_0322,$107.07,,refund_req_303654,agent_101,Approved,,purchase_103654,SPORTS,  damaged_item  
04/30/2026 16:11,$168.30,N,buyer_0459,$93.22,Y,refund_req_303629,agent_103,Approved,4,purchase_103629,BEAUTY,changed_mind
04/22/2026 09:20,$172.86,N,buyer_0198,$81.67,Y,refund_req_301687,agent_012,Approved,53,purchase_101687, CLOTHING ,changed_mind
04/25/2026 12:33,$942.59,N,buyer_0378,$710.23,N,refund_req_302886,agent_024,Approved,46,purchase_102886,  HOME  ,missing_part
04/27/2026 01:04,"$1,141.90",Y,buyer_0543,$806.43,Y,refund_req_304052,agent_011,Approved,9,purchase_104052,ELECTRONICS,damaged_item
05/03/2026 05:55,$245.10,N,buyer_9003,$158.30,Y,refund_req_304235,agent_027,Approved,52,purchase_104235, SPORTS ,item_not_as_described
04/01/2026 09:50,"$2,115.12",N,buyer_0409,"$1,510.24",N,refund_req_302767,agent_022,Approved,88,purchase_102767,luxury,damaged_item
05/10/2026 18:42,$60.59,N,buyer_0029,$19.35,Y,refund_req_300563,agent_015,Approved,107,purchase_100563,BOOKS,  wrong_item_received  
06/09/2026 08:29,$58.89,N,buyer_0113,$37.65,N,refund_req_302922,agent_029,Approved,51,purchase_102922,BEAUTY,damaged_item
05/06/2026 09:21,$104.50,N,buyer_0338,$49.77,N,refund_req_304524,agent_702,Approved,36,purchase_104524,FASHION,changed_mind
05/07/2026 23:57,"$1,367.10",N,buyer_0251,"$1,069.91",Y,refund_req_303613,agent_101,  Approved  ,3,purchase_103613,LUXURY,changed_mind
04/27/2026 02:15,"$2,262.40",Y,buyer_0536,"$2,145.80",N,refund_req_304007,agent_022,Approved,11,purchase_104007,LUXURY,item_not_as_described
05/11/2026 07:22,"$1,399.14",N,buyer_0413,$874.66,Y,refund_req_300581,agent_025,Approved,82,purchase_100581,APPLIANCES,damaged_item
06/10/2026 21:10,$198.48,N,buyer_0306,$50.91,Y,refund_req_302986,agent_030,Approved,97,purchase_102986,CLOTHING,
04/11/2026 20:44,"$2,026.03",N,buyer_9004,"$1,938.14",N,refund_req_304212,agent_024,Approved,55,purchase_104212,ELECTRONICS,  item_not_as_described  
04/15/2026 03:43,$245.87,N,buyer_0363,$116.77,Y,refund_req_300091,agent_014,Rejected,63,purchase_100091,clothing,changed_mind
05/28/2026 19:31,$36.88,N,buyer_0125,$13.12,N,refund_req_301244,agent_028,Rejected,38,purchase_101244,HOME,missing_part
04/10/2026 16:41,"$2,035.07",N,buyer_0358,"$2,035.07",Y,refund_req_303522,agent_020,Approved,46,purchase_103522,ELECTRONICS,not_working
06/11/2026 14:14,"$2,590.36",N,buyer_0368,"$1,933.48",Y,refund_req_300281,agent_030,Rejected,66,purchase_100281,LUXURY,item_not_as_described
04/16/2026 07:37,"$1,503.73",N,buyer_0190,$446.37,N,refund_req_302127,agent_012,Approved,,purchase_102127,appliances,not_working
05/13/2026 10:15,$269.02,N,buyer_0435,$199.90,Y,refund_req_300518,agent_026,Rejected,70,purchase_100518,HOME,missing_part
06/14/2026 07:58,$813.68,Y,buyer_0262,$313.93,Y,refund_req_301508,agent_011,Approved,48,purchase_101508,APPLIANCES,missing_part
04/14/2026 07:15,$180.76,N,buyer_0246,$98.55,Y,refund_req_300153,agent_020,Rejected,100,purchase_100153,CLOTHING,changed_mind
04/23/2026 08:32,"$1,540.35",N,buyer_0548,"$1,540.35",N,refund_req_303298,agent_026,Approved,29,purchase_103298,APPLIANCES,  damaged_item  
04/06/2026 20:03,$520.27,N,buyer_0277,$331.30,N,refund_req_302985,agent_024,Approved,41,purchase_102985,ELECTRONICS,item_not_as_described
06/08/2026 08:15,$100.11,N,buyer_9002,$64.09,N,refund_req_304154,agent_018,Approved,24,purchase_104154,  SPORTS  ,wrong_size
04/24/2026 09:47,$471.24,N,buyer_0150,$287.27,Y,refund_req_302764,agent_019,Rejected,51,purchase_102764,HOME,missing_part
06/13/2026 17:42,$214.67,N,buyer_0547,$50.54,N,refund_req_300049,agent_023,Approved,39,purchase_100049,ELECTRONICS,item_not_as_described
05/25/2026 20:52,$363.15,N,buyer_0071,$169.21,,refund_req_300196,agent_027,Approved,47,purchase_100196,SPORTS,wrong_size
05/10/2026 19:23,"$1,317.64",N,buyer_0545,"$1,091.55",N,refund_req_300412,agent_028,Approved,91,purchase_100412,Luxury, item_not_as_described 
05/01/2026 16:30,$81.95,N,buyer_0340,$67.82,N,refund_req_301133,agent_019,Rejected,82,purchase_101133,BOOKS,wrong_item_received
04/22/2026 05:30,$83.50,N,buyer_8002,$82.40,N,refund_req_304671,agent_802,approved,29,purchase_104671,SPORTS,item_not_as_described
04/01/2026 15:59,"$2,557.91",Y,buyer_0560,"$2,188.80",N,refund_req_303847,agent_022,Approved,10,purchase_103847,LUXURY,item_not_as_described
04/12/2026 14:45,$259.69,N,buyer_0498,$183.11,N,refund_req_302397,agent_024,Approved,52,purchase_102397,SPORTS,wrong_size
05/12/2026 18:51,$392.48,N,buyer_0465,$243.02,Y,refund_req_302357,agent_027,Approved,85,purchase_102357,SPORTS,damaged_item
05/10/2026 17:13,$505.37,N,buyer_0435,$136.77,Y,refund_req_302884,agent_011,Approved,76,purchase_102884,HOME,item_not_as_described
04/14/2026 00:21,"$1,075.29",N,buyer_0002,$508.37,Y,refund_req_300256,agent_024,Approved,59,purchase_100256,CLOTHING,changed_mind
04/01/2026 23:06,$17.91,N,buyer_0210,$7.68,Y,refund_req_304369,agent_703,Approved,,purchase_104369,BOOKS, damaged_item 
04/03/2026 08:17,"$1,226.04",N,buyer_0159,$963.06,Y,refund_req_304438,agent_703,Approved,7,purchase_104438,APPLIANCES,damaged_item
05/13/2026 03:53,"$1,631.96",Y,buyer_0112,"$1,585.55",N,refund_req_304019,agent_016,Approved,20,purchase_104019,LUXURY,item_not_as_described
06/03/2026 13:36,"$1,313.22",N,buyer_0309,$938.49,Y,refund_req_301549,agent_020,Rejected,51,purchase_101549, ELECTRONICS ,
05/19/2026 17:12,$518.82,N,buyer_0054,$141.13,Y,refund_req_300832,agent_001,Rejected,78,purchase_100832,FASHION,changed_mind
04/10/2026 14:13,"$1,102.97",Y,buyer_0127,"$1,101.21",Y,refund_req_303682,agent_103,Approved,1,purchase_103682,ELECTRONICS,damaged_item
05/22/2026 23:13,"$1,348.91",N,buyer_0567,$544.83,N,refund_req_300606,agent_013,APPROVED,49,purchase_100606,APPLIANCES,missing_part
06/17/2026 07:36,$486.09,N,buyer_0039,$397.82,Y,refund_req_301348,agent_029,Rejected,69,purchase_101348,HOME,item_not_as_described
05/22/2026 16:38,"$1,501.96",N,buyer_0317,$775.03,N,refund_req_303650,agent_102,Approved,,purchase_103650,LUXURY,item_not_as_described
05/26/2026 20:36,$905.85,N,buyer_0001,$726.99,N,refund_req_303275,agent_025,Approved,,purchase_103275,ELECTRONICS,damaged_item
04/06/2026 23:46,"$1,334.16",Y,buyer_9902,"$1,292.59",N,refund_req_304907,agent_901,Approved,1,purchase_104907,APPLIANCES,missing_part
06/14/2026 10:38,$826.22,N,buyer_9008,$662.12,N,refund_req_304264,agent_103,Approved,69,purchase_104264,LUXURY,item_not_as_described
04/25/2026 22:25,$331.16,N,buyer_0502,$229.61,Y,refund_req_302206,agent_030,Approved,39,purchase_102206,HOME,missing_part
04/18/2026 20:26,$171.95,N,buyer_0335,$140.10,Y,refund_req_301384,agent_016,Approved,,purchase_101384,BEAUTY,
04/18/2026 11:46,"$1,648.73",N,buyer_0049,"$1,366.39",N,refund_req_303199,agent_005,approved,30,purchase_103199,LUXURY,damaged_item
05/17/2026 00:43,$273.44,N,buyer_0570,$187.18,N,refund_req_303588,agent_101,Approved,3,purchase_103588,FASHION,wrong_size
06/10/2026 10:27,$909.71,N,buyer_0519,$629.17,N,refund_req_302469,agent_012,Rejected,88,purchase_102469,Appliances, damaged_item 
06/07/2026 00:00,"$2,795.18",N,buyer_0075,"$2,795.18",Y,refund_req_303356,agent_025,Approved,46,purchase_103356,LUXURY,damaged_item
05/10/2026 20:26,"$1,111.23",N,buyer_0270,"$1,111.23",Y,refund_req_303457,agent_017,Approved,42,purchase_103457,ELECTRONICS,not_working
06/02/2026 21:32,$135.19,N,buyer_0272,$78.70,Y,refund_req_302976,agent_024,Approved,49,purchase_102976,CLOTHING,changed_mind
05/28/2026 11:53,"$2,513.96",N,buyer_0373,"$1,882.47",N,refund_req_300304,agent_011,Approved,60,purchase_100304,LUXURY,damaged_item
04/24/2026 01:09,$429.17,N,buyer_9008,$272.47,N,refund_req_304312,agent_022,Approved,33,purchase_104312,HOME,  missing_part  
06/08/2026 13:01,$164.62,N,buyer_0294,$113.08,Y,refund_req_301990,agent_007,  APPROVED  ,70,purchase_101990,SPORTS,damaged_item
06/16/2026 21:26,"$1,053.07",N,buyer_0509,$313.55,Y,refund_req_302708,agent_009,Approved,66,purchase_102708,Sports,damaged_item
05/03/2026 00:42,$209.57,N,buyer_0405,$83.76,N,refund_req_301965,agent_028,Rejected,73,purchase_101965, SPORTS ,wrong_size
04/28/2026 19:27,$297.43,N,buyer_8003,$259.39,Y,refund_req_304657,agent_803,Approved,20,purchase_104657,SPORTS,
04/08/2026 01:54,"$1,380.45",Y,buyer_9903,"$1,179.31",N,refund_req_304995,agent_901,Approved,5,purchase_104995,APPLIANCES,damaged_item
04/05/2026 19:34,"$1,116.22",N,buyer_0399,$446.52,N,refund_req_300482,agent_016,Approved,42,purchase_100482,BEAUTY,damaged_item
05/18/2026 08:26,$156.01,Y,buyer_0486,$132.09,Y,refund_req_301640,agent_020,Approved,97,purchase_101640,BEAUTY,allergic_reaction
04/21/2026 18:35,$234.12,N,buyer_9008,$219.34,N,refund_req_304128,agent_002,Approved,51,purchase_104128,CLOTHING,item_not_as_described
05/02/2026 04:24,$77.33,N,buyer_0439,$55.44,Y,refund_req_304567,agent_703,Approved,,purchase_104567,books,
05/15/2026 15:10,$76.69,N,buyer_0145,$28.67,N,refund_req_302227,agent_001,Rejected,33,purchase_102227,BEAUTY,damaged_item
05/31/2026 18:29,"$1,258.00",N,buyer_9002,"$1,226.55",N,refund_req_304226,agent_014, Approved ,47,purchase_104226,BEAUTY,damaged_item
05/22/2026 20:59,"$1,671.67",N,buyer_0402,$942.06,N,refund_req_300784,agent_008,Rejected,65,purchase_100784,ELECTRONICS,item_not_as_described
05/08/2026 23:59,$150.01,N,buyer_0190,$118.87,Y,refund_req_302299,agent_004,Approved,86,purchase_102299,CLOTHING,
04/27/2026 12:06,"$1,066.99",N,buyer_0382,$228.93,,refund_req_301153,agent_014,Rejected,70,purchase_101153,BEAUTY,damaged_item
05/01/2026 03:09,$44.36,N,buyer_8003,$38.38,Y,refund_req_304621,agent_803,Approved,8,purchase_104621,SPORTS,damaged_item
04/19/2026 03:00,$295.29,N,buyer_0592,$86.76,Y,refund_req_302496,agent_016,Rejected,73,purchase_102496,SPORTS,wrong_size
04/20/2026 18:07,$27.23,N,buyer_9007,$22.69,Y,refund_req_304287,agent_007,Approved,24,purchase_104287,BOOKS,changed_mind
04/29/2026 12:14,$266.18,N,buyer_0155,$170.82,N,refund_req_302208,agent_003,Approved,61,purchase_102208,FASHION,item_not_as_described
04/10/2026 04:01,$147.06,N,buyer_0424,$56.51,N,refund_req_301265,agent_007,Approved,78,purchase_101265,SPORTS,damaged_item
05/31/2026 20:41,$907.07,Y,buyer_9901,$887.97,N,refund_req_304829,agent_901,Approved,8,purchase_104829,APPLIANCES,damaged_item
04/05/2026 03:18,$369.87,Y,buyer_0261,$312.16,Y,refund_req_303790,agent_101,Approved,5,purchase_103790,SPORTS,wrong_size
04/12/2026 08:01,"$1,522.72",N,buyer_0096,$875.65,Y,refund_req_302622,agent_016,Approved,118,purchase_102622,APPLIANCES,missing_part
06/03/2026 03:35,$155.50,N,buyer_0555,$48.18,Y,refund_req_302592,agent_026,  Approved  ,79,purchase_102592,HOME,
04/19/2026 13:01,$122.56,N,buyer_0116,$81.65,Y,refund_req_301262,agent_009,Rejected,79,purchase_101262,BEAUTY,
04/11/2026 02:18,"$1,942.50",Y,buyer_9902,"$1,776.16",N,refund_req_304949,agent_901,Approved,3,purchase_104949,LUXURY,  item_not_as_described  
04/17/2026 00:55,"$1,488.19",Y,buyer_0581,$740.57,N,refund_req_301542,agent_015,Approved,109,purchase_101542,ELECTRONICS,not_working
05/28/2026 06:50,$399.77,N,buyer_0355,$307.59,Y,refund_req_303591,agent_103,Approved,2,purchase_103591,LUXURY,item_not_as_described
05/20/2026 21:18,"$1,260.02",N,buyer_8002,"$1,032.68",Y,refund_req_304692,agent_802,Approved,29,purchase_104692,ELECTRONICS,damaged_item
05/26/2026 06:04,$99.16,N,buyer_0242,$32.20,N,refund_req_300553,agent_009,Approved,77,purchase_100553,HOME,missing_part
05/24/2026 11:33,$207.06,N,buyer_8002,$195.90,N,refund_req_304629,agent_802,Approved,25,purchase_104629,FASHION,wrong_size
05/27/2026 09:24,$199.25,N,buyer_0535,$105.27,Y,refund_req_303791,agent_101,Approved,3,purchase_103791,FASHION,wrong_size
04/15/2026 12:46,"$1,477.87",N,buyer_0440,$569.55,N,refund_req_301452,agent_002,Approved,50,purchase_101452,ELECTRONICS,damaged_item
05/13/2026 06:11,"$2,013.22",N,buyer_0016,"$2,013.22",Y,refund_req_303504,agent_029,Approved,32,purchase_103504,ELECTRONICS,not_working
05/29/2026 23:10,$994.80,N,buyer_0162,$994.80,Y,refund_req_303355,agent_018,Approved,42,purchase_103355, FASHION ,wrong_size
04/13/2026 09:29,$212.33,N,buyer_0530,$116.56,N,refund_req_301736,agent_017,Rejected,,purchase_101736,CLOTHING,wrong_size
04/18/2026 21:41,"$1,083.51",N,buyer_0288,"$1,083.51",Y,refund_req_303305,agent_004,approved,37,purchase_103305,LUXURY,changed_mind
06/05/2026 15:46,$30.56,N,buyer_0371,$9.09,Y,refund_req_301292,agent_003,Approved,50,purchase_101292,BOOKS,damaged_item
06/02/2026 03:42,$163.91,N,buyer_0508,$111.67,N,refund_req_302461,agent_001,Rejected,68,purchase_102461,BEAUTY,changed_mind
05/03/2026 21:28,$51.78,N,buyer_0323,$19.27,N,refund_req_301238,agent_030,Rejected,,purchase_101238,BEAUTY,allergic_reaction
05/11/2026 02:28,"$1,382.15",Y,buyer_0526,"$1,227.90",,refund_req_303844,agent_005,Approved,22,purchase_103844,APPLIANCES,missing_part
05/09/2026 20:21,$112.17,N,buyer_0200,$80.46,Y,refund_req_303688,agent_103,Approved,5,purchase_103688,BEAUTY,damaged_item
05/15/2026 07:21,"$2,861.58",Y,buyer_0484,"$1,907.93",N,refund_req_303905,agent_023,Approved,4,purchase_103905,LUXURY,damaged_item
06/08/2026 06:52,$38.21,N,buyer_0124,$13.61,N,refund_req_302801,agent_028,Rejected,60,purchase_102801,BOOKS,changed_mind
06/07/2026 04:38,$182.94,N,buyer_0331,$113.91,Y,refund_req_300937,agent_017,Approved,73,purchase_100937,SPORTS,
05/11/2026 09:25,$476.83,N,buyer_0374,$168.96,N,refund_req_302369,agent_022,Approved,49,purchase_102369,FASHION,wrong_size
06/10/2026 07:29,$183.30,N,buyer_8003,$175.42,N,refund_req_304615,agent_803,Approved,25,purchase_104615,SPORTS,wrong_size
05/31/2026 20:19,$32.49,N,buyer_0342,$7.95,N,refund_req_301256,agent_022,Rejected,47,purchase_101256,CLOTHING,wrong_size
06/20/2026 11:15,"$1,205.95",N,buyer_0128,$843.13,N,refund_req_304384,agent_703,Approved,11,purchase_104384,HOME,item_not_as_described
05/10/2026 02:31,"$1,402.99",N,buyer_0463,$736.45,,refund_req_302316,agent_024,Rejected,35,purchase_102316,  APPLIANCES  ,damaged_item
05/16/2026 01:23,$41.50,N,buyer_0073,$33.16,Y,refund_req_300695,agent_021,Approved,76,purchase_100695,SPORTS,wrong_size
05/15/2026 22:16,$262.98,N,buyer_0121,$215.56,Y,refund_req_302319,agent_027,Approved,81,purchase_102319,Appliances,
06/07/2026 17:16,"$1,461.31",Y,buyer_9906,"$1,370.92",N,refund_req_304818,agent_902,Approved,1,purchase_104818,APPLIANCES,missing_part
05/28/2026 22:57,$103.65,N,buyer_0459,$72.29,N,refund_req_301453,agent_005,Rejected,50,purchase_101453, BEAUTY ,changed_mind
06/07/2026 10:23,$68.13,Y,buyer_0304,$60.50,Y,refund_req_303710,agent_101,Approved,4,purchase_103710,BEAUTY,allergic_reaction
05/06/2026 21:27,$191.43,N,buyer_0387,$129.30,Y,refund_req_301215,agent_005,Rejected,89,purchase_101215,CLOTHING,
05/06/2026 05:52,$132.33,N,buyer_0391,$48.09,N,refund_req_300001,agent_013,Approved,99,purchase_100001,CLOTHING,item_not_as_described
05/01/2026 05:48,"$2,083.47",N,buyer_0572,"$1,600.54",N,refund_req_303046,agent_012, Approved ,40,purchase_103046,ELECTRONICS,item_not_as_described
04/18/2026 17:34,$391.93,N,buyer_9001,$222.85,Y,refund_req_304217,agent_024,Approved,64,purchase_104217, SPORTS ,damaged_item
04/03/2026 20:07,"$2,065.75",Y,buyer_0168,"$2,006.38",N,refund_req_303886,agent_016, Approved ,14,purchase_103886,ELECTRONICS,not_working
05/04/2026 19:41,$31.03,N,buyer_0495,$19.16,N,refund_req_300996,agent_026,Approved,85,purchase_100996,BEAUTY,damaged_item
04/03/2026 10:53,$198.06,N,buyer_0251,$111.61,Y,refund_req_302204,agent_019,Approved,57,purchase_102204,SPORTS,
05/19/2026 08:02,"$2,389.80",Y,buyer_0222,"$1,376.53",N,refund_req_302905,agent_017,Approved,43,purchase_102905,  LUXURY  ,item_not_as_described
05/13/2026 10:19,$41.86,N,buyer_9003,$23.33,N,refund_req_304227,agent_027,Approved,45,purchase_104227,SPORTS,item_not_as_described
05/07/2026 20:07,$174.21,N,buyer_0021,$111.80,Y,refund_req_300369,agent_012,Approved,48,purchase_100369,SPORTS,item_not_as_described
04/09/2026 01:07,"$2,821.24",N,buyer_0134,"$2,212.53",N,refund_req_303059,agent_019,approved,26,purchase_103059,LUXURY,changed_mind
04/02/2026 01:46,$23.29,N,buyer_0361,$13.92,Y,refund_req_302813,agent_015,Approved,85,purchase_102813,BOOKS,damaged_item
05/02/2026 03:19,$203.61,N,buyer_0065,$76.62,Y,refund_req_301185,agent_020,Approved,81,purchase_101185,FASHION,changed_mind
05/06/2026 03:13,"$2,647.23",N,buyer_0116,$742.22,N,refund_req_300576,agent_016,Approved,105,purchase_100576,LUXURY,
05/22/2026 04:27,$85.94,N,buyer_0525,$33.01,Y,refund_req_300096,agent_025,Approved,38,purchase_100096,BEAUTY,changed_mind
05/15/2026 22:31,$19.03,N,buyer_0363,$10.17,Y,refund_req_302247,agent_021,Approved,92,purchase_102247,BOOKS,changed_mind
04/29/2026 17:44,"$1,169.74",Y,buyer_8002,"$1,074.69",N,refund_req_304719,agent_802,Approved,6,purchase_104719,ELECTRONICS,not_working
05/17/2026 23:37,$404.54,N,buyer_0388,$271.48,Y,refund_req_303706,agent_102,Approved,4,purchase_103706, HOME , item_not_as_described 
05/31/2026 02:42,$531.47,N,buyer_0543,$172.26,N,refund_req_301102,agent_005, Approved ,86,purchase_101102,appliances,missing_part
04/26/2026 09:26,"$1,106.23",N,buyer_0272,"$1,060.53",Y,refund_req_303623,agent_103,Approved,5,purchase_103623,APPLIANCES, damaged_item 
05/17/2026 00:19,$63.36,N,buyer_0023,$45.50,Y,refund_req_302553,agent_021,Approved,65,purchase_102553,SPORTS,
06/05/2026 20:18,$73.73,N,buyer_8001,$73.30,Y,refund_req_304604,agent_801,Approved,4,purchase_104604,FASHION,changed_mind
04/05/2026 07:25,$689.02,N,buyer_0414,$319.23,Y,refund_req_301198,agent_006,Approved,68,purchase_101198,APPLIANCES,not_working
05/31/2026 08:51,$496.90,N,buyer_0466,$184.05,Y,refund_req_300078,agent_004,Approved,65,purchase_100078,FASHION,changed_mind
06/15/2026 03:09,"$1,050.60",Y,buyer_0071,$817.57,N,refund_req_303979,agent_026,Approved,8,purchase_103979,APPLIANCES,damaged_item
04/20/2026 04:36,"$1,785.75",N,buyer_0587,"$1,129.05",N,refund_req_302300,agent_002,Approved,89,purchase_102300,LUXURY,item_not_as_described
06/11/2026 23:29,$60.26,N,buyer_0536,$45.25,N,refund_req_300637,agent_029,Approved,39,purchase_100637, BEAUTY ,changed_mind
05/27/2026 15:46,$331.47,N,buyer_0034,$243.29,N,refund_req_302134,agent_011,Approved,63,purchase_102134,SPORTS,
04/24/2026 01:11,$610.66,N,buyer_0322,$373.22,Y,refund_req_300310,agent_028,Approved,40,purchase_100310,FASHION,changed_mind
04/17/2026 05:04,$456.50,N,buyer_0118,$117.78,Y,refund_req_301392,agent_002,Approved,46,purchase_101392,HOME,damaged_item
05/29/2026 00:49,$579.79,N,buyer_0126,$242.95,N,refund_req_301755,agent_028,Rejected,33,purchase_101755,APPLIANCES,not_working
04/20/2026 13:36,$106.83,N,buyer_0458,$85.06,N,refund_req_300162,agent_017,Approved,94,purchase_100162,CLOTHING,item_not_as_described
04/03/2026 22:36,$154.18,N,buyer_0535,$133.73,,refund_req_303743,agent_102,Approved,4,purchase_103743,FASHION,changed_mind
04/08/2026 07:26,"$1,194.19",N,buyer_0008,"$1,194.19",Y,refund_req_303445,agent_014,Approved,34,purchase_103445,APPLIANCES,damaged_item
05/05/2026 00:46,$78.01,N,buyer_0341,$63.48,Y,refund_req_302352,agent_022,Approved,49,purchase_102352,CLOTHING,wrong_size
04/07/2026 12:30,$111.43,N,buyer_0516,$43.12,Y,refund_req_301904,agent_020,Rejected,78,purchase_101904,HOME,missing_part
04/07/2026 06:43,$977.89,N,buyer_0144,$562.01,Y,refund_req_302647,agent_007,Approved,61,purchase_102647,BEAUTY,changed_mind
05/05/2026 12:41,$213.01,N,buyer_0081,$78.11,Y,refund_req_300152,agent_023,Approved,109,purchase_100152,SPORTS,item_not_as_described
06/21/2026 02:37,"$1,283.70",Y,buyer_0575,"$1,283.70",Y,refund_req_303396,agent_027,Approved,,purchase_103396,FASHION,wrong_size
04/30/2026 04:40,"$2,247.68",N,buyer_0102,"$1,017.28",N,refund_req_300393,agent_007,Approved,68,purchase_100393,LUXURY,
06/15/2026 02:28,$85.37,N,buyer_0247,$34.41,N,refund_req_300415,agent_014,Rejected,49,purchase_100415,beauty,allergic_reaction
04/03/2026 11:56,"$1,603.10",N,buyer_0333,$853.49,Y,refund_req_303718,agent_103,Approved,3,purchase_103718,ELECTRONICS,missing_accessory
06/05/2026 08:40,$587.68,N,buyer_0027,$434.66,N,refund_req_302796,agent_014,Rejected,68,purchase_102796,HOME,damaged_item
06/18/2026 03:52,$648.10,N,buyer_0341,$471.17,N,refund_req_301382,agent_019,Rejected,71,purchase_101382,ELECTRONICS,not_working
04/29/2026 13:13,$119.31,N,buyer_0012,$28.06,Y,refund_req_300403,agent_024, Approved ,67,purchase_100403,BEAUTY,changed_mind
06/01/2026 20:42,$177.69,N,buyer_0459,$46.83,Y,refund_req_301788,agent_029,Approved,29,purchase_101788,BEAUTY,allergic_reaction
04/24/2026 00:39,"$2,583.97",N,buyer_0395,"$2,224.84",N,refund_req_303095,agent_009,Approved,28,purchase_103095,LUXURY,
04/04/2026 15:44,$102.72,Y,buyer_0022,$40.36,N,refund_req_300770,agent_004,Approved,64,purchase_100770,FASHION,wrong_size
05/23/2026 00:46,"$1,345.32",N,buyer_0324,$470.78,Y,refund_req_302937,agent_010,  Approved  ,80,purchase_102937,ELECTRONICS,missing_accessory
04/06/2026 20:55,"$1,769.25",Y,buyer_9903,"$1,597.06",N,refund_req_304935,agent_901,Approved,5,purchase_104935,ELECTRONICS,not_working
06/03/2026 21:40,$76.40,N,buyer_0168,$52.76,Y,refund_req_301142,agent_017,Rejected,34,purchase_101142,CLOTHING,changed_mind
06/07/2026 21:44,$449.75,N,buyer_0333,$202.01,Y,refund_req_301760,agent_028,Approved,74,purchase_101760,fashion,changed_mind
04/30/2026 15:12,$569.12,N,buyer_0010,$426.54,N,refund_req_300184,agent_002,Rejected,46,purchase_100184, LUXURY ,item_not_as_described
04/15/2026 02:18,"$1,245.90",N,buyer_0470,$474.68,Y,refund_req_300683,agent_007,Approved,76,purchase_100683,APPLIANCES,not_working
04/09/2026 08:36,"$1,038.01",N,buyer_0125,$437.74,N,refund_req_301131,agent_020,Approved,100,purchase_101131,APPLIANCES,not_working
05/11/2026 19:58,$144.78,N,buyer_0580,$94.72,Y,refund_req_302591,agent_028,Rejected,55,purchase_102591,SPORTS,item_not_as_described
04/07/2026 16:06,$764.13,N,buyer_0219,$324.79,Y,refund_req_302145,agent_029,Approved,48,purchase_102145,ELECTRONICS,item_not_as_described
04/24/2026 03:22,"$1,528.17",N,buyer_0428,"$1,449.78",N,refund_req_304461,agent_702,  Approved  ,33,purchase_104461,APPLIANCES,damaged_item
04/02/2026 20:20,$40.91,N,buyer_0095,$30.03,Y,refund_req_303619,agent_102,Approved,3,purchase_103619,BEAUTY,damaged_item
06/01/2026 18:47,"$2,198.32",Y,buyer_0362,"$2,198.32",N,refund_req_303341,agent_008,Approved,44,purchase_103341,ELECTRONICS,not_working
06/01/2026 17:27,$468.36,N,buyer_0153,$375.84,N,refund_req_301389,agent_025,Rejected,36,purchase_101389,ELECTRONICS,not_working
04/23/2026 06:21,$479.60,N,buyer_0512,$96.68,Y,refund_req_302756,agent_008,Approved,57,purchase_102756,APPLIANCES,
04/19/2026 13:29,$425.49,N,buyer_0039,$213.18,Y,refund_req_300789,agent_016, Rejected ,,purchase_100789,APPLIANCES,missing_part
06/14/2026 22:15,$41.94,N,buyer_0209,$23.72,Y,refund_req_300177,agent_030,Approved,107,purchase_100177,BOOKS,damaged_item
05/26/2026 21:30,$346.83,N,buyer_0250,$143.98,Y,refund_req_300202,agent_030,Approved,56,purchase_100202,HOME,missing_part
06/05/2026 16:23,$20.95,N,buyer_0150,$15.12,N,refund_req_303568,agent_101,Approved,3,purchase_103568,BOOKS,damaged_item
06/18/2026 00:27,"$1,099.24",N,buyer_0349,$926.83,,refund_req_303068,agent_021,Approved,20,purchase_103068,APPLIANCES,
05/04/2026 12:33,$556.74,N,buyer_0255,$153.39,N,refund_req_300762,agent_021,Approved,114,purchase_100762,ELECTRONICS,missing_accessory
04/13/2026 20:57,$150.37,N,buyer_0343,$53.47,Y,refund_req_301676,agent_003,Approved,40,purchase_101676,BEAUTY,damaged_item
06/13/2026 00:31,"$1,051.12",N,buyer_0363,"$1,051.12",N,refund_req_303424,agent_013,Approved,25,purchase_103424,LUXURY,changed_mind
06/11/2026 17:53,"$1,914.62",N,buyer_0136,"$1,444.40",N,refund_req_303215,agent_022,Approved,34,purchase_103215,LUXURY,damaged_item
06/10/2026 10:09,$149.54,N,buyer_0338,$122.28,Y,refund_req_300924,agent_020,APPROVED,85,purchase_100924,CLOTHING,item_not_as_described
04/12/2026 20:49,$243.08,N,buyer_0091,$160.04,Y,refund_req_301954,agent_019,Approved,62,purchase_101954,HOME,damaged_item
05/26/2026 17:57,$576.75,N,buyer_0081,$395.33,Y,refund_req_304480,agent_703,Approved,9,purchase_104480,FASHION,changed_mind
05/25/2026 15:13,$928.49,N,buyer_0058,$511.84,Y,refund_req_302969,agent_004,APPROVED,,purchase_102969,LUXURY,item_not_as_described
05/29/2026 22:11,"$1,029.90",Y,buyer_0415,$829.92,Y,refund_req_303940,agent_006,Approved,10,purchase_103940,ELECTRONICS,not_working
05/08/2026 15:23,"$1,012.84",N,buyer_0322,$664.86,Y,refund_req_301909,agent_027,Approved,65,purchase_101909,BOOKS,damaged_item
06/15/2026 03:58,$72.30,N,buyer_0313,$57.41,Y,refund_req_302169,agent_014,Approved,78,purchase_102169,CLOTHING,wrong_size
06/19/2026 12:26,$95.86,N,buyer_9007,$91.55,Y,refund_req_304183,agent_007,Approved,48,purchase_104183,HOME,missing_part
06/03/2026 21:42,$937.07,N,buyer_0342,$740.27,N,refund_req_301786,agent_015,Approved,58,purchase_101786,ELECTRONICS,not_working
04/04/2026 10:28,$220.40,N,buyer_0508,$164.22,N,refund_req_302107,agent_011,Rejected,57,purchase_102107,APPLIANCES,missing_part
04/04/2026 14:56,$72.80,N,buyer_0154,$21.74,Y,refund_req_302320,agent_015,Approved,61,purchase_102320,BOOKS,damaged_item
06/06/2026 09:41,$274.03,N,buyer_8003,$168.39,Y,refund_req_304639,agent_803,Approved,6,purchase_104639,FASHION,changed_mind
06/02/2026 22:42,"$1,644.27",Y,buyer_0152,"$1,349.25",Y,refund_req_301071,agent_028,Approved,100,purchase_101071,LUXURY,damaged_item
06/08/2026 03:47,$56.22,Y,buyer_0181,$45.77,Y,refund_req_300909,agent_015,Approved,,purchase_100909,BOOKS,damaged_item
06/09/2026 04:16,$148.25,N,buyer_0491,$118.64,N,refund_req_300197,agent_015,Rejected,73,purchase_100197,CLOTHING,wrong_size
05/21/2026 23:02,$8.97,N,buyer_0236,$6.80,N,refund_req_301457,agent_028,Rejected,32,purchase_101457,BOOKS,  changed_mind  
06/08/2026 21:09,"$1,647.34",N,buyer_0273,"$1,222.98",Y,refund_req_300395,agent_027,approved,52,purchase_100395,ELECTRONICS,not_working
05/05/2026 18:00,$857.36,N,buyer_0440,$632.38,N,refund_req_304526,agent_701,Approved,30,purchase_104526,APPLIANCES,missing_part
05/28/2026 01:35,"$1,819.14",N,buyer_0093,"$1,462.44",N,refund_req_303129,agent_003,Approved,33,purchase_103129,ELECTRONICS,missing_accessory
05/15/2026 02:02,"$1,124.31",Y,buyer_9903,"$1,095.19",N,refund_req_304885,agent_901,Approved,6,purchase_104885,ELECTRONICS, damaged_item 
04/30/2026 19:50,$34.20,N,buyer_0488,$19.51,,refund_req_302362,agent_025,Approved,,purchase_102362,SPORTS,damaged_item
05/19/2026 16:09,"$1,864.37",N,buyer_8001,"$1,476.14",Y,refund_req_304643,agent_801,Approved,24,purchase_104643,ELECTRONICS,damaged_item
04/08/2026 11:59,$26.34,N,buyer_0144,$13.34,Y,refund_req_303618,agent_102,Approved,3,purchase_103618,BOOKS,changed_mind
05/11/2026 21:00,"$1,564.72",N,buyer_0203,$444.45,Y,refund_req_302545,agent_009,Approved,31,purchase_102545,LUXURY,damaged_item
06/02/2026 07:53,"$1,268.29",N,buyer_0047,"$1,036.76",N,refund_req_300907,agent_024,  Rejected  ,53,purchase_100907,CLOTHING,item_not_as_described
06/18/2026 02:34,$596.10,N,buyer_9004,$458.95,Y,refund_req_304196,agent_010,Approved,20,purchase_104196,FASHION, item_not_as_described 
05/20/2026 23:05,$252.07,N,buyer_8001,$206.04,N,refund_req_304778,agent_801,Approved,21,purchase_104778,SPORTS,item_not_as_described
04/17/2026 16:31,$313.70,N,buyer_0527,$82.16,N,refund_req_300213,agent_028,Rejected,40,purchase_100213,Sports,wrong_size
04/18/2026 17:13,$43.23,N,buyer_0275,$9.93,Y,refund_req_300761,agent_010,Approved,56,purchase_100761,BEAUTY,allergic_reaction
04/05/2026 06:07,"$1,188.68",N,buyer_0388,$576.19,N,refund_req_304560,agent_702,Approved,36,purchase_104560,HOME,item_not_as_described
05/02/2026 02:34,$86.92,N,buyer_0559,$59.82,Y,refund_req_301350,agent_015,Approved,49,purchase_101350,BOOKS,wrong_item_received
05/05/2026 04:30,$66.09,N,buyer_0113,$41.65,,refund_req_304375,agent_703,Approved,26,purchase_104375,BOOKS,damaged_item
05/14/2026 10:04,"$1,017.30",N,buyer_0044,$740.61,N,refund_req_301405,agent_017,Rejected,39,purchase_101405,APPLIANCES,not_working
04/18/2026 00:39,$259.27,N,buyer_0347,$157.20,Y,refund_req_300387,agent_022,Approved,51,purchase_100387,CLOTHING,
05/15/2026 05:34,"$2,310.30",N,buyer_0499,"$1,612.27",N,refund_req_301946,agent_001,Rejected,49,purchase_101946,LUXURY,item_not_as_described
05/30/2026 04:29,$106.70,N,buyer_0140,$41.33,Y,refund_req_300534,agent_017,Rejected,62,purchase_100534,CLOTHING,changed_mind
04/16/2026 14:29,$99.69,N,buyer_0433,$63.33,Y,refund_req_301337,agent_025,Approved,48,purchase_101337,BEAUTY, changed_mind 
05/26/2026 02:09,$637.02,N,buyer_0542,$473.07,N,refund_req_300167,agent_013,Approved,100,purchase_100167,Fashion,changed_mind
05/02/2026 19:07,$100.50,N,buyer_0206,$46.12,N,refund_req_300194,agent_011,Approved,73,purchase_100194,SPORTS,  item_not_as_described  
04/11/2026 01:15,$604.66,N,buyer_0417,$460.72,Y,refund_req_302226,agent_030,Approved,79,purchase_102226,FASHION,wrong_size
04/09/2026 10:27,$60.78,N,buyer_0593,$17.14,Y,refund_req_301502,agent_023,  Approved  ,74,purchase_101502,BEAUTY,allergic_reaction
06/09/2026 20:28,"$2,620.83",N,buyer_0550,"$1,903.05",Y,refund_req_301037,agent_014,Approved,83,purchase_101037,LUXURY,changed_mind
04/17/2026 05:48,$308.76,N,buyer_8001,$253.24,N,refund_req_304667,agent_801,Approved,25,purchase_104667,FASHION,wrong_size
05/07/2026 17:42,"$1,020.91",N,buyer_0271,"$1,004.56",N,refund_req_303821,agent_101,Approved,2,purchase_103821,APPLIANCES,not_working
06/01/2026 06:52,"$1,137.69",N,buyer_0334,"$1,137.69",Y,refund_req_303407,agent_016,Approved,62,purchase_103407,FASHION,
04/02/2026 19:26,"$1,798.38",N,buyer_0201,"$1,290.13",N,refund_req_300235,agent_025,Approved,46,purchase_100235,LUXURY,item_not_as_described
04/19/2026 06:34,"$2,342.14",N,buyer_0597,"$1,757.18",,refund_req_303114,agent_001,Approved,34,purchase_103114,LUXURY,changed_mind
04/23/2026 08:12,$642.37,Y,buyer_9008,$609.25,N,refund_req_304344,agent_009,  Approved  ,21,purchase_104344,  ELECTRONICS  ,damaged_item
04/30/2026 16:19,$976.01,N,buyer_0285,$722.20,N,refund_req_301005,agent_018,approved,53,purchase_101005,SPORTS,item_not_as_described
06/01/2026 19:37,"$1,703.33",N,buyer_0050,"$1,381.63",N,refund_req_302328,agent_023,Approved,106,purchase_102328,LUXURY,  damaged_item  
04/13/2026 17:21,"$1,746.03",N,buyer_0534,"$1,379.09",N,refund_req_303016,agent_006,Approved,15,purchase_103016,APPLIANCES,not_working
04/20/2026 04:18,"$2,492.42",N,buyer_0172,$702.91,N,refund_req_300265,agent_006,Approved,78,purchase_100265,  LUXURY  ,changed_mind
05/07/2026 16:08,"$1,672.84",Y,buyer_9903,"$1,710.49",N,refund_req_304993,agent_901,Approved,,purchase_104993,APPLIANCES,not_working
04/11/2026 03:30,$48.70,N,buyer_0110,$40.80,N,refund_req_302341,agent_002,Rejected,85,purchase_102341,BOOKS,wrong_item_received
04/12/2026 03:53,"$1,171.35",N,buyer_0338,$450.61,Y,refund_req_300107,agent_003,Approved,54,purchase_100107,BOOKS, changed_mind 
04/17/2026 02:15,$121.75,N,buyer_0073,$44.82,Y,refund_req_300324,agent_018,Approved,64,purchase_100324,SPORTS,damaged_item
04/18/2026 18:15,"$1,681.44",Y,buyer_0193,"$1,608.79",N,refund_req_303888,agent_006,Approved,,purchase_103888,ELECTRONICS,not_working
06/20/2026 07:24,$202.54,N,buyer_0160,$163.68,Y,refund_req_303725,agent_103,Approved,1,purchase_103725,CLOTHING,changed_mind
05/25/2026 20:20,"$1,197.10",Y,buyer_9902,"$1,136.25",N,refund_req_304875,agent_901,Approved,1,purchase_104875,ELECTRONICS,not_working
05/16/2026 22:44,"$1,223.58",Y,buyer_9906,"$1,077.90",N,refund_req_304946,agent_902,Approved,4,purchase_104946,ELECTRONICS,missing_accessory
05/06/2026 18:52,$955.90,N,buyer_9006,$817.67,N,refund_req_304134,agent_002,APPROVED,23,purchase_104134,APPLIANCES,missing_part
04/27/2026 13:49,"$1,141.17",N,buyer_0586,$268.66,Y,refund_req_300260,agent_013,Approved,34,purchase_100260,ELECTRONICS,item_not_as_described
05/11/2026 04:46,"$2,931.64",N,buyer_0015,"$1,915.20",N,refund_req_303184,agent_026,Approved,33,purchase_103184,LUXURY,item_not_as_described
04/18/2026 08:56,$37.53,N,buyer_0159,$15.72,Y,refund_req_302881,agent_029,Approved,24,purchase_102881,CLOTHING,item_not_as_described
05/12/2026 01:44,"$1,775.66",Y,buyer_0228,"$1,441.60",N,refund_req_303968,agent_019,Approved,19,purchase_103968,ELECTRONICS,not_working
06/21/2026 06:30,$23.74,N,buyer_0005,$19.97,N,refund_req_300490,agent_014,Rejected,70,purchase_100490,BOOKS,changed_mind
04/02/2026 18:55,"$1,227.53",N,buyer_0360,"$1,227.53",N,refund_req_303342,agent_020,Approved,17,purchase_103342,FASHION,wrong_size
04/06/2026 02:36,$479.02,N,buyer_0175,$365.70,Y,refund_req_303822,agent_103,Approved,,purchase_103822,APPLIANCES,damaged_item
04/27/2026 05:40,$563.13,N,buyer_0169,$195.16,N,refund_req_300134,agent_010,Rejected,55,purchase_100134,HOME,missing_part
04/19/2026 05:53,$277.61,N,buyer_0066,$216.88,N,refund_req_300165,agent_012,Rejected,86,purchase_100165,APPLIANCES,damaged_item
05/05/2026 17:47,$69.21,N,buyer_0152,$48.28,,refund_req_300552,agent_015,Rejected,79,purchase_100552,BOOKS,wrong_item_received
05/16/2026 10:35,"$1,380.08",N,buyer_0388,$988.07,N,refund_req_303188,agent_001,Approved,44,purchase_103188,APPLIANCES,not_working
04/17/2026 22:47,"$1,449.38",Y,buyer_0074,"$1,434.36",N,refund_req_303919,agent_012,Approved,20,purchase_103919,APPLIANCES,missing_part
05/31/2026 23:28,"$1,189.49",N,buyer_0345,$869.19,N,refund_req_303060,agent_015,Approved,23,purchase_103060,APPLIANCES,not_working
06/14/2026 07:24,$42.37,N,buyer_0511,$29.19,Y,refund_req_300365,agent_006,Approved,46,purchase_100365,BOOKS,damaged_item
05/26/2026 22:32,$456.86,N,buyer_0127,$159.91,Y,refund_req_301399,agent_014,Approved,46,purchase_101399,ELECTRONICS, not_working 
06/04/2026 11:48,$527.27,N,buyer_0267,$394.39,N,refund_req_304562,agent_701,Approved,5,purchase_104562,APPLIANCES,  missing_part  
05/22/2026 03:08,$932.63,N,buyer_8002,$744.31,Y,refund_req_304743,agent_802,Approved,8,purchase_104743,FASHION,changed_mind
04/13/2026 02:30,$939.31,N,buyer_0008,$659.21,N,refund_req_301894,agent_018,Rejected,70,purchase_101894,APPLIANCES,missing_part
04/04/2026 19:34,"$1,130.96",N,buyer_0549,$470.05,N,refund_req_300439,agent_018,  Rejected  ,57,purchase_100439,  BOOKS  ,wrong_item_received
06/12/2026 04:22,$64.48,N,buyer_0494,$19.63,Y,refund_req_300801,agent_014,Rejected,41,purchase_100801,BOOKS,changed_mind
06/03/2026 17:04,"$1,093.77",N,buyer_0161,"$1,093.77",N,refund_req_303339,agent_020,Approved,57,purchase_103339,FASHION,changed_mind
05/24/2026 09:39,$754.24,N,buyer_0157,$334.43,Y,refund_req_300616,agent_017,Approved,101,purchase_100616,ELECTRONICS,damaged_item
05/02/2026 16:59,$557.26,N,buyer_0170,$325.86,N,refund_req_304527,agent_702,Approved,,purchase_104527,LUXURY,changed_mind
04/15/2026 15:09,$26.24,N,buyer_9007,$19.11,Y,refund_req_304167,agent_001,Approved,20,purchase_104167,CLOTHING,item_not_as_described
04/24/2026 22:45,$49.84,N,buyer_0565,$10.09,N,refund_req_301901,agent_007,Rejected,54,purchase_101901,clothing,wrong_size
04/24/2026 06:37,"$2,506.88",N,buyer_0068,"$1,464.35",N,refund_req_300452,agent_013,Rejected,61,purchase_100452,LUXURY,changed_mind
06/05/2026 10:20,$309.12,N,buyer_0246,$235.25,N,refund_req_304380,agent_702,Approved,8,purchase_104380,HOME,damaged_item
04/05/2026 06:21,$236.98,N,buyer_0180,$134.86,N,refund_req_301724,agent_024,Rejected,43,purchase_101724,CLOTHING,
04/15/2026 02:38,$128.78,N,buyer_0362,$56.35,N,refund_req_302463,agent_022,Rejected,77,purchase_102463,FASHION,  item_not_as_described  
06/02/2026 11:59,$941.53,N,buyer_0558,$190.78,,refund_req_301162,agent_017,Rejected,68,purchase_101162,CLOTHING,wrong_size
04/20/2026 00:18,$364.71,N,buyer_0370,$262.40,Y,refund_req_302477,agent_030,Approved,44,purchase_102477,SPORTS,item_not_as_described
04/17/2026 10:18,$188.51,N,buyer_0522,$88.86,Y,refund_req_302854,agent_004, Approved ,41,purchase_102854,FASHION,wrong_size
05/10/2026 06:33,$967.61,N,buyer_0432,$967.61,Y,refund_req_303465,agent_019,Approved,21,purchase_103465,APPLIANCES,damaged_item
05/09/2026 19:27,"$2,180.06",N,buyer_0018,"$1,619.75",Y,refund_req_300845,agent_027,Approved,44,purchase_100845,ELECTRONICS,damaged_item
04/04/2026 03:31,"$1,362.02",N,buyer_0499,"$1,362.02",Y,refund_req_303350,agent_018,Approved,34,purchase_103350,ELECTRONICS,item_not_as_described
04/15/2026 09:04,$423.29,N,buyer_0429,$301.00,N,refund_req_301722,agent_004,Rejected,86,purchase_101722,FASHION,wrong_size
06/16/2026 09:35,$40.25,Y,buyer_8002,$37.58,,refund_req_304770,agent_802,Approved,28,purchase_104770,FASHION,changed_mind
04/15/2026 15:12,$228.00,N,buyer_0412,$208.52,N,refund_req_304370,agent_701,Approved,13,purchase_104370,APPLIANCES,not_working
05/12/2026 16:29,$147.36,N,buyer_9002,$143.04,N,refund_req_304298,agent_006,Approved,27,purchase_104298,  FASHION  ,item_not_as_described
04/08/2026 12:46,$119.45,N,buyer_0326,$95.82,Y,refund_req_302030,agent_013,Approved,,purchase_102030,CLOTHING,changed_mind
04/24/2026 06:30,"$1,462.75",N,buyer_0079,"$1,138.48",Y,refund_req_300818,agent_021,Approved,45,purchase_100818,LUXURY,item_not_as_described
05/26/2026 11:16,$47.92,N,buyer_0139,$19.08,N,refund_req_300855,agent_009,Approved,,purchase_100855,BEAUTY,
04/28/2026 03:32,"$1,465.85",N,buyer_0525,$703.74,N,refund_req_301823,agent_025,Approved,72,purchase_101823,ELECTRONICS,not_working
04/29/2026 03:28,$21.26,N,buyer_0210,$8.19,Y,refund_req_302755,agent_027,Approved,53,purchase_102755,BOOKS,changed_mind
04/21/2026 08:56,$16.38,N,buyer_9005,$9.35,Y,refund_req_304357,agent_003, Approved ,48,purchase_104357,BOOKS,damaged_item
06/03/2026 10:32,$75.23,Y,buyer_0411,$46.53,Y,refund_req_302494,agent_029,Approved,35,purchase_102494,HOME,damaged_item
05/11/2026 01:49,"$1,675.99",N,buyer_0484,$462.98,Y,refund_req_300944,agent_014,Approved,63,purchase_100944,LUXURY,changed_mind
06/11/2026 18:57,$91.45,N,buyer_0147,$27.63,N,refund_req_301650,agent_030,Rejected,77,purchase_101650,BEAUTY,changed_mind
04/16/2026 04:02,"$1,904.37",Y,buyer_0518,"$1,255.00",Y,refund_req_304090,agent_018,Approved,32,purchase_104090,ELECTRONICS, not_working 
06/05/2026 10:48,"$1,437.38",N,buyer_0269,$677.23,N,refund_req_302098,agent_030,Approved,36,purchase_102098,ELECTRONICS,item_not_as_described
05/30/2026 15:06,"$1,138.90",N,buyer_0251,$666.89,Y,refund_req_302732,agent_001,Rejected,71,purchase_102732,SPORTS,wrong_size
06/07/2026 12:34,"$2,639.65",N,buyer_0141,"$1,027.75",,refund_req_302060,agent_028,Rejected,102,purchase_102060,LUXURY,item_not_as_described
04/23/2026 18:49,$917.17,Y,buyer_9905,$820.12,N,refund_req_304930,agent_902,Approved,6,purchase_104930,APPLIANCES,not_working
05/29/2026 16:57,"$1,061.58",N,buyer_0361,$619.86,N,refund_req_302657,agent_019,Rejected,51,purchase_102657,SPORTS,item_not_as_described
05/06/2026 22:23,"$1,080.33",N,buyer_0439,$251.38,Y,refund_req_300037,agent_003,Approved,57,purchase_100037,  ELECTRONICS  ,missing_accessory
04/15/2026 17:16,$918.56,N,buyer_0311,$918.56,N,refund_req_303544,agent_102,Approved,40,purchase_103544,FASHION,changed_mind
06/03/2026 06:21,"$1,847.11",N,buyer_0568,"$1,214.36",Y,refund_req_303614,agent_103,Approved,2,purchase_103614,ELECTRONICS,damaged_item
04/15/2026 21:22,"$1,151.31",N,buyer_0091,$556.70,Y,refund_req_302718,agent_002,Approved,82,purchase_102718,CLOTHING,item_not_as_described
05/04/2026 19:11,"$1,274.90",N,buyer_0551,$582.22,Y,refund_req_301439,agent_008,Approved,61,purchase_101439,ELECTRONICS,damaged_item
05/09/2026 18:28,"$2,088.18",N,buyer_8001,"$2,001.89",N,refund_req_304625,agent_801,Approved,10,purchase_104625,ELECTRONICS,damaged_item
04/30/2026 05:26,$64.11,N,buyer_0147,$13.07,Y,refund_req_301097,agent_002,Approved,56,purchase_101097,BOOKS,damaged_item
05/11/2026 21:56,$963.82,N,buyer_0437,$708.07,Y,refund_req_301342,agent_008,Approved,67,purchase_101342,LUXURY,damaged_item
06/03/2026 01:18,"$1,486.16",Y,buyer_9904,"$1,451.42",N,refund_req_304932,agent_902,Approved,8,purchase_104932,APPLIANCES,missing_part
04/03/2026 14:28,"$1,278.62",N,buyer_8003,"$1,222.35",Y,refund_req_304708,agent_803,Approved,19,purchase_104708,BEAUTY,allergic_reaction
05/17/2026 19:47,$698.46,N,buyer_0500,$593.22,N,refund_req_303827,agent_103,Approved,1,purchase_103827,LUXURY,damaged_item
04/13/2026 21:16,$438.12,N,buyer_0086,$254.05,Y,refund_req_302246,agent_028,Approved,28,purchase_102246,SPORTS,item_not_as_described
06/01/2026 23:58,"$1,389.20",Y,buyer_9902,"$1,292.10",N,refund_req_304877,agent_901,Approved,3,purchase_104877,LUXURY,changed_mind
05/08/2026 08:44,$188.49,N,buyer_0310,$96.90,Y,refund_req_300072,agent_015,Approved,116,purchase_100072,SPORTS,item_not_as_described
04/17/2026 09:52,$992.72,Y,buyer_9901,"$1,019.40",N,refund_req_304851,agent_901,Approved,3,purchase_104851,LUXURY,item_not_as_described
06/19/2026 11:17,$139.55,N,buyer_0055,$30.34,Y,refund_req_300539,agent_024,Approved,74,purchase_100539,CLOTHING,changed_mind
05/13/2026 16:16,$369.67,N,buyer_0030,$278.53,Y,refund_req_302023,agent_008,Approved,79,purchase_102023,FASHION,item_not_as_described
06/02/2026 06:30,"$1,417.07",N,buyer_0568,$413.64,N,refund_req_301081,agent_004,Rejected,43,purchase_101081,LUXURY,
05/04/2026 14:41,$163.95,N,buyer_9006,$99.29,N,refund_req_304182,agent_008,Approved,39,purchase_104182,BEAUTY,allergic_reaction
06/09/2026 11:57,"$1,830.19",N,buyer_8002,"$1,762.41",N,refund_req_304614,agent_802,Approved,11,purchase_104614,ELECTRONICS,missing_accessory
05/26/2026 16:06,$233.12,N,buyer_0049,$108.34,Y,refund_req_302235,agent_029,Approved,49,purchase_102235,CLOTHING,changed_mind
04/20/2026 13:34,$701.14,N,buyer_0452,$607.41,Y,refund_req_304399,agent_703,Approved,30,purchase_104399,LUXURY,damaged_item
05/27/2026 08:17,$705.54,N,buyer_0104,$575.47,N,refund_req_303640,agent_103,Approved,5,purchase_103640,LUXURY,damaged_item
04/02/2026 02:50,"$1,495.88",Y,buyer_0221,"$1,461.29",Y,refund_req_304047,agent_030,Approved,21,purchase_104047,ELECTRONICS,item_not_as_described
06/05/2026 02:07,"$2,917.08",N,buyer_0195,"$1,681.60",N,refund_req_300012,agent_005,Approved,101,purchase_100012, LUXURY ,item_not_as_described
04/02/2026 08:09,"$1,127.80",N,buyer_0452,$371.89,Y,refund_req_301486,agent_027,Approved,81,purchase_101486,Beauty,damaged_item
04/04/2026 07:47,"$1,946.45",N,buyer_0480,"$1,946.45",Y,refund_req_303545,agent_023,Approved,57,purchase_103545,ELECTRONICS,not_working
04/04/2026 17:55,"$1,404.94",N,buyer_0117,$397.93,N,refund_req_300921,agent_011,Rejected,52,purchase_100921,LUXURY,changed_mind
04/18/2026 19:10,$287.01,Y,buyer_0108,$85.45,Y,refund_req_301346,agent_015,Approved,100,purchase_101346,FASHION,wrong_size
05/29/2026 18:26,"$1,846.23",Y,buyer_9901,"$1,789.93",N,refund_req_304825,agent_901,Approved,3,purchase_104825,ELECTRONICS,not_working
06/12/2026 02:23,$655.42,N,buyer_0212,$404.38,Y,refund_req_301454,agent_025,Approved,77,purchase_101454,APPLIANCES,not_working
04/17/2026 02:04,"$2,268.13",Y,buyer_9904,"$2,368.74",N,refund_req_304866,agent_902,Approved,2,purchase_104866,LUXURY,damaged_item
04/26/2026 06:16,"$1,382.90",N,buyer_0051,$943.50,N,refund_req_303079,agent_021,Approved,23,purchase_103079,ELECTRONICS,damaged_item
05/06/2026 21:42,$646.11,N,buyer_0409,$165.66,,refund_req_302218,agent_019,Approved,71,purchase_102218,FASHION,item_not_as_described
06/05/2026 17:06,$15.33,N,buyer_0328,$4.65,Y,refund_req_302269,agent_028,Approved,85,purchase_102269,BOOKS,changed_mind
06/07/2026 00:49,$282.82,N,buyer_8002,$184.13,,refund_req_304656,agent_802,Approved,27,purchase_104656,ELECTRONICS,not_working
06/15/2026 11:53,$29.51,N,buyer_0202,$22.45,Y,refund_req_300204,agent_011,Approved,62,purchase_100204,books,  changed_mind  
06/10/2026 04:18,$135.09,N,buyer_0065,$124.72,N,refund_req_304482,agent_702,Approved,14,purchase_104482,BEAUTY,damaged_item
06/07/2026 09:27,$81.48,N,buyer_0547,$26.28,Y,refund_req_302713,agent_007,Approved,64,purchase_102713,BEAUTY,damaged_item
06/17/2026 20:19,"$1,028.76",Y,buyer_0467,$812.34,N,refund_req_303867,agent_019,Approved,,purchase_103867,ELECTRONICS,item_not_as_described
06/17/2026 11:29,"$1,137.45",N,buyer_0155,$476.53,Y,refund_req_301856,agent_011,APPROVED,64,purchase_101856,ELECTRONICS,item_not_as_described
04/16/2026 23:54,$235.47,N,buyer_0110,$105.20,Y,refund_req_300533,agent_015,Approved,67,purchase_100533,HOME,damaged_item
04/05/2026 05:07,"$1,284.11",N,buyer_0195,$865.02,N,refund_req_304443,agent_702,Approved,37,purchase_104443,SPORTS,wrong_size
04/16/2026 22:31,"$1,539.43",N,buyer_0156,"$1,037.83",Y,refund_req_301548,agent_030,Approved,57,purchase_101548, electronics , item_not_as_described 
04/09/2026 19:37,"$1,411.09",Y,buyer_0346,$702.22,Y,refund_req_302483,agent_012,Approved,83,purchase_102483,LUXURY,changed_mind
05/20/2026 16:16,"$2,139.53",Y,buyer_9906,"$2,135.02",N,refund_req_304824,agent_902,Approved,5,purchase_104824,LUXURY,changed_mind
04/12/2026 21:06,"$1,893.60",Y,buyer_0251,"$1,044.62",N,refund_req_301510,agent_012,Rejected,44,purchase_101510,ELECTRONICS,damaged_item
05/29/2026 17:14,$263.99,N,buyer_0128,$66.64,,refund_req_302879,agent_026,Rejected,85,purchase_102879,FASHION,wrong_size
06/09/2026 22:26,"$2,457.53",N,buyer_0013,$938.26,N,refund_req_302914,agent_011,Rejected,77,purchase_102914,LUXURY,item_not_as_described
04/20/2026 17:31,$468.47,Y,buyer_8001,$286.49,N,refund_req_304793,agent_801,Approved,10,purchase_104793,FASHION,item_not_as_described
04/12/2026 23:11,$165.06,N,buyer_0167,$88.20,Y,refund_req_302589,agent_027,Approved,41,purchase_102589,BEAUTY,changed_mind
06/08/2026 02:27,"$1,706.42",N,buyer_8001,"$1,645.26",N,refund_req_304772,agent_801,Approved,12,purchase_104772,ELECTRONICS,damaged_item
06/13/2026 13:48,"$1,525.92",N,buyer_0537,"$1,122.02",N,refund_req_303181,agent_014,Approved,9,purchase_103181,LUXURY,damaged_item
05/03/2026 03:55,$206.98,N,buyer_8002,$164.32,Y,refund_req_304605,agent_802,Approved,23,purchase_104605,SPORTS,item_not_as_described
05/11/2026 18:53,$981.02,Y,buyer_0563,$691.49,N,refund_req_303849,agent_017,Approved,28,purchase_103849,  APPLIANCES  ,not_working
05/18/2026 22:32,"$1,284.61",N,buyer_0528,"$1,284.61",N,refund_req_303507,agent_011, Approved ,14,purchase_103507,FASHION,changed_mind
05/26/2026 23:24,$302.42,N,buyer_0465,$216.39,Y,refund_req_300088,agent_010,Approved,52,purchase_100088,  FASHION  ,item_not_as_described
05/30/2026 09:44,"$1,287.01",N,buyer_0109,$742.69,N,refund_req_302961,agent_014,Rejected,52,purchase_102961,APPLIANCES,not_working
04/07/2026 15:02,$119.58,N,buyer_0095,$53.35,Y,refund_req_304423,agent_703,Approved,30,purchase_104423,SPORTS,damaged_item
05/14/2026 22:23,$68.40,N,buyer_0523,$53.23,Y,refund_req_300370,agent_022,Approved,55,purchase_100370,BOOKS,changed_mind
04/18/2026 01:54,"$1,223.10",Y,buyer_0263,$837.67,N,refund_req_304023,agent_004,Approved,,purchase_104023,LUXURY,damaged_item
05/26/2026 10:40,"$1,148.35",Y,buyer_9901,"$1,045.84",N,refund_req_304865,agent_901,Approved,,purchase_104865,APPLIANCES,damaged_item
04/08/2026 02:31,"$1,787.11",N,buyer_0412,"$1,787.11",Y,refund_req_303459,agent_001,Approved,51,purchase_103459,ELECTRONICS,missing_accessory
04/25/2026 18:02,$877.97,N,buyer_0155,$366.05,Y,refund_req_300839,agent_007,Approved,72,purchase_100839,APPLIANCES,not_working
04/20/2026 21:19,"$2,835.57",N,buyer_0157,"$2,835.57",Y,refund_req_303480,agent_101,Approved,56,purchase_103480,LUXURY,damaged_item
05/11/2026 19:28,"$1,374.79",N,buyer_0072,"$1,183.45",N,refund_req_303080,agent_014,Approved,41,purchase_103080,ELECTRONICS,missing_accessory
06/20/2026 20:51,"$1,008.35",N,buyer_0279,$540.51,N,refund_req_301435,agent_004,Rejected,86,purchase_101435,HOME,missing_part
06/18/2026 05:24,$587.52,N,buyer_0233,$583.97,N,refund_req_304361,agent_701,Approved,23,purchase_104361,FASHION,changed_mind
05/26/2026 15:15,"$2,479.25",Y,buyer_0459,"$2,479.25",N,refund_req_303543,agent_027,Approved,33,purchase_103543, LUXURY ,changed_mind
06/03/2026 10:01,"$1,375.30",N,buyer_0585,$660.79,N,refund_req_302133,agent_014,Approved,,purchase_102133,ELECTRONICS,missing_accessory
04/16/2026 08:44,"$1,704.97",N,buyer_0267,$993.39,Y,refund_req_302055,agent_014,Approved,64,purchase_102055,LUXURY,damaged_item
06/13/2026 14:39,"$1,353.89",N,buyer_0281,"$1,226.89",N,refund_req_303193,agent_028,Approved,41,purchase_103193,ELECTRONICS,damaged_item
04/03/2026 11:58,$388.72,N,buyer_0248,$277.35,Y,refund_req_300590,agent_021,Approved,98,purchase_100590,HOME,missing_part
06/04/2026 11:40,"$1,339.02",N,buyer_0250,$561.88,Y,refund_req_300962,agent_027,Approved,,purchase_100962,LUXURY,
05/23/2026 04:54,"$1,044.08",N,buyer_0330,$239.87,N,refund_req_300707,agent_001,Rejected,59,purchase_100707,BEAUTY,damaged_item
05/14/2026 11:59,$81.65,N,buyer_0200,$16.58,Y,refund_req_300356,agent_020,Approved,77,purchase_100356,  BEAUTY  ,changed_mind
04/03/2026 18:54,"$1,648.05",N,buyer_0036,"$1,034.30",Y,refund_req_302093,agent_002,Approved,89,purchase_102093, ELECTRONICS ,not_working
06/08/2026 06:00,$113.28,N,buyer_0258,$91.04,Y,refund_req_304373,agent_701,Approved,32,purchase_104373,CLOTHING,item_not_as_described
06/06/2026 16:35,$200.62,N,buyer_0281,$111.11,,refund_req_300338,agent_021,Approved,53,purchase_100338,FASHION,
05/02/2026 16:27,$95.72,Y,buyer_0422,$81.09,N,refund_req_300497,agent_003,Approved,60,purchase_100497,BEAUTY,damaged_item
04/13/2026 10:04,$46.42,N,buyer_0485,$12.21,Y,refund_req_300008,agent_026,Approved,40,purchase_100008,BEAUTY,damaged_item
06/04/2026 17:17,"$1,309.50",Y,buyer_9902,"$1,133.79",N,refund_req_304893,agent_901,Approved,2,purchase_104893,APPLIANCES,missing_part
05/29/2026 18:45,$386.56,N,buyer_8003,$342.03,N,refund_req_304705,agent_803,Approved,18,purchase_104705,FASHION,item_not_as_described
04/17/2026 17:10,$431.35,N,buyer_0013,$132.20,N,refund_req_300229,agent_004,Rejected,,purchase_100229, HOME ,item_not_as_described
05/20/2026 09:41,"$1,276.86",N,buyer_0486,$391.08,N,refund_req_300274,agent_006,Rejected,39,purchase_100274,luxury,damaged_item
05/11/2026 16:35,"$2,129.99",N,buyer_0479,"$1,305.29",Y,refund_req_303595,agent_101,Approved,1,purchase_103595,LUXURY,changed_mind
06/09/2026 12:54,$962.58,N,buyer_0509,$680.47,N,refund_req_301344,agent_013,Approved,79,purchase_101344,ELECTRONICS,  missing_accessory  
04/02/2026 04:53,$645.14,N,buyer_8001,$627.54,N,refund_req_304610,agent_801,Approved,11,purchase_104610,FASHION,wrong_size
04/28/2026 02:04,$53.23,N,buyer_0400,$40.13,N,refund_req_300983,agent_022,Rejected,50,purchase_100983,HOME,item_not_as_described
04/14/2026 06:23,"$1,467.60",N,buyer_0268,$449.53,N,refund_req_300970,agent_002,Rejected,85,purchase_100970,LUXURY,changed_mind
06/02/2026 13:47,$644.69,N,buyer_0151,$515.17,N,refund_req_300771,agent_013,Approved,45,purchase_100771,APPLIANCES,missing_part
05/06/2026 11:51,"$1,717.99",Y,buyer_0194,"$1,534.08",N,refund_req_304056,agent_027,Approved,33,purchase_104056,APPLIANCES,
06/12/2026 20:58,$90.64,N,buyer_8003,$65.75,Y,refund_req_304717,agent_803,Approved,4,purchase_104717,beauty,damaged_item
06/05/2026 01:01,"$2,017.44",N,buyer_0569,"$1,580.56",N,refund_req_303022,agent_012,Approved,31,purchase_103022,LUXURY,changed_mind
06/09/2026 15:12,$27.29,N,buyer_0289,$17.91,Y,refund_req_300457,agent_004,Approved,91,purchase_100457,BOOKS,damaged_item
04/14/2026 13:12,"$1,237.78",N,buyer_0377,$331.77,Y,refund_req_301948,agent_010,Approved,80,purchase_101948,ELECTRONICS,item_not_as_described
05/09/2026 06:30,$218.35,N,buyer_0567,$129.30,Y,refund_req_300668,agent_022,Approved,59,purchase_100668,clothing,
06/18/2026 12:48,"$2,254.22",Y,buyer_0332,"$1,677.74",N,refund_req_303982,agent_102,Approved,7,purchase_103982,LUXURY,changed_mind
05/07/2026 16:59,$29.35,N,buyer_0544,$11.85,N,refund_req_300573,agent_023,Rejected,93,purchase_100573,BOOKS,damaged_item
04/03/2026 13:30,$61.16,N,buyer_0066,$47.58,Y,refund_req_300594,agent_018,Approved,67,purchase_100594,BOOKS,changed_mind
04/02/2026 18:50,$165.33,N,buyer_0474,$113.32,N,refund_req_300938,agent_016,REJECTED,100,purchase_100938,SPORTS,  wrong_size  
05/16/2026 04:35,"$2,003.71",N,buyer_0148,"$1,334.67",N,refund_req_303071,agent_102,Approved,32,purchase_103071,LUXURY,damaged_item
05/24/2026 16:41,"$1,877.53",N,buyer_0490,"$1,877.53",N,refund_req_303538,agent_101,Approved,40,purchase_103538,ELECTRONICS,item_not_as_described
06/20/2026 19:36,"$1,549.65",N,buyer_0556,"$1,058.72",N,refund_req_303128,agent_005, Approved ,29,purchase_103128,APPLIANCES,missing_part
04/24/2026 22:06,"$1,789.89",N,buyer_0286,"$1,289.78",N,refund_req_303172,agent_014,Approved,36,purchase_103172,ELECTRONICS,item_not_as_described
05/07/2026 10:37,$919.85,N,buyer_0211,$919.85,N,refund_req_303481,agent_103,Approved,21,purchase_103481,FASHION,item_not_as_described
05/19/2026 03:25,"$2,651.64",N,buyer_0019,"$1,345.99",Y,refund_req_301905,agent_009,Approved,39,purchase_101905,LUXURY,changed_mind
04/07/2026 05:11,$387.92,N,buyer_0376,$156.67,Y,refund_req_300794,agent_015,Approved,114,purchase_100794, HOME ,missing_part
05/05/2026 10:02,$706.63,N,buyer_0267,$154.14,N,refund_req_302298,agent_003,Approved,53,purchase_102298,LUXURY,item_not_as_described
05/20/2026 22:03,"$1,672.60",Y,buyer_0235,"$1,401.53",N,refund_req_303186,agent_015,Approved,14,purchase_103186,APPLIANCES,not_working
05/03/2026 04:48,$70.38,N,buyer_0223,$37.08,N,refund_req_301667,agent_006,Rejected,74,purchase_101667,CLOTHING,wrong_size
04/20/2026 03:09,"$1,996.33",N,buyer_9003,"$1,214.76",N,refund_req_304251,agent_102,  Approved  ,18,purchase_104251,ELECTRONICS,not_working
06/03/2026 17:56,$156.28,N,buyer_0036,$131.86,N,refund_req_300716,agent_005,Approved,67,purchase_100716,SPORTS,item_not_as_described
04/05/2026 19:12,$464.48,N,buyer_0539,$244.31,N,refund_req_302529,agent_019,Approved,71,purchase_102529,APPLIANCES,missing_part
04/25/2026 11:42,"$1,807.23",N,buyer_0184,$719.31,N,refund_req_301010,agent_006,Rejected,49,purchase_101010,LUXURY,damaged_item
05/18/2026 07:09,"$1,172.04",N,buyer_9005,$651.60,N,refund_req_304341,agent_002,Approved,,purchase_104341,HOME,item_not_as_described
04/07/2026 20:58,$56.68,N,buyer_0124,$47.82,N,refund_req_300751,agent_008,Rejected,79,purchase_100751,HOME,item_not_as_described
04/26/2026 04:06,$222.98,N,buyer_0221,$45.99,,refund_req_301007,agent_019,Approved,84,purchase_101007,fashion,item_not_as_described
05/11/2026 23:06,$599.66,N,buyer_0052,$167.24,Y,refund_req_300031,agent_015,Approved,103,purchase_100031,FASHION,item_not_as_described
04/14/2026 20:34,"$1,011.03",N,buyer_0287,$833.07,N,refund_req_301301,agent_026,Approved,83,purchase_101301,APPLIANCES,not_working
04/14/2026 23:56,"$2,878.61",N,buyer_0092,"$1,163.62",Y,refund_req_301335,agent_008,Approved,49,purchase_101335,LUXURY,changed_mind
06/15/2026 19:01,$132.25,N,buyer_0216,$29.15,Y,refund_req_300959,agent_017,Approved,85,purchase_100959,CLOTHING,wrong_size
06/16/2026 16:12,$608.49,N,buyer_9008,$508.98,N,refund_req_304360,agent_006,Approved,43,purchase_104360,LUXURY,changed_mind
05/16/2026 15:38,$941.56,N,buyer_0494,$941.56,N,refund_req_303554,agent_024,Approved,37,purchase_103554,APPLIANCES, missing_part 
06/04/2026 09:22,$210.78,N,buyer_0100,$88.61,N,refund_req_300143,agent_005,Rejected,91,purchase_100143,CLOTHING,wrong_size
05/17/2026 12:49,"$1,348.08",N,buyer_0010,"$1,348.08",Y,refund_req_303411,agent_024,Approved,50,purchase_103411,ELECTRONICS,missing_accessory
05/23/2026 12:20,"$1,393.59",N,buyer_0278,$930.63,Y,refund_req_301987,agent_025,Approved,68,purchase_101987,LUXURY,damaged_item
05/03/2026 21:04,$84.89,N,buyer_0411,$69.44,Y,refund_req_301789,agent_024,Approved,60,purchase_101789,BEAUTY,changed_mind
04/20/2026 01:58,$234.21,N,buyer_0560,$52.61,Y,refund_req_300461,agent_030,approved,,purchase_100461,APPLIANCES,missing_part
04/02/2026 02:45,$437.92,N,buyer_0340,$213.44,N,refund_req_302458,agent_025,Approved,48,purchase_102458,SPORTS,item_not_as_described
05/26/2026 05:55,$45.42,Y,buyer_0500,$11.93,N,refund_req_301043,agent_026,  Rejected  ,60,purchase_101043,BOOKS, damaged_item 
06/04/2026 15:58,"$1,700.28",Y,buyer_0142,"$1,320.72",N,refund_req_303843,agent_102,Approved,25,purchase_103843,APPLIANCES,missing_part
05/27/2026 09:52,"$1,027.44",N,buyer_0128,$227.76,N,refund_req_300642,agent_019,Approved,46,purchase_100642,LUXURY,item_not_as_described
06/20/2026 22:35,$945.55,N,buyer_0252,$483.18,N,refund_req_302047,agent_005,Approved,101,purchase_102047,  HOME  ,damaged_item
04/09/2026 17:27,$78.47,N,buyer_0090,$72.89,N,refund_req_303719,agent_101,Approved,5,purchase_103719,BEAUTY,  allergic_reaction  
04/22/2026 19:58,$958.59,N,buyer_0094,$694.34,Y,refund_req_302626,agent_024,Approved,78,purchase_102626,HOME,item_not_as_described
04/19/2026 07:16,"$2,933.52",N,buyer_9008,"$2,221.71",N,refund_req_304200,agent_003,Approved,54,purchase_104200,LUXURY,changed_mind
05/01/2026 18:09,$27.38,N,buyer_0125,$13.35,N,refund_req_300560,agent_029,Approved,75,purchase_100560,BOOKS,damaged_item
05/16/2026 19:04,$381.07,N,buyer_0075,$279.70,N,refund_req_302363,agent_011,approved,,purchase_102363,ELECTRONICS,item_not_as_described
04/22/2026 11:22,"$1,786.40",N,buyer_0456,"$1,334.81",N,refund_req_301514,agent_030,Approved,88,purchase_101514,ELECTRONICS,not_working
06/05/2026 11:27,"$2,498.82",N,buyer_0263,$596.96,N,refund_req_302876,agent_022,Approved,59,purchase_102876,LUXURY,changed_mind
05/21/2026 06:59,"$1,967.59",Y,buyer_0570,"$1,236.72",Y,refund_req_303786,agent_101,Approved,2,purchase_103786,ELECTRONICS,item_not_as_described
05/13/2026 03:56,"$1,988.26",Y,buyer_0081,"$1,453.78",Y,refund_req_303873,agent_101,APPROVED,,purchase_103873,LUXURY,changed_mind
04/18/2026 08:12,$432.15,N,buyer_0515,$342.18,N,refund_req_301368,agent_006,Rejected,39,purchase_101368,SPORTS,damaged_item
06/18/2026 12:12,"$1,126.14",N,buyer_0125,$359.95,N,refund_req_300862,agent_030,Approved,89,purchase_100862,ELECTRONICS,missing_accessory
04/28/2026 02:29,$125.45,N,buyer_0566,$26.96,N,refund_req_301193,agent_030,Approved,82,purchase_101193,SPORTS,wrong_size
05/21/2026 19:14,"$1,363.51",N,buyer_0517,"$1,070.02",N,refund_req_303210,agent_017,Approved,41,purchase_103210,ELECTRONICS,missing_accessory
06/01/2026 21:58,"$2,118.84",N,buyer_0263,"$1,491.19",N,refund_req_303127,agent_017,Approved,37,purchase_103127,LUXURY,damaged_item
05/27/2026 16:44,"$1,501.09",N,buyer_0361,$693.70,Y,refund_req_301490,agent_005, Rejected ,86,purchase_101490,ELECTRONICS,missing_accessory
05/24/2026 10:44,$45.09,N,buyer_0239,$23.61,Y,refund_req_301608,agent_014,Approved,42,purchase_101608,BOOKS,damaged_item
05/17/2026 18:45,$554.21,N,buyer_0045,$358.92,N,refund_req_302964,agent_020,Approved,112,purchase_102964,HOME,missing_part
05/18/2026 06:45,$161.41,N,buyer_0347,$107.84,Y,refund_req_301533,agent_018,Rejected,51,purchase_101533,BEAUTY,damaged_item
06/01/2026 12:43,$165.73,N,buyer_9001,$132.71,N,refund_req_304337,agent_017,Approved,31,purchase_104337,CLOTHING,wrong_size
05/11/2026 18:33,$208.68,N,buyer_0523,$79.22,N,refund_req_301468,agent_019,REJECTED,55,purchase_101468,CLOTHING,  item_not_as_described  
04/18/2026 07:19,"$1,295.99",N,buyer_0391,"$1,092.74",N,refund_req_303112,agent_029,Approved,,purchase_103112,ELECTRONICS,damaged_item
04/10/2026 11:57,"$1,702.42",Y,buyer_0369,"$1,659.28",Y,refund_req_304030,agent_003,Approved,29,purchase_104030,APPLIANCES,not_working
06/16/2026 03:03,"$2,030.23",N,buyer_0043,"$1,500.71",Y,refund_req_301795,agent_016,Approved,115,purchase_101795,LUXURY,item_not_as_described
05/11/2026 05:39,"$1,112.59",N,buyer_0261,"$1,039.56",N,refund_req_303015,agent_006,Approved,9,purchase_103015,ELECTRONICS,not_working
05/15/2026 01:09,$57.65,N,buyer_9002,$55.50,Y,refund_req_304314,agent_023,Approved,47,purchase_104314,  BOOKS  ,wrong_item_received
06/10/2026 08:11,$579.32,Y,buyer_0368,$312.42,N,refund_req_301476,agent_014,Approved,46,purchase_101476,HOME,missing_part
05/08/2026 10:21,$370.47,N,buyer_0466,$185.11,,refund_req_302518,agent_021,Approved,101,purchase_102518,FASHION,changed_mind
06/05/2026 08:22,$830.46,N,buyer_0166,$485.72,Y,refund_req_302104,agent_029,Approved,67,purchase_102104,APPLIANCES,damaged_item
04/05/2026 06:47,"$1,725.50",N,buyer_0566,"$1,725.50",Y,refund_req_303505,agent_014,Approved,42,purchase_103505,APPLIANCES,missing_part
04/25/2026 17:58,$598.07,Y,buyer_9004,$477.75,N,refund_req_304164,agent_013, Approved ,47,purchase_104164,HOME,  damaged_item  
04/24/2026 02:56,$85.08,N,buyer_0188,$38.50,N,refund_req_300206,agent_004,Rejected,104,purchase_100206,SPORTS,damaged_item
05/19/2026 05:05,$979.99,N,buyer_0570,$225.98,N,refund_req_300830,agent_003,APPROVED,40,purchase_100830,Appliances,damaged_item
04/08/2026 19:08,"$1,314.11",N,buyer_8001,"$1,106.15",N,refund_req_304754,agent_801,Approved,12,purchase_104754,ELECTRONICS,damaged_item
06/10/2026 17:10,"$1,789.88",N,buyer_0551,$862.73,N,refund_req_300958,agent_005,Rejected,104,purchase_100958,APPLIANCES,damaged_item
06/17/2026 19:50,$478.61,N,buyer_0134,$225.99,Y,refund_req_301444,agent_026,Rejected,75,purchase_101444,APPLIANCES,  damaged_item  
04/26/2026 11:39,$71.95,N,buyer_0420,$38.86,N,refund_req_300392,agent_011,Approved,39,purchase_100392,SPORTS,wrong_size
04/08/2026 05:49,$117.82,N,buyer_0413,$24.29,Y,refund_req_300735,agent_018,Approved,57,purchase_100735,  FASHION  ,wrong_size
05/06/2026 18:28,$50.69,N,buyer_9008,$43.93,N,refund_req_304232,agent_020,  Approved  ,18,purchase_104232,SPORTS,damaged_item
05/10/2026 23:45,$13.60,N,buyer_0324,$6.63,Y,refund_req_300103,agent_028,  Approved  ,33,purchase_100103,BOOKS,
04/28/2026 21:40,"$1,679.96",N,buyer_0265,"$1,110.59",Y,refund_req_300783,agent_018,Approved,48,purchase_100783,LUXURY,item_not_as_described
06/14/2026 06:29,$147.16,N,buyer_0104,$90.81,N,refund_req_302615,agent_015,Approved,80,purchase_102615,BEAUTY,changed_mind
06/10/2026 19:05,"$1,059.08",N,buyer_0577,$851.77,Y,refund_req_301775,agent_008, Approved ,63,purchase_101775,FASHION,changed_mind
05/25/2026 18:13,$133.64,N,buyer_0380,$42.30,Y,refund_req_301574,agent_002,Approved,67,purchase_101574,BEAUTY,allergic_reaction
06/17/2026 14:08,"$1,483.93",N,buyer_0430,"$1,483.93",Y,refund_req_303532,agent_019,Approved,42,purchase_103532,LUXURY,changed_mind
04/16/2026 16:13,$88.79,N,buyer_8003,$61.24,N,refund_req_304723,agent_803,Approved,7,purchase_104723,  sports  , item_not_as_described 
06/18/2026 09:21,"$1,554.76",Y,buyer_0461,"$1,042.62",N,refund_req_303221,agent_018,Approved,45,purchase_103221,APPLIANCES,damaged_item
05/14/2026 00:19,"$1,507.35",N,buyer_0590,"$1,044.29",N,refund_req_303033,agent_007,approved,44,purchase_103033,ELECTRONICS,missing_accessory
05/08/2026 09:26,$55.03,N,buyer_0281,$30.44,Y,refund_req_300151,agent_018,Rejected,49,purchase_100151,BOOKS,damaged_item
06/09/2026 23:15,"$2,457.53",N,buyer_0572,"$2,457.53",Y,refund_req_303293,agent_016,Approved,51,purchase_103293,LUXURY,item_not_as_described
05/31/2026 06:48,$20.43,N,buyer_0421,$8.31,N,refund_req_301610,agent_030,rejected,64,purchase_101610,BOOKS,damaged_item
06/07/2026 04:34,$45.20,N,buyer_0446,$28.53,Y,refund_req_302520,agent_020,Approved,71,purchase_102520,BOOKS,wrong_item_received
05/15/2026 19:00,$91.46,N,buyer_9008,$56.88,Y,refund_req_304168,agent_026,Approved,18,purchase_104168,CLOTHING,wrong_size
06/02/2026 15:25,$159.00,N,buyer_0552,$131.23,Y,refund_req_304523,agent_701,Approved,32,purchase_104523,SPORTS, wrong_size 
04/10/2026 18:17,$95.30,N,buyer_0063,$38.07,Y,refund_req_301759,agent_016,approved,77,purchase_101759,BEAUTY,allergic_reaction
06/10/2026 13:34,$247.79,N,buyer_0124,$77.35,Y,refund_req_302598,agent_018,REJECTED,41,purchase_102598,FASHION,item_not_as_described
04/02/2026 12:14,$150.73,N,buyer_0256,$86.10,Y,refund_req_300892,agent_003,Approved,71,purchase_100892,SPORTS,  damaged_item  
05/17/2026 08:20,$136.21,N,buyer_0219,$111.58,N,refund_req_300650,agent_015, Approved ,27,purchase_100650, BEAUTY ,allergic_reaction
05/30/2026 09:40,$20.77,N,buyer_0226,$12.92,N,refund_req_302797,agent_001,Approved,32,purchase_102797,CLOTHING,wrong_size
04/27/2026 12:32,$395.82,N,buyer_0363,$293.95,Y,refund_req_304537,agent_703,Approved,27,purchase_104537,HOME,damaged_item
06/20/2026 18:16,$267.80,N,buyer_0278,$216.85,Y,refund_req_300489,agent_021,Approved,55,purchase_100489,HOME, damaged_item 
06/05/2026 11:10,$436.80,N,buyer_0054,$159.08,N,refund_req_301834,agent_019,Rejected,,purchase_101834,FASHION,item_not_as_described
06/03/2026 19:59,$35.63,N,buyer_0528,$14.92,Y,refund_req_302184,agent_004,Rejected,75,purchase_102184,CLOTHING,item_not_as_described
04/25/2026 21:46,$613.08,N,buyer_0406,$518.79,Y,refund_req_303636,agent_102,Approved,4,purchase_103636,LUXURY,item_not_as_described
06/01/2026 01:28,$74.73,N,buyer_0556,$49.77,Y,refund_req_302683,agent_024,  Approved  ,88,purchase_102683,BOOKS,
06/15/2026 18:09,$207.81,N,buyer_0144,$69.66,Y,refund_req_301994,agent_029,Approved,35,purchase_101994,FASHION,changed_mind
06/10/2026 03:47,"$1,255.97",Y,buyer_0530,$323.40,N,refund_req_300462,agent_015,Approved,108,purchase_100462,SPORTS,item_not_as_described
04/30/2026 14:12,"$1,041.37",N,buyer_0028,"$1,041.37",Y,refund_req_303367,agent_026,Approved,49,purchase_103367,APPLIANCES,missing_part
04/11/2026 04:25,"$1,633.20",N,buyer_0252,"$1,306.21",Y,refund_req_301211,agent_002,Approved,96,purchase_101211,APPLIANCES,  damaged_item  
05/09/2026 02:52,$65.91,N,buyer_0241,$13.80,Y,refund_req_302182,agent_006,Rejected,48,purchase_102182,BEAUTY,damaged_item
04/05/2026 06:08,$434.69,N,buyer_0159,$239.52,N,refund_req_301942,agent_004,Rejected,53,purchase_101942,FASHION,wrong_size
04/10/2026 00:02,"$2,136.43",Y,buyer_9904,"$2,133.48",,refund_req_304874,agent_902,Approved,1,purchase_104874,ELECTRONICS,item_not_as_described
05/31/2026 15:15,$539.07,N,buyer_8003,$530.50,Y,refund_req_304720,agent_803,Approved,8,purchase_104720,FASHION,item_not_as_described
04/16/2026 05:32,$578.49,N,buyer_0395,$192.35,N,refund_req_301624,agent_020,Rejected,83,purchase_101624,FASHION,item_not_as_described
06/18/2026 14:58,$445.86,N,buyer_0275,$394.89,,refund_req_303795,agent_103,  Approved  ,2,purchase_103795,LUXURY,damaged_item
04/05/2026 12:18,"$1,473.76",N,buyer_0059,$642.78,,refund_req_300126,agent_009,Approved,78,purchase_100126,APPLIANCES,not_working
05/02/2026 18:20,$87.68,N,buyer_0210,$58.85,,refund_req_300690,agent_027,Approved,76,purchase_100690,FASHION,wrong_size
06/04/2026 02:41,"$2,998.21",N,buyer_0264,$944.36,Y,refund_req_302491,agent_005,Approved,100,purchase_102491,LUXURY,
06/16/2026 09:20,"$1,317.75",Y,buyer_0364,$989.75,N,refund_req_303887,agent_025, Approved ,30,purchase_103887,ELECTRONICS,item_not_as_described
05/21/2026 16:30,$153.35,N,buyer_0165,$103.46,Y,refund_req_302438,agent_004,Approved,82,purchase_102438,CLOTHING,wrong_size
05/12/2026 06:11,$19.03,N,buyer_9004,$12.50,N,refund_req_304292,agent_011,Approved,21,purchase_104292,BEAUTY,
05/24/2026 20:08,"$2,814.12",N,buyer_0059,$809.44,Y,refund_req_302166,agent_020,Approved,82,purchase_102166,LUXURY,damaged_item
04/08/2026 22:29,"$2,073.65",N,buyer_0490,"$2,073.65",Y,refund_req_303514,agent_028,Approved,30,purchase_103514,LUXURY,item_not_as_described
06/14/2026 23:18,$364.65,N,buyer_0559,$128.68,N,refund_req_301418,agent_004,Rejected,,purchase_101418,SPORTS,item_not_as_described
05/10/2026 17:28,"$1,318.43",N,buyer_0109,"$1,173.74",N,refund_req_303191,agent_022,Approved,16,purchase_103191,LUXURY,damaged_item
04/06/2026 15:58,$61.74,N,buyer_0329,$43.24,Y,refund_req_300407,agent_007,Approved,73,purchase_100407,BOOKS,damaged_item
04/15/2026 12:52,$432.39,N,buyer_0142,$249.09,N,refund_req_302056,agent_014,Rejected,62,purchase_102056,SPORTS,damaged_item
05/11/2026 11:16,$109.81,N,buyer_0406,$51.61,N,refund_req_304449,agent_702,Approved,8,purchase_104449,HOME,item_not_as_described
05/21/2026 02:06,"$2,179.73",N,buyer_0274,"$1,359.20",N,refund_req_302582,agent_030,Rejected,59,purchase_102582,LUXURY,damaged_item
05/02/2026 19:31,"$1,839.41",N,buyer_8003,"$1,142.77",,refund_req_304741,agent_803,Approved,15,purchase_104741,ELECTRONICS,missing_accessory
04/02/2026 05:49,$447.38,N,buyer_0068,$391.68,N,refund_req_303665,agent_103,Approved,3,purchase_103665,fashion,
05/20/2026 23:44,$149.68,N,buyer_0150,$31.39,N,refund_req_301465,agent_006,Approved,71,purchase_101465,BEAUTY,allergic_reaction
06/02/2026 09:05,$928.22,N,buyer_0368,$469.15,Y,refund_req_304490,agent_701,Approved,31,purchase_104490,LUXURY,item_not_as_described
05/09/2026 19:24,$23.78,N,buyer_0470,$6.19,N,refund_req_302818,agent_010,Rejected,50,purchase_102818,BEAUTY,changed_mind
04/07/2026 12:48,$104.96,N,buyer_0077,$41.94,N,refund_req_301338,agent_015,  Approved  ,68,purchase_101338,BEAUTY,allergic_reaction
06/05/2026 00:17,"$1,545.57",N,buyer_0127,"$1,100.35",N,refund_req_303082,agent_019,Approved,27,purchase_103082,APPLIANCES,missing_part
04/08/2026 07:39,"$1,177.86",N,buyer_0106,$811.37,Y,refund_req_304497,agent_702,Approved,14,purchase_104497,SPORTS,damaged_item
05/23/2026 06:45,"$1,265.00",N,buyer_0349,"$1,033.76",Y,refund_req_302195,agent_025,Approved,63,purchase_102195,ELECTRONICS,missing_accessory
04/06/2026 04:07,$308.78,N,buyer_0004,$203.80,Y,refund_req_301412,agent_019,Approved,75,purchase_101412,Sports,damaged_item
06/14/2026 13:23,"$1,133.82",N,buyer_0224,$779.82,Y,refund_req_301966,agent_013,Approved,76,purchase_101966,HOME,item_not_as_described
06/09/2026 20:04,$514.75,Y,buyer_0099,$238.90,N,refund_req_304598,agent_701,Approved,27,purchase_104598,Electronics,damaged_item
06/15/2026 16:42,$100.32,N,buyer_0294,$71.43,Y,refund_req_301958,agent_003,Approved,36,purchase_101958,FASHION,changed_mind
04/19/2026 10:07,"$1,088.92",N,buyer_0110,$692.19,N,refund_req_300312,agent_017,Approved,58,purchase_100312,ELECTRONICS,damaged_item
05/14/2026 01:05,$248.48,N,buyer_0420,$158.88,Y,refund_req_301578,agent_029,Approved,60,purchase_101578,SPORTS,wrong_size
05/18/2026 11:29,$147.98,N,buyer_0420,$94.48,Y,refund_req_302190,agent_009,Approved,82,purchase_102190,beauty,allergic_reaction
04/17/2026 04:43,"$2,190.71",N,buyer_0417,"$1,665.84",,refund_req_300993,agent_022,Approved,79,purchase_100993,ELECTRONICS,missing_accessory
06/03/2026 11:12,$139.41,N,buyer_0581,$100.80,N,refund_req_300791,agent_005,Approved,,purchase_100791,CLOTHING,item_not_as_described
06/03/2026 11:50,"$1,516.38",N,buyer_0192,$463.04,N,refund_req_301383,agent_001,Approved,61,purchase_101383,LUXURY,damaged_item
04/20/2026 17:23,"$1,064.64",Y,buyer_9905,"$1,038.34",N,refund_req_304858,agent_902,Approved,6,purchase_104858,ELECTRONICS,not_working
05/17/2026 09:24,"$1,568.84",Y,buyer_0561,"$1,073.54",N,refund_req_304062,agent_011,Approved,28,purchase_104062,Appliances,not_working
04/19/2026 17:30,$96.67,N,buyer_0328,$54.01,N,refund_req_303739,agent_103,Approved,2,purchase_103739,BEAUTY,allergic_reaction
06/06/2026 02:14,"$2,834.53",N,buyer_0398,"$1,740.21",N,refund_req_302471,agent_015,Approved,,purchase_102471, LUXURY ,  damaged_item  
06/13/2026 15:07,$218.91,N,buyer_0071,$65.32,Y,refund_req_302088,agent_002,Approved,112,purchase_102088,CLOTHING,wrong_size
04/07/2026 08:26,$68.66,N,buyer_0295,$30.76,N,refund_req_300314,agent_026,Approved,72,purchase_100314,FASHION,
05/16/2026 15:39,$125.45,N,buyer_0482,$74.70,N,refund_req_301991,agent_019,Rejected,49,purchase_101991,SPORTS,item_not_as_described
04/28/2026 18:05,"$1,827.17",N,buyer_0261,"$1,827.17",Y,refund_req_303524,agent_019,Approved,43,purchase_103524,ELECTRONICS,missing_accessory
06/11/2026 21:01,$50.50,N,buyer_0185,$27.41,Y,refund_req_302391,agent_028,Approved,98,purchase_102391,CLOTHING,item_not_as_described
05/17/2026 02:14,"$1,332.91",N,buyer_0234,$806.86,N,refund_req_302540,agent_016,Approved,82,purchase_102540, APPLIANCES ,damaged_item
04/28/2026 09:10,$255.83,N,buyer_0128,$64.07,N,refund_req_300678,agent_010,Rejected,50,purchase_100678,HOME,damaged_item
05/26/2026 22:46,$86.10,N,buyer_0286,$50.15,Y,refund_req_301470,agent_027,Approved,40,purchase_101470,BOOKS,wrong_item_received
06/14/2026 17:37,"$1,806.44",N,buyer_0593,"$1,611.97",N,refund_req_303084,agent_030,Approved,19,purchase_103084,ELECTRONICS,item_not_as_described
06/17/2026 07:38,$536.77,N,buyer_0353,$424.33,N,refund_req_300648,agent_014,Rejected,,purchase_100648,ELECTRONICS,item_not_as_described
06/06/2026 13:24,"$1,116.12",N,buyer_0053,$316.72,N,refund_req_300812,agent_027,approved,58,purchase_100812,APPLIANCES,not_working
05/30/2026 11:17,$886.12,N,buyer_0220,$798.87,N,refund_req_304554,agent_702,Approved,34,purchase_104554,APPLIANCES,damaged_item
05/31/2026 07:11,$930.80,N,buyer_0171,$609.57,Y,refund_req_302941,agent_005,Approved,108,purchase_102941,SPORTS,item_not_as_described
06/06/2026 03:41,$31.56,N,buyer_0500,$11.68,Y,refund_req_301360,agent_025,Approved,67,purchase_101360,BOOKS,  changed_mind  
05/03/2026 18:19,$605.23,N,buyer_0081,$159.76,Y,refund_req_300661,agent_021,Approved,86,purchase_100661,FASHION,wrong_size
04/07/2026 10:41,"$2,735.26",N,buyer_0322,"$1,182.38",Y,refund_req_301498,agent_029, Rejected ,67,purchase_101498,LUXURY,  changed_mind  
05/16/2026 05:13,$25.92,N,buyer_0576,$8.87,Y,refund_req_301213,agent_005,Approved,98,purchase_101213,CLOTHING,changed_mind
04/15/2026 21:03,"$1,133.61",N,buyer_0040,$380.56,Y,refund_req_302484,agent_006,Approved,48,purchase_102484,CLOTHING,changed_mind
04/26/2026 13:34,"$1,833.49",Y,buyer_0541,$652.39,,refund_req_301738,agent_010,  Approved  ,42,purchase_101738,ELECTRONICS,item_not_as_described
04/30/2026 06:06,$993.37,N,buyer_0465,$369.49,N,refund_req_300054,agent_023,Rejected,107,purchase_100054,SPORTS,wrong_size
05/04/2026 19:20,$163.33,N,buyer_0145,$65.67,Y,refund_req_301489,agent_030,Approved,37,purchase_101489,FASHION,
06/16/2026 12:18,$114.93,N,buyer_0009,$50.63,Y,refund_req_301513,agent_026,Approved,38,purchase_101513,home,missing_part
05/10/2026 15:17,"$1,333.72",N,buyer_0272,$481.58,N,refund_req_301541,agent_022,Rejected,65,purchase_101541,ELECTRONICS,not_working
04/17/2026 17:22,$376.61,N,buyer_0514,$298.02,Y,refund_req_300980,agent_009,Approved,75,purchase_100980,HOME,missing_part
04/06/2026 23:48,"$1,268.84",Y,buyer_0342,"$1,140.77",Y,refund_req_303899,agent_103,Approved,20,purchase_103899,ELECTRONICS,not_working
06/01/2026 08:59,$139.14,N,buyer_0243,$62.65,Y,refund_req_300625,agent_025,approved,28,purchase_100625,BEAUTY,
05/05/2026 17:32,$123.87,N,buyer_0175,$31.62,Y,refund_req_301688,agent_003,Approved,33,purchase_101688,SPORTS,damaged_item
04/22/2026 17:48,"$1,726.82",Y,buyer_0306,"$1,684.45",Y,refund_req_304042,agent_009,Approved,13,purchase_104042,ELECTRONICS,damaged_item
04/22/2026 23:30,"$1,325.98",N,buyer_0087,"$1,211.32",N,refund_req_303009,agent_021,Approved,36,purchase_103009,ELECTRONICS,item_not_as_described
04/12/2026 13:55,$13.30,N,buyer_0453,$6.91,Y,refund_req_300689,agent_006,Rejected,46,purchase_100689,BOOKS,wrong_item_received
05/29/2026 03:20,"$1,175.43",N,buyer_0102,$442.50,N,refund_req_301003,agent_013,Rejected,38,purchase_101003,ELECTRONICS,not_working
06/20/2026 15:50,"$1,833.05",Y,buyer_0094,"$1,460.02",N,refund_req_303949,agent_022,Approved,26,purchase_103949,ELECTRONICS,missing_accessory
05/23/2026 02:58,"$1,374.32",N,buyer_0159,$981.58,Y,refund_req_301850,agent_020,Rejected,101,purchase_101850,APPLIANCES,damaged_item
05/06/2026 18:43,"$2,950.98",N,buyer_0592,"$2,396.50",,refund_req_304595,agent_701,Approved,7,purchase_104595, LUXURY ,
05/07/2026 12:39,"$2,023.73",N,buyer_9005,"$1,360.89",N,refund_req_304325,agent_017,Approved,26,purchase_104325,ELECTRONICS,missing_accessory
05/07/2026 12:51,$938.06,N,buyer_9008,$536.59,N,refund_req_304224,agent_012,Approved,,purchase_104224,books,damaged_item
06/07/2026 13:43,$922.02,Y,buyer_0394,$907.98,N,refund_req_304002,agent_024,Approved,34,purchase_104002,APPLIANCES,damaged_item
04/22/2026 03:47,"$1,239.80",N,buyer_0578,$767.83,N,refund_req_301785,agent_012,  Approved  ,42,purchase_101785,ELECTRONICS,missing_accessory
04/16/2026 09:32,"$1,310.38",N,buyer_0466,$655.40,Y,refund_req_302702,agent_013,Approved,,purchase_102702,ELECTRONICS,
05/15/2026 22:15,"$1,625.91",N,buyer_0235,"$1,456.12",Y,refund_req_303817,agent_103,Approved,3,purchase_103817,LUXURY,damaged_item
06/04/2026 15:08,"$2,810.63",N,buyer_0339,"$2,810.63",Y,refund_req_303419,agent_001,Approved,38,purchase_103419, LUXURY ,item_not_as_described
05/01/2026 09:18,"$1,779.94",N,buyer_9004,$944.18,N,refund_req_304180,agent_006,Approved,68,purchase_104180,APPLIANCES,missing_part
05/20/2026 13:57,$71.32,N,buyer_0573,$44.55,Y,refund_req_301560,agent_008,Approved,73,purchase_101560,BOOKS,changed_mind
05/13/2026 07:58,"$1,958.41",N,buyer_0070,"$1,318.66",N,refund_req_303165,agent_013,Approved,35,purchase_103165, LUXURY ,damaged_item
05/30/2026 06:31,$136.10,Y,buyer_0373,$43.55,,refund_req_302925,agent_005,Approved,83,purchase_102925,CLOTHING,wrong_size
05/16/2026 23:08,"$1,098.96",N,buyer_0324,$945.97,N,refund_req_303160,agent_024,  Approved  ,19,purchase_103160,LUXURY,item_not_as_described
05/11/2026 18:31,"$1,168.46",N,buyer_0589,"$1,168.46",Y,refund_req_303503,agent_004,Approved,33,purchase_103503,FASHION,changed_mind
05/23/2026 08:34,"$1,985.96",N,buyer_0369,$823.77,Y,refund_req_302667,agent_021,Rejected,91,purchase_102667,ELECTRONICS,not_working
05/26/2026 07:12,$20.78,N,buyer_0014,$16.06,Y,refund_req_300782,agent_015,Approved,77,purchase_100782,BOOKS,changed_mind
06/05/2026 05:20,$177.43,N,buyer_0141,$89.29,N,refund_req_301160,agent_029,Rejected,44,purchase_101160,SPORTS,wrong_size
05/26/2026 14:49,"$1,241.00",Y,buyer_9904,"$1,233.18",N,refund_req_304952,agent_902,Approved,3,purchase_104952,LUXURY,changed_mind
05/23/2026 04:00,"$1,786.11",N,buyer_0005,"$1,154.90",N,refund_req_303106,agent_006,Approved,26,purchase_103106,LUXURY,item_not_as_described
04/11/2026 15:18,"$1,081.45",Y,buyer_9903,$948.42,N,refund_req_304813,agent_901,Approved,2,purchase_104813,ELECTRONICS,item_not_as_described
04/19/2026 12:06,"$1,261.11",N,buyer_0307,$837.75,N,refund_req_300264,agent_016,Approved,119,purchase_100264,BEAUTY,changed_mind
05/20/2026 17:34,$138.24,N,buyer_0042,$32.84,Y,refund_req_302635,agent_017,APPROVED,112,purchase_102635,BEAUTY, changed_mind 
05/10/2026 21:37,$128.30,N,buyer_0487,$69.67,N,refund_req_300005,agent_005,Rejected,65,purchase_100005,HOME,item_not_as_described
05/18/2026 12:20,$29.47,N,buyer_0266,$7.60,N,refund_req_300713,agent_008,Rejected,60,purchase_100713,BEAUTY,changed_mind
06/18/2026 02:36,$102.79,N,buyer_0298,$72.31,Y,refund_req_304557,agent_702,Approved,20,purchase_104557, SPORTS ,wrong_size
06/12/2026 13:10,$203.49,N,buyer_8001,$191.27,N,refund_req_304661,agent_801, Approved ,24,purchase_104661,sports,damaged_item
05/15/2026 03:40,$461.41,N,buyer_0253,$368.62,N,refund_req_302695,agent_003,Approved,58,purchase_102695,HOME,damaged_item
04/27/2026 20:13,$279.10,N,buyer_0480,$212.47,,refund_req_302089,agent_028,Rejected,88,purchase_102089,SPORTS,damaged_item
04/18/2026 17:02,$100.06,N,buyer_0253,$75.62,N,refund_req_302957,agent_024,Approved,36,purchase_102957,BEAUTY,changed_mind
04/27/2026 22:57,"$1,689.95",Y,buyer_0403,$557.46,Y,refund_req_300195,agent_009,Rejected,81,purchase_100195,APPLIANCES,missing_part
05/05/2026 10:53,$353.27,N,buyer_0025,$127.44,Y,refund_req_300927,agent_010,Approved,,purchase_100927,SPORTS,  damaged_item  
05/24/2026 11:42,"$1,043.51",N,buyer_0176,$672.94,Y,refund_req_301280,agent_001,Rejected,37,purchase_101280,APPLIANCES,not_working
05/26/2026 07:34,$909.23,N,buyer_0587,$364.77,N,refund_req_301571,agent_010,Rejected,61,purchase_101571,APPLIANCES,not_working
06/14/2026 17:56,"$1,549.68",Y,buyer_0029,"$1,125.25",Y,refund_req_304053,agent_012,Approved,5,purchase_104053,appliances,damaged_item
04/23/2026 13:23,$35.41,Y,buyer_0215,$25.61,Y,refund_req_300492,agent_010, Rejected ,73,purchase_100492,BOOKS,changed_mind
05/11/2026 07:36,"$1,957.31",N,buyer_8002,"$1,188.18",N,refund_req_304701,agent_802, Approved ,,purchase_104701,ELECTRONICS,not_working
04/29/2026 10:28,$61.71,N,buyer_0507,$57.36,N,refund_req_303761,agent_101,Approved,5,purchase_103761,CLOTHING,changed_mind
04/07/2026 08:14,$956.06,N,buyer_0517,$835.20,N,refund_req_303007,agent_029,Approved,39,purchase_103007,APPLIANCES,
06/18/2026 01:27,$251.01,N,buyer_0268,$93.51,Y,refund_req_300024,agent_029,Approved,50,purchase_100024,CLOTHING,item_not_as_described
05/22/2026 03:25,"$2,928.10",N,buyer_0507,"$2,025.05",N,refund_req_302973,agent_011,REJECTED,68,purchase_102973,LUXURY,item_not_as_described
06/07/2026 06:04,"$1,596.76",N,buyer_0177,$631.61,Y,refund_req_302203,agent_024,Rejected,50,purchase_102203,APPLIANCES,damaged_item
06/10/2026 19:37,"$1,237.21",N,buyer_0475,$725.65,Y,refund_req_301250,agent_028,Approved,94,purchase_101250,BOOKS,wrong_item_received
04/29/2026 15:59,$521.42,N,buyer_0474,$107.46,N,refund_req_300634,agent_004,Rejected,74,purchase_100634,ELECTRONICS,missing_accessory
06/13/2026 01:16,"$1,106.80",Y,buyer_0377,$310.06,Y,refund_req_301214,agent_010,Approved,74,purchase_101214,BOOKS,changed_mind
06/11/2026 22:54,$70.84,N,buyer_0230,$41.83,Y,refund_req_300712,agent_028,Approved,72,purchase_100712,BOOKS,changed_mind
05/16/2026 00:16,"$1,614.58",Y,buyer_0585,"$1,321.98",Y,refund_req_304059,agent_018,Approved,15,purchase_104059,luxury,changed_mind
06/06/2026 08:48,"$1,207.92",N,buyer_9005,$714.19,N,refund_req_304269,agent_008,  Approved  ,49,purchase_104269,APPLIANCES,damaged_item
05/26/2026 23:59,"$1,113.18",N,buyer_0411,$963.02,N,refund_req_303001,agent_002,Approved,15,purchase_103001,LUXURY,changed_mind
05/14/2026 01:08,"$1,961.29",Y,buyer_9901,"$2,044.11",N,refund_req_304823,agent_901,Approved,7,purchase_104823,ELECTRONICS,missing_accessory
04/02/2026 17:52,$137.07,N,buyer_8002,$92.02,Y,refund_req_304689,agent_802,Approved,17,purchase_104689,BEAUTY,damaged_item
04/23/2026 19:21,"$2,099.89",Y,buyer_0143,"$1,853.36",N,refund_req_304063,agent_025,Approved,4,purchase_104063,Luxury,changed_mind
05/23/2026 10:30,$87.42,N,buyer_0269,$45.57,N,refund_req_300817,agent_010,Approved,40,purchase_100817,HOME, missing_part 
05/05/2026 10:39,"$1,144.42",N,buyer_0579,$364.83,,refund_req_301811,agent_020,Rejected,74,purchase_101811,LUXURY,item_not_as_described
04/29/2026 11:55,$102.38,N,buyer_0181,$53.32,N,refund_req_300840,agent_013,APPROVED,45,purchase_100840,BEAUTY,changed_mind
06/03/2026 00:33,"$1,074.75",N,buyer_0512,$822.85,Y,refund_req_304398,agent_702, Approved ,19,purchase_104398,CLOTHING,changed_mind
04/26/2026 17:38,"$1,161.92",N,buyer_0533,$921.07,Y,refund_req_301082,agent_028,APPROVED,93,purchase_101082,CLOTHING,item_not_as_described
05/12/2026 01:11,"$1,582.84",N,buyer_0136,$678.05,Y,refund_req_302775,agent_011,Approved,50,purchase_102775,ELECTRONICS,not_working
06/19/2026 03:34,"$1,578.61",N,buyer_0240,"$1,186.02",N,refund_req_303003,agent_017,  Approved  ,10,purchase_103003,appliances,not_working
05/14/2026 20:30,$90.61,N,buyer_0047,$41.39,Y,refund_req_302858,agent_028,APPROVED,54,purchase_102858,CLOTHING,  wrong_size  
04/03/2026 22:47,"$1,134.25",N,buyer_0445,$677.53,Y,refund_req_302196,agent_017,Approved,108,purchase_102196,APPLIANCES,  missing_part  
05/16/2026 05:59,"$2,751.87",Y,buyer_0064,"$2,128.65",N,refund_req_303947,agent_002,Approved,8,purchase_103947,LUXURY,damaged_item
05/12/2026 15:11,"$1,698.52",N,buyer_0464,$663.91,N,refund_req_301229,agent_026,Rejected,56,purchase_101229,LUXURY,item_not_as_described
05/18/2026 11:03,$361.06,N,buyer_0108,$159.14,N,refund_req_301669,agent_027,Approved,52,purchase_101669,HOME,missing_part
06/20/2026 18:40,$58.93,N,buyer_0445,$36.79,Y,refund_req_301814,agent_017,Rejected,69,purchase_101814,BEAUTY,damaged_item
05/26/2026 03:40,"$1,170.62",N,buyer_0526,$750.52,,refund_req_300593,agent_016,Rejected,42,purchase_100593,APPLIANCES,missing_part
05/28/2026 14:04,$82.52,N,buyer_0304,$25.94,Y,refund_req_302916,agent_002,Approved,57,purchase_102916,BOOKS,damaged_item
04/28/2026 21:41,"$1,129.88",N,buyer_0352,$950.41,N,refund_req_303030,agent_013,Approved,34,purchase_103030,APPLIANCES,not_working
05/01/2026 10:39,"$2,371.67",N,buyer_9005,"$1,759.64",N,refund_req_304301,agent_006,Approved,31,purchase_104301,LUXURY,changed_mind
06/02/2026 00:16,"$1,267.53",N,buyer_0249,"$1,267.53",Y,refund_req_303354,agent_005,Approved,26,purchase_103354,FASHION,item_not_as_described
04/19/2026 14:10,$979.01,N,buyer_9008,$733.01,N,refund_req_304288,agent_027,Approved,25,purchase_104288,CLOTHING,changed_mind
04/01/2026 15:52,$88.90,N,buyer_0548,$23.65,N,refund_req_302418,agent_027,Approved,69,purchase_102418,BEAUTY,changed_mind
05/20/2026 16:16,$248.02,N,buyer_0363,$181.97,N,refund_req_301558,agent_006,Approved,41,purchase_101558,HOME,damaged_item
06/17/2026 08:25,$25.58,N,buyer_0228,$9.84,,refund_req_301686,agent_017,Approved,27,purchase_101686,BOOKS,damaged_item
06/04/2026 06:18,$53.77,N,buyer_0388,$26.80,N,refund_req_300302,agent_018,Rejected,47,purchase_100302,BEAUTY,damaged_item
04/18/2026 21:09,$570.94,N,buyer_0420,$372.55,Y,refund_req_304509,agent_702, Approved ,19,purchase_104509,Home,  missing_part  
05/25/2026 23:57,"$1,584.12",Y,buyer_9901,"$1,523.99",N,refund_req_304831,agent_901,Approved,3,purchase_104831,APPLIANCES,not_working
06/10/2026 23:26,"$1,178.43",N,buyer_0382,$786.26,N,refund_req_302996,agent_004,Approved,43,purchase_102996,LUXURY,item_not_as_described
06/05/2026 08:00,"$1,981.65",N,buyer_0336,"$1,531.24",Y,refund_req_303616,agent_101,Approved,5,purchase_103616,ELECTRONICS,item_not_as_described
04/21/2026 10:33,"$1,238.30",N,buyer_0463,$485.03,N,refund_req_300257,agent_006,Approved,62,purchase_100257,BEAUTY,allergic_reaction
05/18/2026 11:53,$17.90,N,buyer_0502,$9.30,Y,refund_req_301769,agent_021,Approved,113,purchase_101769,BOOKS,damaged_item
06/20/2026 10:00,$26.11,N,buyer_0158,$18.49,Y,refund_req_302351,agent_009,Approved,56,purchase_102351,BOOKS,wrong_item_received
05/06/2026 23:53,$84.57,N,buyer_0526,$67.62,,refund_req_301023,agent_026,Rejected,64,purchase_101023,HOME,damaged_item
04/09/2026 23:37,$86.26,N,buyer_0154,$39.88,Y,refund_req_301964,agent_011,Approved,59,purchase_101964,CLOTHING,wrong_size
05/12/2026 12:42,"$1,153.81",N,buyer_0035,$369.52,N,refund_req_301976,agent_013,Approved,33,purchase_101976,ELECTRONICS,  missing_accessory  
04/10/2026 20:52,$214.28,N,buyer_0436,$156.24,Y,refund_req_301752,agent_024,Approved,93,purchase_101752,CLOTHING,wrong_size
04/08/2026 01:18,"$1,096.12",N,buyer_0161,$572.50,N,refund_req_300301,agent_001,Approved,45,purchase_100301,ELECTRONICS,missing_accessory
06/04/2026 20:16,$137.39,N,buyer_0215,$81.49,,refund_req_301030,agent_006,Rejected,,purchase_101030,CLOTHING,wrong_size
05/31/2026 01:54,$961.12,Y,buyer_9906,$980.31,N,refund_req_304822,agent_902,Approved,,purchase_104822,LUXURY,item_not_as_described
05/25/2026 10:18,"$1,477.47",N,buyer_0501,"$1,001.71",N,refund_req_303050,agent_001,Approved,42,purchase_103050,APPLIANCES,not_working
05/21/2026 17:45,$82.03,N,buyer_0547,$37.23,Y,refund_req_302660,agent_022,Approved,51,purchase_102660, BEAUTY ,
06/04/2026 18:54,"$1,157.16",N,buyer_0572,$755.90,Y,refund_req_301144,agent_002,Approved,58,purchase_101144,BEAUTY, allergic_reaction 
04/07/2026 03:19,"$1,688.76",N,buyer_0495,$890.85,Y,refund_req_300758,agent_003,Approved,51,purchase_100758,APPLIANCES,missing_part
04/23/2026 07:37,"$1,085.36",N,buyer_0344,$665.76,N,refund_req_304426,agent_703,Approved,28,purchase_104426,LUXURY,item_not_as_described
05/29/2026 17:27,"$1,225.08",N,buyer_0595,$956.29,Y,refund_req_300865,agent_001,APPROVED,57,purchase_100865,Appliances,damaged_item
04/20/2026 22:05,$455.24,N,buyer_0390,$100.39,Y,refund_req_300147,agent_021,Rejected,97,purchase_100147,FASHION,
05/14/2026 09:47,$83.03,N,buyer_0215,$49.24,Y,refund_req_301660,agent_008,Approved,81,purchase_101660,SPORTS,damaged_item
05/07/2026 04:01,"$1,871.67",Y,buyer_0373,"$1,338.65",N,refund_req_304071,agent_005,Approved,29,purchase_104071,ELECTRONICS,damaged_item
06/18/2026 19:42,$329.56,N,buyer_0216,$143.37,Y,refund_req_300364,agent_001,Rejected,58,purchase_100364,ELECTRONICS,missing_accessory
05/14/2026 08:13,"$1,465.29",N,buyer_0073,"$1,369.36",,refund_req_304588,agent_703,Approved,19,purchase_104588,ELECTRONICS,damaged_item
06/13/2026 13:55,"$1,854.50",N,buyer_0054,"$1,854.50",N,refund_req_303439,agent_018,Approved,63,purchase_103439,LUXURY,item_not_as_described
04/17/2026 18:47,"$1,329.67",N,buyer_0140,"$1,254.35",N,refund_req_303140,agent_011,approved,34,purchase_103140,ELECTRONICS,damaged_item
04/06/2026 19:15,$482.98,N,buyer_0590,$481.88,N,refund_req_303567,agent_103,Approved,3,purchase_103567,home,damaged_item
04/13/2026 16:56,$643.08,N,buyer_8002,$609.04,,refund_req_304683,agent_802,  Approved  ,11,purchase_104683,FASHION,changed_mind
04/10/2026 02:26,$50.26,N,buyer_0401,$40.76,,refund_req_300478,agent_029,Approved,73,purchase_100478,BOOKS,changed_mind
05/02/2026 12:52,"$2,174.40",Y,buyer_9901,"$2,065.05",N,refund_req_304921,agent_901,Approved,2,purchase_104921,LUXURY,item_not_as_described
05/27/2026 17:29,$24.98,N,buyer_0590,$17.41,N,refund_req_300057,agent_008,Rejected,65,purchase_100057,CLOTHING,wrong_size
05/20/2026 19:06,"$1,450.64",Y,buyer_9903,"$1,427.67",N,refund_req_304987,agent_901,Approved,3,purchase_104987,APPLIANCES,missing_part
06/19/2026 02:26,"$2,444.30",N,buyer_0437,"$2,444.30",Y,refund_req_303552,agent_011,approved,37,purchase_103552,LUXURY,changed_mind
04/23/2026 14:53,"$1,633.29",Y,buyer_9901,"$1,541.19",N,refund_req_304983,agent_901,Approved,8,purchase_104983,APPLIANCES,not_working
04/19/2026 21:59,"$1,895.28",Y,buyer_0547,"$1,492.18",Y,refund_req_303882,agent_015,Approved,16,purchase_103882,ELECTRONICS,not_working
06/18/2026 08:47,"$1,591.96",Y,buyer_0360,"$1,267.49",Y,refund_req_303901,agent_021,Approved,29,purchase_103901,APPLIANCES,
05/17/2026 17:05,$443.60,N,buyer_0447,$262.63,Y,refund_req_301479,agent_005,Approved,73,purchase_101479,APPLIANCES,not_working
04/28/2026 06:41,$523.45,N,buyer_0546,$169.87,Y,refund_req_302856,agent_016,Rejected,41,purchase_102856,FASHION,item_not_as_described
05/02/2026 04:27,"$1,199.05",N,buyer_0012,$976.80,N,refund_req_303218,agent_103,Approved,30,purchase_103218,ELECTRONICS,damaged_item
06/21/2026 05:36,$138.92,N,buyer_9004,$128.85,N,refund_req_304236,agent_007,Approved,25,purchase_104236,CLOTHING,wrong_size
04/19/2026 04:39,$216.72,N,buyer_9003,$121.34,N,refund_req_304131,agent_025,Approved,10,purchase_104131,APPLIANCES,damaged_item
04/08/2026 06:26,$57.10,N,buyer_0385,$45.14,Y,refund_req_301518,agent_018,Approved,59,purchase_101518,CLOTHING,item_not_as_described
05/24/2026 22:09,$441.76,N,buyer_0305,$263.34,N,refund_req_302844,agent_018,Rejected,72,purchase_102844,FASHION,
06/21/2026 00:01,$399.24,N,buyer_0576,$122.21,N,refund_req_301108,agent_004,Approved,106,purchase_101108,Sports,damaged_item
05/18/2026 04:04,"$1,781.94",Y,buyer_0312,"$1,304.77",Y,refund_req_303851,agent_014,Approved,34,purchase_103851,ELECTRONICS,not_working
04/05/2026 08:04,$922.32,Y,buyer_0558,$797.03,Y,refund_req_303933,agent_014,Approved,33,purchase_103933,APPLIANCES,not_working
05/17/2026 18:59,$153.59,N,buyer_0136,$40.61,Y,refund_req_302419,agent_009,Approved,41,purchase_102419,BEAUTY,changed_mind
04/17/2026 05:25,$410.09,N,buyer_8002,$281.70,N,refund_req_304674,agent_802,Approved,25,purchase_104674,FASHION,item_not_as_described
05/14/2026 06:56,$34.96,N,buyer_0455,$9.21,N,refund_req_300951,agent_002,Approved,,purchase_100951,CLOTHING,wrong_size
06/06/2026 15:57,$129.51,N,buyer_9008,$121.13,Y,refund_req_304152,agent_022,Approved,57,purchase_104152,FASHION,changed_mind
04/01/2026 13:00,$174.80,N,buyer_0389,$41.95,Y,refund_req_300454,agent_022,Approved,85,purchase_100454, CLOTHING ,item_not_as_described
06/15/2026 09:25,$502.50,N,buyer_0245,$483.74,Y,refund_req_304592,agent_701,APPROVED,15,purchase_104592,appliances,missing_part
04/06/2026 04:39,$791.12,N,buyer_0245,$434.99,Y,refund_req_301865,agent_023,Approved,70,purchase_101865,LUXURY,changed_mind
05/19/2026 07:39,$136.55,N,buyer_0149,$37.01,Y,refund_req_302510,agent_011,Rejected,70,purchase_102510,BEAUTY,allergic_reaction
05/21/2026 16:34,$930.57,N,buyer_0462,$643.23,N,refund_req_303137,agent_101,Approved,12,purchase_103137,  APPLIANCES  ,not_working
06/01/2026 06:17,$943.85,N,buyer_0332,$943.85,Y,refund_req_303471,agent_028,  Approved  ,23,purchase_103471,ELECTRONICS,
05/08/2026 04:57,"$1,052.81",Y,buyer_0531,$713.72,N,refund_req_304451,agent_701,Approved,8,purchase_104451,  CLOTHING  ,changed_mind
05/04/2026 00:03,"$1,506.61",N,buyer_0061,$993.82,N,refund_req_303208,agent_014,Approved,26,purchase_103208,ELECTRONICS,not_working
06/03/2026 21:09,"$1,212.22",N,buyer_0065,$981.45,N,refund_req_301627,agent_024,Approved,65,purchase_101627,LUXURY,changed_mind
05/29/2026 12:51,"$1,182.17",N,buyer_0063,$750.74,N,refund_req_304584,agent_702, Approved ,34,purchase_104584,APPLIANCES,damaged_item
05/12/2026 08:05,$532.65,N,buyer_0450,$387.63,Y,refund_req_301967,agent_016,Approved,110,purchase_101967,HOME,damaged_item
06/06/2026 06:50,$101.24,Y,buyer_0091,$52.15,Y,refund_req_303831,agent_101,Approved,5,purchase_103831,CLOTHING,changed_mind
04/03/2026 12:47,"$1,591.06",N,buyer_0220,$794.77,N,refund_req_301020,agent_024,Approved,73,purchase_101020,LUXURY,damaged_item
06/11/2026 23:42,$35.30,N,buyer_0339,$12.45,N,refund_req_301893,agent_014,Rejected,83,purchase_101893,BEAUTY,damaged_item
05/02/2026 14:22,$798.10,N,buyer_9007,$790.81,N,refund_req_304207,agent_030,Approved,65,purchase_104207,APPLIANCES,
05/12/2026 17:55,"$1,298.27",N,buyer_0359,"$1,298.27",Y,refund_req_303380,agent_024,Approved,57,purchase_103380,FASHION,item_not_as_described
05/21/2026 02:20,"$1,264.61",N,buyer_0521,"$1,264.61",N,refund_req_303416,agent_022,Approved,58,purchase_103416,FASHION,wrong_size
06/10/2026 19:08,$9.40,N,buyer_0598,$2.47,,refund_req_301397,agent_005,Rejected,85,purchase_101397,BOOKS,damaged_item
05/13/2026 12:59,$897.84,N,buyer_0055,$404.93,Y,refund_req_300115,agent_014,Approved,82,purchase_100115,ELECTRONICS,missing_accessory
04/18/2026 11:13,$953.04,N,buyer_8002,$806.29,N,refund_req_304713,agent_802,Approved,22,purchase_104713,BEAUTY,
05/08/2026 02:37,$47.59,N,buyer_0495,$35.45,Y,refund_req_302301,agent_001,Approved,30,purchase_102301,BOOKS,wrong_item_received
04/25/2026 08:58,"$1,785.49",Y,buyer_0500,"$1,336.66",Y,refund_req_303971,agent_007,Approved,4,purchase_103971,ELECTRONICS,missing_accessory
04/14/2026 03:15,"$2,056.87",N,buyer_9001,"$1,384.86",N,refund_req_304297,agent_012,Approved,69,purchase_104297,ELECTRONICS,not_working
06/03/2026 02:57,"$1,761.48",Y,buyer_0003,$510.15,N,refund_req_301879,agent_030,Approved,80,purchase_101879,APPLIANCES,damaged_item
05/01/2026 13:35,"$2,995.47",N,buyer_0137,"$1,387.40",Y,refund_req_301896,agent_007,Approved,65,purchase_101896,LUXURY,damaged_item
04/02/2026 02:13,"$2,211.43",N,buyer_0576,"$1,830.52",N,refund_req_301828,agent_004,Rejected,94,purchase_101828,LUXURY,item_not_as_described
06/16/2026 08:54,"$1,420.00",Y,buyer_0529,"$1,030.13",N,refund_req_303984,agent_017,APPROVED,9,purchase_103984,ELECTRONICS,not_working
04/16/2026 21:48,$233.17,N,buyer_0061,$175.43,N,refund_req_302238,agent_001,Rejected,36,purchase_102238,clothing,wrong_size
05/21/2026 07:28,$994.32,N,buyer_0281,$409.23,N,refund_req_301016,agent_028,Approved,29,purchase_101016,LUXURY,changed_mind
06/01/2026 12:35,"$1,125.29",N,buyer_9001,"$1,068.84",N,refund_req_304177,agent_028,Approved,40,purchase_104177,ELECTRONICS,not_working
05/07/2026 17:38,$257.88,N,buyer_0164,$108.13,N,refund_req_300718,agent_027,Approved,71,purchase_100718,SPORTS,damaged_item
05/31/2026 01:42,$460.69,N,buyer_0056,$356.66,Y,refund_req_301385,agent_024,Approved,78,purchase_101385,Appliances,missing_part
05/30/2026 01:19,"$1,856.71",Y,buyer_0510,"$1,527.05",N,refund_req_304095,agent_002, Approved ,33,purchase_104095,ELECTRONICS,damaged_item
04/12/2026 06:48,$277.46,N,buyer_0401,$235.56,N,refund_req_301329,agent_014,Approved,45,purchase_101329,FASHION,
04/22/2026 02:29,$145.02,Y,buyer_0381,$39.22,Y,refund_req_300785,agent_002,Approved,77,purchase_100785,HOME,  missing_part  
06/17/2026 09:26,$238.61,N,buyer_0015,$163.41,Y,refund_req_300739,agent_013,Approved,98,purchase_100739,CLOTHING,item_not_as_described
05/12/2026 05:45,$454.04,N,buyer_0312,$242.81,N,refund_req_301824,agent_007,Approved,46,purchase_101824,APPLIANCES,damaged_item
06/21/2026 01:31,$253.16,N,buyer_8002,$223.94,Y,refund_req_304764,agent_802,Approved,24,purchase_104764,FASHION,wrong_size
04/03/2026 01:03,"$1,488.30",N,buyer_0345,"$1,488.30",Y,refund_req_303441,agent_002, Approved ,12,purchase_103441,LUXURY,damaged_item
05/02/2026 03:51,$45.29,Y,buyer_0520,$28.22,Y,refund_req_300610,agent_021,Approved,87,purchase_100610,SPORTS,
06/15/2026 23:57,"$2,180.56",Y,buyer_0435,"$1,831.32",N,refund_req_303978,agent_004,Approved,17,purchase_103978,ELECTRONICS,damaged_item
06/07/2026 14:27,$612.18,Y,buyer_0382,$321.91,Y,refund_req_304403,agent_701,APPROVED,15,purchase_104403,FASHION,wrong_size
05/28/2026 06:55,$82.41,N,buyer_8002,$79.42,Y,refund_req_304773,agent_802,Approved,17,purchase_104773,BEAUTY,damaged_item
05/15/2026 20:01,$437.19,N,buyer_0262,$99.11,Y,refund_req_302741,agent_021,Rejected,90,purchase_102741,HOME,missing_part
06/14/2026 03:58,$166.42,N,buyer_0482,$61.22,Y,refund_req_302934,agent_017,Approved,54,purchase_102934,FASHION,wrong_size
05/28/2026 22:53,"$2,167.61",N,buyer_0130,"$1,603.06",N,refund_req_301044,agent_018,Approved,59,purchase_101044,ELECTRONICS,damaged_item
04/24/2026 17:47,"$2,904.41",N,buyer_0567,"$1,815.97",Y,refund_req_302971,agent_006, approved ,,purchase_102971,LUXURY,
04/15/2026 08:22,$54.84,N,buyer_0530,$44.42,Y,refund_req_301819,agent_027,Approved,91,purchase_101819,BOOKS,changed_mind
05/24/2026 05:30,$681.03,Y,buyer_0582,$164.55,N,refund_req_302062,agent_030,Rejected,58,purchase_102062,ELECTRONICS,item_not_as_described
06/13/2026 21:21,$399.26,N,buyer_0366,$125.36,N,refund_req_300253,agent_023,Approved,38,purchase_100253,FASHION,wrong_size
05/11/2026 21:27,$311.82,N,buyer_0450,$128.21,Y,refund_req_300421,agent_030,Approved,81,purchase_100421,HOME,missing_part
05/10/2026 16:35,$203.41,N,buyer_0022,$135.48,N,refund_req_301298,agent_006,Approved,44,purchase_101298,SPORTS,item_not_as_described
06/07/2026 19:09,"$1,095.41",N,buyer_0005,$439.31,Y,refund_req_302982,agent_030,Approved,35,purchase_102982,APPLIANCES,missing_part
04/13/2026 00:49,"$2,454.58",N,buyer_0006,"$2,454.58",Y,refund_req_303460,agent_101,Approved,51,purchase_103460, LUXURY ,  item_not_as_described  
05/27/2026 00:56,"$2,234.06",N,buyer_0291,$448.54,Y,refund_req_301570,agent_026,Approved,71,purchase_101570,LUXURY,changed_mind
05/19/2026 21:07,$38.48,N,buyer_0033,$28.46,Y,refund_req_304487,agent_701,Approved,22,purchase_104487, BOOKS ,changed_mind
04/28/2026 03:57,$260.22,N,buyer_0566,$57.52,Y,refund_req_301770,agent_009,Approved,23,purchase_101770,SPORTS, damaged_item 
06/12/2026 21:48,"$1,420.93",Y,buyer_9906,"$1,362.99",N,refund_req_304848,agent_902,Approved,2,purchase_104848,APPLIANCES,missing_part
05/24/2026 17:19,$201.06,N,buyer_0054,$46.72,Y,refund_req_300095,agent_029,Approved,51,purchase_100095,clothing,changed_mind
04/19/2026 16:30,"$2,728.16",N,buyer_0552,"$1,801.16",N,refund_req_304570,agent_703,Approved,9,purchase_104570,LUXURY,item_not_as_described
05/23/2026 12:03,"$1,870.30",N,buyer_0157,"$1,015.93",N,refund_req_302521,agent_004,Rejected,80,purchase_102521,ELECTRONICS,damaged_item
04/15/2026 14:53,$81.93,N,buyer_0006,$40.08,N,refund_req_304471,agent_703,Approved,4,purchase_104471,BOOKS,wrong_item_received
04/02/2026 07:35,$115.71,N,buyer_0005,$97.99,Y,refund_req_302519,agent_009,Approved,75,purchase_102519,BEAUTY,changed_mind
05/09/2026 02:26,"$2,831.32",N,buyer_9003,"$1,676.58",N,refund_req_304339,agent_015,Approved,21,purchase_104339,LUXURY,
04/16/2026 03:12,"$1,081.11",N,buyer_0047,"$1,081.11",Y,refund_req_303539,agent_014,Approved,32,purchase_103539,FASHION,
05/24/2026 08:15,$247.98,N,buyer_0378,$122.60,Y,refund_req_301249,agent_011,Approved,58,purchase_101249,APPLIANCES,missing_part
05/24/2026 18:38,$380.08,N,buyer_0105,$184.33,Y,refund_req_300381,agent_006,Approved,59,purchase_100381,ELECTRONICS,not_working
04/25/2026 13:17,$317.47,Y,buyer_0413,$114.64,N,refund_req_301625,agent_030,Approved,42,purchase_101625,FASHION,wrong_size
05/24/2026 10:17,$253.77,N,buyer_0083,$121.34,Y,refund_req_302045,agent_030,Approved,93,purchase_102045,CLOTHING,wrong_size
05/18/2026 14:19,"$1,071.28",N,buyer_0390,$507.48,Y,refund_req_304429,agent_703,Approved,23,purchase_104429,BEAUTY,damaged_item
05/09/2026 00:04,"$1,019.72",N,buyer_0037,$448.24,Y,refund_req_300432,agent_030,Approved,41,purchase_100432,BOOKS,damaged_item
04/28/2026 12:29,$565.01,N,buyer_0140,$404.61,Y,refund_req_302895,agent_013,Approved,38,purchase_102895,HOME,
04/08/2026 10:09,"$1,419.63",Y,buyer_0454,"$1,086.80",Y,refund_req_304446,agent_702,Approved,35,purchase_104446,ELECTRONICS,item_not_as_described
05/14/2026 01:31,$485.84,N,buyer_0500,$383.33,Y,refund_req_302526,agent_018,Approved,72,purchase_102526,HOME,missing_part
05/28/2026 20:39,"$2,914.63",N,buyer_0060,"$1,638.71",Y,refund_req_300173,agent_030,Approved,43,purchase_100173,LUXURY,
05/17/2026 17:09,$133.78,N,buyer_0272,$37.88,Y,refund_req_301451,agent_012,Approved,53,purchase_101451,HOME,damaged_item
04/16/2026 00:14,"$1,149.58",N,buyer_0553,$622.36,,refund_req_301036,agent_002,Approved,49,purchase_101036,Appliances,
05/12/2026 14:07,"$1,241.62",N,buyer_0202,$404.40,N,refund_req_301621,agent_012,Approved,39,purchase_101621,ELECTRONICS,not_working
04/13/2026 10:14,$77.40,N,buyer_9005,$51.90,N,refund_req_304165,agent_015,Approved,63,purchase_104165,CLOTHING,wrong_size
06/09/2026 00:49,$348.46,N,buyer_0352,$142.30,Y,refund_req_301531,agent_030,Approved,38,purchase_101531,HOME,item_not_as_described
06/04/2026 19:07,"$1,660.99",N,buyer_0422,"$1,660.99",N,refund_req_303365,agent_028,Approved,,purchase_103365,APPLIANCES, not_working 
04/07/2026 06:55,$56.57,N,buyer_0101,$39.45,,refund_req_301756,agent_026,Approved,61,purchase_101756,BOOKS,damaged_item
04/25/2026 09:57,$280.56,N,buyer_8002,$231.42,N,refund_req_304785,agent_802,Approved,,purchase_104785,SPORTS,
04/27/2026 14:21,"$2,176.89",N,buyer_0090,"$1,726.46",N,refund_req_302772,agent_018,Rejected,66,purchase_102772,ELECTRONICS,item_not_as_described
05/29/2026 11:24,$128.10,N,buyer_0003,$67.45,Y,refund_req_302399,agent_015,Approved,76,purchase_102399,CLOTHING,changed_mind
06/07/2026 02:17,$915.96,N,buyer_0120,$652.74,N,refund_req_300358,agent_016,Approved,85,purchase_100358,ELECTRONICS,missing_accessory
06/07/2026 13:52,$902.65,Y,buyer_0412,$902.65,N,refund_req_303412,agent_022,Approved,27,purchase_103412,FASHION,  item_not_as_described  
05/28/2026 15:17,"$1,094.46",N,buyer_9005,$761.68,N,refund_req_304253,agent_026,Approved,41,purchase_104253,FASHION,item_not_as_described
04/16/2026 15:39,$97.30,N,buyer_0092,$55.34,Y,refund_req_300567,agent_005,Approved,103,purchase_100567,SPORTS,damaged_item
06/02/2026 18:20,"$1,057.97",N,buyer_0548,$220.74,N,refund_req_300588,agent_014,  Rejected  ,79,purchase_100588,  CLOTHING  ,changed_mind
06/19/2026 21:45,"$2,601.21",N,buyer_0517,"$2,001.84",Y,refund_req_303716,agent_102,Approved,3,purchase_103716,LUXURY,item_not_as_described
04/17/2026 02:58,"$2,944.54",N,buyer_0099,"$1,870.19",N,refund_req_302282,agent_021,Approved,81,purchase_102282,LUXURY,damaged_item
05/11/2026 07:55,"$2,020.66",N,buyer_8001,"$1,260.38",N,refund_req_304679,agent_801,Approved,6,purchase_104679,ELECTRONICS,
06/04/2026 17:11,"$1,542.62",N,buyer_0435,$664.79,N,refund_req_300460,agent_017,Approved,56,purchase_100460,LUXURY,damaged_item
06/15/2026 02:28,$466.79,N,buyer_0249,$132.10,Y,refund_req_300646,agent_006,Approved,57,purchase_100646,LUXURY,damaged_item
05/15/2026 20:01,"$1,268.27",N,buyer_0337,$914.72,N,refund_req_301059,agent_001,Rejected,71,purchase_101059,HOME,missing_part
06/06/2026 18:05,$817.09,Y,buyer_0169,$183.12,Y,refund_req_300605,agent_025,Rejected,64,purchase_100605,Appliances,missing_part
05/03/2026 15:24,$372.59,N,buyer_0220,$161.93,,refund_req_301149,agent_027,Approved,91,purchase_101149,SPORTS,item_not_as_described
06/16/2026 02:46,$414.77,N,buyer_0438,$283.44,N,refund_req_302141,agent_004,Rejected,48,purchase_102141,FASHION,  item_not_as_described  
06/13/2026 22:03,$193.77,N,buyer_0411,$43.31,Y,refund_req_302644,agent_007,Approved,59,purchase_102644,CLOTHING,wrong_size
04/19/2026 14:52,$98.07,N,buyer_0498,$66.54,Y,refund_req_303634,agent_102,Approved,5,purchase_103634,BEAUTY,allergic_reaction
05/25/2026 08:30,"$2,736.60",N,buyer_0565,"$2,150.31",N,refund_req_303056,agent_002,Approved,32,purchase_103056,LUXURY,damaged_item
05/05/2026 13:15,$67.88,N,buyer_0482,$33.55,Y,refund_req_301922,agent_027,Rejected,57,purchase_101922,BOOKS,wrong_item_received
04/17/2026 14:25,"$1,982.30",Y,buyer_9903,"$1,917.98",N,refund_req_304915,agent_901,Approved,7,purchase_104915,ELECTRONICS,not_working
04/14/2026 11:28,"$2,149.16",Y,buyer_0074,"$2,149.16",N,refund_req_303493,agent_028,Approved,30,purchase_103493,ELECTRONICS,damaged_item
04/29/2026 22:57,"$1,540.76",N,buyer_0311,$997.61,Y,refund_req_301266,agent_012,Approved,67,purchase_101266,LUXURY,changed_mind
06/06/2026 06:10,"$2,874.31",Y,buyer_0538,"$2,229.92",Y,refund_req_303983,agent_015,Approved,13,purchase_103983,LUXURY,damaged_item
06/12/2026 02:56,"$1,786.71",N,buyer_0375,$818.93,Y,refund_req_300349,agent_019,Approved,66,purchase_100349,APPLIANCES,missing_part
04/06/2026 14:04,"$1,752.28",N,buyer_0052,"$1,752.28",,refund_req_303494,agent_016,Approved,33,purchase_103494,ELECTRONICS,not_working
06/19/2026 04:23,$268.28,N,buyer_0411,$106.12,Y,refund_req_301645,agent_029,Approved,45,purchase_101645,  FASHION  ,wrong_size
04/18/2026 21:31,"$2,668.21",N,buyer_0213,$906.78,N,refund_req_302678,agent_011,Rejected,,purchase_102678,LUXURY,damaged_item
04/08/2026 03:00,$202.22,N,buyer_0285,$170.35,N,refund_req_303728,agent_102,Approved,4,purchase_103728,CLOTHING,wrong_size
04/28/2026 15:36,"$1,679.88",N,buyer_0422,"$1,017.14",N,refund_req_300808,agent_020,Approved,93,purchase_100808,ELECTRONICS,not_working
04/09/2026 22:32,$75.91,N,buyer_8002,$49.47,Y,refund_req_304632,agent_802,Approved,5,purchase_104632,BEAUTY,damaged_item
04/16/2026 03:46,"$2,129.92",N,buyer_0374,"$1,698.64",N,refund_req_303130,agent_010,Approved,8,purchase_103130, ELECTRONICS ,damaged_item
04/30/2026 16:11,"$1,047.12",N,buyer_8001,$823.95,Y,refund_req_304697,agent_801,Approved,,purchase_104697,FASHION,changed_mind
06/10/2026 23:42,"$1,011.18",N,buyer_0324,"$1,011.18",,refund_req_303370,agent_011,Approved,60,purchase_103370,  FASHION  ,item_not_as_described
06/17/2026 14:36,$225.28,N,buyer_0312,$146.15,N,refund_req_304559,agent_701,Approved,13,purchase_104559,CLOTHING,item_not_as_described
06/18/2026 20:42,$523.69,N,buyer_0293,$133.70,Y,refund_req_302138,agent_024,Rejected,91,purchase_102138,electronics,missing_accessory
05/20/2026 07:17,"$1,146.00",N,buyer_0273,$502.31,N,refund_req_302085,agent_010,Approved,82,purchase_102085, BEAUTY ,damaged_item
05/03/2026 18:27,$359.75,N,buyer_0115,$111.04,N,refund_req_301698,agent_026,Rejected,66,purchase_101698,Appliances,damaged_item
06/20/2026 16:47,"$2,337.05",N,buyer_0161,"$1,007.26",N,refund_req_300413,agent_013,Approved,38,purchase_100413,LUXURY,damaged_item
04/02/2026 09:00,"$2,092.80",N,buyer_0483,"$1,762.42",N,refund_req_303209,agent_015,Approved,24,purchase_103209,LUXURY,item_not_as_described
04/11/2026 18:49,$128.76,N,buyer_9006,$95.75,Y,refund_req_304126,agent_019,APPROVED,33,purchase_104126,HOME,missing_part
05/17/2026 20:07,$520.54,N,buyer_9005,$512.72,N,refund_req_304285,agent_022,Approved,49,purchase_104285,FASHION,changed_mind
04/14/2026 15:26,$75.51,N,buyer_0548,$15.74,Y,refund_req_300525,agent_004,Approved,56,purchase_100525,BOOKS,damaged_item
06/09/2026 23:08,$59.72,Y,buyer_0359,$48.56,N,refund_req_300446,agent_018,Rejected,61,purchase_100446,BEAUTY,allergic_reaction
04/03/2026 10:57,$399.00,N,buyer_0047,$289.58,N,refund_req_301810,agent_006,Approved,66,purchase_101810,SPORTS,wrong_size
04/16/2026 01:46,$183.23,N,buyer_0280,$62.23,,refund_req_302295,agent_021,Approved,53,purchase_102295,SPORTS,damaged_item
06/08/2026 13:28,$11.75,N,buyer_0431,$5.03,Y,refund_req_302374,agent_030,Approved,104,purchase_102374,BOOKS,damaged_item
04/10/2026 10:11,$36.39,N,buyer_0593,$20.63,,refund_req_302436,agent_016,  Rejected  ,50,purchase_102436,BOOKS,changed_mind
04/28/2026 02:10,$53.73,N,buyer_0399,$22.72,Y,refund_req_300982,agent_018,Approved,71,purchase_100982,BOOKS,wrong_item_received
04/08/2026 00:23,$306.10,N,buyer_0526,$164.40,Y,refund_req_302164,agent_005,Approved,91,purchase_102164,home,missing_part
05/23/2026 18:38,$343.10,N,buyer_0513,$222.24,N,refund_req_301720,agent_012,Rejected,49,purchase_101720,Fashion,changed_mind
06/04/2026 00:48,$269.44,N,buyer_0325,$163.04,N,refund_req_300434,agent_014,Rejected,81,purchase_100434,SPORTS,damaged_item
06/05/2026 15:11,$88.55,N,buyer_0035,$33.08,N,refund_req_302613,agent_009,Approved,90,purchase_102613,BEAUTY,allergic_reaction
05/07/2026 20:35,"$2,453.70",N,buyer_0147,"$2,453.70",N,refund_req_303404,agent_103,Approved,48,purchase_103404,LUXURY,damaged_item
05/17/2026 11:17,$552.10,N,buyer_0012,$290.79,Y,refund_req_304533,agent_702, Approved ,33,purchase_104533,HOME,missing_part
04/13/2026 21:47,$224.47,N,buyer_0505,$73.53,Y,refund_req_301038,agent_016,Approved,50,purchase_101038, CLOTHING ,wrong_size
05/28/2026 23:31,"$1,286.39",Y,buyer_0299,"$1,100.76",N,refund_req_304050,agent_013,Approved,,purchase_104050,APPLIANCES,damaged_item
05/28/2026 01:21,$980.00,N,buyer_9001,$664.22,Y,refund_req_304137,agent_009,Approved,11,purchase_104137,BEAUTY,changed_mind
05/18/2026 01:09,$156.51,N,buyer_0094,$104.96,N,refund_req_304418,agent_701,Approved,34,purchase_104418,BEAUTY,changed_mind
06/18/2026 22:09,$588.28,N,buyer_0239,$118.26,,refund_req_300435,agent_029,Approved,36,purchase_100435,HOME,damaged_item
05/20/2026 16:45,$58.32,N,buyer_0247,$35.21,N,refund_req_300320,agent_015,Rejected,,purchase_100320,BOOKS,damaged_item
06/20/2026 23:00,"$2,185.34",N,buyer_0328,"$1,180.41",Y,refund_req_303647,agent_102,Approved,2,purchase_103647,ELECTRONICS,item_not_as_described
05/25/2026 10:32,$777.78,N,buyer_0431,$353.66,N,refund_req_300639,agent_009,Approved,50,purchase_100639,ELECTRONICS,not_working
06/13/2026 16:08,$419.97,N,buyer_9004,$304.78,N,refund_req_304244,agent_030,Approved,11,purchase_104244,FASHION,wrong_size
04/02/2026 20:15,$66.58,N,buyer_0443,$13.74,Y,refund_req_301709,agent_009,Approved,40,purchase_101709,BOOKS,changed_mind
05/13/2026 13:38,"$1,485.66",Y,buyer_9905,"$1,450.05",N,refund_req_304828,agent_902,Approved,7,purchase_104828,LUXURY,damaged_item
06/20/2026 01:23,"$1,135.07",Y,buyer_0349,$992.48,Y,refund_req_304004,agent_023,APPROVED,32,purchase_104004,APPLIANCES,not_working
06/03/2026 05:17,$540.70,N,buyer_0508,$332.95,Y,refund_req_300860,agent_018,Approved,40,purchase_100860,HOME,item_not_as_described
04/13/2026 17:48,"$2,448.49",N,buyer_0231,"$1,485.51",,refund_req_303205,agent_023,Approved,24,purchase_103205,LUXURY,item_not_as_described
05/22/2026 09:16,$391.04,N,buyer_0503,$179.96,Y,refund_req_302575,agent_008,Approved,54,purchase_102575,APPLIANCES,not_working
05/25/2026 18:10,$41.79,N,buyer_0525,$21.21,Y,refund_req_301951,agent_014,Rejected,68,purchase_101951,BOOKS,wrong_item_received
05/17/2026 03:03,$176.10,N,buyer_0490,$72.07,,refund_req_300834,agent_019,Rejected,48,purchase_100834,BEAUTY,  damaged_item  
06/20/2026 10:31,$64.01,N,buyer_0114,$18.77,Y,refund_req_301664,agent_017,Approved,110,purchase_101664,HOME,item_not_as_described
04/14/2026 05:21,$131.08,N,buyer_9002,$125.61,Y,refund_req_304330,agent_003,Approved,17,purchase_104330,BEAUTY,damaged_item
04/16/2026 11:35,"$1,869.55",Y,buyer_0513,$691.23,Y,refund_req_302877,agent_015,Rejected,94,purchase_102877,LUXURY,changed_mind
05/11/2026 07:07,"$1,777.16",N,buyer_0229,"$1,393.72",N,refund_req_302864,agent_027,Approved,87,purchase_102864,LUXURY,damaged_item
05/31/2026 17:00,"$1,823.16",N,buyer_0077,"$1,823.16",N,refund_req_303458,agent_027,Approved,57,purchase_103458,LUXURY, damaged_item 
04/02/2026 16:17,"$2,552.80",N,buyer_0083,"$2,281.36",N,refund_req_303113,agent_015,Approved,17,purchase_103113,LUXURY,item_not_as_described
06/12/2026 06:05,"$2,144.57",N,buyer_0224,"$1,577.98",Y,refund_req_300277,agent_009,Approved,69,purchase_100277,LUXURY,damaged_item
05/19/2026 09:26,"$1,445.09",N,buyer_0273,$954.55,N,refund_req_301056,agent_022,Approved,87,purchase_101056,APPLIANCES,damaged_item
04/22/2026 03:32,$73.97,N,buyer_0225,$37.01,,refund_req_301776,agent_023,Approved,49,purchase_101776,CLOTHING,wrong_size
05/16/2026 19:39,"$1,465.93",N,buyer_0127,"$1,465.93",Y,refund_req_303409,agent_011,Approved,30,purchase_103409,ELECTRONICS,damaged_item
04/15/2026 16:05,"$1,236.09",N,buyer_0178,$936.74,N,refund_req_301683,agent_019,Rejected,65,purchase_101683,ELECTRONICS,missing_accessory
06/20/2026 07:06,"$1,005.86",N,buyer_0119,"$1,005.86",Y,refund_req_303444,agent_027,Approved,15,purchase_103444,  FASHION  ,wrong_size
05/20/2026 14:17,$388.51,N,buyer_0497,$246.03,N,refund_req_301848,agent_019,Approved,76,purchase_101848,SPORTS,
05/25/2026 03:58,$85.25,N,buyer_0390,$49.07,N,refund_req_302805,agent_002,Approved,113,purchase_102805,BEAUTY,allergic_reaction
06/15/2026 12:15,$60.13,N,buyer_8001,$55.10,N,refund_req_304607,agent_801,Approved,4,purchase_104607,SPORTS, item_not_as_described 
05/25/2026 01:22,$179.25,N,buyer_0572,$59.56,N,refund_req_302750,agent_014,Rejected,67,purchase_102750,CLOTHING,changed_mind
05/08/2026 14:51,$747.17,N,buyer_0365,$539.68,,refund_req_302751,agent_018,Approved,43,purchase_102751, ELECTRONICS ,item_not_as_described
06/21/2026 02:53,"$1,039.72",Y,buyer_0473,$810.72,Y,refund_req_303961,agent_012,Approved,13,purchase_103961,LUXURY,item_not_as_described
06/08/2026 10:42,"$1,011.07",N,buyer_0446,"$1,011.07",N,refund_req_303518,agent_017,Approved,57,purchase_103518,FASHION,changed_mind
05/18/2026 00:31,$83.84,N,buyer_0136,$74.23,,refund_req_304470,agent_702,Approved,32,purchase_104470, BEAUTY ,changed_mind
05/04/2026 18:21,$185.83,N,buyer_0279,$106.25,,refund_req_300760,agent_013,Approved,98,purchase_100760,APPLIANCES,missing_part
04/03/2026 08:26,$116.83,N,buyer_9005,$89.29,N,refund_req_304125,agent_029,Approved,44,purchase_104125,SPORTS,wrong_size
04/22/2026 07:54,"$1,251.24",N,buyer_0104,"$1,251.24",Y,refund_req_303530,agent_025,Approved,24,purchase_103530,FASHION,item_not_as_described
05/31/2026 15:22,"$1,455.41",N,buyer_0059,"$1,310.02",,refund_req_304444,agent_703,Approved,11,purchase_104444,LUXURY, damaged_item 
06/19/2026 09:36,"$2,703.17",Y,buyer_9901,"$2,348.52",N,refund_req_304807,agent_901,Approved,8,purchase_104807,LUXURY,damaged_item
04/04/2026 21:26,$79.16,N,buyer_0447,$50.25,N,refund_req_300036,agent_009,Approved,90,purchase_100036,BEAUTY,damaged_item
04/18/2026 18:03,$9.41,N,buyer_0209,$5.30,N,refund_req_300778,agent_001,Rejected,51,purchase_100778,BOOKS,wrong_item_received
06/10/2026 21:08,"$2,065.70",Y,buyer_0538,"$2,041.24",N,refund_req_303974,agent_021,Approved,19,purchase_103974,LUXURY,item_not_as_described
05/25/2026 01:04,"$1,837.36",Y,buyer_0132,"$1,635.19",Y,refund_req_303992,agent_021,Approved,27,purchase_103992,LUXURY,changed_mind
04/23/2026 18:19,$112.28,N,buyer_0496,$77.94,N,refund_req_300048,agent_024,Approved,58,purchase_100048,BEAUTY, allergic_reaction 
06/04/2026 15:10,$670.93,N,buyer_0431,$626.10,N,refund_req_304505,agent_701,Approved,8,purchase_104505,LUXURY,damaged_item
04/07/2026 21:26,"$1,158.43",N,buyer_0027,"$1,158.43",N,refund_req_303483,agent_103,Approved,57,purchase_103483,FASHION,item_not_as_described
04/05/2026 18:20,$67.19,N,buyer_0483,$61.63,Y,refund_req_303582,agent_103,Approved,1,purchase_103582,BOOKS,wrong_item_received
04/19/2026 16:21,$247.04,N,buyer_9008,$173.41,Y,refund_req_304248,agent_003,Approved,34,purchase_104248,HOME,damaged_item
04/07/2026 16:22,"$1,799.01",N,buyer_0105,"$1,105.26",N,refund_req_303072,agent_014,Approved,32,purchase_103072,ELECTRONICS,not_working
06/04/2026 10:40,"$1,159.83",Y,buyer_0066,$959.53,N,refund_req_303115,agent_022,Approved,18,purchase_103115,ELECTRONICS,not_working
05/25/2026 16:34,"$1,554.45",N,buyer_0021,$870.52,Y,refund_req_301270,agent_005,Rejected,,purchase_101270,ELECTRONICS,damaged_item
05/13/2026 16:43,"$1,780.46",N,buyer_0539,"$1,615.95",N,refund_req_303090,agent_010,Approved,31,purchase_103090,APPLIANCES,damaged_item
06/07/2026 09:20,"$1,792.50",Y,buyer_0324,"$1,792.50",Y,refund_req_303526,agent_026,Approved,22,purchase_103526,LUXURY,changed_mind
06/02/2026 20:51,$84.99,N,buyer_0072,$56.65,N,refund_req_304543,agent_703,Approved,17,purchase_104543, BEAUTY ,allergic_reaction
04/30/2026 09:17,$153.14,N,buyer_0207,$80.20,,refund_req_301092,agent_013,Approved,45,purchase_101092,CLOTHING,changed_mind
05/25/2026 17:53,$86.53,N,buyer_0278,$22.15,Y,refund_req_302920,agent_015,Approved,,purchase_102920,BOOKS,damaged_item
05/06/2026 06:07,"$1,796.76",Y,buyer_0136,"$1,722.27",Y,refund_req_304119,agent_030,APPROVED,25,purchase_104119,ELECTRONICS,item_not_as_described
06/19/2026 15:51,$572.79,N,buyer_0237,$138.56,N,refund_req_302097,agent_017,Approved,32,purchase_102097, HOME ,damaged_item
05/09/2026 15:18,"$1,087.49",Y,buyer_0299,$768.47,Y,refund_req_303848,agent_027,Approved,5,purchase_103848,APPLIANCES,not_working
05/23/2026 21:25,"$1,382.26",Y,buyer_0550,$643.04,N,refund_req_304578,agent_702,Approved,40,purchase_104578,LUXURY,changed_mind
05/31/2026 22:02,$119.96,N,buyer_0583,$83.67,Y,refund_req_300781,agent_001,Approved,47,purchase_100781,CLOTHING,item_not_as_described
06/01/2026 06:02,$244.57,N,buyer_0283,$79.29,Y,refund_req_300045,agent_029,Approved,67,purchase_100045,SPORTS,item_not_as_described
05/08/2026 13:36,"$2,865.68",N,buyer_9004,"$2,679.95",N,refund_req_304252,agent_017,Approved,39,purchase_104252,LUXURY,damaged_item
06/16/2026 20:52,$600.79,N,buyer_0302,$325.47,Y,refund_req_303571,agent_102,Approved,,purchase_103571,FASHION,wrong_size
04/19/2026 02:33,"$2,364.47",Y,buyer_9903,"$2,122.63",,refund_req_304959,agent_901,Approved,8,purchase_104959,LUXURY,changed_mind
04/10/2026 09:32,"$1,316.14",N,buyer_0578,$953.54,Y,refund_req_300164,agent_015,Approved,101,purchase_100164,APPLIANCES,not_working
06/20/2026 17:11,$248.29,N,buyer_0383,$184.74,Y,refund_req_300578,agent_013,Approved,89,purchase_100578,CLOTHING,item_not_as_described
04/06/2026 12:15,"$1,608.72",N,buyer_0482,"$1,247.94",N,refund_req_303091,agent_001,Approved,30,purchase_103091,APPLIANCES,damaged_item
05/16/2026 15:35,"$1,128.16",N,buyer_0136,$500.94,,refund_req_301844,agent_001,Approved,50,purchase_101844,LUXURY,damaged_item
04/07/2026 05:38,$574.64,N,buyer_0010,$284.58,Y,refund_req_302952,agent_027,Approved,74,purchase_102952,HOME,missing_part
06/21/2026 04:18,$139.42,Y,buyer_8002,$110.56,,refund_req_304788,agent_802,Approved,28,purchase_104788,FASHION,changed_mind
05/31/2026 05:30,"$1,683.91",Y,buyer_0306,"$1,273.42",N,refund_req_304061,agent_028,Approved,22,purchase_104061,ELECTRONICS,item_not_as_described
04/11/2026 04:14,"$1,018.61",N,buyer_0460,$767.22,N,refund_req_303155,agent_027,Approved,39,purchase_103155,LUXURY,changed_mind
05/12/2026 04:50,$487.47,N,buyer_0412,$145.24,Y,refund_req_301105,agent_021,Approved,106,purchase_101105,HOME,item_not_as_described
05/01/2026 15:07,$248.26,Y,buyer_0536,$176.38,Y,refund_req_300790,agent_017,Approved,75,purchase_100790,FASHION,changed_mind
06/14/2026 00:49,$259.63,N,buyer_0555,$157.07,,refund_req_302570,agent_029,Approved,23,purchase_102570,SPORTS,damaged_item
05/13/2026 10:35,"$1,404.12",N,buyer_0362,"$1,210.80",N,refund_req_303062,agent_017,Approved,17,purchase_103062,APPLIANCES, missing_part 
05/28/2026 15:48,"$2,091.54",N,buyer_0145,"$1,795.14",Y,refund_req_303701,agent_103,APPROVED,3,purchase_103701,ELECTRONICS,item_not_as_described
04/17/2026 20:31,$200.91,N,buyer_0567,$103.66,Y,refund_req_301480,agent_004,Rejected,54,purchase_101480,HOME,item_not_as_described
05/22/2026 16:55,$83.21,N,buyer_8002,$59.83,N,refund_req_304710,agent_802,Approved,10,purchase_104710,BEAUTY,damaged_item
05/12/2026 16:08,"$1,127.68",N,buyer_0110,$459.36,Y,refund_req_302865,agent_008,Approved,58,purchase_102865,ELECTRONICS,not_working
05/09/2026 17:57,$68.59,N,buyer_0564,$37.68,Y,refund_req_301955,agent_003,Approved,46,purchase_101955,BOOKS,
05/26/2026 14:43,$68.15,N,buyer_0376,$34.42,N,refund_req_304506,agent_702,Approved,21,purchase_104506,CLOTHING,wrong_size
04/19/2026 15:44,"$1,195.98",N,buyer_0505,$514.31,Y,refund_req_302042,agent_023,Approved,117,purchase_102042,SPORTS,damaged_item
06/05/2026 01:49,"$1,259.74",N,buyer_0317,$856.09,N,refund_req_301930,agent_004,Rejected,36,purchase_101930,BOOKS,changed_mind
05/09/2026 19:14,$421.23,N,buyer_9005,$259.29,Y,refund_req_304277,agent_004,Approved,25,purchase_104277,FASHION,item_not_as_described
05/02/2026 09:53,"$1,163.94",N,buyer_0481,"$1,163.94",N,refund_req_303360,agent_027,Approved,24,purchase_103360,LUXURY,item_not_as_described
04/06/2026 18:00,$293.18,N,buyer_0182,$259.60,Y,refund_req_303592,agent_103,Approved,4,purchase_103592,  FASHION  ,changed_mind
05/04/2026 20:45,$285.98,N,buyer_0047,$106.56,Y,refund_req_302509,agent_010,Approved,50,purchase_102509,HOME,item_not_as_described
05/29/2026 11:59,$48.81,N,buyer_9001,$33.92,Y,refund_req_304233,agent_029,Approved,33,purchase_104233, beauty ,allergic_reaction
04/27/2026 17:43,$34.60,N,buyer_9001,$25.70,N,refund_req_304329,agent_019,Approved,20,purchase_104329,BEAUTY,damaged_item
05/04/2026 10:42,$381.94,N,buyer_0194,$174.39,N,refund_req_300378,agent_012,Approved,51,purchase_100378,FASHION,changed_mind
06/14/2026 00:05,$85.15,N,buyer_0320,$58.18,Y,refund_req_300929,agent_027,APPROVED,79,purchase_100929,BEAUTY,allergic_reaction
04/19/2026 22:07,$147.08,N,buyer_0494,$87.40,Y,refund_req_303815,agent_101, Approved ,5,purchase_103815,SPORTS,item_not_as_described
04/10/2026 01:36,$689.09,N,buyer_0198,$490.63,N,refund_req_301433,agent_028,Approved,85,purchase_101433,  ELECTRONICS  ,item_not_as_described
04/15/2026 05:56,$912.68,N,buyer_0560,$525.36,N,refund_req_300931,agent_012,Approved,73,purchase_100931,APPLIANCES,  damaged_item  
04/07/2026 17:38,"$1,035.04",N,buyer_8002,$621.56,N,refund_req_304731,agent_802,Approved,15,purchase_104731,BEAUTY, damaged_item 
06/18/2026 12:48,$75.46,N,buyer_0560,$40.45,N,refund_req_302514,agent_010,Rejected,84,purchase_102514,BOOKS,changed_mind
06/06/2026 14:31,$382.20,N,buyer_8003,$293.19,Y,refund_req_304765,agent_803,Approved,26,purchase_104765,SPORTS,item_not_as_described
05/19/2026 11:50,$165.00,N,buyer_0082,$139.83,N,refund_req_301336,agent_030,Rejected,33,purchase_101336,FASHION,wrong_size
05/20/2026 13:43,$57.41,N,buyer_0067,$32.30,Y,refund_req_301939,agent_019,Approved,83,purchase_101939,BOOKS,changed_mind
05/24/2026 18:30,"$1,296.22",N,buyer_0175,$814.93,N,refund_req_300427,agent_025,Approved,27,purchase_100427,ELECTRONICS,damaged_item
06/19/2026 01:23,"$1,687.86",N,buyer_0198,$766.30,N,refund_req_301181,agent_001,Approved,58,purchase_101181,  APPLIANCES  ,missing_part
04/28/2026 12:59,$91.82,N,buyer_0217,$77.85,N,refund_req_304465,agent_703,Approved,18,purchase_104465,BEAUTY,changed_mind
06/21/2026 07:24,"$1,648.56",N,buyer_0233,$481.74,N,refund_req_302123,agent_015,REJECTED,71,purchase_102123,LUXURY,
05/27/2026 01:43,$274.28,N,buyer_0437,$189.87,Y,refund_req_300910,agent_028,Rejected,50,purchase_100910,FASHION,item_not_as_described
04/28/2026 15:55,$192.90,N,buyer_0178,$38.98,Y,refund_req_301195,agent_029,Approved,51,purchase_101195,HOME,item_not_as_described
05/07/2026 08:34,"$1,346.26",Y,buyer_0376,"$1,346.26",N,refund_req_303386,agent_006,Approved,51,purchase_103386,ELECTRONICS,item_not_as_described
05/18/2026 17:49,$746.72,N,buyer_0300,$152.43,Y,refund_req_301372,agent_024,Approved,93,purchase_101372,LUXURY,damaged_item
05/10/2026 23:15,"$1,595.57",N,buyer_0574,"$1,595.57",Y,refund_req_303299,agent_030,Approved,48,purchase_103299,LUXURY,item_not_as_described
05/20/2026 17:08,"$1,135.46",N,buyer_0069,$938.61,N,refund_req_303217,agent_010,Approved,39,purchase_103217,APPLIANCES,not_working
05/04/2026 11:12,"$1,475.80",Y,buyer_0255,"$1,284.17",N,refund_req_303953,agent_102,Approved,,purchase_103953,ELECTRONICS,missing_accessory
05/13/2026 08:56,$26.45,N,buyer_0337,$18.59,Y,refund_req_300023,agent_013,Approved,99,purchase_100023,BEAUTY,changed_mind
04/23/2026 18:47,$287.93,N,buyer_0313,$60.59,Y,refund_req_302659,agent_003,Approved,60,purchase_102659,SPORTS,item_not_as_described
05/03/2026 03:34,$53.52,N,buyer_0060,$51.42,Y,refund_req_303799,agent_101,Approved,3,purchase_103799,BOOKS,changed_mind
04/01/2026 21:56,"$2,186.80",N,buyer_0238,"$1,212.37",N,refund_req_302308,agent_005,Rejected,50,purchase_102308,ELECTRONICS,damaged_item
05/13/2026 00:40,$89.96,N,buyer_0520,$62.58,N,refund_req_300003,agent_027,Approved,,purchase_100003,SPORTS,item_not_as_described
06/21/2026 05:54,"$1,908.82",N,buyer_0234,"$1,040.65",Y,refund_req_301400,agent_014,Rejected,51,purchase_101400,electronics,missing_accessory
06/02/2026 15:08,$39.51,N,buyer_0549,$14.25,Y,refund_req_300655,agent_028,approved,98,purchase_100655,BEAUTY,allergic_reaction
05/30/2026 12:28,$211.20,N,buyer_0197,$111.93,Y,refund_req_300595,agent_024,Approved,80,purchase_100595,SPORTS,item_not_as_described
04/03/2026 23:27,$11.89,N,buyer_0019,$5.22,,refund_req_301318,agent_015,Approved,50,purchase_101318,BOOKS,damaged_item
05/05/2026 00:09,$777.90,N,buyer_0174,$297.22,Y,refund_req_300792,agent_011,Approved,66,purchase_100792,LUXURY,item_not_as_described
04/13/2026 22:09,"$1,296.69",N,buyer_0287,$929.37,N,refund_req_302630,agent_021,  Rejected  ,107,purchase_102630,BOOKS,wrong_item_received
05/18/2026 00:55,$126.62,Y,buyer_0030,$94.17,Y,refund_req_304411,agent_703,Approved,9,purchase_104411,  SPORTS  ,damaged_item
06/01/2026 09:20,$99.74,N,buyer_8003,$69.83,N,refund_req_304759,agent_803,Approved,13,purchase_104759,BEAUTY, changed_mind 
06/09/2026 05:08,$992.64,N,buyer_0041,$246.84,Y,refund_req_301803,agent_021,Rejected,,purchase_101803,SPORTS,wrong_size
05/26/2026 13:21,$641.02,N,buyer_0096,$500.38,,refund_req_300258,agent_029,Rejected,79,purchase_100258,FASHION,item_not_as_described
06/15/2026 20:26,$22.09,N,buyer_0570,$16.02,Y,refund_req_304371,agent_702,Approved,29,purchase_104371, BOOKS ,wrong_item_received
05/29/2026 00:12,$118.59,Y,buyer_0333,$96.65,N,refund_req_303566,agent_102,Approved,2,purchase_103566,BEAUTY,
05/26/2026 02:05,$62.09,N,buyer_0049,$21.46,Y,refund_req_302875,agent_015,Approved,75,purchase_102875,BOOKS,wrong_item_received
06/09/2026 04:13,$112.73,N,buyer_0474,$42.81,Y,refund_req_302838,agent_010,Approved,,purchase_102838,HOME,damaged_item
04/16/2026 06:59,"$1,386.02",Y,buyer_9901,"$1,384.98",N,refund_req_304841,agent_901,approved,4,purchase_104841,ELECTRONICS,item_not_as_described
05/04/2026 04:29,$29.35,N,buyer_0280,$21.58,N,refund_req_301089,agent_007,Approved,76,purchase_101089,SPORTS,wrong_size
04/06/2026 16:57,"$1,553.77",N,buyer_0480,"$1,273.70",Y,refund_req_302389,agent_024,Approved,82,purchase_102389,APPLIANCES,damaged_item
04/17/2026 17:43,$733.30,N,buyer_0163,$405.22,N,refund_req_303837,agent_102,Approved,4,purchase_103837,  ELECTRONICS  ,  not_working  
05/05/2026 00:53,$627.84,N,buyer_0594,$374.64,Y,refund_req_300894,agent_002,Approved,76,purchase_100894,appliances,not_working
06/08/2026 08:17,$49.01,N,buyer_0591,$16.48,N,refund_req_302512,agent_027,Rejected,55,purchase_102512,BOOKS,changed_mind
05/04/2026 11:42,$196.46,N,buyer_0172,$126.24,N,refund_req_301091,agent_011,Rejected,73,purchase_101091,FASHION,item_not_as_described
05/29/2026 21:04,"$1,543.80",Y,buyer_0401,"$1,229.28",N,refund_req_304013,agent_014,Approved,34,purchase_104013,APPLIANCES,missing_part
05/11/2026 03:18,$373.13,N,buyer_0291,$193.18,,refund_req_300617,agent_029,Approved,59,purchase_100617,SPORTS,wrong_size
05/28/2026 22:50,"$1,608.19",Y,buyer_9901,"$1,452.35",N,refund_req_304833,agent_901,Approved,,purchase_104833,ELECTRONICS,missing_accessory
04/08/2026 22:40,"$1,143.77",N,buyer_0147,$921.24,N,refund_req_303240,agent_021,APPROVED,45,purchase_103240,ELECTRONICS,  missing_accessory  
05/18/2026 21:10,$96.26,N,buyer_0404,$57.11,N,refund_req_300516,agent_017,Rejected,80,purchase_100516,CLOTHING,  changed_mind  
05/30/2026 01:14,"$1,482.45",N,buyer_0080,$590.12,N,refund_req_301816,agent_018,Rejected,54,purchase_101816,LUXURY,damaged_item
04/01/2026 13:36,"$1,501.57",N,buyer_0332,"$1,027.72",N,refund_req_301233,agent_026,Rejected,48,purchase_101233,APPLIANCES,missing_part
05/11/2026 23:27,"$1,496.20",N,buyer_0582,$426.36,N,refund_req_300238,agent_003,Approved,53,purchase_100238,APPLIANCES,damaged_item
04/21/2026 17:30,$176.75,N,buyer_0459,$87.05,Y,refund_req_302921,agent_017,Approved,35,purchase_102921,CLOTHING,
05/27/2026 03:36,$262.67,N,buyer_0375,$55.01,Y,refund_req_302631,agent_030,Approved,86,purchase_102631,SPORTS,wrong_size
05/21/2026 21:44,"$2,020.02",Y,buyer_0534,"$1,445.40",Y,refund_req_303958,agent_007,Approved,33,purchase_103958,ELECTRONICS,not_working
04/25/2026 08:51,$119.05,N,buyer_0400,$51.61,,refund_req_300481,agent_010,Approved,41,purchase_100481,BEAUTY,changed_mind
06/15/2026 20:01,$427.57,N,buyer_0452,$193.22,Y,refund_req_302108,agent_004,Approved,53,purchase_102108, SPORTS ,item_not_as_described
06/20/2026 12:00,"$1,600.13",N,buyer_0197,"$1,247.35",N,refund_req_300757,agent_005,Rejected,97,purchase_100757,ELECTRONICS,missing_accessory
04/12/2026 04:45,"$1,658.53",Y,buyer_9906,"$1,548.45",N,refund_req_304888,agent_902,Approved,4,purchase_104888,Appliances,missing_part
04/21/2026 11:32,$228.25,N,buyer_0395,$108.22,Y,refund_req_300297,agent_027,Rejected,41,purchase_100297,SPORTS,wrong_size
06/04/2026 22:06,$635.66,N,buyer_0092,$362.83,Y,refund_req_302090,agent_029,Approved,68,purchase_102090,LUXURY,changed_mind
06/10/2026 07:15,$210.05,N,buyer_0221,$137.20,Y,refund_req_301072,agent_013,Approved,,purchase_101072,HOME,item_not_as_described
04/24/2026 12:22,$86.08,N,buyer_0536,$59.12,N,refund_req_302674,agent_017,Rejected,63,purchase_102674,SPORTS,wrong_size
04/24/2026 21:23,$45.73,N,buyer_0205,$20.17,Y,refund_req_301883,agent_006,Approved,74,purchase_101883,BOOKS,wrong_item_received
06/15/2026 11:26,"$1,858.26",N,buyer_0070,"$1,410.18",N,refund_req_303226,agent_103,Approved,44,purchase_103226,LUXURY,damaged_item
06/05/2026 06:19,"$1,979.07",Y,buyer_9904,"$1,830.96",,refund_req_304992,agent_902,approved,8,purchase_104992,LUXURY,damaged_item
05/09/2026 17:10,"$1,882.36",Y,buyer_9902,"$1,763.50",N,refund_req_304957,agent_901,Approved,5,purchase_104957,ELECTRONICS,damaged_item
05/23/2026 05:56,"$1,197.08",Y,buyer_0224,"$1,115.09",Y,refund_req_304102,agent_027,Approved,29,purchase_104102,ELECTRONICS,missing_accessory
06/05/2026 06:29,$303.32,N,buyer_0080,$230.55,Y,refund_req_304412,agent_701,Approved,23,purchase_104412,FASHION,wrong_size
06/11/2026 17:03,$205.13,N,buyer_0168,$164.69,N,refund_req_302883,agent_009,Approved,47,purchase_102883,SPORTS,item_not_as_described
04/25/2026 22:00,"$1,063.51",N,buyer_0514,$243.33,N,refund_req_302280,agent_030,Rejected,48,purchase_102280,BOOKS, damaged_item 
06/12/2026 18:43,"$1,255.81",Y,buyer_9901,"$1,097.37",N,refund_req_304991,agent_901,Approved,5,purchase_104991,ELECTRONICS,missing_accessory
05/15/2026 08:50,"$1,147.24",Y,buyer_9906,"$1,093.05",N,refund_req_304934,agent_902,Approved,4,purchase_104934,APPLIANCES,damaged_item
06/07/2026 02:00,$102.74,N,buyer_0142,$41.87,Y,refund_req_300833,agent_030,Approved,48,purchase_100833,HOME,  missing_part  
06/18/2026 03:32,$58.12,N,buyer_0528,$24.07,Y,refund_req_302468,agent_019,Approved,72,purchase_102468,BOOKS,changed_mind
04/23/2026 22:39,$977.22,Y,buyer_9901,"$1,007.43",,refund_req_304937,agent_901,Approved,2,purchase_104937,APPLIANCES,missing_part
04/26/2026 05:07,$157.28,N,buyer_0170,$112.85,N,refund_req_300620,agent_028,Rejected,34,purchase_100620,clothing,wrong_size
04/01/2026 16:55,$61.55,N,buyer_0063,$17.21,N,refund_req_301295,agent_003,Approved,66,purchase_101295,HOME,damaged_item
06/14/2026 01:50,$142.35,N,buyer_0551,$39.47,Y,refund_req_302228,agent_025,Approved,27,purchase_102228,FASHION,item_not_as_described
04/11/2026 20:05,$64.89,N,buyer_0017,$14.18,Y,refund_req_300838,agent_008,Approved,,purchase_100838,  CLOTHING  ,
06/20/2026 18:14,"$1,250.07",N,buyer_0568,"$1,105.73",N,refund_req_303034,agent_019,Approved,,purchase_103034,LUXURY,damaged_item
06/20/2026 16:16,$135.40,N,buyer_0179,$78.42,Y,refund_req_301983,agent_009,Approved,82,purchase_101983,BEAUTY,damaged_item
04/17/2026 16:11,"$1,421.77",N,buyer_0327,"$1,130.35",N,refund_req_303026,agent_030,Approved,30,purchase_103026,LUXURY,damaged_item
05/12/2026 06:04,"$1,789.64",Y,buyer_9903,"$1,851.03",N,refund_req_304883,agent_901,Approved,8,purchase_104883,  APPLIANCES  ,not_working
04/02/2026 22:49,$102.59,N,buyer_0022,$21.43,Y,refund_req_300748,agent_026,Rejected,75,purchase_100748,CLOTHING,changed_mind
04/26/2026 00:48,$429.16,N,buyer_0326,$340.79,N,refund_req_300249,agent_008,Approved,60,purchase_100249,HOME,item_not_as_described
05/22/2026 21:32,"$1,790.29",Y,buyer_0432,"$1,549.03",Y,refund_req_303883,agent_020,Approved,20,purchase_103883,  ELECTRONICS  ,
06/13/2026 16:48,$483.23,N,buyer_0086,$278.63,N,refund_req_302694,agent_004,Rejected,83,purchase_102694,FASHION,item_not_as_described
05/13/2026 07:03,$235.70,N,buyer_0534,$84.62,N,refund_req_302766,agent_023,Rejected,,purchase_102766,SPORTS,damaged_item
06/10/2026 01:13,$19.70,N,buyer_0114,$4.38,Y,refund_req_302786,agent_024,Approved,54,purchase_102786,BOOKS,wrong_item_received
04/03/2026 04:55,"$1,231.28",N,buyer_0226,"$1,044.88",Y,refund_req_302100,agent_030,Approved,64,purchase_102100,BOOKS,changed_mind
06/05/2026 20:04,"$1,412.57",N,buyer_9007,"$1,346.96",N,refund_req_304351,agent_013,Approved,26,purchase_104351,APPLIANCES,not_working
06/19/2026 21:24,$111.24,N,buyer_8003,$87.87,N,refund_req_304666,agent_803,Approved,7,purchase_104666,SPORTS,damaged_item
06/08/2026 17:48,"$1,068.28",N,buyer_0161,"$1,068.28",Y,refund_req_303333,agent_017,Approved,64,purchase_103333,FASHION,wrong_size
05/18/2026 07:19,$221.67,N,buyer_0269,$149.61,Y,refund_req_302551,agent_025,Approved,70,purchase_102551,APPLIANCES,not_working
06/12/2026 00:31,"$1,640.50",N,buyer_0130,"$1,640.50",Y,refund_req_303496,agent_009,Approved,12,purchase_103496,  APPLIANCES  ,not_working
06/13/2026 17:32,"$1,288.03",Y,buyer_9904,"$1,151.95",N,refund_req_304842,agent_902,Approved,4,purchase_104842,ELECTRONICS,item_not_as_described
06/04/2026 16:55,"$1,665.42",N,buyer_0390,"$1,359.76",,refund_req_303048,agent_003,Approved,36,purchase_103048,APPLIANCES,missing_part
04/21/2026 03:03,$58.70,N,buyer_0536,$28.26,N,refund_req_300300,agent_017,Rejected,75,purchase_100300,BOOKS,changed_mind
06/02/2026 14:40,$128.73,Y,buyer_8003,$125.23,Y,refund_req_304660,agent_803,Approved,6,purchase_104660,BEAUTY,damaged_item
05/06/2026 16:59,"$2,002.54",N,buyer_0326,$865.82,N,refund_req_301947,agent_022,Rejected,90,purchase_101947,ELECTRONICS,damaged_item
06/04/2026 02:50,$365.26,N,buyer_0364,$287.85,Y,refund_req_301424,agent_019,Approved,45,purchase_101424,ELECTRONICS, not_working 
05/29/2026 03:09,$45.95,N,buyer_0483,$20.50,Y,refund_req_302532,agent_006,Approved,68,purchase_102532,BOOKS,wrong_item_received
05/02/2026 05:41,"$1,093.76",Y,buyer_0262,$951.78,Y,refund_req_303917,agent_003,Approved,34,purchase_103917,ELECTRONICS,missing_accessory
05/15/2026 03:37,"$1,863.52",N,buyer_0318,"$1,162.37",N,refund_req_303222,agent_027, Approved ,32,purchase_103222, LUXURY ,changed_mind
05/22/2026 00:03,"$1,683.74",Y,buyer_9903,"$1,478.71",N,refund_req_304997,agent_901,  Approved  ,2,purchase_104997,ELECTRONICS,damaged_item
06/13/2026 07:16,$60.98,N,buyer_0307,$43.75,Y,refund_req_300069,agent_023,Approved,90,purchase_100069,HOME,damaged_item
05/08/2026 14:36,"$2,018.98",Y,buyer_0387,"$1,816.76",N,refund_req_304010,agent_001,Approved,33,purchase_104010,electronics,item_not_as_described
05/30/2026 14:50,$482.20,N,buyer_0194,$110.16,Y,refund_req_301094,agent_025,Approved,46,purchase_101094,FASHION,changed_mind
05/11/2026 13:02,$66.33,N,buyer_0272,$16.56,N,refund_req_300774,agent_030, Approved ,51,purchase_100774,BOOKS,wrong_item_received
06/01/2026 19:18,$626.53,N,buyer_0301,$326.75,,refund_req_301899,agent_009,Approved,23,purchase_101899,FASHION,wrong_size
06/11/2026 21:58,$565.86,N,buyer_9005,$416.33,Y,refund_req_304197,agent_013,Approved,43,purchase_104197,ELECTRONICS,not_working
04/16/2026 09:27,$38.00,N,buyer_0266,$32.23,Y,refund_req_300243,agent_019,Approved,64,purchase_100243,CLOTHING,wrong_size
05/29/2026 20:44,$544.12,N,buyer_0148,$309.03,N,refund_req_303745,agent_101,Approved,4,purchase_103745,FASHION,wrong_size
04/03/2026 05:56,$225.77,N,buyer_0436,$143.96,N,refund_req_301807,agent_015,Approved,41,purchase_101807,CLOTHING,wrong_size
05/05/2026 23:51,$507.29,N,buyer_0376,$128.66,Y,refund_req_302614,agent_009,Approved,23,purchase_102614,FASHION,item_not_as_described
06/15/2026 01:35,"$1,332.15",N,buyer_0253,"$1,035.74",N,refund_req_303117,agent_020,Approved,28,purchase_103117,APPLIANCES,not_working
05/19/2026 08:53,"$2,769.33",N,buyer_0565,$990.38,Y,refund_req_300779,agent_005,Rejected,58,purchase_100779,LUXURY,item_not_as_described
04/15/2026 10:15,$935.47,N,buyer_0160,$356.59,N,refund_req_301520,agent_022,Rejected,78,purchase_101520,HOME,item_not_as_described
05/08/2026 00:43,$143.08,N,buyer_0236,$117.48,Y,refund_req_303825,agent_101,Approved,4,purchase_103825,BEAUTY,
04/21/2026 17:55,"$1,812.15",N,buyer_0429,"$1,447.80",N,refund_req_303272,agent_027,Approved,12,purchase_103272,ELECTRONICS,  not_working  
06/11/2026 01:28,$329.68,N,buyer_0511,$288.28,N,refund_req_304534,agent_703,Approved,20,purchase_104534,FASHION,item_not_as_described
06/10/2026 20:59,$40.47,N,buyer_0461,$26.70,N,refund_req_300426,agent_004,Rejected,84,purchase_100426,CLOTHING,item_not_as_described
05/20/2026 20:02,"$1,195.39",N,buyer_0092,"$1,195.39",Y,refund_req_303527,agent_022,Approved,16,purchase_103527,FASHION,item_not_as_described
05/14/2026 03:52,$227.31,N,buyer_0118,$94.71,Y,refund_req_301583,agent_005,Approved,,purchase_101583,CLOTHING,item_not_as_described
05/11/2026 15:14,$945.28,N,buyer_0275,$309.76,N,refund_req_302359,agent_012,Rejected,54,purchase_102359,LUXURY,changed_mind
05/30/2026 03:14,$703.99,N,buyer_0496,$496.30,N,refund_req_304484,agent_701,Approved,24,purchase_104484,LUXURY,item_not_as_described
06/20/2026 12:54,"$1,063.12",N,buyer_0330,$335.07,Y,refund_req_301331,agent_028,Approved,76,purchase_101331,CLOTHING,
04/27/2026 03:56,$128.12,N,buyer_0539,$28.51,Y,refund_req_302942,agent_021,Approved,99,purchase_102942,BEAUTY,damaged_item
06/02/2026 02:03,"$1,650.11",Y,buyer_0598,"$1,084.54",N,refund_req_303931,agent_006,Approved,17,purchase_103931,APPLIANCES,missing_part
05/14/2026 18:44,"$1,308.70",N,buyer_0529,$287.06,Y,refund_req_300604,agent_028,Approved,34,purchase_100604,  LUXURY  ,damaged_item
06/04/2026 06:49,"$1,995.08",N,buyer_0404,"$1,995.08",N,refund_req_303318,agent_101,Approved,48,purchase_103318,ELECTRONICS,item_not_as_described
05/19/2026 01:59,$152.51,N,buyer_0209,$31.00,Y,refund_req_302264,agent_001,Rejected,43,purchase_102264,SPORTS,wrong_size
06/09/2026 05:47,$338.11,N,buyer_0429,$195.75,N,refund_req_300280,agent_030,Rejected,61,purchase_100280,SPORTS, damaged_item 
04/16/2026 21:30,$284.01,N,buyer_0277,$158.04,N,refund_req_302663,agent_005,rejected,45,purchase_102663,FASHION,item_not_as_described
04/10/2026 01:00,$939.11,Y,buyer_9904,$982.14,N,refund_req_304892,agent_902,Approved,7,purchase_104892,APPLIANCES,not_working
05/10/2026 07:56,"$1,741.02",N,buyer_0255,"$1,446.47",Y,refund_req_300309,agent_020,Approved,105,purchase_100309,APPLIANCES,damaged_item
06/15/2026 07:25,$911.21,N,buyer_0531,$659.54,N,refund_req_302888,agent_017,Approved,37,purchase_102888,HOME,item_not_as_described
06/15/2026 19:03,$254.59,Y,buyer_0149,$183.06,N,refund_req_300084,agent_028,Approved,54,purchase_100084,SPORTS,wrong_size
06/04/2026 16:17,$248.34,Y,buyer_8003,$197.19,N,refund_req_304630,agent_803,Approved,7,purchase_104630,FASHION,item_not_as_described
04/12/2026 07:55,"$1,288.97",N,buyer_9005,"$1,084.12",Y,refund_req_304181,agent_002,Approved,9,purchase_104181,SPORTS,item_not_as_described
04/27/2026 15:58,"$1,120.62",N,buyer_0203,$966.73,N,refund_req_303826,agent_102,Approved,1,purchase_103826, APPLIANCES ,missing_part
06/19/2026 00:03,"$1,545.81",N,buyer_0373,$744.29,N,refund_req_304586,agent_701,Approved,18,purchase_104586,ELECTRONICS,not_working
05/30/2026 01:57,$229.94,N,buyer_0086,$132.71,Y,refund_req_301970,agent_013,Approved,106,purchase_101970,SPORTS,wrong_size
04/16/2026 04:56,"$1,168.92",N,buyer_0060,$953.98,N,refund_req_303077,agent_023, Approved ,40,purchase_103077,APPLIANCES,not_working
06/19/2026 19:27,$69.74,N,buyer_0034,$45.59,Y,refund_req_300502,agent_017,Approved,36,purchase_100502,books,wrong_item_received
05/18/2026 11:08,$310.51,N,buyer_0102,$203.34,Y,refund_req_301933,agent_007,Approved,50,purchase_101933,FASHION,item_not_as_described
04/26/2026 04:46,$167.06,N,buyer_0172,$91.75,Y,refund_req_302188,agent_025,Approved,58,purchase_102188,HOME,damaged_item
05/12/2026 04:56,"$2,955.36",N,buyer_0346,"$2,306.84",N,refund_req_301367,agent_023,Approved,84,purchase_101367,LUXURY,damaged_item
05/03/2026 08:29,$60.07,N,buyer_0028,$31.76,Y,refund_req_300465,agent_026,Rejected,54,purchase_100465,SPORTS,wrong_size
04/28/2026 22:03,"$1,712.22",Y,buyer_0185,"$1,557.78",N,refund_req_304101,agent_016,Approved,34,purchase_104101,ELECTRONICS,item_not_as_described
05/07/2026 07:40,$374.40,N,buyer_0456,$94.99,N,refund_req_300723,agent_009,Approved,83,purchase_100723,APPLIANCES,missing_part
06/07/2026 01:24,$397.55,N,buyer_0038,$221.78,N,refund_req_302384,agent_024,Approved,50,purchase_102384,FASHION,changed_mind
04/07/2026 01:27,$29.37,N,buyer_0233,$12.56,Y,refund_req_301553,agent_005,Approved,98,purchase_101553,BEAUTY,allergic_reaction
05/10/2026 01:17,"$1,485.79",N,buyer_0342,$502.23,N,refund_req_300436,agent_002,Rejected,80,purchase_100436,APPLIANCES,damaged_item
05/17/2026 22:13,$365.09,N,buyer_8003,$326.80,,refund_req_304612,agent_803,Approved,8,purchase_104612,SPORTS,wrong_size
05/09/2026 15:44,$506.94,N,buyer_0536,$448.54,Y,refund_req_304580,agent_701, Approved ,22,purchase_104580,FASHION,changed_mind
05/20/2026 04:29,"$1,095.85",N,buyer_0010,$694.68,N,refund_req_302150,agent_027,Approved,85,purchase_102150,APPLIANCES,damaged_item
05/28/2026 02:07,$29.92,N,buyer_0031,$15.63,N,refund_req_302725,agent_004,Rejected,74,purchase_102725,BOOKS,changed_mind
05/21/2026 12:32,"$1,139.19",N,buyer_0096,$877.18,,refund_req_301064,agent_007,Approved,67,purchase_101064,CLOTHING,item_not_as_described
04/07/2026 09:41,"$1,243.36",N,buyer_0304,$661.73,N,refund_req_303788,agent_102,Approved,5,purchase_103788,LUXURY,changed_mind
04/14/2026 22:01,"$1,647.39",N,buyer_0004,"$1,482.50",N,refund_req_303028,agent_015,  Approved  ,11,purchase_103028,Appliances,damaged_item
05/31/2026 11:44,$464.55,N,buyer_0079,$95.85,Y,refund_req_300844,agent_009,Approved,53,purchase_100844,HOME,damaged_item
05/29/2026 11:45,"$2,154.98",N,buyer_0157,$583.31,Y,refund_req_302777,agent_020,Approved,65,purchase_102777,ELECTRONICS,
05/30/2026 21:34,"$2,343.86",N,buyer_0561,"$1,579.13",N,refund_req_303246,agent_002,Approved,34,purchase_103246,LUXURY,damaged_item
06/04/2026 17:31,$41.82,N,buyer_8003,$35.47,N,refund_req_304786,agent_803,Approved,24,purchase_104786,FASHION,item_not_as_described
05/01/2026 15:43,"$1,778.45",Y,buyer_0179,"$1,214.00",N,refund_req_303890,agent_027,Approved,16,purchase_103890,appliances,
05/04/2026 04:02,$148.83,N,buyer_0059,$49.56,N,refund_req_301303,agent_022,Approved,78,purchase_101303,SPORTS,damaged_item
04/05/2026 18:00,$333.74,N,buyer_0421,$218.68,Y,refund_req_302537,agent_030,Approved,91,purchase_102537,SPORTS,damaged_item
05/04/2026 23:42,$719.92,Y,buyer_8002,$473.32,Y,refund_req_304707,agent_802,Approved,14,purchase_104707,ELECTRONICS,not_working
05/19/2026 10:49,$249.66,N,buyer_0130,$179.23,Y,refund_req_302293,agent_003,Approved,43,purchase_102293,CLOTHING,item_not_as_described
06/19/2026 15:44,$21.01,N,buyer_0268,$15.51,Y,refund_req_300598,agent_029,Rejected,30,purchase_100598,BOOKS,wrong_item_received
04/27/2026 04:49,$809.92,N,buyer_9006,$763.53,N,refund_req_304150,agent_017,Approved,64,purchase_104150,ELECTRONICS,item_not_as_described
04/02/2026 14:09,$85.75,N,buyer_0482,$18.75,Y,refund_req_302180,agent_007,Approved,63,purchase_102180,BEAUTY,changed_mind
06/07/2026 16:00,"$1,966.27",N,buyer_0386,$840.41,,refund_req_302084,agent_004,Approved,84,purchase_102084, LUXURY ,
04/20/2026 18:47,$187.23,N,buyer_0276,$60.89,Y,refund_req_300731,agent_021,Approved,97,purchase_100731, CLOTHING ,item_not_as_described
05/22/2026 13:21,$252.20,N,buyer_0562,$107.88,N,refund_req_301886,agent_004,approved,86,purchase_101886,FASHION,changed_mind
05/07/2026 22:07,$166.17,N,buyer_0322,$100.28,Y,refund_req_301575,agent_003,Approved,55,purchase_101575,BEAUTY,damaged_item
06/13/2026 19:51,$311.34,N,buyer_9004,$220.72,N,refund_req_304348,agent_008,Approved,31,purchase_104348,HOME,damaged_item
05/29/2026 11:24,$128.10,N,buyer_0003,$67.45,Y,refund_req_302399,agent_015,Approved,76,purchase_102399,CLOTHING,changed_mind
04/28/2026 00:25,$15.19,N,buyer_0405,$4.37,Y,refund_req_300589,agent_023, Approved ,41,purchase_100589,BOOKS,changed_mind
05/01/2026 04:22,$18.92,N,buyer_0467,$12.65,N,refund_req_302859,agent_024, Rejected ,78,purchase_102859,BOOKS,
05/30/2026 13:44,$478.45,N,buyer_0533,$318.57,Y,refund_req_300709,agent_028,Approved,94,purchase_100709,HOME,damaged_item
05/22/2026 16:28,$146.77,N,buyer_0546,$56.38,N,refund_req_302757,agent_018,Rejected,67,purchase_102757,CLOTHING,changed_mind
04/20/2026 11:46,$188.61,N,buyer_0241,$63.40,N,refund_req_301732,agent_005,Approved,110,purchase_101732,HOME,item_not_as_described
05/19/2026 16:36,"$1,285.18",N,buyer_0241,$652.87,Y,refund_req_302693,agent_024,Approved,49,purchase_102693,APPLIANCES,missing_part
05/30/2026 12:27,$407.71,N,buyer_0251,$321.02,Y,refund_req_301210,agent_013,Approved,57,purchase_101210,SPORTS,item_not_as_described
05/09/2026 05:54,"$1,723.73",N,buyer_0047,$641.27,Y,refund_req_300136,agent_003,Approved,67,purchase_100136,Electronics,not_working
04/14/2026 19:29,"$2,009.02",N,buyer_0268,$507.31,Y,refund_req_302197,agent_003,REJECTED,,purchase_102197,ELECTRONICS,missing_accessory
06/01/2026 05:56,"$1,401.72",N,buyer_0551,$906.35,N,refund_req_304417,agent_703,Approved,,purchase_104417,ELECTRONICS,missing_accessory
04/11/2026 00:45,$691.47,N,buyer_0049,$230.19,Y,refund_req_302773,agent_022,Approved,84,purchase_102773,LUXURY,damaged_item
04/30/2026 12:31,$159.22,N,buyer_0112,$102.33,N,refund_req_302899,agent_024, Rejected ,68,purchase_102899,BEAUTY,damaged_item
04/13/2026 06:26,$75.00,N,buyer_0221,$52.80,N,refund_req_302135,agent_006,Rejected,60,purchase_102135,CLOTHING,wrong_size
04/06/2026 01:52,$22.63,N,buyer_0570,$18.33,Y,refund_req_302753,agent_013,Approved,84,purchase_102753,BEAUTY,allergic_reaction
04/07/2026 20:57,"$1,202.87",Y,buyer_9904,"$1,041.23",N,refund_req_304972,agent_902,Approved,6,purchase_104972,ELECTRONICS,not_working
06/15/2026 07:16,"$1,180.76",N,buyer_0493,$302.47,Y,refund_req_302006,agent_011,Approved,,purchase_102006,CLOTHING, wrong_size 
05/30/2026 12:10,$521.34,N,buyer_0327,$434.79,Y,refund_req_300138,agent_011,Approved,52,purchase_100138,HOME, item_not_as_described 
04/01/2026 21:36,"$1,621.15",N,buyer_0411,"$1,203.60",N,refund_req_302326,agent_001,Rejected,71,purchase_102326,APPLIANCES,damaged_item
05/28/2026 23:49,$146.26,N,buyer_9002,$127.23,Y,refund_req_304234,agent_005,Approved,60,purchase_104234,CLOTHING,item_not_as_described
05/01/2026 02:09,$73.99,N,buyer_0028,$31.60,N,refund_req_302712,agent_029,Approved,46,purchase_102712,BOOKS,  damaged_item  
04/29/2026 07:34,"$1,757.55",N,buyer_0056,"$1,164.36",Y,refund_req_302561,agent_016,Rejected,123,purchase_102561, APPLIANCES ,damaged_item
04/14/2026 21:05,$48.26,N,buyer_0465,$23.88,Y,refund_req_301684,agent_018,Rejected,,purchase_101684,BOOKS,damaged_item
04/11/2026 05:11,$352.43,N,buyer_0040,$272.47,N,refund_req_302003,agent_029,Rejected,25,purchase_102003,HOME,missing_part
05/09/2026 03:00,"$1,052.26",N,buyer_0026,$567.68,,refund_req_304421,agent_701,Approved,26,purchase_104421,Clothing,changed_mind
05/23/2026 18:21,$48.41,N,buyer_0546,$19.68,N,refund_req_300417,agent_018,Rejected,66,purchase_100417,CLOTHING,changed_mind
05/13/2026 13:33,$649.24,N,buyer_0248,$565.65,Y,refund_req_303687,agent_103,Approved,4,purchase_103687,Fashion,changed_mind
06/16/2026 23:29,$122.56,N,buyer_9001,$91.11,N,refund_req_304345,agent_007,Approved,17,purchase_104345,SPORTS,item_not_as_described
04/14/2026 07:04,"$1,183.99",N,buyer_0504,"$1,183.99",N,refund_req_303488,agent_013,Approved,21,purchase_103488,APPLIANCES,not_working
05/04/2026 15:19,$18.80,N,buyer_0069,$8.59,Y,refund_req_302768,agent_011,Approved,75,purchase_102768,BOOKS,
04/17/2026 11:44,"$2,242.95",N,buyer_0508,$922.25,N,refund_req_300747,agent_018,Rejected,64,purchase_100747,LUXURY,damaged_item
04/23/2026 22:08,"$1,063.17",N,buyer_0250,$785.59,Y,refund_req_302168,agent_014,Approved,69,purchase_102168,BOOKS,damaged_item
05/21/2026 16:12,$35.31,Y,buyer_0387,$24.19,N,refund_req_301961,agent_014,Rejected,61,purchase_101961,Beauty,allergic_reaction
05/30/2026 07:29,"$1,730.23",N,buyer_0003,"$1,214.95",Y,refund_req_302782,agent_019,Rejected,67,purchase_102782,APPLIANCES,missing_part
05/14/2026 10:35,$429.21,N,buyer_0037,$102.93,Y,refund_req_302069,agent_019,Approved,75,purchase_102069,FASHION,changed_mind
04/05/2026 04:02,$94.30,N,buyer_0495,$77.38,Y,refund_req_301690,agent_002,Rejected,,purchase_101690,CLOTHING,changed_mind
06/14/2026 00:15,"$1,582.72",N,buyer_0425,"$1,383.06",Y,refund_req_303644,agent_102,Approved,5,purchase_103644,ELECTRONICS,missing_accessory
05/17/2026 22:09,$216.35,N,buyer_0068,$183.61,Y,refund_req_303577,agent_103,Approved,4,purchase_103577,ELECTRONICS,item_not_as_described
04/13/2026 20:05,"$1,893.73",N,buyer_8001,"$1,472.89",Y,refund_req_304670,agent_801,Approved,21,purchase_104670,ELECTRONICS,item_not_as_described
04/26/2026 11:32,"$2,021.92",Y,buyer_9006,"$1,388.33",Y,refund_req_304238,agent_004,Approved,39,purchase_104238,LUXURY,item_not_as_described
04/07/2026 13:34,$447.26,N,buyer_0477,$177.28,Y,refund_req_301589,agent_003,Rejected,56,purchase_101589,SPORTS,wrong_size
04/08/2026 22:46,$145.76,N,buyer_0054,$89.91,Y,refund_req_302358,agent_022,Approved,90,purchase_102358,SPORTS,item_not_as_described
05/01/2026 20:19,$328.67,N,buyer_0273,$137.74,Y,refund_req_300704,agent_025,Approved,76,purchase_100704,Fashion,changed_mind
04/22/2026 02:04,$84.42,N,buyer_0267,$50.12,Y,refund_req_303670,agent_103,Approved,3,purchase_103670,BOOKS,changed_mind
06/03/2026 15:15,"$2,593.25",N,buyer_0387,"$1,081.94",Y,refund_req_301507,agent_015,Approved,36,purchase_101507,LUXURY,changed_mind
05/25/2026 20:34,$324.65,N,buyer_0099,$168.25,N,refund_req_300582,agent_012,Rejected,42,purchase_100582,HOME,item_not_as_described
04/14/2026 16:38,"$1,058.04",N,buyer_0328,"$1,058.04",Y,refund_req_303309,agent_004,Approved,,purchase_103309,fashion, wrong_size 
05/30/2026 00:44,$239.03,N,buyer_0260,$136.71,N,refund_req_300949,agent_023,Approved,118,purchase_100949,ELECTRONICS,item_not_as_described
04/13/2026 08:04,"$1,065.76",Y,buyer_0268,$891.30,N,refund_req_303265,agent_010,Approved,40,purchase_103265,ELECTRONICS,item_not_as_described
04/14/2026 05:12,"$2,254.00",N,buyer_9008,"$1,783.79",N,refund_req_304320,agent_021,Approved,60,purchase_104320,LUXURY,changed_mind
06/13/2026 03:20,$163.52,N,buyer_0292,$66.48,Y,refund_req_300330,agent_004,Approved,55,purchase_100330,BEAUTY,damaged_item
04/15/2026 07:22,"$2,156.29",Y,buyer_0285,"$1,530.58",N,refund_req_303225,agent_102,Approved,18,purchase_103225,ELECTRONICS,  damaged_item  
04/26/2026 13:19,$931.86,Y,buyer_0274,$671.06,N,refund_req_304067,agent_101,Approved,24,purchase_104067,APPLIANCES,not_working
06/02/2026 11:34,$27.40,N,buyer_0211,$14.29,N,refund_req_300835,agent_022,Approved,57,purchase_100835,BEAUTY,damaged_item
06/13/2026 14:39,"$1,646.04",N,buyer_0223,"$1,646.04",Y,refund_req_303332,agent_009,Approved,42,purchase_103332,ELECTRONICS,not_working
05/18/2026 11:55,"$2,101.11",N,buyer_0265,"$1,806.80",N,refund_req_303237,agent_030,Approved,17,purchase_103237,ELECTRONICS,item_not_as_described
04/19/2026 17:33,"$1,632.61",N,buyer_0386,$436.83,Y,refund_req_300236,agent_025,Approved,86,purchase_100236,ELECTRONICS,item_not_as_described
05/27/2026 17:56,"$1,039.19",N,buyer_0420,"$1,039.19",Y,refund_req_303415,agent_016,Approved,37,purchase_103415,APPLIANCES,not_working
04/09/2026 22:24,$164.75,N,buyer_9008,$103.27,Y,refund_req_304280,agent_012,Approved,29,purchase_104280,BEAUTY,allergic_reaction
06/02/2026 16:33,$948.76,Y,buyer_0173,$841.00,,refund_req_303202,agent_016,Approved,18,purchase_103202,APPLIANCES,damaged_item
05/11/2026 20:44,"$1,103.17",N,buyer_0177,$505.95,Y,refund_req_301798,agent_013,Approved,58,purchase_101798,HOME,damaged_item
05/13/2026 20:58,$594.47,N,buyer_0009,$316.17,N,refund_req_302253,agent_016,Approved,92,purchase_102253,APPLIANCES,missing_part
04/16/2026 09:01,"$1,166.95",N,buyer_0382,$835.87,N,refund_req_303256,agent_025,Approved,28,purchase_103256,APPLIANCES,not_working
04/22/2026 03:44,"$1,008.74",N,buyer_0286,"$1,008.74",N,refund_req_303534,agent_009,Approved,55,purchase_103534,FASHION,changed_mind
05/17/2026 21:19,$223.17,N,buyer_0132,$180.82,,refund_req_301313,agent_004,Rejected,62,purchase_101313,CLOTHING,wrong_size
05/31/2026 13:59,$177.84,N,buyer_0465,$63.44,Y,refund_req_301377,agent_017,Approved,41,purchase_101377,CLOTHING,wrong_size
04/22/2026 20:44,$813.26,N,buyer_0537,$356.68,Y,refund_req_300740,agent_006, Approved ,62,purchase_100740,LUXURY,item_not_as_described
04/04/2026 13:24,$285.71,N,buyer_0403,$179.72,N,refund_req_301677,agent_008,Rejected,53,purchase_101677,SPORTS,damaged_item
05/29/2026 05:48,$583.04,N,buyer_0325,$270.62,Y,refund_req_300803,agent_016, Approved ,56,purchase_100803,HOME,missing_part
06/06/2026 00:05,"$1,655.50",Y,buyer_9904,"$1,449.93",N,refund_req_304850,agent_902,Approved,2,purchase_104850,ELECTRONICS,not_working
05/21/2026 14:29,$67.68,N,buyer_8002,$45.44,Y,refund_req_304668,agent_802,Approved,10,purchase_104668,SPORTS,item_not_as_described
05/13/2026 20:32,$752.86,N,buyer_0167,$594.59,Y,refund_req_302310,agent_029,Rejected,59,purchase_102310,ELECTRONICS,damaged_item
05/03/2026 10:48,"$2,011.57",N,buyer_0208,"$1,555.74",N,refund_req_300218,agent_014,Approved,,purchase_100218,ELECTRONICS,missing_accessory
05/11/2026 17:32,$945.63,Y,buyer_0043,$235.58,Y,refund_req_301697,agent_019,Approved,59,purchase_101697,APPLIANCES,not_working
05/03/2026 15:10,"$1,186.86",N,buyer_0091,$880.89,Y,refund_req_302966,agent_020,Approved,77,purchase_102966,BOOKS,wrong_item_received
05/02/2026 06:38,"$2,095.47",N,buyer_0049,"$1,295.51",N,refund_req_302276,agent_022,Approved,61,purchase_102276,ELECTRONICS,missing_accessory
05/03/2026 18:09,$933.59,Y,buyer_8003,$729.56,,refund_req_304789,agent_803,Approved,5,purchase_104789,ELECTRONICS,missing_accessory
05/10/2026 08:13,"$1,107.63",N,buyer_0092,$795.72,N,refund_req_300699,agent_025,Rejected,,purchase_100699,APPLIANCES,not_working
05/06/2026 18:27,$118.99,N,buyer_9006,$85.84,N,refund_req_304286,agent_025,Approved,32,purchase_104286,CLOTHING, wrong_size 
05/06/2026 07:23,$63.98,N,buyer_0199,$16.73,,refund_req_300524,agent_017,Rejected,64,purchase_100524,CLOTHING,changed_mind
05/28/2026 16:37,$697.65,N,buyer_0135,$474.97,N,refund_req_302337,agent_014,Rejected,77,purchase_102337,APPLIANCES,damaged_item
04/02/2026 17:01,$444.18,N,buyer_0232,$371.76,N,refund_req_300077,agent_025,  Rejected  ,49,purchase_100077,HOME,missing_part
04/30/2026 16:00,"$2,410.34",Y,buyer_0439,"$1,595.81",N,refund_req_304088,agent_028,Approved,24,purchase_104088,LUXURY,
05/25/2026 03:55,$241.63,N,buyer_0345,$125.26,Y,refund_req_300145,agent_019,Approved,,purchase_100145,SPORTS,wrong_size
04/29/2026 15:04,"$1,639.28",N,buyer_0123,"$1,196.14",N,refund_req_303100,agent_022,Approved,12,purchase_103100,ELECTRONICS,item_not_as_described
04/16/2026 06:03,$300.70,N,buyer_0209,$175.93,Y,refund_req_301463,agent_005,Approved,59,purchase_101463,SPORTS,item_not_as_described
05/13/2026 22:03,$312.83,N,buyer_0447,$81.12,Y,refund_req_300058,agent_019,Approved,53,purchase_100058,HOME,item_not_as_described
06/08/2026 10:26,$396.31,N,buyer_0326,$278.46,N,refund_req_300967,agent_005,Rejected,90,purchase_100967,APPLIANCES,missing_part
05/12/2026 07:04,$257.13,N,buyer_0005,$187.93,Y,refund_req_302951,agent_027,Approved,77,purchase_102951,  CLOTHING  ,wrong_size
05/03/2026 11:33,"$2,422.58",Y,buyer_9902,"$2,330.32",N,refund_req_304953,agent_901,Approved,6,purchase_104953,LUXURY,item_not_as_described
04/02/2026 19:38,$135.07,N,buyer_0110,$32.72,Y,refund_req_301117,agent_026,Approved,37,purchase_101117,HOME,damaged_item
05/01/2026 22:48,"$1,719.88",N,buyer_0222,$398.10,Y,refund_req_301880,agent_001,Rejected,53,purchase_101880,LUXURY,item_not_as_described
05/27/2026 18:49,$68.82,Y,buyer_0315,$51.86,Y,refund_req_302851,agent_028,Approved,44,purchase_102851,BOOKS,wrong_item_received
05/10/2026 15:19,"$1,260.78",Y,buyer_9903,"$1,203.40",N,refund_req_304955,agent_901,Approved,7,purchase_104955,ELECTRONICS,item_not_as_described
06/14/2026 19:20,"$1,402.95",N,buyer_0482,$621.01,Y,refund_req_300120,agent_013,APPROVED,44,purchase_100120,ELECTRONICS,not_working
05/17/2026 03:47,$686.08,N,buyer_0273,$166.10,Y,refund_req_301427,agent_001,Approved,38,purchase_101427,APPLIANCES,not_working
04/07/2026 18:38,"$1,060.18",N,buyer_0558,$884.15,Y,refund_req_302002,agent_030,Approved,36,purchase_102002,Sports,item_not_as_described
06/01/2026 14:07,$375.30,N,buyer_9006,$213.19,Y,refund_req_304278,agent_012,Approved,53,purchase_104278,HOME,missing_part
06/07/2026 15:28,"$1,089.60",N,buyer_0326,$872.80,N,refund_req_303145,agent_007,Approved,12,purchase_103145,APPLIANCES,missing_part
06/01/2026 15:07,"$1,050.87",N,buyer_0196,$623.41,Y,refund_req_300174,agent_018,Approved,53,purchase_100174,CLOTHING,item_not_as_described
06/12/2026 19:39,"$1,520.86",N,buyer_0189,"$1,520.86",N,refund_req_303549,agent_022,Approved,11,purchase_103549,appliances,not_working
06/15/2026 09:13,"$1,206.21",N,buyer_0406,$627.17,Y,refund_req_301145,agent_013,Approved,56,purchase_101145,BOOKS,changed_mind
04/09/2026 00:00,$90.00,N,buyer_0190,$57.14,N,refund_req_302597,agent_023,Rejected,38,purchase_102597,BOOKS,changed_mind
05/07/2026 11:38,$231.97,N,buyer_0411,$104.61,N,refund_req_302918,agent_030,Approved,106,purchase_102918,SPORTS,item_not_as_described
04/09/2026 00:51,$288.15,N,buyer_9002,$287.22,Y,refund_req_304346,agent_022,Approved,11,purchase_104346,HOME,damaged_item
06/02/2026 22:06,"$1,558.05",N,buyer_0069,"$1,307.91",N,refund_req_303075,agent_004,Approved,34,purchase_103075,APPLIANCES,not_working
05/29/2026 15:37,$979.94,N,buyer_0428,$741.37,N,refund_req_303061,agent_022,Approved,28,purchase_103061,LUXURY,damaged_item
06/01/2026 09:10,"$1,278.90",N,buyer_0407,$445.88,Y,refund_req_302331,agent_018, Approved ,44,purchase_102331,LUXURY,item_not_as_described
04/20/2026 15:35,"$1,058.15",N,buyer_0187,"$1,058.15",,refund_req_303492,agent_015,Approved,,purchase_103492,FASHION,changed_mind
04/12/2026 19:37,$904.68,N,buyer_0100,$526.41,Y,refund_req_301274,agent_012,Approved,50,purchase_101274,BEAUTY,changed_mind
06/14/2026 05:30,"$2,885.05",N,buyer_0552,"$1,208.15",N,refund_req_301668,agent_027,Approved,80,purchase_101668,LUXURY,damaged_item
06/15/2026 17:32,"$1,697.76",Y,buyer_0231,"$1,582.22",N,refund_req_303930,agent_002,Approved,,purchase_103930,APPLIANCES,damaged_item
06/09/2026 11:07,$88.01,N,buyer_0415,$20.67,Y,refund_req_301718,agent_028,Approved,41,purchase_101718,SPORTS,item_not_as_described
05/11/2026 07:33,"$2,053.99",N,buyer_8002,"$1,550.97",N,refund_req_304752,agent_802,Approved,18,purchase_104752,ELECTRONICS,item_not_as_described
06/18/2026 02:41,"$1,600.35",Y,buyer_0341,"$1,173.31",N,refund_req_300562,agent_030,Rejected,86,purchase_100562,APPLIANCES,missing_part
06/17/2026 15:22,"$1,719.42",N,buyer_0097,"$1,136.09",N,refund_req_301517,agent_006,Rejected,86,purchase_101517,LUXURY,item_not_as_described
04/13/2026 17:22,$387.78,N,buyer_0509,$299.97,Y,refund_req_302052,agent_007,Approved,51,purchase_102052,FASHION,item_not_as_described
05/04/2026 08:52,"$1,186.52",N,buyer_0379,$756.89,Y,refund_req_302979,agent_006,Rejected,73,purchase_102979,HOME,missing_part
04/29/2026 13:02,"$1,441.34",N,buyer_0559,"$1,180.85",N,refund_req_303192,agent_002,Approved,38,purchase_103192,  ELECTRONICS  ,missing_accessory
04/13/2026 21:34,"$1,754.46",Y,buyer_0025,"$1,478.03",Y,refund_req_303924,agent_014,  Approved  ,19,purchase_103924,appliances,damaged_item
05/25/2026 19:31,$455.59,N,buyer_0050,$348.13,Y,refund_req_300974,agent_014,Approved,57,purchase_100974,LUXURY,damaged_item
05/03/2026 16:22,$53.94,N,buyer_0277,$27.58,Y,refund_req_303666,agent_102,Approved,4,purchase_103666,HOME,damaged_item
04/01/2026 20:16,$143.65,N,buyer_0542,$83.08,N,refund_req_300872,agent_014,Rejected,49,purchase_100872,HOME,damaged_item
04/07/2026 21:52,$75.37,Y,buyer_0051,$53.54,Y,refund_req_301293,agent_012,Approved,67,purchase_101293,BOOKS,changed_mind
05/07/2026 06:47,"$1,807.15",Y,buyer_9905,"$1,622.05",N,refund_req_304884,agent_902,Approved,7,purchase_104884,luxury, changed_mind 
05/16/2026 02:54,$905.48,N,buyer_8003,$545.95,N,refund_req_304768,agent_803,Approved,17,purchase_104768,BEAUTY,
06/05/2026 11:29,$212.47,N,buyer_0546,$58.74,Y,refund_req_300445,agent_009,Approved,93,purchase_100445,SPORTS,
04/11/2026 11:39,"$2,062.12",Y,buyer_0014,"$2,042.90",N,refund_req_303938,agent_017,Approved,31,purchase_103938,LUXURY,damaged_item
04/11/2026 03:35,$247.87,N,buyer_0376,$54.79,Y,refund_req_300127,agent_008,  Approved  ,72,purchase_100127,CLOTHING,  changed_mind  
05/06/2026 05:25,$155.08,N,buyer_0143,$75.80,Y,refund_req_300769,agent_007,Approved,79,purchase_100769,CLOTHING,wrong_size
04/05/2026 16:01,$100.96,N,buyer_0141,$40.20,Y,refund_req_300886,agent_030,Approved,51,purchase_100886,BEAUTY,changed_mind
06/09/2026 04:03,"$2,632.13",N,buyer_0319,"$1,808.55",Y,refund_req_302201,agent_011,Approved,67,purchase_102201,LUXURY,damaged_item
05/30/2026 21:56,$126.19,N,buyer_0287,$74.43,N,refund_req_302900,agent_030,Approved,46,purchase_102900,HOME,damaged_item
04/25/2026 18:31,$317.38,N,buyer_0457,$219.96,N,refund_req_302662,agent_005,Approved,41,purchase_102662,APPLIANCES,missing_part
04/30/2026 00:36,"$1,029.53",Y,buyer_0280,$493.42,Y,refund_req_302977,agent_002,Approved,50,purchase_102977,APPLIANCES,damaged_item
06/14/2026 06:29,$401.22,N,buyer_8003,$268.55,,refund_req_304651,agent_803,Approved,24,purchase_104651,SPORTS,wrong_size
06/10/2026 06:02,"$2,144.96",Y,buyer_9905,"$1,851.10",N,refund_req_304984,agent_902,Approved,9,purchase_104984,ELECTRONICS,missing_accessory
04/24/2026 03:40,"$2,539.87",N,buyer_0532,"$1,663.07",Y,refund_req_302333,agent_006,Approved,64,purchase_102333,LUXURY,changed_mind
06/12/2026 05:13,$176.79,N,buyer_0159,$47.79,N,refund_req_300092,agent_007,Rejected,72,purchase_100092,  FASHION  ,changed_mind
06/09/2026 00:54,"$2,139.72",N,buyer_0350,"$1,840.04",N,refund_req_303138,agent_001,Approved,43,purchase_103138,LUXURY,changed_mind
05/03/2026 23:02,$18.60,N,buyer_0248,$14.24,Y,refund_req_302959,agent_023,Approved,81,purchase_102959,BOOKS,damaged_item
04/22/2026 15:11,$75.38,N,buyer_0149,$56.12,Y,refund_req_300467,agent_003,Approved,,purchase_100467,BOOKS, damaged_item 
05/14/2026 09:08,$937.62,N,buyer_0017,$602.19,N,refund_req_303269,agent_103,Approved,9,purchase_103269,APPLIANCES,not_working
05/03/2026 14:06,$8.63,N,buyer_0058,$1.86,N,refund_req_301440,agent_020,  Rejected  ,114,purchase_101440,BOOKS,wrong_item_received
06/08/2026 16:01,"$1,609.31",Y,buyer_0184,"$1,186.71",N,refund_req_303964,agent_015,Approved,35,purchase_103964,ELECTRONICS,item_not_as_described
04/07/2026 18:56,$54.40,N,buyer_0436,$50.29,Y,refund_req_303615,agent_103,Approved,1,purchase_103615,FASHION,changed_mind
04/23/2026 08:43,"$1,180.37",Y,buyer_9905,"$1,238.29",,refund_req_304964,agent_902,Approved,9,purchase_104964,LUXURY,item_not_as_described
06/18/2026 08:29,"$1,891.02",Y,buyer_0318,"$1,563.24",N,refund_req_304107,agent_008,Approved,20,purchase_104107,ELECTRONICS,damaged_item
06/03/2026 18:58,$135.63,N,buyer_0035,$76.85,Y,refund_req_301854,agent_028,Approved,97,purchase_101854,BEAUTY, allergic_reaction 
04/08/2026 19:51,"$2,217.69",N,buyer_0203,"$2,099.36",N,refund_req_303104,agent_103,Approved,22,purchase_103104,LUXURY,item_not_as_described
04/24/2026 00:39,$30.16,N,buyer_0263,$13.87,N,refund_req_300401,agent_008,Rejected,,purchase_100401,BEAUTY,
06/20/2026 20:47,"$2,056.43",Y,buyer_8003,"$1,875.51",N,refund_req_304603,agent_803,Approved,16,purchase_104603,ELECTRONICS,damaged_item
05/09/2026 13:34,$369.45,N,buyer_0041,$303.14,Y,refund_req_301027,agent_020,  Approved  ,65,purchase_101027,FASHION,wrong_size
04/09/2026 17:57,"$1,272.96",N,buyer_9006,"$1,174.14",N,refund_req_304158,agent_102,Approved,20,purchase_104158,CLOTHING,wrong_size
06/04/2026 20:35,$413.91,Y,buyer_0082,$230.56,Y,refund_req_302205,agent_025,Approved,42,purchase_102205,ELECTRONICS,damaged_item
05/15/2026 01:23,"$1,060.94",N,buyer_9005,$599.55,N,refund_req_304229,agent_026,Approved,27,purchase_104229,Books,damaged_item
04/27/2026 01:59,"$1,156.93",N,buyer_0230,$919.55,N,refund_req_304568,agent_701,Approved,11,purchase_104568,APPLIANCES,missing_part
04/03/2026 16:23,$615.01,N,buyer_0535,$369.28,N,refund_req_302987,agent_023,Approved,70,purchase_102987,FASHION,item_not_as_described
04/19/2026 17:20,"$2,959.09",N,buyer_0503,"$2,483.34",N,refund_req_304551,agent_702,approved,20,purchase_104551,LUXURY,damaged_item
05/24/2026 18:55,$916.60,N,buyer_0048,$272.74,N,refund_req_300232,agent_008,Rejected,39,purchase_100232,ELECTRONICS,item_not_as_described
05/17/2026 06:51,$451.15,N,buyer_0238,$195.72,N,refund_req_300354,agent_023,Approved,89,purchase_100354,FASHION,
04/06/2026 06:43,$101.06,N,buyer_0158,$85.49,Y,refund_req_300511,agent_006, Approved ,73,purchase_100511,HOME,missing_part
05/03/2026 06:04,$328.80,N,buyer_0328,$150.49,N,refund_req_301931,agent_027,Approved,48,purchase_101931,HOME,damaged_item
06/20/2026 03:39,$367.08,N,buyer_9001,$253.85,N,refund_req_304121,agent_006,Approved,63,purchase_104121,HOME,
06/16/2026 04:18,$968.24,N,buyer_0585,$303.28,Y,refund_req_301415,agent_016,Approved,105,purchase_101415,LUXURY,damaged_item
05/06/2026 16:44,"$2,421.64",Y,buyer_9901,"$2,444.96",N,refund_req_304871,agent_901,Approved,5,purchase_104871,LUXURY,item_not_as_described
04/27/2026 13:33,"$1,372.77",N,buyer_0073,$357.14,Y,refund_req_300580,agent_024,Approved,89,purchase_100580,ELECTRONICS,item_not_as_described
04/14/2026 20:31,$26.17,N,buyer_0021,$17.18,Y,refund_req_302498,agent_018,Approved,71,purchase_102498,SPORTS,item_not_as_described
05/18/2026 04:33,"$2,071.91",Y,buyer_9905,"$2,038.50",N,refund_req_304994,agent_902,  approved  ,5,purchase_104994,LUXURY,item_not_as_described
05/05/2026 16:31,$77.41,N,buyer_0413,$61.68,Y,refund_req_303581,agent_102,Approved,1,purchase_103581,BOOKS,wrong_item_received
06/16/2026 09:47,$594.91,N,buyer_0254,$321.63,,refund_req_300106,agent_002,Approved,84,purchase_100106,HOME,missing_part
04/28/2026 03:56,"$2,449.46",N,buyer_0436,"$2,449.46",Y,refund_req_303369,agent_006,Approved,30,purchase_103369,LUXURY,changed_mind
04/22/2026 08:22,$42.22,N,buyer_0525,$35.38,Y,refund_req_301212,agent_012,Rejected,69,purchase_101212,SPORTS,damaged_item
04/13/2026 06:10,"$1,295.45",N,buyer_0292,$627.48,N,refund_req_300807,agent_013,Approved,44,purchase_100807,APPLIANCES,not_working
05/29/2026 00:40,$33.25,N,buyer_0031,$30.65,Y,refund_req_304504,agent_703,Approved,14,purchase_104504,BOOKS,wrong_item_received
06/12/2026 03:12,"$2,962.34",N,buyer_0211,"$1,031.20",N,refund_req_302624,agent_010,Rejected,51,purchase_102624,LUXURY,damaged_item
05/18/2026 06:40,$130.24,N,buyer_0202,$103.31,N,refund_req_301002,agent_021,  Rejected  ,69,purchase_101002,CLOTHING,item_not_as_described
04/03/2026 19:21,"$1,220.12",N,buyer_0460,"$1,220.12",Y,refund_req_303368,agent_026,Approved,,purchase_103368,APPLIANCES,  missing_part  
04/07/2026 01:18,"$2,970.26",Y,buyer_9902,"$2,856.42",N,refund_req_304887,agent_901,Approved,2,purchase_104887,LUXURY,damaged_item
04/28/2026 09:15,"$1,496.37",N,buyer_0140,"$1,199.48",N,refund_req_301393,agent_015,Rejected,122,purchase_101393,ELECTRONICS,damaged_item
05/05/2026 22:27,$332.03,N,buyer_0289,$269.15,Y,refund_req_301806,agent_013,Approved,56,purchase_101806,HOME,damaged_item
05/31/2026 21:07,"$1,146.03",N,buyer_0422,$485.87,Y,refund_req_301333,agent_025,Approved,76,purchase_101333,APPLIANCES,damaged_item
04/18/2026 02:48,"$1,497.06",N,buyer_0583,$916.49,N,refund_req_302241,agent_012,Rejected,85,purchase_102241,ELECTRONICS,  missing_accessory  
05/27/2026 00:18,$259.16,N,buyer_0516,$140.66,N,refund_req_301797,agent_011,Approved,57,purchase_101797,FASHION,wrong_size
04/14/2026 08:31,"$1,046.83",N,buyer_0545,$455.43,N,refund_req_301459,agent_002,Approved,111,purchase_101459,APPLIANCES,not_working
04/22/2026 20:20,$34.43,N,buyer_0251,$19.09,,refund_req_302148,agent_008,Approved,59,purchase_102148,CLOTHING,wrong_size
05/26/2026 21:57,$144.52,N,buyer_0087,$50.53,Y,refund_req_300659,agent_005,Approved,99,purchase_100659,CLOTHING,changed_mind
04/14/2026 07:26,"$1,514.57",N,buyer_0539,"$1,278.51",N,refund_req_302470,agent_016,Rejected,96,purchase_102470,Appliances,missing_part
05/23/2026 15:35,$137.14,N,buyer_0033,$88.50,N,refund_req_302149,agent_006,  Approved  ,,purchase_102149,BEAUTY,damaged_item
05/12/2026 14:22,$120.42,N,buyer_8002,$82.49,N,refund_req_304704,agent_802, Approved ,21,purchase_104704,BEAUTY,damaged_item
06/15/2026 12:46,$218.68,N,buyer_0385,$112.99,Y,refund_req_301209,agent_013,Approved,88,purchase_101209,APPLIANCES,  missing_part  
05/30/2026 07:31,$91.27,N,buyer_0406,$23.86,Y,refund_req_300976,agent_024,Approved,57,purchase_100976,FASHION,changed_mind
06/10/2026 02:48,"$1,250.90",N,buyer_0227,$716.19,Y,refund_req_301639,agent_025,Approved,43,purchase_101639,CLOTHING,wrong_size
04/13/2026 16:21,$994.29,N,buyer_0564,$994.29,Y,refund_req_303428,agent_022,Approved,37,purchase_103428,Appliances,missing_part
06/06/2026 04:37,$258.48,N,buyer_0230,$183.57,N,refund_req_300599,agent_018,Rejected,49,purchase_100599,CLOTHING, item_not_as_described 
05/03/2026 03:45,$974.33,N,buyer_0521,$571.71,Y,refund_req_300013,agent_002,Rejected,113,purchase_100013,HOME,damaged_item
06/01/2026 15:01,"$1,623.43",Y,buyer_0539,"$1,253.22",N,refund_req_303957,agent_003,Approved,32,purchase_103957,ELECTRONICS,damaged_item
04/20/2026 01:14,"$1,785.76",Y,buyer_0377,"$1,641.36",N,refund_req_303907,agent_022,Approved,28,purchase_103907,ELECTRONICS,missing_accessory
05/30/2026 12:01,$26.31,N,buyer_0092,$20.16,N,refund_req_300282,agent_021,Approved,81,purchase_100282,books,damaged_item
06/02/2026 09:25,$370.41,N,buyer_0322,$305.26,,refund_req_302781,agent_024,Rejected,70,purchase_102781,LUXURY,damaged_item
04/20/2026 00:26,$603.65,N,buyer_0397,$203.92,N,refund_req_301398,agent_012,Approved,38,purchase_101398,FASHION,item_not_as_described
04/14/2026 00:01,$77.81,N,buyer_0330,$42.55,Y,refund_req_300176,agent_018,Approved,69,purchase_100176,BEAUTY,changed_mind
05/12/2026 23:27,"$1,606.32",N,buyer_0047,"$1,606.32",N,refund_req_303473,agent_102,  Approved  ,53,purchase_103473,ELECTRONICS,item_not_as_described
05/28/2026 03:14,"$1,175.48",N,buyer_0588,$988.64,N,refund_req_302894,agent_002,Approved,44,purchase_102894,APPLIANCES,missing_part
04/15/2026 05:06,$479.26,Y,buyer_8003,$404.32,Y,refund_req_304750,agent_803,Approved,12,purchase_104750,FASHION,
05/31/2026 03:02,"$2,285.71",N,buyer_0588,"$2,285.71",N,refund_req_303405,agent_006,Approved,62,purchase_103405,LUXURY,item_not_as_described
05/06/2026 05:02,$197.41,N,buyer_0252,$123.43,Y,refund_req_302928,agent_003,Approved,67,purchase_102928,SPORTS,damaged_item
06/01/2026 07:44,$105.30,N,buyer_0186,$40.57,N,refund_req_302586,agent_010,Rejected,44,purchase_102586,CLOTHING,changed_mind
04/01/2026 10:07,$345.50,N,buyer_0204,$81.90,N,refund_req_301620,agent_017,Rejected,47,purchase_101620,HOME,damaged_item
04/05/2026 05:31,$150.27,N,buyer_0053,$82.85,Y,refund_req_301417,agent_015, Approved ,111,purchase_101417,BEAUTY,allergic_reaction
06/19/2026 00:29,$52.26,N,buyer_0225,$32.46,Y,refund_req_301066,agent_027, Approved ,92,purchase_101066,BEAUTY,
04/10/2026 00:07,$157.21,N,buyer_0171,$92.34,Y,refund_req_301649,agent_004,  Approved  ,47,purchase_101649,BEAUTY,  allergic_reaction  
06/03/2026 14:46,$410.85,N,buyer_0519,$318.39,Y,refund_req_303663,agent_102,Approved,1,purchase_103663,HOME,missing_part
05/23/2026 10:54,"$2,086.20",Y,buyer_0077,"$2,086.20",N,refund_req_303317,agent_101,Approved,60,purchase_103317,ELECTRONICS,damaged_item
05/16/2026 04:18,$83.96,N,buyer_0134,$65.16,Y,refund_req_301523,agent_002, Approved ,48,purchase_101523,BEAUTY,allergic_reaction
04/03/2026 04:06,$205.33,N,buyer_0104,$109.63,Y,refund_req_302132,agent_029,Approved,33,purchase_102132,SPORTS,item_not_as_described
04/22/2026 11:46,"$1,322.32",N,buyer_0521,$407.25,N,refund_req_302439,agent_024,Approved,49,purchase_102439,ELECTRONICS,  damaged_item  
05/21/2026 15:35,"$1,500.67",N,buyer_0144,$587.07,N,refund_req_301356,agent_007,Approved,62,purchase_101356,APPLIANCES,not_working
04/27/2026 05:38,$80.69,N,buyer_0348,$19.75,Y,refund_req_301111,agent_029,Approved,30,purchase_101111,BOOKS,
04/02/2026 11:08,"$2,009.51",Y,buyer_9903,"$1,823.52",N,refund_req_304853,agent_901,Approved,2,purchase_104853,LUXURY,changed_mind
04/05/2026 20:42,$59.81,N,buyer_0464,$14.13,Y,refund_req_302388,agent_005,approved,76,purchase_102388,BOOKS,wrong_item_received
06/21/2026 00:18,$41.78,N,buyer_0028,$27.81,,refund_req_302910,agent_020,Approved,111,purchase_102910, BOOKS ,wrong_item_received
05/01/2026 05:40,"$1,399.04",N,buyer_0331,"$1,052.64",N,refund_req_303252,agent_028,Approved,28,purchase_103252,ELECTRONICS,missing_accessory
04/09/2026 21:46,$960.34,Y,buyer_0417,$759.76,N,refund_req_303881,agent_101, Approved ,30,purchase_103881,APPLIANCES,damaged_item
04/24/2026 19:56,$19.00,N,buyer_0567,$5.84,Y,refund_req_301375,agent_023, Approved ,60,purchase_101375,BEAUTY,allergic_reaction
05/26/2026 07:33,$222.73,N,buyer_0010,$86.19,Y,refund_req_300071,agent_022,Approved,64,purchase_100071,SPORTS,  damaged_item  
05/27/2026 00:15,$171.68,N,buyer_0547,$69.72,N,refund_req_302008,agent_005,Rejected,67,purchase_102008,CLOTHING,  wrong_size  
04/13/2026 13:15,$365.56,N,buyer_0108,$121.91,N,refund_req_300601,agent_017,Approved,89,purchase_100601,ELECTRONICS,  item_not_as_described  
05/26/2026 10:56,$534.38,N,buyer_0015,$349.70,Y,refund_req_302492,agent_009,Approved,,purchase_102492,FASHION,changed_mind
05/13/2026 16:17,$442.11,N,buyer_0053,$237.95,Y,refund_req_300901,agent_026,Approved,52,purchase_100901,FASHION,item_not_as_described
04/15/2026 12:05,$706.22,N,buyer_0027,$576.36,Y,refund_req_300913,agent_016,Approved,77,purchase_100913,ELECTRONICS,damaged_item
05/31/2026 12:10,"$2,381.85",N,buyer_0392,"$1,579.47",N,refund_req_303153,agent_029,Approved,8,purchase_103153,LUXURY,item_not_as_described
04/06/2026 13:21,"$1,702.82",N,buyer_0567,$380.49,N,refund_req_300926,agent_007,Approved,76,purchase_100926,  APPLIANCES  ,not_working
05/06/2026 11:04,"$2,098.67",N,buyer_0126,"$1,896.64",N,refund_req_303173,agent_007,Approved,44,purchase_103173,LUXURY,damaged_item
05/06/2026 15:44,"$1,154.67",N,buyer_0344,"$1,055.87",N,refund_req_304544,agent_701,Approved,7,purchase_104544,HOME,
04/02/2026 22:47,"$1,112.16",N,buyer_0579,"$1,112.16",N,refund_req_303283,agent_103,Approved,21,purchase_103283,FASHION,item_not_as_described
05/03/2026 22:12,$444.08,N,buyer_0046,$344.38,N,refund_req_303642,agent_103,Approved,2,purchase_103642,SPORTS,damaged_item
05/11/2026 05:48,"$1,497.42",N,buyer_0036,"$1,215.23",N,refund_req_300559,agent_021, Approved ,93,purchase_100559,ELECTRONICS,damaged_item
04/22/2026 06:31,$233.69,Y,buyer_0146,$111.40,,refund_req_301790,agent_029,  Approved  ,60,purchase_101790,CLOTHING,wrong_size
06/10/2026 02:19,"$1,688.64",Y,buyer_0131,"$1,417.16",N,refund_req_303965,agent_023,Approved,22,purchase_103965,ELECTRONICS,
06/12/2026 22:15,"$1,125.14",N,buyer_0488,$855.23,Y,refund_req_304541,agent_701,Approved,25,purchase_104541,BOOKS,damaged_item
04/17/2026 15:23,$136.58,N,buyer_0120,$92.38,N,refund_req_301981,agent_013,Approved,73,purchase_101981,FASHION,changed_mind
06/13/2026 00:22,$354.18,N,buyer_0488,$237.70,N,refund_req_301154,agent_029,Approved,67,purchase_101154,ELECTRONICS,missing_accessory
04/06/2026 14:00,$89.22,N,buyer_9002,$56.85,N,refund_req_304122,agent_013,Approved,42,purchase_104122,BEAUTY,
05/06/2026 19:16,$192.00,N,buyer_0394,$90.65,Y,refund_req_301917,agent_003,Approved,59,purchase_101917,APPLIANCES,damaged_item
04/06/2026 09:14,"$1,812.44",N,buyer_0366,"$1,460.97",N,refund_req_301547,agent_030,Approved,99,purchase_101547,ELECTRONICS,
04/12/2026 11:57,"$1,467.64",N,buyer_0556,$649.49,Y,refund_req_301484,agent_030,Approved,40,purchase_101484,APPLIANCES,damaged_item
05/22/2026 10:22,"$1,009.31",N,buyer_0274,$702.04,N,refund_req_300093,agent_001,Rejected,64,purchase_100093,FASHION,wrong_size
04/11/2026 12:25,$103.39,N,buyer_0348,$99.92,Y,refund_req_304362,agent_702,Approved,26,purchase_104362,CLOTHING, wrong_size 
04/18/2026 18:07,$53.74,N,buyer_0557,$32.16,Y,refund_req_301855,agent_029,Approved,33,purchase_101855,HOME,item_not_as_described
06/14/2026 08:18,"$1,710.09",N,buyer_0080,"$1,031.41",N,refund_req_303044,agent_003,Approved,30,purchase_103044,LUXURY,changed_mind
05/09/2026 10:52,$117.00,N,buyer_0558,$57.03,N,refund_req_300607,agent_029,Approved,35,purchase_100607, BEAUTY ,changed_mind
04/26/2026 10:40,$112.87,N,buyer_8002,$95.43,N,refund_req_304680,agent_802,Approved,14,purchase_104680,SPORTS,damaged_item
06/04/2026 23:06,$173.49,N,buyer_0233,$108.41,N,refund_req_304457,agent_701,Approved,14,purchase_104457,HOME,damaged_item
04/19/2026 01:14,$537.38,N,buyer_0597,$474.62,N,refund_req_304596,agent_702,Approved,31,purchase_104596,HOME,item_not_as_described
05/22/2026 02:06,$21.20,N,buyer_0379,$12.88,Y,refund_req_302806,agent_007,approved,65,purchase_102806,BEAUTY,changed_mind
05/20/2026 01:47,$12.43,N,buyer_0249,$9.90,,refund_req_300688,agent_011,Rejected,75,purchase_100688,BOOKS,
05/05/2026 05:16,$386.67,N,buyer_0419,$151.89,Y,refund_req_301611,agent_021,Rejected,86,purchase_101611,HOME,missing_part
05/21/2026 02:59,"$1,195.33",Y,buyer_0371,$916.03,N,refund_req_303858,agent_029,Approved,5,purchase_103858, APPLIANCES ,damaged_item
05/16/2026 14:36,"$2,192.92",N,buyer_0397,"$1,051.10",Y,refund_req_300881,agent_002,Approved,88,purchase_100881,LUXURY,changed_mind
05/10/2026 17:34,$259.85,N,buyer_0340,$132.24,Y,refund_req_300269,agent_029,Approved,42,purchase_100269,APPLIANCES,  damaged_item  
06/03/2026 19:14,$26.66,N,buyer_0588,$21.96,Y,refund_req_303692,agent_101,Approved,3,purchase_103692, Beauty ,allergic_reaction
04/23/2026 17:19,$611.64,N,buyer_0161,$293.99,Y,refund_req_301104,agent_029,Rejected,65,purchase_101104,FASHION,wrong_size
04/23/2026 15:50,"$2,378.95",N,buyer_0067,"$2,378.95",N,refund_req_303304,agent_009,Approved,38,purchase_103304,LUXURY,item_not_as_described
06/08/2026 14:12,$622.64,N,buyer_0385,$281.80,N,refund_req_302763,agent_019,Approved,50,purchase_102763,FASHION,item_not_as_described
05/16/2026 12:40,$144.83,N,buyer_0581,$70.64,Y,refund_req_302142,agent_013,Approved,34,purchase_102142, BEAUTY ,damaged_item
04/02/2026 11:54,$63.44,N,buyer_0340,$51.87,N,refund_req_300319,agent_022,Rejected,86,purchase_100319,BEAUTY,changed_mind
04/27/2026 10:15,$435.41,N,buyer_0168,$303.46,Y,refund_req_300420,agent_005,Approved,65,purchase_100420,LUXURY,changed_mind
04/01/2026 22:25,$228.50,N,buyer_9005,$196.59,Y,refund_req_304245,agent_008,Approved,31,purchase_104245,HOME,item_not_as_described
04/05/2026 12:55,"$1,420.65",N,buyer_0209,"$1,123.50",Y,refund_req_301035,agent_016,Approved,100,purchase_101035,ELECTRONICS,not_working
05/24/2026 00:47,$131.66,Y,buyer_0213,$92.53,Y,refund_req_302765,agent_015,Approved,92,purchase_102765,BEAUTY,changed_mind
06/12/2026 00:33,$20.92,N,buyer_0056,$7.72,N,refund_req_300575,agent_005,Rejected,85,purchase_100575,BEAUTY,damaged_item
05/15/2026 22:44,$816.32,N,buyer_9005,$736.36,N,refund_req_304189,agent_008,Approved,,purchase_104189,ELECTRONICS,not_working
06/15/2026 02:55,$14.98,N,buyer_0476,$6.67,N,refund_req_302860,agent_014,Rejected,76,purchase_102860,BOOKS,changed_mind
04/06/2026 11:09,$178.60,N,buyer_0023,$90.03,Y,refund_req_302893,agent_004,Rejected,91,purchase_102893,HOME,missing_part
04/05/2026 04:28,$446.92,N,buyer_9004,$429.08,N,refund_req_304276,agent_007,Approved,40,purchase_104276,FASHION,item_not_as_described
04/19/2026 18:59,"$1,943.23",Y,buyer_0077,"$1,602.66",Y,refund_req_304086,agent_003,Approved,32,purchase_104086, LUXURY ,  item_not_as_described  
05/14/2026 19:31,$9.86,N,buyer_0459,$6.52,Y,refund_req_302536,agent_027,Rejected,59,purchase_102536,BOOKS,changed_mind
05/28/2026 15:23,$138.59,N,buyer_0097,$49.46,Y,refund_req_301169,agent_024,Rejected,80,purchase_101169,BEAUTY,damaged_item
06/08/2026 16:27,"$1,332.13",Y,buyer_0136,"$1,073.73",N,refund_req_304110,agent_007,Approved,7,purchase_104110,ELECTRONICS,damaged_item
05/19/2026 14:33,$119.55,N,buyer_0370,$32.69,Y,refund_req_301604,agent_001,Approved,65,purchase_101604,HOME,item_not_as_described
06/04/2026 03:07,$447.49,N,buyer_0103,$320.70,N,refund_req_304406,agent_701,Approved,8,purchase_104406,FASHION,item_not_as_described
04/11/2026 04:09,$989.22,Y,buyer_0597,$648.16,N,refund_req_304089,agent_003,Approved,19,purchase_104089,APPLIANCES,missing_part
04/30/2026 20:34,"$1,218.28",N,buyer_0093,"$1,218.28",Y,refund_req_303319,agent_101, Approved ,28,purchase_103319,LUXURY,changed_mind
04/10/2026 18:25,"$1,401.03",N,buyer_0306,"$1,076.73",N,refund_req_301576,agent_008, Rejected ,40,purchase_101576, APPLIANCES ,not_working
06/12/2026 22:04,$431.32,N,buyer_0259,$355.17,N,refund_req_303656,agent_101,Approved,2,purchase_103656, APPLIANCES ,damaged_item
05/20/2026 23:46,"$1,286.46",N,buyer_0251,$386.54,Y,refund_req_300795,agent_024,Approved,49,purchase_100795,ELECTRONICS,item_not_as_described
04/05/2026 02:12,$219.69,N,buyer_0159,$94.16,Y,refund_req_302376,agent_015,Approved,118,purchase_102376,SPORTS,wrong_size
06/21/2026 02:04,$41.98,N,buyer_0094,$20.21,Y,refund_req_301119,agent_006,Approved,58,purchase_101119,CLOTHING,item_not_as_described
05/13/2026 07:19,$423.47,N,buyer_0110,$373.65,Y,refund_req_303801,agent_102,Approved,2,purchase_103801,FASHION,changed_mind
04/27/2026 22:52,"$1,399.14",N,buyer_0525,"$1,068.37",N,refund_req_303249,agent_019,Approved,10,purchase_103249,electronics,damaged_item
06/07/2026 20:12,"$1,379.21",N,buyer_0580,$437.04,Y,refund_req_300247,agent_012,Approved,67,purchase_100247,LUXURY,changed_mind
05/28/2026 05:18,"$2,108.62",N,buyer_0025,"$2,108.62",N,refund_req_303515,agent_009,Approved,61,purchase_103515,LUXURY,changed_mind
04/08/2026 17:43,$489.36,Y,buyer_0152,$356.23,Y,refund_req_302744,agent_015,Approved,90,purchase_102744,FASHION,item_not_as_described
05/03/2026 05:53,$274.07,N,buyer_0303,$71.37,N,refund_req_301467,agent_003,Approved,53,purchase_101467,FASHION,item_not_as_described
05/25/2026 22:33,$249.61,N,buyer_0587,$54.81,N,refund_req_302446,agent_014,Rejected,48,purchase_102446,CLOTHING,item_not_as_described
05/06/2026 05:15,$56.75,N,buyer_0259,$36.99,Y,refund_req_300291,agent_018,Rejected,73,purchase_100291,CLOTHING, item_not_as_described 
06/16/2026 18:04,$518.73,Y,buyer_0302,$135.67,N,refund_req_302643,agent_028,Approved,35,purchase_102643,HOME,item_not_as_described
04/18/2026 21:44,$948.24,N,buyer_0346,$594.54,N,refund_req_303168,agent_029,Approved,41,purchase_103168,APPLIANCES,missing_part
06/10/2026 01:53,$374.56,N,buyer_0297,$213.19,N,refund_req_300156,agent_006,Approved,79,purchase_100156,LUXURY,changed_mind
06/08/2026 00:56,$83.60,N,buyer_0110,$51.88,Y,refund_req_303646,agent_103,Approved,5,purchase_103646,BOOKS,wrong_item_received
05/15/2026 04:22,"$2,606.02",N,buyer_9001,"$2,560.51",N,refund_req_304313,agent_007,Approved,48,purchase_104313,LUXURY,changed_mind
06/15/2026 14:34,"$1,010.46",N,buyer_0394,$609.45,N,refund_req_300644,agent_015,Approved,69,purchase_100644,ELECTRONICS,not_working
05/20/2026 20:16,"$1,040.19",N,buyer_0508,$279.62,N,refund_req_301597,agent_021,Rejected,50,purchase_101597,LUXURY,item_not_as_described
05/31/2026 18:49,$383.08,N,buyer_0192,$265.24,Y,refund_req_303697,agent_103,  APPROVED  ,5,purchase_103697,SPORTS,wrong_size
04/22/2026 16:52,$62.60,N,buyer_0335,$34.09,Y,refund_req_300509,agent_021,Approved,83,purchase_100509, BOOKS ,changed_mind
04/28/2026 03:51,$81.76,N,buyer_0392,$49.63,Y,refund_req_300764,agent_024,Approved,52,purchase_100764,CLOTHING,changed_mind
04/12/2026 12:57,$147.14,N,buyer_0411,$88.15,Y,refund_req_300351,agent_017,Rejected,26,purchase_100351,BEAUTY,damaged_item
05/05/2026 12:21,"$1,201.65",Y,buyer_0280,$913.80,Y,refund_req_303903,agent_001,Approved,20,purchase_103903, ELECTRONICS ,item_not_as_described
04/10/2026 05:01,$114.56,N,buyer_9007,$60.29,N,refund_req_304303,agent_028,Approved,20,purchase_104303,HOME,damaged_item
05/11/2026 22:56,"$1,892.21",N,buyer_0061,"$1,714.53",N,refund_req_303156,agent_009,  Approved  ,36,purchase_103156,ELECTRONICS,damaged_item
05/16/2026 05:15,$123.41,N,buyer_9008,$105.05,Y,refund_req_304336,agent_002,Approved,38,purchase_104336,SPORTS,item_not_as_described
05/14/2026 22:24,$90.95,N,buyer_0237,$74.33,Y,refund_req_301644,agent_002,Approved,76,purchase_101644,CLOTHING, wrong_size 
06/09/2026 06:26,$272.77,N,buyer_0302,$199.22,Y,refund_req_300763,agent_029,Rejected,24,purchase_100763,APPLIANCES,damaged_item
06/02/2026 17:34,"$1,490.04",Y,buyer_0588,"$1,445.00",Y,refund_req_304576,agent_703,Approved,10,purchase_104576,LUXURY,damaged_item
04/17/2026 17:54,$256.96,N,buyer_0531,$107.02,N,refund_req_302092,agent_025,Rejected,55,purchase_102092,HOME,damaged_item
04/28/2026 09:50,$52.70,N,buyer_0219,$31.13,N,refund_req_300798,agent_021,Approved,104,purchase_100798,HOME,missing_part
04/12/2026 10:49,"$1,289.45",N,buyer_0360,"$1,091.54",N,refund_req_301168,agent_023,  Approved  ,107,purchase_101168,APPLIANCES,not_working
05/29/2026 16:50,$385.58,N,buyer_0527,$193.31,,refund_req_301705,agent_026,Rejected,56,purchase_101705,APPLIANCES,missing_part
05/04/2026 16:01,"$1,099.69",N,buyer_0243,$751.41,Y,refund_req_301727,agent_011,Approved,46,purchase_101727,  CLOTHING  ,item_not_as_described
06/16/2026 02:12,$470.25,N,buyer_0599,$316.31,N,refund_req_303602,agent_103, Approved ,4,purchase_103602,HOME,missing_part
04/08/2026 12:54,$88.66,N,buyer_0334,$44.06,Y,refund_req_302780,agent_015,Approved,87,purchase_102780,SPORTS,wrong_size
05/14/2026 13:02,"$2,053.46",N,buyer_0116,$629.06,N,refund_req_301545,agent_002,Rejected,93,purchase_101545,LUXURY,item_not_as_described
05/16/2026 23:02,"$1,272.29",N,buyer_0252,"$1,019.13",,refund_req_303124,agent_102,Approved,34,purchase_103124,APPLIANCES,  damaged_item  
04/13/2026 21:49,$903.98,Y,buyer_0006,$788.18,,refund_req_304115,agent_008,Approved,20,purchase_104115,ELECTRONICS,damaged_item
06/16/2026 16:15,$238.83,N,buyer_0565,$183.41,N,refund_req_304599,agent_702,Approved,6,purchase_104599,FASHION,wrong_size
06/19/2026 14:08,"$2,147.95",N,buyer_0499,$619.16,N,refund_req_300459,agent_005,Approved,94,purchase_100459,ELECTRONICS,
04/11/2026 13:14,$574.14,N,buyer_0572,$431.10,Y,refund_req_302646,agent_025,Rejected,51,purchase_102646,HOME,
05/26/2026 11:11,"$1,082.19",N,buyer_0039,$857.89,N,refund_req_302072,agent_003,Approved,39,purchase_102072,ELECTRONICS,damaged_item
05/13/2026 22:42,$63.28,N,buyer_0125,$30.54,Y,refund_req_302824,agent_009,Approved,30,purchase_102824,BOOKS,wrong_item_received
05/20/2026 04:11,"$1,135.04",N,buyer_0361,$890.96,Y,refund_req_302812,agent_016,Approved,64,purchase_102812,BOOKS,damaged_item
05/18/2026 17:00,$33.09,N,buyer_0433,$27.78,Y,refund_req_303735,agent_103,Approved,3,purchase_103735,BOOKS,changed_mind
04/18/2026 07:29,"$1,037.75",N,buyer_0495,$740.90,N,refund_req_303598,agent_101,Approved,4,purchase_103598,APPLIANCES,damaged_item
05/10/2026 22:48,$112.57,N,buyer_0476,$31.99,Y,refund_req_302799,agent_009,Rejected,73,purchase_102799,CLOTHING,changed_mind
06/19/2026 19:47,$931.50,N,buyer_0462,$931.50,N,refund_req_303516,agent_009,Approved,12,purchase_103516,ELECTRONICS,damaged_item
06/06/2026 18:01,$43.41,Y,buyer_0520,$36.54,Y,refund_req_304381,agent_703,Approved,13,purchase_104381,BEAUTY,allergic_reaction
04/25/2026 18:44,"$1,308.95",N,buyer_0496,"$1,064.54",Y,refund_req_300787,agent_019,Approved,75,purchase_100787,electronics,missing_accessory
06/07/2026 21:44,$449.75,N,buyer_0333,$202.01,Y,refund_req_301760,agent_028,Approved,74,purchase_101760,fashion,changed_mind
05/09/2026 23:24,$127.81,N,buyer_0024,$47.98,Y,refund_req_300799,agent_028,APPROVED,34,purchase_100799,BEAUTY,allergic_reaction
05/31/2026 19:56,"$1,624.42",Y,buyer_9906,"$1,413.71",N,refund_req_304844,agent_902, Approved ,3,purchase_104844,LUXURY,item_not_as_described
05/24/2026 23:26,$176.53,N,buyer_0397,$69.55,,refund_req_301777,agent_027,Rejected,65,purchase_101777,CLOTHING,wrong_size
05/15/2026 14:22,$177.62,N,buyer_0161,$105.81,Y,refund_req_301626,agent_026,Approved,51,purchase_101626,FASHION,item_not_as_described
05/14/2026 09:19,$41.48,N,buyer_0367,$18.42,N,refund_req_304474,agent_703,Approved,16,purchase_104474,BEAUTY,changed_mind
05/27/2026 14:18,$96.72,N,buyer_0203,$63.75,N,refund_req_301120,agent_016,approved,47,purchase_101120,BEAUTY,changed_mind
05/17/2026 16:11,$66.39,N,buyer_0465,$44.37,N,refund_req_301536,agent_026,Rejected,49,purchase_101536,BOOKS,changed_mind
06/11/2026 23:37,$457.47,N,buyer_0496,$111.39,Y,refund_req_301248,agent_007,Rejected,,purchase_101248,HOME,item_not_as_described
06/08/2026 14:22,"$1,013.47",N,buyer_0203,$205.63,,refund_req_300203,agent_024, Approved ,86,purchase_100203,ELECTRONICS,not_working
05/09/2026 14:18,"$1,497.20",N,buyer_0331,"$1,497.20",,refund_req_303359,agent_024,Approved,27,purchase_103359,LUXURY,damaged_item
06/20/2026 13:40,$143.25,N,buyer_0106,$115.05,N,refund_req_302840,agent_022,Rejected,87,purchase_102840,FASHION,item_not_as_described
04/19/2026 09:40,$835.39,N,buyer_0111,$464.41,N,refund_req_302654,agent_021,Rejected,52,purchase_102654,APPLIANCES,damaged_item
05/07/2026 11:47,"$1,903.20",N,buyer_0287,$454.02,Y,refund_req_301017,agent_008,Approved,83,purchase_101017,LUXURY,damaged_item
04/27/2026 23:30,$452.10,N,buyer_0343,$436.46,Y,refund_req_304489,agent_703,Approved,16,purchase_104489,HOME,item_not_as_described
06/13/2026 17:40,$477.84,N,buyer_0498,$287.93,Y,refund_req_302717,agent_029,Approved,68,purchase_102717,HOME,damaged_item
04/23/2026 09:26,$239.00,N,buyer_0230,$111.66,,refund_req_302769,agent_030,Approved,65,purchase_102769,APPLIANCES,not_working
04/07/2026 06:40,$434.06,Y,buyer_8002,$343.05,Y,refund_req_304662,agent_802,Approved,22,purchase_104662,SPORTS,damaged_item
05/17/2026 04:31,"$1,652.77",N,buyer_0089,"$1,030.86",N,refund_req_303147,agent_012,Approved,20,purchase_103147,LUXURY,damaged_item
06/21/2026 05:39,$131.57,N,buyer_0440,$95.58,N,refund_req_300750,agent_022,Rejected,82,purchase_100750,BEAUTY,allergic_reaction
04/06/2026 18:56,$422.43,N,buyer_0580,$198.03,N,refund_req_301180,agent_003,Approved,60,purchase_101180,FASHION,changed_mind
04/18/2026 06:26,$172.96,N,buyer_0368,$80.56,Y,refund_req_302252,agent_019,Approved,57,purchase_102252,BEAUTY,changed_mind
06/12/2026 13:32,$753.32,N,buyer_0175,$556.80,Y,refund_req_301631,agent_025,Approved,61,purchase_101631, APPLIANCES ,
05/13/2026 16:28,"$1,257.04",N,buyer_0079,"$1,054.83",N,refund_req_303264,agent_006,Approved,35,purchase_103264,  APPLIANCES  ,damaged_item
04/04/2026 22:34,"$1,369.31",N,buyer_0162,$864.71,N,refund_req_303011,agent_001,Approved,24,purchase_103011,ELECTRONICS,not_working
05/19/2026 10:00,$924.55,N,buyer_0203,$472.20,Y,refund_req_302005,agent_011,Rejected,71,purchase_102005,BEAUTY,changed_mind
05/20/2026 02:51,$151.63,N,buyer_0232,$38.27,N,refund_req_300183,agent_023,Rejected,86,purchase_100183,BEAUTY,allergic_reaction
05/24/2026 12:04,$124.45,N,buyer_0432,$90.69,Y,refund_req_300827,agent_019,APPROVED,60,purchase_100827,CLOTHING,changed_mind
04/05/2026 19:16,$83.64,N,buyer_9004,$62.28,Y,refund_req_304260,agent_003,Approved,37,purchase_104260,CLOTHING,wrong_size
06/14/2026 08:47,"$1,615.98",N,buyer_0368,$599.96,N,refund_req_302245,agent_026,Rejected,39,purchase_102245,APPLIANCES,missing_part
06/14/2026 05:18,"$1,169.03",N,buyer_0237,$656.32,N,refund_req_302422,agent_028,Approved,72,purchase_102422,CLOTHING,item_not_as_described
04/11/2026 06:32,$180.35,N,buyer_0228,$80.73,,refund_req_301910,agent_005,Approved,108,purchase_101910,HOME,item_not_as_described
05/12/2026 12:35,$909.08,N,buyer_0103,$511.77,Y,refund_req_301395,agent_006,Approved,74,purchase_101395,SPORTS,damaged_item
05/10/2026 00:48,$427.60,N,buyer_0227,$214.56,Y,refund_req_300079,agent_011,Approved,39,purchase_100079,FASHION,wrong_size
04/14/2026 13:49,"$2,946.13",N,buyer_0286,"$2,946.13",N,refund_req_303495,agent_026,approved,55,purchase_103495,LUXURY,
05/10/2026 00:43,$207.44,N,buyer_9003,$202.32,N,refund_req_304179,agent_024,Approved,68,purchase_104179,CLOTHING,
04/09/2026 04:16,"$1,545.84",Y,buyer_0101,$662.37,Y,refund_req_300472,agent_014,Rejected,46,purchase_100472,ELECTRONICS,not_working
06/01/2026 16:49,"$1,575.58",N,buyer_0194,"$1,201.96",N,refund_req_303159,agent_022,Approved,34,purchase_103159, APPLIANCES ,damaged_item
04/12/2026 18:28,"$2,979.56",N,buyer_0399,"$2,088.62",,refund_req_301084,agent_020,Rejected,,purchase_101084,LUXURY,damaged_item
05/25/2026 17:03,$577.43,N,buyer_0332,$299.80,Y,refund_req_302490,agent_019,Approved,84,purchase_102490,FASHION,item_not_as_described
05/14/2026 09:01,$732.29,N,buyer_0203,$347.22,Y,refund_req_302746,agent_005,Rejected,68,purchase_102746,APPLIANCES,damaged_item
06/02/2026 23:03,$279.92,N,buyer_8002,$197.02,Y,refund_req_304800,agent_802,Approved,20,purchase_104800,FASHION,item_not_as_described
06/17/2026 00:56,$922.64,N,buyer_0479,$211.94,,refund_req_302682,agent_027,Approved,76,purchase_102682,APPLIANCES,not_working
04/09/2026 16:23,$726.96,Y,buyer_0390,$175.47,Y,refund_req_301095,agent_013,Approved,87,purchase_101095,ELECTRONICS,item_not_as_described
05/11/2026 01:58,"$1,159.60",Y,buyer_0021,$871.08,N,refund_req_303861,agent_003,Approved,,purchase_103861,APPLIANCES,not_working
06/06/2026 23:31,"$1,431.44",N,buyer_0251,"$1,182.13",Y,refund_req_303829,agent_101, Approved ,4,purchase_103829,  luxury  ,damaged_item
06/10/2026 12:25,$523.16,N,buyer_0125,$185.14,Y,refund_req_300131,agent_008,Approved,75,purchase_100131,FASHION,item_not_as_described
05/05/2026 15:37,$262.37,N,buyer_0020,$193.29,Y,refund_req_303819,agent_102,Approved,5,purchase_103819,HOME,damaged_item
06/07/2026 07:08,"$1,717.57",N,buyer_0031,$595.36,Y,refund_req_300414,agent_029,Approved,47,purchase_100414,APPLIANCES,not_working
05/20/2026 12:46,$204.09,N,buyer_0408,$115.63,N,refund_req_300186,agent_025,Approved,,purchase_100186,HOME, item_not_as_described 
04/15/2026 18:04,"$1,950.22",N,buyer_8002,"$1,934.52",N,refund_req_304617,agent_802,Approved,25,purchase_104617,ELECTRONICS,not_working
05/30/2026 10:34,$196.75,N,buyer_0280,$144.82,N,refund_req_300076,agent_030,Approved,47,purchase_100076,FASHION,
04/18/2026 10:09,$494.63,N,buyer_0361,$155.22,N,refund_req_300121,agent_002,Rejected,64,purchase_100121,HOME,item_not_as_described
05/02/2026 11:16,"$2,054.64",N,buyer_0353,$937.18,Y,refund_req_300966,agent_006,Approved,83,purchase_100966,LUXURY,changed_mind
05/23/2026 21:58,$307.62,N,buyer_0425,$91.84,Y,refund_req_300603,agent_012,Approved,64,purchase_100603,SPORTS,wrong_size
04/04/2026 00:24,"$1,965.82",Y,buyer_9904,"$1,726.05",N,refund_req_304880,agent_902,Approved,2,purchase_104880,ELECTRONICS,damaged_item
05/10/2026 00:17,$442.76,N,buyer_0350,$103.36,N,refund_req_302318,agent_001,Approved,73,purchase_102318,APPLIANCES,damaged_item
04/12/2026 20:42,"$1,187.41",N,buyer_0411,$289.45,Y,refund_req_301446,agent_010,Approved,45,purchase_101446,luxury,changed_mind
06/03/2026 11:12,"$1,086.50",N,buyer_0238,"$1,086.50",Y,refund_req_303401,agent_008,Approved,59,purchase_103401,FASHION,item_not_as_described
05/25/2026 02:25,$580.76,N,buyer_0520,$475.30,Y,refund_req_301838,agent_017,Approved,35,purchase_101838,HOME,item_not_as_described
06/11/2026 14:59,$350.81,N,buyer_0373,$153.53,,refund_req_300503,agent_017,Approved,,purchase_100503,ELECTRONICS,damaged_item
06/04/2026 11:51,$433.61,N,buyer_0533,$312.60,N,refund_req_302430,agent_010,Rejected,66,purchase_102430,SPORTS,item_not_as_described
05/15/2026 05:53,"$2,359.24",N,buyer_0348,"$2,153.08",N,refund_req_303270,agent_008,Approved,,purchase_103270,LUXURY,changed_mind
06/17/2026 08:52,"$1,052.04",Y,buyer_0121,$728.84,Y,refund_req_303927,agent_011,Approved,14,purchase_103927,LUXURY,item_not_as_described
05/28/2026 20:34,$976.24,N,buyer_0293,$205.95,N,refund_req_301401,agent_008,Approved,73,purchase_101401,ELECTRONICS,
05/06/2026 15:05,$993.39,Y,buyer_0497,$777.94,,refund_req_304024,agent_005,Approved,22,purchase_104024,LUXURY,changed_mind
05/19/2026 18:30,$127.73,N,buyer_0378,$49.94,N,refund_req_301300,agent_024,Rejected,65,purchase_101300,BEAUTY,allergic_reaction
04/04/2026 15:37,"$1,595.38",Y,buyer_0449,"$1,512.96",N,refund_req_303132,agent_102,Approved,,purchase_103132,electronics,damaged_item
04/01/2026 22:49,$149.29,N,buyer_0482,$101.04,Y,refund_req_300917,agent_009,Approved,49,purchase_100917,BEAUTY,allergic_reaction
05/27/2026 11:23,"$1,646.84",Y,buyer_0003,"$1,384.87",,refund_req_304011,agent_004,Approved,13,purchase_104011,APPLIANCES,missing_part
04/17/2026 22:11,$969.17,Y,buyer_0251,$865.55,N,refund_req_303973,agent_019, Approved ,24,purchase_103973,LUXURY,changed_mind
04/06/2026 19:34,$415.95,Y,buyer_8001,$358.77,N,refund_req_304769,agent_801,Approved,13,purchase_104769,SPORTS,item_not_as_described
06/01/2026 23:27,"$1,774.62",Y,buyer_0520,"$1,206.68",N,refund_req_303842,agent_024,APPROVED,25,purchase_103842,LUXURY,changed_mind
05/01/2026 13:15,$910.76,N,buyer_0582,$729.79,,refund_req_302554,agent_019,Approved,84,purchase_102554,BOOKS,wrong_item_received
05/31/2026 23:07,$427.52,N,buyer_0036,$249.64,N,refund_req_301685,agent_025,  Approved  ,59,purchase_101685,SPORTS,item_not_as_described
06/03/2026 19:34,"$1,284.53",N,buyer_0010,$872.98,Y,refund_req_301766,agent_009,Approved,81,purchase_101766,APPLIANCES,
06/04/2026 02:51,$123.64,N,buyer_0164,$116.80,N,refund_req_303835,agent_102,Approved,4,purchase_103835,CLOTHING,wrong_size
05/08/2026 14:14,$572.87,N,buyer_0323,$248.37,N,refund_req_302832,agent_017,Rejected,56,purchase_102832,ELECTRONICS,damaged_item
05/29/2026 20:26,"$1,897.61",Y,buyer_0439,"$1,413.72",N,refund_req_303929,agent_023,Approved,,purchase_103929,ELECTRONICS,missing_accessory
05/18/2026 02:49,"$1,275.35",N,buyer_0079,$425.72,N,refund_req_300884,agent_022,Rejected,64,purchase_100884,CLOTHING,wrong_size
06/11/2026 09:01,$577.57,N,buyer_0473,$433.05,N,refund_req_300664,agent_024,Approved,63,purchase_100664,LUXURY,changed_mind
06/09/2026 11:50,$21.17,N,buyer_0367,$5.66,Y,refund_req_302576,agent_009,Approved,44,purchase_102576,CLOTHING,wrong_size
04/27/2026 16:34,"$2,721.11",N,buyer_0476,"$1,469.90",Y,refund_req_301809,agent_006,Approved,82,purchase_101809,LUXURY,
05/24/2026 01:04,$645.92,N,buyer_8003,$418.20,N,refund_req_304738,agent_803,Approved,17,purchase_104738,FASHION,changed_mind
04/25/2026 01:59,"$1,044.60",N,buyer_0271,"$1,044.60",Y,refund_req_303451,agent_016,Approved,,purchase_103451,FASHION,  wrong_size  
04/24/2026 21:45,$89.99,N,buyer_0042,$75.45,Y,refund_req_301299,agent_015,Approved,32,purchase_101299,CLOTHING,changed_mind
04/12/2026 14:08,$368.85,N,buyer_0449,$88.57,Y,refund_req_301421,agent_012,Approved,67,purchase_101421,FASHION,changed_mind
04/25/2026 07:09,$456.99,N,buyer_0031,$386.93,N,refund_req_301771,agent_006,Rejected,55,purchase_101771,HOME,damaged_item
06/15/2026 22:21,$989.93,N,buyer_0326,$654.20,,refund_req_300981,agent_015,Approved,85,purchase_100981,SPORTS,item_not_as_described
04/25/2026 16:26,$128.13,N,buyer_0071,$85.68,N,refund_req_302792,agent_001,Rejected,63,purchase_102792,BEAUTY,damaged_item
06/16/2026 17:44,"$1,911.23",N,buyer_0446,"$1,911.23",Y,refund_req_303553,agent_012,Approved,59,purchase_103553,ELECTRONICS,missing_accessory
04/25/2026 13:52,$53.62,Y,buyer_0366,$16.45,N,refund_req_301277,agent_030,REJECTED,68,purchase_101277,Books,changed_mind
04/04/2026 01:52,"$1,092.14",N,buyer_0522,"$1,092.14",Y,refund_req_303558,agent_004,Approved,12,purchase_103558,FASHION,wrong_size
06/07/2026 14:30,"$1,743.83",N,buyer_0440,$783.25,Y,refund_req_300286,agent_021,Approved,85,purchase_100286,APPLIANCES,damaged_item
05/07/2026 10:25,$141.28,N,buyer_0494,$138.32,N,refund_req_304441,agent_703,Approved,25,purchase_104441,SPORTS, wrong_size 
06/11/2026 20:02,"$2,513.52",N,buyer_0410,"$1,678.34",N,refund_req_302938,agent_025,Approved,26,purchase_102938,LUXURY,changed_mind
05/14/2026 14:09,$71.66,N,buyer_0298,$38.80,N,refund_req_302215,agent_024,Rejected,50,purchase_102215,BEAUTY,changed_mind
06/15/2026 00:24,$317.33,N,buyer_0184,$113.95,Y,refund_req_300521,agent_014,Approved,64,purchase_100521,SPORTS,wrong_size
04/01/2026 11:15,"$1,413.54",N,buyer_0158,$352.06,N,refund_req_302340,agent_020,Rejected,98,purchase_102340,LUXURY,damaged_item
06/12/2026 06:35,$183.49,N,buyer_0061,$83.26,N,refund_req_300011,agent_029,Rejected,69,purchase_100011,APPLIANCES,damaged_item
06/16/2026 17:33,$516.25,N,buyer_0200,$368.48,N,refund_req_303627,agent_102,Approved,,purchase_103627,APPLIANCES,not_working
04/26/2026 08:29,$110.68,N,buyer_0566,$39.03,,refund_req_301241,agent_022,Rejected,86,purchase_101241,FASHION,changed_mind
05/15/2026 19:18,"$1,319.08",N,buyer_9004,$917.56,Y,refund_req_304340,agent_012,Approved,43,purchase_104340,ELECTRONICS,
05/21/2026 12:32,$414.13,N,buyer_0595,$118.48,,refund_req_301261,agent_027,Approved,42,purchase_101261,HOME,item_not_as_described
05/07/2026 06:02,"$2,212.02",N,buyer_0334,"$1,339.01",N,refund_req_300619,agent_005,Approved,96,purchase_100619,LUXURY,changed_mind
06/20/2026 18:35,"$1,907.27",Y,buyer_0022,"$1,360.32",Y,refund_req_303859,agent_018,Approved,14,purchase_103859,ELECTRONICS,missing_accessory
05/28/2026 18:30,$156.28,N,buyer_0270,$62.10,Y,refund_req_301013,agent_030,Approved,,purchase_101013,BEAUTY, damaged_item 
05/01/2026 04:22,"$1,305.86",Y,buyer_0317,$601.05,Y,refund_req_304479,agent_702,Approved,27,purchase_104479,APPLIANCES,not_working
04/21/2026 09:17,"$1,010.49",N,buyer_0517,$212.55,Y,refund_req_302902,agent_008,Approved,62,purchase_102902,APPLIANCES,not_working
05/21/2026 00:42,$135.51,N,buyer_0014,$60.07,Y,refund_req_300694,agent_001,approved,51,purchase_100694,BEAUTY,damaged_item
06/21/2026 00:44,"$2,855.63",Y,buyer_9901,"$2,659.01",N,refund_req_304979,agent_901,Approved,7,purchase_104979,LUXURY,damaged_item
05/17/2026 06:23,"$1,910.93",N,buyer_0367,$644.00,N,refund_req_300866,agent_006,REJECTED,47,purchase_100866,ELECTRONICS,not_working
04/18/2026 08:01,$326.84,Y,buyer_0252,$216.93,Y,refund_req_301206,agent_015,Approved,75,purchase_101206,SPORTS,wrong_size
05/22/2026 16:57,$148.69,N,buyer_0441,$33.60,Y,refund_req_301906,agent_027,Approved,88,purchase_101906,  ELECTRONICS  ,missing_accessory
05/16/2026 06:23,"$1,227.76",Y,buyer_9904,"$1,276.49",N,refund_req_304928,agent_902,Approved,2,purchase_104928,APPLIANCES,damaged_item
05/27/2026 15:59,"$1,672.13",N,buyer_0212,$819.66,N,refund_req_300169,agent_008,Approved,49,purchase_100169,ELECTRONICS,damaged_item
04/11/2026 15:10,"$2,144.83",Y,buyer_9901,"$2,215.16",N,refund_req_304827,agent_901,Approved,6,purchase_104827,ELECTRONICS,damaged_item
05/09/2026 01:01,"$2,119.18",N,buyer_0443,"$1,539.57",Y,refund_req_302980,agent_026,Approved,50,purchase_102980,LUXURY,damaged_item
04/29/2026 23:47,$210.50,N,buyer_0024,$156.32,N,refund_req_303709,agent_101,Approved,,purchase_103709,Home,missing_part
04/14/2026 19:11,$213.57,N,buyer_0240,$151.66,N,refund_req_300611,agent_028,Rejected,55,purchase_100611, FASHION ,item_not_as_described
04/15/2026 08:13,"$1,538.14",Y,buyer_9901,"$1,550.03",N,refund_req_304845,agent_901,Approved,3,purchase_104845,ELECTRONICS,missing_accessory
04/01/2026 18:31,$961.69,N,buyer_0076,$637.21,N,refund_req_300189,agent_023,Approved,49,purchase_100189,BEAUTY,damaged_item
05/23/2026 13:56,"$1,339.16",N,buyer_0484,"$1,052.83",Y,refund_req_301158,agent_027,Approved,60,purchase_101158,LUXURY,changed_mind
06/08/2026 12:59,"$1,615.16",N,buyer_0009,$539.00,N,refund_req_302146,agent_009,Approved,30,purchase_102146,ELECTRONICS,missing_accessory
05/03/2026 09:20,$139.86,N,buyer_0572,$101.20,Y,refund_req_300388,agent_011,Approved,45,purchase_100388,BEAUTY,changed_mind
05/17/2026 06:32,"$1,844.63",Y,buyer_9904,"$1,798.88",N,refund_req_304896,agent_902,Approved,2,purchase_104896,ELECTRONICS,damaged_item
04/04/2026 13:59,$550.42,N,buyer_0340,$230.70,N,refund_req_304546,agent_703,Approved,28,purchase_104546,HOME,item_not_as_described
05/04/2026 12:32,$215.54,N,buyer_0460,$185.22,N,refund_req_304433,agent_701,Approved,20,purchase_104433, SPORTS ,item_not_as_described
05/06/2026 11:20,"$1,298.21",N,buyer_0002,"$1,275.38",Y,refund_req_304400,agent_701,Approved,11,purchase_104400,SPORTS,item_not_as_described
04/14/2026 22:59,"$1,791.55",N,buyer_0590,"$1,627.57",N,refund_req_303244,agent_008,Approved,37,purchase_103244,APPLIANCES,missing_part
06/08/2026 11:51,"$1,726.92",N,buyer_0416,$867.20,Y,refund_req_301283,agent_007,Approved,59,purchase_101283,ELECTRONICS,damaged_item
04/29/2026 01:22,$334.02,N,buyer_0010,$194.71,Y,refund_req_302249,agent_013,Approved,32,purchase_102249,FASHION,wrong_size
06/12/2026 06:39,"$1,091.00",N,buyer_0054,"$1,053.67",Y,refund_req_304402,agent_703,Approved,,purchase_104402,BOOKS,damaged_item
04/23/2026 18:04,$100.65,N,buyer_0389,$29.32,Y,refund_req_300956,agent_002,Approved,66,purchase_100956,SPORTS,wrong_size
05/21/2026 03:48,"$2,192.53",Y,buyer_9901,"$1,885.45",N,refund_req_304817,agent_901,Approved,7,purchase_104817,ELECTRONICS,damaged_item
04/07/2026 13:59,"$1,550.75",Y,buyer_0485,"$1,536.21",Y,refund_req_304003,agent_026,Approved,,purchase_104003,LUXURY,item_not_as_described
06/14/2026 08:22,$87.13,N,buyer_0335,$35.04,Y,refund_req_302762,agent_003,approved,57,purchase_102762, BEAUTY ,
06/04/2026 17:39,$372.63,N,buyer_8003,$254.06,Y,refund_req_304795,agent_803,Approved,13,purchase_104795,FASHION,wrong_size
04/13/2026 17:29,$423.17,N,buyer_0452,$221.71,Y,refund_req_302929,agent_028,Approved,,purchase_102929,LUXURY,changed_mind
05/06/2026 04:04,"$2,156.43",N,buyer_0560,$961.75,N,refund_req_304450,agent_703,Approved,29,purchase_104450,ELECTRONICS,not_working
05/18/2026 11:18,$141.69,N,buyer_0096,$54.90,Y,refund_req_302878,agent_002,Approved,89,purchase_102878, BEAUTY ,
05/26/2026 14:48,$148.43,N,buyer_0478,$108.63,Y,refund_req_300796,agent_012,Approved,62,purchase_100796,CLOTHING,wrong_size
06/19/2026 16:49,$364.73,N,buyer_0174,$244.82,,refund_req_302711,agent_016,Rejected,69,purchase_102711,LUXURY,damaged_item
05/09/2026 06:29,$150.66,N,buyer_0306,$71.56,,refund_req_300727,agent_017,Rejected,92,purchase_100727,CLOTHING,changed_mind
05/13/2026 13:08,"$1,729.81",Y,buyer_0561,"$1,483.05",Y,refund_req_304026,agent_026,Approved,14,purchase_104026,ELECTRONICS,item_not_as_described
04/15/2026 22:56,"$1,152.79",N,buyer_0324,"$1,152.79",Y,refund_req_303394,agent_102,Approved,34,purchase_103394,FASHION,  wrong_size  
05/02/2026 11:20,$552.05,N,buyer_0126,$284.05,Y,refund_req_302993,agent_008,Approved,25,purchase_102993,HOME,item_not_as_described
04/04/2026 06:38,$51.98,N,buyer_0160,$32.47,Y,refund_req_302015,agent_015,Approved,87,purchase_102015,CLOTHING,changed_mind
04/22/2026 18:03,"$1,297.70",N,buyer_0056,"$1,297.70",Y,refund_req_303452,agent_101,Approved,11,purchase_103452,FASHION,changed_mind
04/12/2026 14:38,"$1,283.97",N,buyer_0599,"$1,126.84",N,refund_req_303179,agent_007,Approved,16,purchase_103179,APPLIANCES,missing_part
04/30/2026 15:38,$15.73,N,buyer_0190,$5.29,Y,refund_req_302125,agent_001,Approved,77,purchase_102125,BOOKS,damaged_item
04/27/2026 04:43,$56.89,N,buyer_0437,$29.73,Y,refund_req_301408,agent_015,Approved,112,purchase_101408,BOOKS,damaged_item
04/08/2026 01:56,"$1,650.63",N,buyer_0589,"$1,386.29",,refund_req_300362,agent_029,rejected,31,purchase_100362,LUXURY,item_not_as_described
06/17/2026 08:24,$907.46,N,buyer_0019,$548.99,,refund_req_303268,agent_016,Approved,45,purchase_103268,APPLIANCES,damaged_item
04/03/2026 07:27,"$1,568.28",Y,buyer_0015,"$1,405.96",,refund_req_303194,agent_018,Approved,12,purchase_103194,APPLIANCES,damaged_item
04/15/2026 03:11,$125.08,N,buyer_0052,$62.18,Y,refund_req_300600,agent_023,  Rejected  ,116,purchase_100600,clothing,wrong_size
04/08/2026 23:16,$139.25,N,buyer_0580,$138.04,N,refund_req_303752,agent_103,Approved,5,purchase_103752,SPORTS,item_not_as_described
04/17/2026 11:53,"$1,290.47",N,buyer_8002,"$1,257.17",,refund_req_304665,agent_802,Approved,18,purchase_104665,SPORTS,  damaged_item  
05/03/2026 09:41,$70.54,N,buyer_0095,$28.10,N,refund_req_302115,agent_016,Rejected,103,purchase_102115,BOOKS,damaged_item
04/25/2026 16:08,$173.42,N,buyer_0415,$115.71,Y,refund_req_302505,agent_003,Approved,38,purchase_102505,sports,item_not_as_described
06/16/2026 20:32,"$1,025.52",N,buyer_0577,$839.79,Y,refund_req_301157,agent_028,Approved,35,purchase_101157,  ELECTRONICS  ,  not_working  
05/05/2026 06:00,"$1,472.33",Y,buyer_0339,"$1,110.50",Y,refund_req_304092,agent_017,Approved,,purchase_104092,APPLIANCES,not_working
04/03/2026 12:47,$390.65,Y,buyer_0166,$251.50,Y,refund_req_303781,agent_102,Approved,5,purchase_103781,SPORTS,wrong_size
05/25/2026 04:59,$740.78,Y,buyer_0236,$280.88,N,refund_req_300168,agent_027,Rejected,80,purchase_100168,APPLIANCES,not_working
04/21/2026 21:36,"$1,190.72",N,buyer_0171,$543.47,N,refund_req_301637,agent_026,Approved,39,purchase_101637,ELECTRONICS,not_working
04/22/2026 09:15,$233.20,N,buyer_0451,$134.36,Y,refund_req_300957,agent_023,Approved,125,purchase_100957,SPORTS,damaged_item
05/25/2026 13:57,$548.17,N,buyer_0191,$414.41,N,refund_req_302222,agent_019,  Approved  ,77,purchase_102222, Home ,item_not_as_described
06/01/2026 13:49,$137.85,N,buyer_0028,$86.31,N,refund_req_300146,agent_026,Rejected,74,purchase_100146,SPORTS,wrong_size
04/14/2026 06:37,$464.01,N,buyer_0144,$250.44,,refund_req_300728,agent_015,Rejected,115,purchase_100728,FASHION,
04/12/2026 16:15,"$1,076.39",N,buyer_0556,"$1,076.39",Y,refund_req_303533,agent_020,Approved,14,purchase_103533,luxury,item_not_as_described
05/13/2026 08:23,$296.57,N,buyer_0596,$125.91,Y,refund_req_302620,agent_012,Approved,45,purchase_102620,FASHION,item_not_as_described
05/17/2026 10:59,$171.42,N,buyer_8002,$126.08,N,refund_req_304797,agent_802,Approved,14,purchase_104797,SPORTS,item_not_as_described
06/10/2026 14:33,"$1,673.42",N,buyer_0497,"$1,673.42",Y,refund_req_303406,agent_017,Approved,61,purchase_103406,ELECTRONICS,item_not_as_described
04/19/2026 00:55,"$1,719.36",Y,buyer_0129,"$1,287.88",N,refund_req_304022,agent_007,Approved,16,purchase_104022,APPLIANCES,missing_part
04/19/2026 23:38,$52.27,N,buyer_0152,$15.98,N,refund_req_300512,agent_012,Approved,86,purchase_100512,BOOKS,
06/06/2026 14:50,"$2,040.50",N,buyer_0479,"$1,481.01",N,refund_req_300551,agent_007,Rejected,48,purchase_100551, LUXURY ,damaged_item
04/07/2026 19:23,"$1,010.35",N,buyer_0368,$837.92,N,refund_req_300082,agent_018,Rejected,41,purchase_100082,BOOKS,wrong_item_received
04/08/2026 10:05,"$1,097.04",N,buyer_9007,$688.35,N,refund_req_304143,agent_026,approved,65,purchase_104143,SPORTS,  wrong_size  
04/08/2026 20:13,$382.73,N,buyer_0491,$252.70,N,refund_req_302609,agent_024,Approved,36,purchase_102609,APPLIANCES,missing_part
05/06/2026 01:02,"$1,292.06",N,buyer_0416,$482.71,N,refund_req_301535,agent_016,  Rejected  ,112,purchase_101535,FASHION,changed_mind
06/05/2026 02:42,$429.44,N,buyer_0340,$280.25,N,refund_req_302451,agent_023,Approved,79,purchase_102451,HOME,item_not_as_described
06/08/2026 10:02,"$1,053.97",N,buyer_8002,$699.91,Y,refund_req_304623,agent_802,Approved,15,purchase_104623,FASHION,item_not_as_described
04/30/2026 06:59,$45.68,N,buyer_0573,$29.53,N,refund_req_302868,agent_015,Approved,123,purchase_102868,BEAUTY,damaged_item
05/24/2026 04:41,"$2,515.79",N,buyer_0025,"$2,515.79",,refund_req_303373,agent_003,Approved,,purchase_103373,LUXURY,changed_mind
05/19/2026 14:37,"$1,135.31",N,buyer_0458,"$1,135.31",N,refund_req_303344,agent_006,Approved,37,purchase_103344,FASHION,item_not_as_described
05/25/2026 04:06,"$1,249.22",N,buyer_9003,$703.12,N,refund_req_304307,agent_004, Approved ,36,purchase_104307,SPORTS,damaged_item
06/06/2026 11:55,"$1,230.05",N,buyer_0094,"$1,087.50",Y,refund_req_304386,agent_702,Approved,28,purchase_104386,LUXURY,changed_mind
05/08/2026 12:48,"$1,392.85",N,buyer_0492,"$1,263.35",N,refund_req_304549,agent_703,Approved,30,purchase_104549,LUXURY,changed_mind
06/15/2026 14:03,"$1,252.18",N,buyer_0591,"$1,252.18",N,refund_req_303300,agent_004,Approved,53,purchase_103300,FASHION,item_not_as_described
05/26/2026 07:53,"$2,034.45",Y,buyer_0374,"$1,794.74",Y,refund_req_303966,agent_025,Approved,35,purchase_103966,ELECTRONICS,damaged_item
05/06/2026 04:48,"$1,451.53",N,buyer_0246,$599.08,N,refund_req_302760,agent_014,Approved,60,purchase_102760,APPLIANCES,damaged_item
05/11/2026 17:26,$644.65,N,buyer_0059,$296.24,N,refund_req_301561,agent_022,Rejected,49,purchase_101561,APPLIANCES,  missing_part  
06/08/2026 13:27,"$1,326.85",N,buyer_0197,$418.29,N,refund_req_301827,agent_016,Rejected,112,purchase_101827,ELECTRONICS,not_working
04/30/2026 02:15,"$1,572.34",N,buyer_0472,$981.58,Y,refund_req_301897,agent_030,Approved,53,purchase_101897,APPLIANCES,not_working
04/04/2026 10:51,$455.62,N,buyer_0330,$385.13,Y,refund_req_301287,agent_003,Approved,34,purchase_101287,FASHION,wrong_size
04/05/2026 10:53,$212.58,N,buyer_0569,$47.92,Y,refund_req_300726,agent_001,Approved,82,purchase_100726,HOME,damaged_item
04/15/2026 04:17,$366.30,N,buyer_0588,$267.42,,refund_req_303713,agent_102,Approved,2,purchase_103713, ELECTRONICS ,item_not_as_described
05/21/2026 00:51,"$1,086.93",N,buyer_0115,$462.06,Y,refund_req_303000,agent_008,Approved,80,purchase_103000,CLOTHING,item_not_as_described
06/10/2026 17:32,$562.92,N,buyer_0073,$409.64,N,refund_req_302845,agent_025,Rejected,40,purchase_102845,HOME,item_not_as_described
04/24/2026 12:17,$303.11,N,buyer_9001,$172.56,N,refund_req_304161,agent_012,Approved,48,purchase_104161,APPLIANCES,damaged_item
05/23/2026 15:26,"$1,804.21",N,buyer_0544,"$1,177.83",Y,refund_req_300499,agent_014,Approved,41,purchase_100499,ELECTRONICS,not_working
06/03/2026 04:37,$414.35,N,buyer_0047,$96.00,N,refund_req_302040,agent_005,Rejected,68,purchase_102040,HOME,damaged_item
04/23/2026 17:01,$62.80,Y,buyer_0466,$22.08,Y,refund_req_302315,agent_021,Approved,72,purchase_102315,BOOKS,wrong_item_received
04/29/2026 01:52,$36.29,Y,buyer_0401,$28.48,N,refund_req_302068,agent_010,Rejected,42,purchase_102068,BOOKS,changed_mind
04/20/2026 03:46,$49.61,N,buyer_0462,$12.15,N,refund_req_302305,agent_023,Rejected,107,purchase_102305,CLOTHING,wrong_size
05/11/2026 19:59,$47.79,N,buyer_0084,$20.06,Y,refund_req_302639,agent_014,Rejected,,purchase_102639,CLOTHING,item_not_as_described
04/20/2026 10:07,$124.01,Y,buyer_0580,$90.87,N,refund_req_302482,agent_013,Approved,,purchase_102482,BEAUTY,  changed_mind  
05/03/2026 19:45,$32.34,Y,buyer_0344,$19.01,Y,refund_req_302011,agent_030,Approved,103,purchase_102011,CLOTHING,changed_mind
04/19/2026 08:05,$141.36,N,buyer_0314,$77.62,Y,refund_req_302274,agent_021,Approved,66,purchase_102274,BEAUTY,damaged_item
05/16/2026 00:31,$190.40,N,buyer_0572,$42.88,,refund_req_300918,agent_016,REJECTED,121,purchase_100918,CLOTHING,item_not_as_described
06/04/2026 14:02,$245.83,N,buyer_8001,$209.03,N,refund_req_304691,agent_801,Approved,17,purchase_104691,FASHION,changed_mind
05/01/2026 15:21,"$1,690.55",N,buyer_0490,"$1,182.16",N,refund_req_301646,agent_028, Approved ,66,purchase_101646,APPLIANCES,not_working
05/08/2026 07:33,$121.90,N,buyer_0201,$65.39,N,refund_req_302726,agent_017,Rejected,68,purchase_102726,SPORTS,damaged_item
05/06/2026 12:48,"$1,696.06",N,buyer_0038,"$1,696.06",Y,refund_req_303282,agent_020,Approved,62,purchase_103282,APPLIANCES,missing_part
04/03/2026 08:14,$398.06,N,buyer_0590,$174.68,Y,refund_req_302926,agent_028,Approved,72,purchase_102926,FASHION,changed_mind
04/21/2026 02:02,"$1,242.00",N,buyer_0032,$666.24,N,refund_req_301836,agent_007,Rejected,70,purchase_101836,ELECTRONICS,
05/06/2026 10:40,$138.70,N,buyer_0251,$90.65,Y,refund_req_300885,agent_028,Approved,86,purchase_100885,SPORTS,damaged_item
06/15/2026 01:00,$400.20,N,buyer_0443,$163.10,,refund_req_301952,agent_003,Approved,55,purchase_101952,ELECTRONICS,damaged_item
05/29/2026 16:10,$8.16,N,buyer_0214,$1.74,Y,refund_req_301710,agent_001,Approved,53,purchase_101710,BOOKS,damaged_item
04/26/2026 08:45,$476.96,N,buyer_9004,$371.05,N,refund_req_304132,agent_022,Approved,67,purchase_104132,APPLIANCES,not_working
04/23/2026 06:31,$258.68,N,buyer_0543,$52.06,Y,refund_req_301622,agent_008,Approved,63,purchase_101622,SPORTS,damaged_item
06/12/2026 12:27,"$1,487.29",N,buyer_0237,"$1,241.40",Y,refund_req_301706,agent_017,Rejected,105,purchase_101706,ELECTRONICS,not_working
06/17/2026 12:29,"$1,433.52",N,buyer_0179,"$1,433.52",Y,refund_req_303427,agent_010,Approved,45,purchase_103427,ELECTRONICS,damaged_item
06/12/2026 18:55,"$2,495.18",N,buyer_0085,"$1,796.21",N,refund_req_303067,agent_017,Approved,34,purchase_103067,LUXURY,item_not_as_described
04/23/2026 11:37,$72.72,N,buyer_0572,$49.48,N,refund_req_302175,agent_011,Rejected,63,purchase_102175,HOME,
05/27/2026 09:48,$95.12,N,buyer_0321,$64.58,N,refund_req_300574,agent_017,Approved,110,purchase_100574,SPORTS,item_not_as_described
04/10/2026 16:06,$158.62,N,buyer_0389,$61.24,Y,refund_req_302010,agent_022,Approved,48,purchase_102010,CLOTHING,changed_mind
04/15/2026 14:11,$409.89,N,buyer_0353,$308.83,,refund_req_300328,agent_007,Approved,57,purchase_100328,SPORTS,item_not_as_described
05/16/2026 21:43,$481.06,N,buyer_0318,$251.42,Y,refund_req_302687,agent_015,Approved,124,purchase_102687,FASHION,changed_mind
05/04/2026 23:50,$548.88,N,buyer_0093,$367.93,N,refund_req_300294,agent_005,Rejected,77,purchase_100294,LUXURY,changed_mind
05/15/2026 06:01,$242.58,N,buyer_0483,$109.44,Y,refund_req_301833,agent_014,Approved,48,purchase_101833,CLOTHING,item_not_as_described
05/16/2026 19:18,"$1,841.42",Y,buyer_0185,"$1,209.38",N,refund_req_304120,agent_011,Approved,30,purchase_104120,ELECTRONICS,missing_accessory
05/08/2026 11:24,$20.21,N,buyer_9008,$13.47,N,refund_req_304192,agent_011,APPROVED,51,purchase_104192,BEAUTY,changed_mind
04/08/2026 09:02,$598.09,N,buyer_0283,$259.14,Y,refund_req_302013,agent_020,Approved,68,purchase_102013,FASHION,item_not_as_described
04/07/2026 05:26,$238.70,N,buyer_9001,$134.96,Y,refund_req_304129,agent_024,Approved,24,purchase_104129,HOME,item_not_as_described
05/24/2026 18:39,$527.57,N,buyer_0475,$148.25,N,refund_req_302830,agent_005,Rejected,53,purchase_102830,FASHION,item_not_as_described
06/18/2026 12:36,"$1,584.11",N,buyer_0320,$653.86,,refund_req_301437,agent_019,Approved,50,purchase_101437,  APPLIANCES  ,missing_part
06/20/2026 09:08,$305.07,N,buyer_0043,$239.68,N,refund_req_302729,agent_009,Rejected,45,purchase_102729,SPORTS,wrong_size
04/10/2026 17:43,"$2,153.03",N,buyer_0353,$621.94,N,refund_req_302043,agent_010,Approved,73,purchase_102043,ELECTRONICS,item_not_as_described
06/17/2026 15:18,$921.31,N,buyer_0546,$453.18,N,refund_req_301282,agent_006,Approved,54,purchase_101282,LUXURY,
05/24/2026 06:32,$187.82,N,buyer_0544,$137.07,,refund_req_300706,agent_028,Approved,89,purchase_100706,CLOTHING,item_not_as_described
06/01/2026 08:01,"$2,070.49",N,buyer_0407,"$1,538.69",N,refund_req_303243,agent_013,Approved,17,purchase_103243,Electronics,item_not_as_described
05/04/2026 19:27,$27.51,N,buyer_0506,$15.43,Y,refund_req_302339,agent_017,Approved,37,purchase_102339,BOOKS,wrong_item_received
06/03/2026 02:35,$391.17,N,buyer_0361,$281.59,Y,refund_req_302525,agent_015,Approved,28,purchase_102525,SPORTS,wrong_size
04/29/2026 00:38,$227.64,N,buyer_0389,$152.23,Y,refund_req_303747,agent_102,Approved,4,purchase_103747,Sports,item_not_as_described
04/10/2026 14:56,$455.49,N,buyer_0183,$104.34,Y,refund_req_301086,agent_028,Approved,,purchase_101086,FASHION,wrong_size
05/21/2026 07:35,$970.16,Y,buyer_9905,$909.95,N,refund_req_304956,agent_902,Approved,1,purchase_104956,appliances,  missing_part  
06/21/2026 00:01,"$2,913.03",N,buyer_0428,"$2,003.66",N,refund_req_303171,agent_030,Approved,21,purchase_103171,LUXURY,damaged_item
04/21/2026 06:56,"$2,083.37",N,buyer_0031,"$1,423.24",N,refund_req_303251,agent_026,Approved,16,purchase_103251,ELECTRONICS,item_not_as_described
04/16/2026 14:10,"$1,749.63",N,buyer_0570,$952.77,N,refund_req_300725,agent_013,Approved,57,purchase_100725,ELECTRONICS,
04/11/2026 23:48,"$1,874.53",N,buyer_0328,"$1,214.73",Y,refund_req_302994,agent_016,Approved,121,purchase_102994,LUXURY,  item_not_as_described  
04/10/2026 21:08,"$1,424.20",Y,buyer_0142,"$1,016.04",Y,refund_req_300501,agent_015,Approved,107,purchase_100501,LUXURY,damaged_item
04/15/2026 07:06,"$2,416.19",N,buyer_0488,"$1,193.82",Y,refund_req_300201,agent_012,Approved,58,purchase_100201,  LUXURY  ,damaged_item
05/09/2026 17:47,$249.22,N,buyer_0431,$171.04,Y,refund_req_300027,agent_007, Approved ,45,purchase_100027,HOME,  missing_part  
05/23/2026 05:15,$48.30,N,buyer_9004,$40.10,Y,refund_req_304220,agent_101,Approved,37,purchase_104220,HOME, missing_part 
05/13/2026 12:21,$405.67,N,buyer_0359,$255.73,N,refund_req_300108,agent_030,APPROVED,81,purchase_100108,HOME,damaged_item
04/02/2026 17:00,"$1,049.32",N,buyer_0272,$294.74,Y,refund_req_301680,agent_014,  Approved  ,54,purchase_101680, SPORTS ,wrong_size
05/19/2026 13:47,$198.74,N,buyer_0492,$193.02,Y,refund_req_303798,agent_103,Approved,3,purchase_103798,SPORTS,damaged_item
04/19/2026 15:44,"$1,195.98",N,buyer_0505,$514.31,Y,refund_req_302042,agent_023,Approved,117,purchase_102042,SPORTS,damaged_item
06/11/2026 19:54,"$1,780.21",N,buyer_8002,"$1,283.16",Y,refund_req_304686,agent_802,Approved,,purchase_104686,ELECTRONICS,not_working
05/04/2026 23:44,$983.59,Y,buyer_9903,$897.02,N,refund_req_304931,agent_901,Approved,7,purchase_104931,Electronics,
05/27/2026 23:06,"$1,055.46",N,buyer_0339,"$1,055.46",N,refund_req_303345,agent_019,Approved,62,purchase_103345,FASHION,wrong_size
04/10/2026 18:26,$264.01,N,buyer_0057,$118.94,N,refund_req_302370,agent_005,Rejected,98,purchase_102370,SPORTS,damaged_item
06/16/2026 18:31,$903.39,Y,buyer_0130,$833.39,N,refund_req_303980,agent_029,Approved,14,purchase_103980,ELECTRONICS,item_not_as_described
05/02/2026 03:29,$103.58,N,buyer_8003,$65.61,N,refund_req_304690,agent_803,Approved,15,purchase_104690,BEAUTY,damaged_item
04/11/2026 01:56,$138.64,Y,buyer_0221,$99.92,Y,refund_req_303814,agent_102,Approved,2,purchase_103814,BEAUTY,damaged_item
05/21/2026 19:15,"$1,423.65",N,buyer_0064,"$1,080.79",N,refund_req_303121,agent_024,Approved,16,purchase_103121,ELECTRONICS, item_not_as_described 
04/26/2026 04:32,"$2,173.54",Y,buyer_0330,"$1,943.27",N,refund_req_303970,agent_029,Approved,25,purchase_103970,ELECTRONICS,item_not_as_described
04/26/2026 11:24,"$2,420.74",N,buyer_0101,$985.87,Y,refund_req_301006,agent_015,Approved,87,purchase_101006,LUXURY,item_not_as_described
04/30/2026 14:24,$311.10,N,buyer_8002,$233.90,N,refund_req_304635,agent_802,Approved,20,purchase_104635,SPORTS,damaged_item
06/02/2026 02:35,$485.42,N,buyer_0205,$175.70,N,refund_req_300246,agent_014,Rejected,63,purchase_100246,home,damaged_item
06/09/2026 19:40,$362.73,N,buyer_9005,$306.60,Y,refund_req_304141,agent_103,Approved,27,purchase_104141,SPORTS,item_not_as_described
05/26/2026 13:34,"$1,471.55",N,buyer_0493,$373.15,N,refund_req_302355,agent_030,Approved,54,purchase_102355,APPLIANCES,not_working
05/06/2026 04:07,$422.74,N,buyer_0480,$340.47,Y,refund_req_303732,agent_101,approved,5,purchase_103732,HOME,missing_part
05/20/2026 06:22,$766.26,N,buyer_0505,$304.63,Y,refund_req_302116,agent_018,Rejected,57,purchase_102116,APPLIANCES,damaged_item
06/03/2026 22:02,"$1,908.86",N,buyer_0373,"$1,579.59",Y,refund_req_302723,agent_009,Rejected,,purchase_102723,LUXURY,damaged_item
04/05/2026 13:29,"$2,018.09",N,buyer_0353,"$2,018.09",N,refund_req_303286,agent_008,Approved,45,purchase_103286,luxury,
05/08/2026 20:31,"$1,465.61",N,buyer_0095,$957.48,Y,refund_req_301225,agent_016,Approved,57,purchase_101225,APPLIANCES,damaged_item
04/10/2026 00:17,"$1,526.29",N,buyer_0001,$645.24,N,refund_req_301802,agent_013,Rejected,54,purchase_101802,APPLIANCES,damaged_item
05/19/2026 04:57,$67.93,N,buyer_0124,$35.22,Y,refund_req_302803,agent_018,APPROVED,55,purchase_102803,BOOKS,damaged_item
04/30/2026 16:56,"$1,121.48",N,buyer_0417,$657.55,N,refund_req_302555,agent_010,Rejected,86,purchase_102555,BOOKS,wrong_item_received
06/01/2026 14:08,"$1,606.69",Y,buyer_0016,"$1,342.02",N,refund_req_303910,agent_012,Approved,25,purchase_103910,APPLIANCES,missing_part
05/06/2026 21:33,"$1,739.31",N,buyer_9005,"$1,593.22",N,refund_req_304261,agent_014, Approved ,70,purchase_104261,ELECTRONICS,damaged_item
04/28/2026 05:37,$944.83,N,buyer_0202,$599.94,N,refund_req_303152,agent_013,Approved,44,purchase_103152,LUXURY, changed_mind 
05/09/2026 02:35,"$1,205.14",N,buyer_0484,$399.83,Y,refund_req_302440,agent_029,Approved,71,purchase_102440,ELECTRONICS,item_not_as_described
04/13/2026 01:07,"$1,041.46",N,buyer_0473,$618.16,N,refund_req_301793,agent_030,Approved,52,purchase_101793,LUXURY,changed_mind
05/30/2026 23:59,$399.98,N,buyer_0233,$156.86,N,refund_req_301757,agent_006,Approved,65,purchase_101757,LUXURY,changed_mind
05/15/2026 17:26,"$1,373.82",N,buyer_0206,$336.04,Y,refund_req_300355,agent_013,Approved,,purchase_100355,APPLIANCES,missing_part
06/12/2026 16:23,$137.42,N,buyer_0086,$61.37,N,refund_req_304517,agent_701,Approved,14,purchase_104517,CLOTHING,item_not_as_described
06/02/2026 08:28,$53.42,N,buyer_0555,$24.13,Y,refund_req_301526,agent_008,Approved,50,purchase_101526,SPORTS,wrong_size
06/09/2026 07:49,"$1,145.13",N,buyer_0293,$879.84,N,refund_req_300738,agent_003,Rejected,65,purchase_100738,ELECTRONICS,damaged_item
05/25/2026 09:51,$388.56,N,buyer_0013,$205.75,Y,refund_req_300971,agent_026,  Rejected  ,62,purchase_100971,APPLIANCES,missing_part
06/19/2026 22:25,$971.66,Y,buyer_9905,$875.88,N,refund_req_304834,agent_902,Approved,2,purchase_104834,ELECTRONICS,damaged_item
05/26/2026 00:55,$249.16,N,buyer_0118,$176.44,N,refund_req_302572,agent_007, Rejected ,60,purchase_102572,CLOTHING,item_not_as_described
06/12/2026 01:15,$87.74,N,buyer_0467,$57.07,N,refund_req_300902,agent_008,Approved,46,purchase_100902,BOOKS,damaged_item
06/13/2026 01:04,"$2,746.95",N,buyer_0038,"$1,811.69",Y,refund_req_300635,agent_012,Approved,54,purchase_100635,LUXURY,damaged_item
05/22/2026 21:41,$16.83,N,buyer_0211,$6.64,N,refund_req_302690,agent_020,Rejected,44,purchase_102690,BEAUTY,damaged_item
06/14/2026 05:52,"$2,054.35",N,buyer_9001,"$1,349.48",N,refund_req_304209,agent_017,APPROVED,54,purchase_104209,LUXURY,item_not_as_described
05/04/2026 15:00,$194.27,N,buyer_0182,$174.69,N,refund_req_303599,agent_103,Approved,1,purchase_103599,CLOTHING,item_not_as_described
05/15/2026 22:42,$110.32,Y,buyer_8003,$95.24,N,refund_req_304624,agent_803,Approved,10,purchase_104624,SPORTS,wrong_size
06/07/2026 00:45,"$1,574.96",N,buyer_0105,"$1,448.33",N,refund_req_303043,agent_016,Approved,12,purchase_103043,APPLIANCES,not_working
05/12/2026 05:07,$635.77,N,buyer_0553,$240.15,N,refund_req_302634,agent_030,Rejected,98,purchase_102634,Fashion,  item_not_as_described  
04/27/2026 21:17,$118.67,N,buyer_0378,$74.61,N,refund_req_301263,agent_028,Rejected,42,purchase_101263,CLOTHING,wrong_size
04/03/2026 13:24,"$1,045.50",N,buyer_0041,$672.48,N,refund_req_301347,agent_015,Approved,96,purchase_101347,APPLIANCES,missing_part
05/17/2026 11:48,$74.28,N,buyer_0265,$53.83,N,refund_req_300972,agent_014,Rejected,75,purchase_100972,SPORTS,damaged_item
04/01/2026 18:07,$153.32,N,buyer_0390,$109.14,,refund_req_302158,agent_022,Rejected,58,purchase_102158,SPORTS,damaged_item
06/12/2026 18:47,"$1,710.47",N,buyer_0144,"$1,261.82",N,refund_req_302866,agent_024,APPROVED,40,purchase_102866,APPLIANCES,
05/04/2026 13:30,$410.97,Y,buyer_0501,$95.76,N,refund_req_300018,agent_017,Approved,42,purchase_100018,SPORTS,wrong_size
05/20/2026 04:23,$932.32,N,buyer_0455,$555.10,Y,refund_req_300087,agent_016,Approved,81,purchase_100087,CLOTHING,item_not_as_described
05/18/2026 07:49,$43.34,N,buyer_0197,$29.91,,refund_req_300532,agent_023, Approved ,98,purchase_100532,BEAUTY,allergic_reaction
06/19/2026 21:59,$71.68,N,buyer_0082,$44.25,N,refund_req_301997,agent_017,Rejected,37,purchase_101997,SPORTS,damaged_item
05/07/2026 02:16,$119.27,N,buyer_0544,$87.54,Y,refund_req_301239,agent_001,Approved,,purchase_101239,SPORTS,wrong_size
04/03/2026 04:03,"$1,259.58",Y,buyer_0375,"$1,006.64",Y,refund_req_301867,agent_022,Approved,63,purchase_101867,APPLIANCES,damaged_item
05/18/2026 01:26,$188.81,N,buyer_0019,$172.80,N,refund_req_303780,agent_102,Approved,3,purchase_103780,APPLIANCES,not_working
06/18/2026 19:15,"$2,242.91",N,buyer_0374,"$1,890.67",Y,refund_req_301753,agent_024,Approved,90,purchase_101753,LUXURY,item_not_as_described
05/07/2026 02:44,$168.01,N,buyer_0489,$125.67,Y,refund_req_302807,agent_017,Approved,112,purchase_102807,home,damaged_item
06/07/2026 07:30,"$1,896.55",N,buyer_0574,"$1,896.55",N,refund_req_303322,agent_001,  Approved  ,21,purchase_103322,LUXURY,item_not_as_described
05/02/2026 23:28,$343.77,Y,buyer_0425,$87.33,N,refund_req_302049,agent_012,Rejected,38,purchase_102049,FASHION,wrong_size
05/09/2026 20:20,$8.53,N,buyer_0185,$3.76,N,refund_req_302153,agent_004,Rejected,69,purchase_102153,BOOKS,changed_mind
06/20/2026 12:34,$63.10,Y,buyer_0409,$58.75,N,refund_req_303671,agent_101,Approved,,purchase_103671,HOME,missing_part
04/14/2026 12:58,"$1,925.53",Y,buyer_9903,"$1,837.98",N,refund_req_304977,agent_901,APPROVED,1,purchase_104977,LUXURY,damaged_item
06/06/2026 10:45,$945.90,N,buyer_0153,$761.32,Y,refund_req_302671,agent_002,Approved,113,purchase_102671,SPORTS,damaged_item
05/15/2026 08:46,"$1,196.86",N,buyer_0326,"$1,003.72",,refund_req_304430,agent_701,Approved,7,purchase_104430, Clothing ,changed_mind
05/18/2026 05:08,$34.67,N,buyer_0404,$17.16,Y,refund_req_301362,agent_007,Approved,56,purchase_101362,BOOKS,wrong_item_received
04/23/2026 00:09,$59.82,N,buyer_0163,$23.79,Y,refund_req_302984,agent_015,Rejected,104,purchase_102984,BOOKS,changed_mind
04/08/2026 01:09,$265.27,N,buyer_0572,$195.39,N,refund_req_301642,agent_004,Rejected,108,purchase_101642,  SPORTS  ,damaged_item
06/17/2026 08:30,"$1,363.81",Y,buyer_9901,"$1,299.91",N,refund_req_304901,agent_901,Approved,3,purchase_104901,APPLIANCES,missing_part
04/24/2026 03:37,"$2,696.56",Y,buyer_0357,"$2,096.28",N,refund_req_304008,agent_029,Approved,14,purchase_104008,LUXURY,
06/20/2026 17:06,"$1,056.70",N,buyer_0449,$517.96,N,refund_req_301950,agent_019,Approved,62,purchase_101950,ELECTRONICS,damaged_item
04/21/2026 06:19,$257.20,N,buyer_0178,$86.52,Y,refund_req_302444,agent_029,Approved,25,purchase_102444,APPLIANCES,not_working
06/10/2026 03:23,$134.40,Y,buyer_8002,$128.18,Y,refund_req_304791,agent_802,  Approved  ,15,purchase_104791,FASHION,wrong_size
04/26/2026 12:26,$956.54,N,buyer_0223,$540.51,Y,refund_req_303685,agent_103,Approved,3,purchase_103685,ELECTRONICS,damaged_item
05/16/2026 05:41,$207.79,N,buyer_0491,$135.62,N,refund_req_301450,agent_008,Approved,59,purchase_101450,SPORTS, item_not_as_described 
05/24/2026 16:45,$71.25,N,buyer_0283,$47.95,N,refund_req_301817,agent_009,Approved,66,purchase_101817,FASHION,item_not_as_described
05/29/2026 00:19,$191.26,N,buyer_0162,$133.68,Y,refund_req_300564,agent_004,Rejected,76,purchase_100564,CLOTHING,item_not_as_described
04/23/2026 00:28,$63.47,N,buyer_0353,$51.97,Y,refund_req_302162,agent_025,Approved,65,purchase_102162,CLOTHING,item_not_as_described
05/26/2026 12:21,$646.47,N,buyer_0438,$526.41,Y,refund_req_300019,agent_018,Rejected,49,purchase_100019,LUXURY,item_not_as_described
04/13/2026 19:14,"$1,120.06",N,buyer_0447,$227.13,N,refund_req_302448,agent_004,Rejected,,purchase_102448,APPLIANCES,missing_part
05/27/2026 03:31,"$1,163.55",N,buyer_0005,$418.77,N,refund_req_301858,agent_029,Rejected,56,purchase_101858,HOME,
05/18/2026 17:29,"$1,516.68",N,buyer_0098,"$1,043.09",N,refund_req_303175,agent_016,Approved,29,purchase_103175,APPLIANCES,
05/27/2026 16:56,"$2,026.20",N,buyer_0304,"$1,847.60",N,refund_req_303190,agent_012,Approved,14,purchase_103190,ELECTRONICS,item_not_as_described
04/26/2026 21:34,$110.64,N,buyer_0516,$75.51,,refund_req_303828,agent_103,Approved,1,purchase_103828,BEAUTY,changed_mind
04/08/2026 10:18,"$1,129.05",N,buyer_0333,$425.63,N,refund_req_302814,agent_011,Rejected,43,purchase_102814,FASHION,changed_mind
06/11/2026 22:22,"$1,136.48",Y,buyer_0196,"$1,016.41",Y,refund_req_304060,agent_015,Approved,4,purchase_104060,  ELECTRONICS  ,not_working
05/30/2026 13:47,"$1,108.18",N,buyer_8001,"$1,057.16",N,refund_req_304640,agent_801,  Approved  ,8,purchase_104640,SPORTS,damaged_item
04/29/2026 18:02,"$1,304.52",N,buyer_0513,$932.72,N,refund_req_301321,agent_025,Rejected,77,purchase_101321,ELECTRONICS,damaged_item
05/24/2026 20:35,$242.82,N,buyer_0214,$179.89,,refund_req_300394,agent_001,Approved,84,purchase_100394,CLOTHING,
05/04/2026 20:18,$53.54,N,buyer_0483,$25.68,,refund_req_301584,agent_021,Rejected,52,purchase_101584,BOOKS,changed_mind
04/01/2026 19:00,"$1,005.44",Y,buyer_9901,$932.87,N,refund_req_304963,agent_901,Approved,4,purchase_104963,APPLIANCES,missing_part
06/03/2026 09:16,$67.96,N,buyer_0460,$36.95,N,refund_req_302817,agent_012,Approved,57,purchase_102817,BEAUTY,allergic_reaction
04/24/2026 11:51,$283.45,N,buyer_0350,$82.96,Y,refund_req_301539,agent_003,Approved,61,purchase_101539,FASHION,changed_mind
04/27/2026 05:40,"$1,363.34",Y,buyer_9906,"$1,159.64",N,refund_req_304966,agent_902,Approved,3,purchase_104966,ELECTRONICS,missing_accessory
05/25/2026 13:35,"$1,200.62",N,buyer_0028,"$1,200.62",N,refund_req_303349,agent_009,  Approved  ,46,purchase_103349,FASHION,item_not_as_described
04/20/2026 02:04,$119.24,N,buyer_0120,$83.11,Y,refund_req_302329,agent_004,Approved,75,purchase_102329,BEAUTY,allergic_reaction
04/19/2026 21:45,$439.72,N,buyer_0148,$115.21,N,refund_req_300932,agent_011,Approved,42,purchase_100932,SPORTS,damaged_item
06/20/2026 16:35,$945.40,N,buyer_0370,$305.21,N,refund_req_302584,agent_014,Rejected,74,purchase_102584,CLOTHING,wrong_size
05/15/2026 15:58,$196.92,N,buyer_0191,$77.84,Y,refund_req_302403,agent_003,Approved,61,purchase_102403,SPORTS,wrong_size
04/11/2026 08:02,"$1,749.18",N,buyer_0056,"$1,504.23",Y,refund_req_303705,agent_101,Approved,1,purchase_103705,APPLIANCES,missing_part
05/13/2026 16:28,"$1,257.04",N,buyer_0079,"$1,054.83",N,refund_req_303264,agent_006,Approved,35,purchase_103264,  APPLIANCES  ,damaged_item
06/08/2026 12:15,"$2,409.23",N,buyer_0363,"$1,487.77",N,refund_req_303139,agent_016,Approved,,purchase_103139,LUXURY,
04/26/2026 05:02,"$1,199.44",N,buyer_0384,$817.79,Y,refund_req_300811,agent_005,Approved,90,purchase_100811,ELECTRONICS,
05/24/2026 09:33,$54.72,N,buyer_0487,$37.63,Y,refund_req_301740,agent_010,Approved,74,purchase_101740,  BEAUTY  ,damaged_item
04/20/2026 07:33,$67.61,N,buyer_0007,$21.68,Y,refund_req_301895,agent_008,Approved,36,purchase_101895,SPORTS,damaged_item
04/06/2026 19:47,"$1,181.51",N,buyer_0132,"$1,181.51",Y,refund_req_303312,agent_023,Approved,,purchase_103312,fashion,item_not_as_described
04/22/2026 14:11,$260.36,N,buyer_9005,$176.79,,refund_req_304149,agent_016,Approved,68,purchase_104149,FASHION,wrong_size
06/05/2026 13:15,$763.95,N,buyer_0423,$246.27,Y,refund_req_302559,agent_022,Rejected,47,purchase_102559,APPLIANCES,missing_part
04/25/2026 13:30,$127.92,N,buyer_0583,$104.73,Y,refund_req_300990,agent_006,Approved,70,purchase_100990,BEAUTY,changed_mind
05/07/2026 07:30,$362.33,N,buyer_0527,$235.97,Y,refund_req_300979,agent_010,Approved,66,purchase_100979,SPORTS,wrong_size
04/26/2026 08:09,$76.84,N,buyer_0331,$38.86,Y,refund_req_302194,agent_007,Approved,78,purchase_102194,Books,wrong_item_received
05/04/2026 07:51,$757.01,N,buyer_0523,$390.59,Y,refund_req_302151,agent_015,Approved,37,purchase_102151,ELECTRONICS,not_working
05/30/2026 07:20,$73.63,N,buyer_0049,$26.26,Y,refund_req_301875,agent_018,Rejected,58,purchase_101875,BOOKS,changed_mind
04/21/2026 01:51,"$1,463.89",N,buyer_0466,$622.96,Y,refund_req_300850,agent_026,Approved,80,purchase_100850,APPLIANCES,missing_part
05/31/2026 07:50,$77.65,N,buyer_0290,$38.25,N,refund_req_302869,agent_009,Rejected,80,purchase_102869,BOOKS,changed_mind
05/13/2026 02:58,"$1,249.81",Y,buyer_0413,"$1,090.24",N,refund_req_303972,agent_011,Approved,28,purchase_103972,LUXURY,changed_mind
05/04/2026 04:04,"$1,525.31",N,buyer_0600,"$1,109.10",N,refund_req_303261,agent_029,  Approved  ,41,purchase_103261,APPLIANCES,not_working
04/19/2026 07:25,"$1,412.26",N,buyer_0538,$713.36,,refund_req_302661,agent_005,Approved,41,purchase_102661,  LUXURY  ,damaged_item
05/03/2026 21:53,$948.98,N,buyer_0433,$674.64,N,refund_req_302655,agent_026,Rejected,53,purchase_102655,  BEAUTY  ,changed_mind
04/27/2026 21:54,$996.01,N,buyer_0065,$845.77,N,refund_req_301430,agent_020,Approved,60,purchase_101430,ELECTRONICS,damaged_item
04/07/2026 04:16,$303.50,N,buyer_8001,$216.49,N,refund_req_304784,agent_801,Approved,,purchase_104784,SPORTS,wrong_size
05/17/2026 14:56,$365.84,N,buyer_0495,$219.29,Y,refund_req_302599,agent_013,Approved,86,purchase_102599,HOME,damaged_item
06/15/2026 23:56,"$1,553.62",N,buyer_0005,"$1,024.20",N,refund_req_303123,agent_103,Approved,25,purchase_103123,ELECTRONICS,not_working
06/14/2026 12:45,$338.98,N,buyer_0409,$125.36,Y,refund_req_300854,agent_014,Approved,61,purchase_100854,APPLIANCES,missing_part
05/06/2026 11:44,$607.59,N,buyer_9008,$470.96,N,refund_req_304256,agent_016,Approved,10,purchase_104256,APPLIANCES,
04/17/2026 02:17,$82.85,N,buyer_0077,$58.04,Y,refund_req_300239,agent_008,Approved,50,purchase_100239,SPORTS,damaged_item
06/18/2026 10:17,$38.40,N,buyer_0176,$15.99,Y,refund_req_302846,agent_009,Approved,63,purchase_102846,BOOKS,
05/04/2026 06:12,"$1,178.13",Y,buyer_0337,"$1,141.04",N,refund_req_304456,agent_703,Approved,8,purchase_104456,FASHION,wrong_size
04/13/2026 20:32,"$1,237.13",N,buyer_0017,$557.95,N,refund_req_302616,agent_018,Approved,,purchase_102616,APPLIANCES,damaged_item
05/25/2026 22:48,$463.68,N,buyer_0009,$331.44,N,refund_req_304581,agent_702,Approved,38,purchase_104581,FASHION,wrong_size
04/19/2026 21:48,$408.48,N,buyer_0286,$389.31,Y,refund_req_303590,agent_101,Approved,3,purchase_103590,SPORTS,item_not_as_described
04/29/2026 08:37,"$1,151.33",N,buyer_0329,$965.57,N,refund_req_302457,agent_015,Approved,97,purchase_102457,APPLIANCES,damaged_item
04/21/2026 01:44,$25.28,N,buyer_0590,$11.94,N,refund_req_302028,agent_006,Rejected,60,purchase_102028,SPORTS,  wrong_size  
06/04/2026 03:25,$636.71,N,buyer_8001,$534.76,Y,refund_req_304673,agent_801,Approved,17,purchase_104673,FASHION, changed_mind 
04/24/2026 21:50,$259.99,Y,buyer_0186,$170.76,Y,refund_req_300724,agent_026,Approved,71,purchase_100724,CLOTHING,changed_mind
04/17/2026 19:07,$40.40,N,buyer_0187,$15.22,Y,refund_req_302975,agent_005,Approved,63,purchase_102975, BOOKS ,  wrong_item_received  
05/15/2026 05:12,$69.87,N,buyer_0027,$29.24,Y,refund_req_300889,agent_030,Rejected,36,purchase_100889,BOOKS,changed_mind
04/03/2026 02:07,"$1,619.27",N,buyer_0216,"$1,619.27",Y,refund_req_303542,agent_009,Approved,41,purchase_103542,LUXURY,item_not_as_described
05/10/2026 18:52,$333.73,N,buyer_8003,$230.57,N,refund_req_304783,agent_803,Approved,11,purchase_104783,FASHION,wrong_size
05/01/2026 07:34,"$1,690.87",Y,buyer_0094,"$1,373.08",Y,refund_req_303857,agent_024,Approved,17,purchase_103857,LUXURY,damaged_item
05/04/2026 20:25,"$1,855.43",N,buyer_0570,$868.36,N,refund_req_301067,agent_014,Rejected,65,purchase_101067,LUXURY,  damaged_item  
05/09/2026 11:56,$840.44,N,buyer_0258,$442.95,N,refund_req_301208,agent_025,Approved,47,purchase_101208,APPLIANCES,not_working
06/14/2026 18:26,"$2,236.32",N,buyer_0161,"$1,731.30",Y,refund_req_300940,agent_020,Approved,94,purchase_100940,LUXURY,item_not_as_described
06/08/2026 17:58,$51.93,N,buyer_0434,$22.04,Y,refund_req_300505,agent_017,Approved,94,purchase_100505,SPORTS,
04/29/2026 07:58,$765.83,N,buyer_0223,$388.86,N,refund_req_302673,agent_026,Rejected,63,purchase_102673,APPLIANCES,
04/16/2026 05:42,"$2,399.71",Y,buyer_0236,"$1,755.79",N,refund_req_304045,agent_007,Approved,28,purchase_104045,LUXURY,item_not_as_described
04/08/2026 01:51,$154.25,N,buyer_0508,$122.73,Y,refund_req_301851,agent_015,Approved,49,purchase_101851,  FASHION  ,wrong_size
05/21/2026 20:17,$403.40,N,buyer_0306,$93.12,Y,refund_req_301493,agent_030,Approved,,purchase_101493,APPLIANCES,
05/24/2026 06:39,$50.66,N,buyer_0250,$31.77,Y,refund_req_301324,agent_021,Approved,88,purchase_101324,BOOKS,damaged_item
04/18/2026 19:38,$463.75,N,buyer_0012,$382.35,Y,refund_req_302306,agent_015,Rejected,,purchase_102306,APPLIANCES,not_working
06/15/2026 18:30,$59.80,N,buyer_0194,$28.55,N,refund_req_300698,agent_017,REJECTED,74,purchase_100698,CLOTHING,item_not_as_described
04/18/2026 17:15,"$1,585.85",Y,buyer_9903,"$1,493.74",N,refund_req_304835,agent_901,Approved,3,purchase_104835,Appliances,missing_part
05/24/2026 14:09,$96.54,N,buyer_0273,$27.48,N,refund_req_300568,agent_007,Rejected,57,purchase_100568,BEAUTY,damaged_item
04/12/2026 16:45,"$1,765.30",N,buyer_0010,"$1,765.30",N,refund_req_303316,agent_014,Approved,,purchase_103316,ELECTRONICS,missing_accessory
06/20/2026 00:33,"$1,351.09",N,buyer_0372,$777.58,Y,refund_req_303600,agent_103,Approved,3,purchase_103600,ELECTRONICS,damaged_item
05/05/2026 23:13,$387.12,N,buyer_0507,$297.50,Y,refund_req_301448,agent_016,Approved,41,purchase_101448,APPLIANCES,
06/15/2026 00:17,$237.74,N,buyer_0504,$195.59,N,refund_req_304535,agent_701,Approved,27,purchase_104535,SPORTS,item_not_as_described
04/02/2026 22:41,"$1,373.76",Y,buyer_0467,"$1,144.02",Y,refund_req_304080,agent_006,Approved,30,purchase_104080,ELECTRONICS,missing_accessory
06/14/2026 22:07,$442.79,N,buyer_9004,$366.46,N,refund_req_304188,agent_024,Approved,8,purchase_104188,SPORTS,item_not_as_described
04/21/2026 07:40,$221.81,N,buyer_0464,$180.43,N,refund_req_302061,agent_010,Rejected,85,purchase_102061,CLOTHING,  wrong_size  
05/07/2026 00:11,"$1,091.03",Y,buyer_0308,"$1,034.25",,refund_req_303925,agent_009,Approved,20,purchase_103925,APPLIANCES,damaged_item
04/23/2026 17:53,$65.75,N,buyer_0155,$15.97,Y,refund_req_301107,agent_024,Approved,80,purchase_101107,BEAUTY,damaged_item
05/02/2026 04:20,$585.99,N,buyer_0085,$322.30,N,refund_req_304397,agent_701,Approved,7,purchase_104397,FASHION,
04/30/2026 21:16,"$2,173.65",N,buyer_0096,"$2,173.65",N,refund_req_303351,agent_008,Approved,56,purchase_103351,LUXURY,
04/09/2026 23:57,$793.29,N,buyer_0308,$486.39,Y,refund_req_302406,agent_015,Approved,93,purchase_102406,APPLIANCES,damaged_item
04/08/2026 07:27,$546.28,N,buyer_0316,$334.28,Y,refund_req_304600,agent_703,Approved,19,purchase_104600,FASHION,changed_mind
05/04/2026 21:06,$313.53,N,buyer_0370,$209.65,Y,refund_req_304394,agent_701,Approved,5,purchase_104394,  SPORTS  ,damaged_item
04/16/2026 12:08,"$1,318.02",N,buyer_0035,$742.69,N,refund_req_302416,agent_030,Approved,49,purchase_102416,LUXURY,changed_mind
05/17/2026 09:29,$895.07,Y,buyer_0096,$556.18,N,refund_req_302109,agent_012,Rejected,78,purchase_102109,APPLIANCES,damaged_item
06/07/2026 14:39,$166.90,N,buyer_0574,$54.10,N,refund_req_300947,agent_020,Approved,86,purchase_100947,BEAUTY,allergic_reaction
05/17/2026 16:14,$44.35,N,buyer_0245,$16.16,Y,refund_req_302710,agent_027,Approved,39,purchase_102710,BOOKS,changed_mind
04/28/2026 08:49,$376.36,N,buyer_0546,$352.44,Y,refund_req_303767,agent_103,Approved,4,purchase_103767,FASHION,changed_mind
05/05/2026 19:04,"$1,299.23",Y,buyer_0387,"$1,126.19",Y,refund_req_303845,agent_011, Approved ,21,purchase_103845,LUXURY,item_not_as_described
05/13/2026 14:59,$156.14,N,buyer_0003,$58.80,N,refund_req_302445,agent_008,Approved,53,purchase_102445,FASHION,changed_mind
06/06/2026 14:00,$708.29,N,buyer_0238,$525.34,N,refund_req_302527,agent_013,Approved,101,purchase_102527,APPLIANCES,not_working
05/13/2026 06:52,$461.74,N,buyer_0032,$157.15,N,refund_req_301323,agent_029,Approved,37,purchase_101323,APPLIANCES,not_working
04/26/2026 11:23,$70.19,N,buyer_0355,$23.80,N,refund_req_302381,agent_017,Rejected,28,purchase_102381,BOOKS, damaged_item 
04/04/2026 05:09,$202.06,N,buyer_0544,$75.00,Y,refund_req_300390,agent_003,Approved,44,purchase_100390,HOME,item_not_as_described
06/06/2026 12:39,$178.55,N,buyer_0356,$46.10,,refund_req_300376,agent_010,Approved,39,purchase_100376,FASHION,wrong_size
04/15/2026 06:56,"$1,084.60",N,buyer_0397,"$1,084.60",Y,refund_req_303461,agent_006,Approved,17,purchase_103461,FASHION,wrong_size
06/07/2026 01:04,"$1,388.00",Y,buyer_9905,"$1,409.09",N,refund_req_304986,agent_902,Approved,2,purchase_104986,ELECTRONICS,not_working
06/01/2026 16:45,"$2,028.46",Y,buyer_9905,"$1,868.32",N,refund_req_304926,agent_902,Approved,2,purchase_104926,ELECTRONICS,  missing_accessory  
06/14/2026 18:03,"$2,029.46",N,buyer_9007,"$1,397.29",N,refund_req_304175,agent_013,  Approved  ,63,purchase_104175,Luxury,damaged_item
04/11/2026 18:39,"$1,111.33",N,buyer_0199,$492.41,Y,refund_req_301972,agent_017,Approved,57,purchase_101972,CLOTHING,item_not_as_described
06/20/2026 05:23,$914.86,N,buyer_0340,$281.81,Y,refund_req_301778,agent_021,Approved,77,purchase_101778,APPLIANCES,not_working
04/01/2026 16:40,"$2,070.51",Y,buyer_0143,"$1,473.06",N,refund_req_303045,agent_007,Approved,,purchase_103045,ELECTRONICS,damaged_item
04/05/2026 10:44,$52.04,N,buyer_0564,$23.02,Y,refund_req_302804,agent_021,Approved,62,purchase_102804, BOOKS ,wrong_item_received
06/18/2026 08:58,$586.40,N,buyer_0321,$461.45,Y,refund_req_304582,agent_703,Approved,12,purchase_104582,Home,item_not_as_described
04/20/2026 12:10,$371.35,N,buyer_0295,$190.24,,refund_req_304485,agent_702,Approved,23,purchase_104485,FASHION,changed_mind
04/07/2026 15:55,"$1,313.79",N,buyer_0245,"$1,200.99",N,refund_req_303176,agent_011,Approved,8,purchase_103176,ELECTRONICS,not_working
04/09/2026 18:37,$217.75,N,buyer_0453,$148.42,N,refund_req_300271,agent_007,Approved,55,purchase_100271,CLOTHING,wrong_size
05/22/2026 04:32,"$1,231.83",N,buyer_0318,$935.25,N,refund_req_301150,agent_001,Approved,57,purchase_101150,FASHION, changed_mind 
04/06/2026 17:18,$409.97,N,buyer_0025,$95.85,Y,refund_req_301113,agent_017,Approved,69,purchase_101113, SPORTS ,damaged_item
06/09/2026 16:42,"$2,767.05",N,buyer_0589,"$2,767.05",Y,refund_req_303536,agent_002,Approved,58,purchase_103536,  LUXURY  ,damaged_item
05/03/2026 08:45,$924.62,N,buyer_9006,$578.82,N,refund_req_304198,agent_023,Approved,20,purchase_104198,SPORTS,damaged_item
04/06/2026 18:12,$148.51,N,buyer_0568,$125.84,N,refund_req_304460,agent_701,Approved,6,purchase_104460,FASHION,wrong_size
05/11/2026 20:19,$124.01,N,buyer_0587,$69.67,N,refund_req_301019,agent_011,REJECTED,41,purchase_101019,  BEAUTY  ,allergic_reaction
06/21/2026 07:44,"$1,517.24",N,buyer_0165,"$1,517.24",N,refund_req_303550,agent_001,Approved,43,purchase_103550,APPLIANCES,damaged_item
04/27/2026 22:02,"$2,449.82",Y,buyer_0446,"$1,970.36",N,refund_req_304593,agent_702,Approved,33,purchase_104593,LUXURY,damaged_item
05/12/2026 16:52,$128.06,N,buyer_9001,$127.38,N,refund_req_304273,agent_012,Approved,44,purchase_104273,BEAUTY,changed_mind
05/20/2026 12:51,"$2,003.87",Y,buyer_0279,"$1,470.77",N,refund_req_303906,agent_002,Approved,14,purchase_103906,ELECTRONICS,damaged_item
04/10/2026 02:10,"$1,849.86",N,buyer_0372,$739.73,N,refund_req_300004,agent_004,  Approved  ,98,purchase_100004,ELECTRONICS,not_working
04/01/2026 11:02,$292.57,N,buyer_8001,$284.03,N,refund_req_304712,agent_801,Approved,10,purchase_104712,SPORTS,damaged_item
05/24/2026 23:43,$484.24,N,buyer_0227,$272.69,N,refund_req_300526,agent_017,Rejected,40,purchase_100526,HOME,item_not_as_described
05/11/2026 01:22,"$1,074.05",Y,buyer_9902,$974.46,N,refund_req_304929,agent_901,Approved,7,purchase_104929,APPLIANCES,not_working
05/21/2026 09:44,$286.58,N,buyer_0157,$147.67,Y,refund_req_300591,agent_029,Approved,59,purchase_100591,home,
05/24/2026 23:58,"$1,555.83",N,buyer_0143,"$1,057.80",N,refund_req_303149,agent_003,Approved,36,purchase_103149,APPLIANCES,not_working
05/25/2026 23:03,$955.78,N,buyer_0162,$344.54,N,refund_req_302834,agent_025,Rejected,58,purchase_102834,BEAUTY,damaged_item
05/15/2026 08:01,"$1,576.71",Y,buyer_9904,"$1,555.81",N,refund_req_304960,agent_902,Approved,3,purchase_104960,LUXURY,changed_mind
04/18/2026 02:39,"$2,333.87",Y,buyer_0394,"$1,428.87",N,refund_req_304498,agent_703,Approved,24,purchase_104498,LUXURY,changed_mind
06/06/2026 15:24,"$1,154.54",N,buyer_0402,"$1,154.54",N,refund_req_303372,agent_024,Approved,37,purchase_103372,ELECTRONICS,missing_accessory
05/21/2026 05:51,$386.25,N,buyer_0318,$88.10,N,refund_req_302466,agent_028,APPROVED,41,purchase_102466,SPORTS,wrong_size
05/02/2026 22:50,"$1,614.73",Y,buyer_9904,"$1,411.85",N,refund_req_304846,agent_902,Approved,8,purchase_104846,ELECTRONICS,not_working
04/05/2026 00:52,"$1,752.61",N,buyer_0301,$719.44,N,refund_req_301065,agent_004,Approved,71,purchase_101065,APPLIANCES,not_working
04/22/2026 08:44,"$1,200.34",N,buyer_0428,$978.59,N,refund_req_303069,agent_016,Approved,35,purchase_103069,APPLIANCES,not_working
04/18/2026 03:15,$915.97,N,buyer_0466,$915.97,Y,refund_req_303287,agent_103, Approved ,36,purchase_103287,APPLIANCES,damaged_item
05/26/2026 02:44,"$1,111.78",Y,buyer_0241,$906.58,N,refund_req_303943,agent_020,Approved,23,purchase_103943,LUXURY,changed_mind
06/03/2026 13:37,"$2,033.69",N,buyer_0265,$667.88,N,refund_req_302347,agent_006,Rejected,71,purchase_102347,LUXURY,damaged_item
05/08/2026 15:31,"$1,316.22",Y,buyer_0231,"$1,247.28",N,refund_req_304068,agent_028,APPROVED,8,purchase_104068,ELECTRONICS,
05/13/2026 09:29,$25.47,N,buyer_0589,$12.52,Y,refund_req_304390,agent_703,Approved,27,purchase_104390,BOOKS,wrong_item_received
06/17/2026 10:57,"$1,338.06",N,buyer_0065,$877.20,N,refund_req_300325,agent_021, Approved ,82,purchase_100325,ELECTRONICS,not_working
05/23/2026 23:50,$340.72,Y,buyer_0093,$133.59,Y,refund_req_302037,agent_006,Approved,43,purchase_102037,APPLIANCES,not_working
05/12/2026 14:36,"$2,800.89",Y,buyer_0578,"$2,258.80",Y,refund_req_304015,agent_005,Approved,5,purchase_104015,LUXURY,damaged_item
04/13/2026 10:05,"$1,789.16",N,buyer_0154,$364.35,Y,refund_req_300939,agent_006,REJECTED,59,purchase_100939,APPLIANCES,not_working
05/25/2026 11:32,$623.33,N,buyer_0099,$342.63,,refund_req_300322,agent_003,Approved,46,purchase_100322,FASHION,item_not_as_described
06/16/2026 16:17,"$1,234.32",Y,buyer_0454,"$1,146.47",N,refund_req_303908,agent_102,Approved,18,purchase_103908,APPLIANCES,
04/11/2026 15:23,$141.47,N,buyer_0587,$113.12,Y,refund_req_300342,agent_002,Approved,77,purchase_100342,FASHION,item_not_as_described
05/30/2026 08:14,$77.23,N,buyer_0481,$47.86,Y,refund_req_302704,agent_020,Approved,102,purchase_102704,BOOKS,changed_mind
04/18/2026 21:46,$84.44,Y,buyer_0372,$49.87,Y,refund_req_303733,agent_103,Approved,,purchase_103733,BOOKS,wrong_item_received
06/19/2026 04:46,$78.72,N,buyer_0050,$19.93,N,refund_req_302651,agent_014,  APPROVED  ,55,purchase_102651,FASHION,item_not_as_described
05/22/2026 23:40,$86.68,Y,buyer_0425,$75.49,N,refund_req_303704,agent_102,Approved,4,purchase_103704,CLOTHING,changed_mind
04/29/2026 20:24,$33.70,N,buyer_0541,$27.43,Y,refund_req_300836,agent_007,Approved,53,purchase_100836,BOOKS,changed_mind
05/31/2026 12:27,"$1,837.42",Y,buyer_0276,"$1,757.58",N,refund_req_304027,agent_024,Approved,10,purchase_104027,ELECTRONICS,damaged_item
05/29/2026 15:40,$959.33,Y,buyer_0033,$829.92,N,refund_req_304409,agent_701,Approved,28,purchase_104409,BEAUTY,allergic_reaction
05/25/2026 12:18,$323.58,N,buyer_9008,$194.51,Y,refund_req_304144,agent_021,  Approved  ,66,purchase_104144,HOME,item_not_as_described
06/20/2026 01:09,$605.99,N,buyer_0024,$213.99,Y,refund_req_301935,agent_019,Approved,71,purchase_101935,FASHION,item_not_as_described
05/20/2026 00:20,$485.66,N,buyer_9003,$399.42,N,refund_req_304147,agent_027,Approved,22,purchase_104147,HOME,missing_part
04/16/2026 22:36,"$1,855.69",N,buyer_0311,"$1,855.69",Y,refund_req_303385,agent_030,Approved,43,purchase_103385,ELECTRONICS,damaged_item
04/12/2026 08:07,"$1,726.46",N,buyer_0583,$379.49,Y,refund_req_302240,agent_027,Approved,83,purchase_102240,APPLIANCES,missing_part
06/08/2026 15:02,$334.48,N,buyer_0056,$140.78,Y,refund_req_300923,agent_030,Rejected,54,purchase_100923,SPORTS,damaged_item
05/15/2026 11:28,$907.50,Y,buyer_8001,$584.89,N,refund_req_304637,agent_801,Approved,,purchase_104637,ELECTRONICS,  missing_accessory  
06/16/2026 12:52,$213.02,N,buyer_0105,$127.85,N,refund_req_302396,agent_027,Approved,81,purchase_102396,CLOTHING,changed_mind
06/12/2026 15:18,"$1,060.66",N,buyer_0496,"$1,060.66",Y,refund_req_303477,agent_016,Approved,60,purchase_103477,LUXURY, changed_mind 
05/10/2026 06:41,$173.14,N,buyer_0034,$62.32,Y,refund_req_301251,agent_020,Approved,47,purchase_101251, CLOTHING ,
04/16/2026 17:45,$60.57,N,buyer_0465,$21.55,N,refund_req_301540,agent_001,Rejected,52,purchase_101540,BEAUTY,allergic_reaction
04/28/2026 01:37,$185.74,N,buyer_0298,$141.50,Y,refund_req_300859,agent_027,Approved,41,purchase_100859,CLOTHING,item_not_as_described
06/08/2026 17:18,"$1,586.43",Y,buyer_0597,"$1,011.90",N,refund_req_303266,agent_018,Approved,,purchase_103266,ELECTRONICS,
06/17/2026 21:19,$557.34,N,buyer_0095,$446.71,Y,refund_req_302415,agent_022,Approved,75,purchase_102415,LUXURY,item_not_as_described
04/05/2026 09:49,$43.71,N,buyer_0293,$27.57,Y,refund_req_302625,agent_011,Approved,50,purchase_102625, BOOKS ,wrong_item_received
06/10/2026 20:13,$442.00,N,buyer_0478,$132.56,Y,refund_req_300317,agent_011,Approved,73,purchase_100317,  ELECTRONICS  ,missing_accessory
04/04/2026 02:03,$296.98,N,buyer_0165,$76.16,N,refund_req_301804,agent_005,Rejected,93,purchase_101804,HOME,damaged_item
05/02/2026 07:31,"$1,752.34",N,buyer_0553,$867.60,Y,refund_req_302791,agent_021,Approved,107,purchase_102791,LUXURY,changed_mind
04/20/2026 12:25,"$2,086.63",N,buyer_0233,$560.80,N,refund_req_301744,agent_023,Approved,98,purchase_101744,ELECTRONICS,not_working
05/23/2026 01:27,$544.93,N,buyer_0025,$130.16,N,refund_req_300994,agent_023,Rejected,84,purchase_100994,FASHION,item_not_as_described
05/22/2026 18:05,"$1,913.03",Y,buyer_9904,"$2,007.96",N,refund_req_304976,agent_902,Approved,4,purchase_104976,ELECTRONICS,not_working
06/07/2026 08:11,$959.56,N,buyer_0326,$488.21,Y,refund_req_304436,agent_701,Approved,15,purchase_104436,APPLIANCES,not_working
05/31/2026 04:34,"$1,180.67",N,buyer_0482,$912.04,Y,refund_req_301134,agent_019,Approved,74,purchase_101134,LUXURY,changed_mind
04/26/2026 00:47,$405.83,N,buyer_0123,$144.25,N,refund_req_302722,agent_022,Rejected,,purchase_102722,FASHION,wrong_size
04/15/2026 03:22,"$1,023.90",N,buyer_0171,$937.67,N,refund_req_303125,agent_023,Approved,32,purchase_103125,  APPLIANCES  ,not_working
05/09/2026 18:42,$31.91,N,buyer_0084,$21.74,N,refund_req_300586,agent_019,Approved,69,purchase_100586,SPORTS,damaged_item
06/20/2026 18:32,"$1,485.97",N,buyer_0328,"$1,161.54",N,refund_req_303143,agent_003,Approved,22,purchase_103143,ELECTRONICS,missing_accessory
05/01/2026 14:52,$215.56,N,buyer_0499,$146.23,N,refund_req_301959,agent_007,Approved,63,purchase_101959,FASHION,wrong_size
04/05/2026 21:21,"$2,475.41",N,buyer_0090,$630.68,N,refund_req_302965,agent_022,Rejected,56,purchase_102965,LUXURY,damaged_item
04/04/2026 15:49,$803.67,N,buyer_0455,$306.02,N,refund_req_300687,agent_008,Approved,42,purchase_100687,ELECTRONICS,item_not_as_described
06/20/2026 10:12,"$1,328.53",N,buyer_9005,"$1,326.02",N,refund_req_304293,agent_013,Approved,46,purchase_104293,APPLIANCES,not_working
06/08/2026 01:28,"$1,155.73",N,buyer_0063,$886.03,N,refund_req_304431,agent_702,Approved,7,purchase_104431,SPORTS,item_not_as_described
04/20/2026 10:02,"$2,105.93",N,buyer_0299,"$1,474.80",N,refund_req_302004,agent_008,Approved,40,purchase_102004,ELECTRONICS,missing_accessory
06/13/2026 04:21,"$1,112.19",N,buyer_0032,$494.40,Y,refund_req_300094,agent_024,Approved,84,purchase_100094,HOME,missing_part
06/19/2026 20:44,"$1,793.61",Y,buyer_0375,"$1,294.49",N,refund_req_303257,agent_001,Approved,18,purchase_103257,appliances,damaged_item
04/12/2026 05:29,$130.01,N,buyer_0013,$87.40,Y,refund_req_302833,agent_009,Approved,83,purchase_102833,FASHION,wrong_size
04/12/2026 02:02,$310.50,N,buyer_0299,$142.70,Y,refund_req_302823,agent_006,Approved,54,purchase_102823,HOME,
04/17/2026 00:19,"$1,988.86",Y,buyer_0454,"$1,357.97",N,refund_req_304108,agent_009,Approved,9,purchase_104108,ELECTRONICS,missing_accessory
05/17/2026 11:52,$710.96,N,buyer_0027,$471.13,N,refund_req_301253,agent_001,Rejected,34,purchase_101253,APPLIANCES,missing_part
06/03/2026 18:32,$25.07,Y,buyer_0099,$16.24,Y,refund_req_302847,agent_010,Approved,65,purchase_102847,Books,wrong_item_received
06/19/2026 09:46,$192.36,Y,buyer_0146,$153.00,Y,refund_req_301202,agent_010,Approved,44,purchase_101202,HOME,item_not_as_described
05/19/2026 19:43,"$1,306.79",N,buyer_0170,$794.82,N,refund_req_302906,agent_015,Approved,,purchase_102906,LUXURY,damaged_item
05/12/2026 08:32,$265.23,N,buyer_0574,$57.47,,refund_req_301359,agent_004,Rejected,107,purchase_101359,FASHION,changed_mind
05/08/2026 03:51,$30.77,N,buyer_0332,$14.38,Y,refund_req_301717,agent_007,Approved,61,purchase_101717,BOOKS,changed_mind
05/08/2026 21:33,$904.92,N,buyer_0431,$904.92,Y,refund_req_303426,agent_028,Approved,13,purchase_103426,FASHION,wrong_size
04/23/2026 18:37,$42.16,N,buyer_8003,$26.89,N,refund_req_304747,agent_803,Approved,20,purchase_104747,BEAUTY,allergic_reaction
06/20/2026 16:10,$532.83,N,buyer_0216,$341.33,N,refund_req_303630,agent_101,Approved,5,purchase_103630,ELECTRONICS,damaged_item
05/27/2026 20:58,$277.42,N,buyer_0548,$64.13,N,refund_req_300290,agent_025,Approved,50,purchase_100290, SPORTS ,wrong_size
04/16/2026 17:53,$913.13,N,buyer_8003,$549.60,Y,refund_req_304729,agent_803,Approved,22,purchase_104729,ELECTRONICS,missing_accessory
04/16/2026 12:46,$71.11,N,buyer_0431,$33.99,N,refund_req_301190,agent_019,Rejected,63,purchase_101190,FASHION,changed_mind
06/05/2026 17:52,$25.20,N,buyer_0247,$16.74,N,refund_req_304503,agent_702,Approved,24,purchase_104503,BEAUTY,changed_mind
06/08/2026 22:16,"$1,107.41",N,buyer_0466,$345.16,N,refund_req_300669,agent_003,Rejected,41,purchase_100669,FASHION,
05/28/2026 00:35,$341.57,Y,buyer_0253,$287.72,N,refund_req_302407,agent_029,Rejected,27,purchase_102407,ELECTRONICS,item_not_as_described
05/13/2026 11:52,$49.90,N,buyer_0527,$16.04,N,refund_req_300340,agent_003,Approved,59,purchase_100340, BEAUTY ,allergic_reaction
05/12/2026 07:31,"$1,212.56",N,buyer_0554,$920.65,N,refund_req_300363,agent_016,Rejected,98,purchase_100363,APPLIANCES,not_working
05/20/2026 05:32,"$1,277.21",N,buyer_0376,$950.80,N,refund_req_302394,agent_010,Rejected,63,purchase_102394,CLOTHING,wrong_size
05/12/2026 10:47,"$1,344.11",Y,buyer_0480,$951.01,N,refund_req_303057,agent_027,Approved,39,purchase_103057,LUXURY,changed_mind
05/31/2026 07:20,"$2,947.58",N,buyer_0292,"$2,217.39",N,refund_req_302465,agent_019,REJECTED,63,purchase_102465,LUXURY,changed_mind
05/06/2026 17:11,$113.23,N,buyer_0018,$26.83,Y,refund_req_301840,agent_005,Rejected,73,purchase_101840,FASHION,changed_mind
04/01/2026 08:28,$260.21,N,buyer_0585,$62.73,N,refund_req_302600,agent_007,Approved,51,purchase_102600,FASHION,item_not_as_described
04/17/2026 13:12,"$1,198.00",N,buyer_0495,"$1,109.58",N,refund_req_303019,agent_020, Approved ,10,purchase_103019,APPLIANCES,damaged_item
06/04/2026 17:06,$57.29,N,buyer_0400,$38.99,Y,refund_req_302728,agent_026,Approved,76,purchase_102728,  BEAUTY  ,changed_mind
06/18/2026 01:54,"$1,050.83",N,buyer_0243,$640.29,Y,refund_req_303655,agent_103,Approved,5,purchase_103655,APPLIANCES,
04/10/2026 23:51,$514.11,N,buyer_0134,$122.75,N,refund_req_301768,agent_024,Approved,41,purchase_101768,APPLIANCES,not_working
04/19/2026 18:37,$176.39,N,buyer_9005,$115.54,N,refund_req_304317,agent_011,Approved,32,purchase_104317,  SPORTS  ,wrong_size
05/07/2026 14:28,$211.81,N,buyer_0072,$210.59,Y,refund_req_303626,agent_103,Approved,5,purchase_103626,HOME,item_not_as_described
04/28/2026 09:08,"$1,795.04",N,buyer_0580,"$1,795.04",N,refund_req_303377,agent_028, Approved ,43,purchase_103377,ELECTRONICS,not_working
05/26/2026 10:57,"$1,423.05",N,buyer_0479,$421.17,N,refund_req_301159,agent_012,Approved,,purchase_101159,APPLIANCES,missing_part
04/08/2026 16:40,$309.66,N,buyer_0463,$120.71,N,refund_req_302143,agent_022,Rejected,57,purchase_102143,FASHION,item_not_as_described
06/03/2026 03:24,"$2,027.45",Y,buyer_9904,"$2,026.81",N,refund_req_304802,agent_902,Approved,8,purchase_104802,LUXURY,item_not_as_described
06/20/2026 18:50,"$1,024.79",N,buyer_9005,$695.47,Y,refund_req_304213,agent_022,Approved,23,purchase_104213,BOOKS,damaged_item
04/17/2026 19:49,$617.86,N,buyer_0037,$274.23,Y,refund_req_301115,agent_013,Approved,74,purchase_101115,APPLIANCES,
05/24/2026 23:20,$88.45,N,buyer_0422,$39.97,,refund_req_302378,agent_007,Approved,77,purchase_102378, FASHION ,
04/01/2026 14:33,$966.09,N,buyer_0586,$387.74,N,refund_req_301226,agent_022,Approved,84,purchase_101226,BOOKS,wrong_item_received
06/01/2026 15:17,$369.76,N,buyer_0052,$77.50,N,refund_req_300010,agent_004,Approved,98,purchase_100010,FASHION,wrong_size
05/20/2026 18:02,$51.50,Y,buyer_8001,$34.53,N,refund_req_304706,agent_801,Approved,25,purchase_104706,BEAUTY,changed_mind
05/22/2026 19:04,$95.08,N,buyer_0066,$49.74,Y,refund_req_300485,agent_027,Rejected,89,purchase_100485,  HOME  ,damaged_item
05/01/2026 09:23,$335.15,N,buyer_0570,$215.84,N,refund_req_302590,agent_015,Approved,36,purchase_102590,ELECTRONICS,
06/21/2026 04:09,"$1,749.61",Y,buyer_9904,"$1,603.46",N,refund_req_304900,agent_902,Approved,1,purchase_104900,APPLIANCES,  damaged_item  
05/21/2026 21:39,$156.03,N,buyer_9001,$126.91,N,refund_req_304193,agent_014,Approved,12,purchase_104193,CLOTHING,
04/13/2026 18:36,$92.01,N,buyer_0080,$58.71,N,refund_req_304472,agent_701,Approved,5,purchase_104472,BEAUTY,
04/12/2026 04:25,$372.67,N,buyer_8003,$325.26,Y,refund_req_304675,agent_803,Approved,25,purchase_104675,SPORTS,damaged_item
04/04/2026 09:40,$144.33,N,buyer_0144,$104.67,Y,refund_req_302063,agent_022,Approved,54,purchase_102063,BEAUTY,allergic_reaction
05/08/2026 21:10,"$1,095.29",N,buyer_9003,$830.94,Y,refund_req_304299,agent_022,Approved,37,purchase_104299,APPLIANCES,damaged_item
05/17/2026 08:21,$27.88,N,buyer_8002,$23.96,Y,refund_req_304602,agent_802,Approved,8,purchase_104602,  SPORTS  ,  damaged_item  
06/13/2026 23:19,$351.94,N,buyer_9002,$280.81,N,refund_req_304170,agent_026,Approved,30,purchase_104170,  SPORTS  ,damaged_item
06/13/2026 02:29,"$1,723.29",Y,buyer_9901,"$1,622.52",N,refund_req_304821,agent_901,Approved,,purchase_104821,APPLIANCES,damaged_item
04/22/2026 20:46,$363.64,N,buyer_0156,$83.84,Y,refund_req_301046,agent_020,Approved,107,purchase_101046,  FASHION  ,item_not_as_described
04/21/2026 21:18,$353.15,N,buyer_0358,$262.50,,refund_req_303783,agent_103,Approved,,purchase_103783,ELECTRONICS,not_working
06/09/2026 10:31,"$1,579.83",N,buyer_0519,$763.53,N,refund_req_302829,agent_020,Rejected,78,purchase_102829,ELECTRONICS,item_not_as_described
04/09/2026 15:41,$15.94,N,buyer_0072,$8.31,Y,refund_req_303769,agent_101,Approved,3,purchase_103769,BOOKS,damaged_item
05/22/2026 13:21,$129.46,N,buyer_9005,$95.83,Y,refund_req_304157,agent_023,Approved,,purchase_104157,  clothing  ,item_not_as_described
04/15/2026 13:32,$462.91,N,buyer_0162,$248.62,N,refund_req_301034,agent_027,Approved,94,purchase_101034,APPLIANCES,missing_part
05/21/2026 18:58,$210.01,N,buyer_0409,$174.70,N,refund_req_301870,agent_018,Rejected,49,purchase_101870,FASHION,item_not_as_described
04/06/2026 17:54,$258.92,N,buyer_0549,$150.35,,refund_req_301171,agent_026,Rejected,47,purchase_101171,APPLIANCES,damaged_item
05/18/2026 08:19,$952.13,Y,buyer_0212,$901.28,Y,refund_req_304079,agent_030,Approved,26,purchase_104079,ELECTRONICS,not_working
06/06/2026 18:10,"$2,389.37",Y,buyer_0497,"$2,351.74",N,refund_req_303963,agent_022,Approved,,purchase_103963,LUXURY,changed_mind
04/09/2026 18:24,$223.31,N,buyer_0069,$186.75,N,refund_req_301853,agent_001,Approved,74,purchase_101853,ELECTRONICS,
04/10/2026 16:17,$121.83,N,buyer_0257,$64.89,,refund_req_302511,agent_018,Approved,50,purchase_102511,CLOTHING, changed_mind 
06/20/2026 15:53,$347.08,N,buyer_8001,$313.00,Y,refund_req_304658,agent_801,Approved,26,purchase_104658,SPORTS,damaged_item
04/20/2026 14:41,$228.57,N,buyer_0222,$159.13,Y,refund_req_302413,agent_015,Approved,119,purchase_102413,CLOTHING,item_not_as_described
05/27/2026 16:52,"$1,134.50",Y,buyer_0335,$917.81,N,refund_req_303962,agent_021,Approved,26,purchase_103962,APPLIANCES,not_working
04/11/2026 00:16,$934.66,N,buyer_8001,$796.19,Y,refund_req_304751,agent_801, Approved ,16,purchase_104751,SPORTS,wrong_size
05/21/2026 08:40,$9.69,N,buyer_0517,$6.48,Y,refund_req_301670,agent_024,Rejected,43,purchase_101670,Books,changed_mind
05/25/2026 21:36,$357.70,N,buyer_0221,$85.68,Y,refund_req_300922,agent_017,Rejected,82,purchase_100922,  SPORTS  ,damaged_item
05/02/2026 20:08,$946.93,N,buyer_0524,$633.37,Y,refund_req_302543,agent_019,Approved,,purchase_102543,BEAUTY, damaged_item 
06/13/2026 05:14,"$1,723.74",N,buyer_0598,"$1,723.74",N,refund_req_303306,agent_103,Approved,59,purchase_103306,APPLIANCES,damaged_item
05/24/2026 17:16,$979.88,N,buyer_8002,$928.42,N,refund_req_304698,agent_802,Approved,30,purchase_104698,BEAUTY,damaged_item
04/27/2026 22:15,"$1,221.77",N,buyer_0191,"$1,000.00",N,refund_req_303157,agent_003,Approved,8,purchase_103157,APPLIANCES,not_working
04/02/2026 15:52,$66.94,N,buyer_0280,$56.55,N,refund_req_302580,agent_010,Rejected,40,purchase_102580,BEAUTY,damaged_item
05/12/2026 21:05,"$1,156.70",N,buyer_0058,$846.12,Y,refund_req_304597,agent_703,  Approved  ,5,purchase_104597,BEAUTY,damaged_item
06/01/2026 16:14,"$2,172.08",N,buyer_0588,"$2,172.08",,refund_req_303376,agent_019,Approved,,purchase_103376,ELECTRONICS,damaged_item
06/03/2026 06:07,$143.95,N,buyer_0489,$61.00,N,refund_req_301000,agent_013,Approved,79,purchase_101000,FASHION,changed_mind
04/27/2026 16:42,$46.08,N,buyer_0473,$46.05,N,refund_req_303816,agent_101,Approved,4,purchase_103816,CLOTHING,changed_mind
06/14/2026 09:29,"$1,229.70",Y,buyer_0457,"$1,229.70",Y,refund_req_303453,agent_013,Approved,29,purchase_103453,APPLIANCES,damaged_item
05/02/2026 22:19,$979.50,Y,buyer_0299,$867.17,N,refund_req_303073,agent_015,Approved,27,purchase_103073,ELECTRONICS,missing_accessory
04/29/2026 10:56,"$2,295.90",Y,buyer_9905,"$2,302.34",N,refund_req_304868,agent_902,Approved,7,purchase_104868,LUXURY,changed_mind
05/20/2026 21:54,$19.87,N,buyer_0184,$15.97,,refund_req_301074,agent_008,Approved,60,purchase_101074,BEAUTY,allergic_reaction
06/08/2026 16:27,"$1,332.13",Y,buyer_0136,"$1,073.73",N,refund_req_304110,agent_007,Approved,7,purchase_104110,ELECTRONICS,damaged_item
05/24/2026 06:59,$337.36,N,buyer_0176,$274.72,Y,refund_req_302181,agent_005,Approved,47,purchase_102181,SPORTS,item_not_as_described
05/12/2026 17:00,$469.35,N,buyer_0296,$374.49,Y,refund_req_302685,agent_029,Approved,,purchase_102685,LUXURY,item_not_as_described
06/12/2026 07:14,$30.14,N,buyer_0383,$22.45,Y,refund_req_302497,agent_008,Rejected,63,purchase_102497,BOOKS,changed_mind
04/18/2026 14:58,$256.38,N,buyer_0483,$160.14,Y,refund_req_300877,agent_019,Approved,46,purchase_100877,CLOTHING,wrong_size
05/27/2026 23:34,$540.20,Y,buyer_0497,$375.69,Y,refund_req_300217,agent_019,APPROVED,53,purchase_100217,HOME,missing_part
06/16/2026 20:47,$143.99,N,buyer_0136,$73.38,N,refund_req_302322,agent_017,Approved,82,purchase_102322,BEAUTY, damaged_item 
05/12/2026 18:49,$894.81,N,buyer_0160,$312.49,Y,refund_req_301369,agent_002,Rejected,55,purchase_101369,ELECTRONICS,damaged_item
05/25/2026 14:59,$596.72,N,buyer_0371,$135.26,Y,refund_req_301191,agent_004,Approved,48,purchase_101191,HOME,item_not_as_described
05/15/2026 15:33,$249.68,N,buyer_0326,$134.43,Y,refund_req_300318,agent_026,Rejected,42,purchase_100318,CLOTHING,item_not_as_described
05/06/2026 21:55,$170.30,N,buyer_0159,$164.06,Y,refund_req_303751,agent_101,Approved,2,purchase_103751,CLOTHING,wrong_size
04/21/2026 14:33,$74.45,N,buyer_0181,$31.90,Y,refund_req_304419,agent_702,Approved,40,purchase_104419,CLOTHING,wrong_size
04/21/2026 07:31,$528.22,N,buyer_0272,$173.23,N,refund_req_302670,agent_008,Rejected,58,purchase_102670,FASHION,changed_mind
04/28/2026 19:52,"$1,281.57",N,buyer_9005,"$1,071.30",N,refund_req_304221,agent_029,Approved,12,purchase_104221,LUXURY,changed_mind
05/28/2026 16:42,"$1,526.54",N,buyer_0219,"$1,233.69",Y,refund_req_302648,agent_027,Approved,83,purchase_102648,ELECTRONICS,missing_accessory
04/16/2026 14:05,"$1,665.73",N,buyer_0392,$741.87,N,refund_req_300166,agent_012,Approved,59,purchase_100166,APPLIANCES,missing_part
05/14/2026 02:16,"$1,257.32",N,buyer_0423,$760.99,N,refund_req_301679,agent_027,Approved,51,purchase_101679,CLOTHING,changed_mind
04/26/2026 21:12,"$1,100.18",N,buyer_0251,"$1,100.18",Y,refund_req_303320,agent_028,Approved,58,purchase_103320,FASHION,item_not_as_described
06/19/2026 18:04,$176.22,N,buyer_0462,$143.05,Y,refund_req_300188,agent_026,Approved,86,purchase_100188,SPORTS,item_not_as_described
06/17/2026 05:23,$927.82,N,buyer_0399,$693.31,N,refund_req_303042,agent_027,Approved,,purchase_103042,LUXURY,item_not_as_described
06/08/2026 13:14,$126.98,N,buyer_0196,$33.54,N,refund_req_300756,agent_002,  Rejected  ,66,purchase_100756,CLOTHING,changed_mind
05/16/2026 04:06,$890.39,N,buyer_0442,$203.22,Y,refund_req_300346,agent_029,Approved,47,purchase_100346,ELECTRONICS,item_not_as_described
04/22/2026 09:55,"$2,364.22",N,buyer_0317,"$1,005.40",N,refund_req_302504,agent_024,Approved,51,purchase_102504,LUXURY,damaged_item
04/29/2026 03:21,"$1,735.33",N,buyer_0472,"$1,407.57",N,refund_req_301058,agent_028,Rejected,27,purchase_101058,LUXURY,changed_mind
05/07/2026 05:08,$70.28,N,buyer_8001,$60.04,N,refund_req_304616,agent_801,Approved,,purchase_104616,SPORTS,damaged_item
05/04/2026 00:59,$58.68,N,buyer_0540,$34.37,Y,refund_req_303570,agent_103,Approved,,purchase_103570,SPORTS,damaged_item
05/03/2026 01:16,$256.94,Y,buyer_0551,$255.35,Y,refund_req_303748,agent_101,Approved,,purchase_103748,CLOTHING, changed_mind 
06/19/2026 22:34,"$2,056.22",Y,buyer_0069,"$1,628.93",N,refund_req_303133,agent_014,Approved,44,purchase_103133,LUXURY, item_not_as_described 
06/06/2026 13:54,"$1,356.83",Y,buyer_0509,"$1,284.28",Y,refund_req_303846,agent_012,Approved,,purchase_103846,ELECTRONICS,not_working
04/20/2026 12:26,$322.80,N,buyer_0464,$242.34,Y,refund_req_301729,agent_013,Approved,82,purchase_101729,HOME,missing_part
04/11/2026 14:38,"$1,060.54",Y,buyer_0585,$707.35,Y,refund_req_301999,agent_026,Approved,85,purchase_101999,BOOKS,changed_mind
05/10/2026 21:54,$85.14,N,buyer_0159,$39.17,N,refund_req_301297,agent_008,Approved,66,purchase_101297,SPORTS,item_not_as_described
06/03/2026 11:36,$326.71,N,buyer_0016,$282.71,Y,refund_req_303755,agent_103,Approved,3,purchase_103755,HOME,missing_part
05/23/2026 06:00,$153.90,N,buyer_0426,$116.19,N,refund_req_302538,agent_004,  Approved  ,72,purchase_102538,CLOTHING,changed_mind
06/03/2026 18:17,$564.71,Y,buyer_0503,$181.77,,refund_req_302009,agent_012,Approved,77,purchase_102009,FASHION,wrong_size
04/06/2026 06:55,$278.58,N,buyer_0221,$140.97,,refund_req_304488,agent_702,Approved,6,purchase_104488,HOME,damaged_item
06/04/2026 09:08,$62.58,N,buyer_0391,$38.08,N,refund_req_302263,agent_016, Rejected ,50,purchase_102263,HOME,item_not_as_described
04/08/2026 05:22,"$1,356.28",N,buyer_0189,$834.23,Y,refund_req_302110,agent_023,Approved,97,purchase_102110, ELECTRONICS ,
06/03/2026 18:42,"$1,584.94",N,buyer_0566,$777.11,Y,refund_req_301937,agent_002,Approved,94,purchase_101937,LUXURY,
06/04/2026 04:27,"$1,444.53",N,buyer_0153,$546.94,Y,refund_req_302759,agent_009,Approved,43,purchase_102759,LUXURY,
04/26/2026 08:27,$331.56,N,buyer_0053,$78.25,N,refund_req_302338,agent_006,Approved,50,purchase_102338,SPORTS,damaged_item
04/10/2026 15:48,$126.82,N,buyer_0232,$26.03,Y,refund_req_300220,agent_005,Approved,101,purchase_100220,CLOTHING,changed_mind
06/14/2026 17:59,$79.51,N,buyer_0292,$48.78,Y,refund_req_304483,agent_703,Approved,29,purchase_104483,BOOKS,changed_mind
06/06/2026 06:58,$117.74,N,buyer_8003,$92.23,Y,refund_req_304654,agent_803,Approved,20,purchase_104654,BEAUTY,damaged_item
06/21/2026 07:27,$108.10,N,buyer_0595,$55.65,Y,refund_req_303635,agent_101,Approved,1,purchase_103635,BEAUTY,changed_mind
05/12/2026 03:58,$994.70,N,buyer_0381,$994.70,N,refund_req_303361,agent_022,Approved,40,purchase_103361,FASHION,  wrong_size  
05/17/2026 18:12,$52.06,N,buyer_0295,$27.17,Y,refund_req_302940,agent_002,Approved,100,purchase_102940,BOOKS,damaged_item
05/04/2026 23:55,$85.92,N,buyer_0134,$18.97,N,refund_req_302216,agent_028,Rejected,28,purchase_102216,BEAUTY,
04/18/2026 10:16,"$1,867.04",Y,buyer_9902,"$1,630.51",N,refund_req_304911,agent_901,Approved,4,purchase_104911,Electronics,item_not_as_described
06/09/2026 22:11,$163.30,N,buyer_0376,$96.43,N,refund_req_302556,agent_023,Rejected,92,purchase_102556,FASHION,wrong_size
04/16/2026 01:54,$55.37,N,buyer_0041,$15.87,Y,refund_req_301177,agent_018,  Rejected  ,40,purchase_101177,CLOTHING,  wrong_size  
04/09/2026 22:30,$123.85,N,buyer_0043,$45.58,N,refund_req_301429,agent_008,Approved,60,purchase_101429,FASHION,item_not_as_described
05/02/2026 17:06,$586.56,N,buyer_0243,$426.43,Y,refund_req_300021,agent_030,Rejected,85,purchase_100021,HOME,item_not_as_described
05/03/2026 16:26,$25.37,N,buyer_0169,$15.39,Y,refund_req_300640,agent_007,  Approved  ,66,purchase_100640,BEAUTY,allergic_reaction
04/09/2026 20:26,$562.01,N,buyer_0088,$557.34,Y,refund_req_303722,agent_103,Approved,5,purchase_103722,APPLIANCES,
05/31/2026 02:09,$587.98,N,buyer_0140,$235.11,N,refund_req_301565,agent_004,rejected,87,purchase_101565,LUXURY,damaged_item
06/06/2026 11:34,$360.71,N,buyer_0337,$258.49,Y,refund_req_301666,agent_030,Approved,83,purchase_101666,SPORTS,wrong_size
04/18/2026 22:34,$516.62,N,buyer_0420,$371.44,Y,refund_req_302604,agent_020,Rejected,96,purchase_102604,HOME,missing_part
04/24/2026 08:28,"$1,590.26",N,buyer_0138,$517.36,Y,refund_req_300157,agent_029,Approved,68,purchase_100157,LUXURY,changed_mind
05/14/2026 15:52,$955.54,N,buyer_0425,$955.54,Y,refund_req_303285,agent_011,Approved,40,purchase_103285,FASHION,
05/06/2026 15:37,"$1,947.23",Y,buyer_0320,"$1,535.75",,refund_req_304117,agent_002,Approved,7,purchase_104117,LUXURY,changed_mind
06/15/2026 07:43,$99.11,N,buyer_9004,$67.64,N,refund_req_304284,agent_017,Approved,35,purchase_104284,CLOTHING,wrong_size
05/30/2026 04:10,$255.74,N,buyer_0518,$139.04,N,refund_req_301236,agent_011,Approved,39,purchase_101236,HOME,damaged_item
06/17/2026 22:51,$103.74,Y,buyer_0085,$75.40,Y,refund_req_302036,agent_028,Approved,41,purchase_102036,BEAUTY,damaged_item
05/14/2026 03:40,$948.00,N,buyer_0056,$662.32,Y,refund_req_303712,agent_102, Approved ,1,purchase_103712,ELECTRONICS,damaged_item
04/26/2026 04:23,$72.26,N,buyer_0495,$59.39,Y,refund_req_301136,agent_027,Approved,,purchase_101136,BOOKS,changed_mind
04/09/2026 16:01,$252.50,Y,buyer_9008,$201.53,N,refund_req_304184,agent_101,Approved,63,purchase_104184,CLOTHING,
04/12/2026 11:46,$11.23,N,buyer_0420,$5.87,N,refund_req_300293,agent_023,Approved,39,purchase_100293,BOOKS,damaged_item
04/04/2026 09:08,$78.81,Y,buyer_9007,$55.05,N,refund_req_304247,agent_018,Approved,65,purchase_104247,SPORTS,item_not_as_described
06/04/2026 14:06,"$1,486.94",N,buyer_0003,$593.84,Y,refund_req_301735,agent_008,Approved,79,purchase_101735,LUXURY,
05/03/2026 16:45,$436.60,N,buyer_0432,$203.63,Y,refund_req_301678,agent_020,Approved,88,purchase_101678,FASHION,wrong_size
06/19/2026 20:00,$61.70,N,buyer_0247,$51.02,Y,refund_req_303605,agent_103,Approved,3,purchase_103605,HOME,missing_part
05/07/2026 10:17,$871.02,N,buyer_0031,$637.92,Y,refund_req_302913,agent_026,Approved,75,purchase_102913,LUXURY,changed_mind
05/15/2026 05:13,"$1,055.84",N,buyer_0240,$743.72,Y,refund_req_302177,agent_011,Approved,70,purchase_102177,SPORTS,damaged_item
04/30/2026 17:50,$98.87,N,buyer_0084,$24.60,Y,refund_req_300053,agent_022,approved,47,purchase_100053,SPORTS,item_not_as_described
05/03/2026 19:42,"$1,537.74",N,buyer_0203,"$1,040.35",,refund_req_303119,agent_015,Approved,17,purchase_103119,ELECTRONICS,not_working
04/10/2026 10:21,"$1,360.01",N,buyer_0408,$883.00,N,refund_req_303070,agent_004,Approved,34,purchase_103070,APPLIANCES,not_working
05/17/2026 23:35,$43.32,N,buyer_0485,$31.38,Y,refund_req_303597,agent_101,Approved,3,purchase_103597,FASHION,item_not_as_described
06/02/2026 12:34,$27.66,N,buyer_0168,$26.02,Y,refund_req_303698,agent_101,Approved,5,purchase_103698,BEAUTY,  changed_mind  
06/02/2026 09:27,$92.29,N,buyer_0195,$34.27,N,refund_req_301872,agent_002,Approved,96,purchase_101872,BEAUTY,allergic_reaction
05/20/2026 15:58,$579.73,N,buyer_0376,$481.03,N,refund_req_301527,agent_002,Approved,46,purchase_101527,FASHION,changed_mind
04/09/2026 14:15,"$1,897.26",N,buyer_0405,$538.40,Y,refund_req_301090,agent_021,Approved,106,purchase_101090,ELECTRONICS,not_working
05/29/2026 01:58,"$1,290.27",N,buyer_0410,$974.06,Y,refund_req_304486,agent_703,Approved,19,purchase_104486,ELECTRONICS,not_working
05/06/2026 18:51,$126.67,N,buyer_0365,$35.23,Y,refund_req_301543,agent_027,Approved,73,purchase_101543,FASHION,wrong_size
05/04/2026 00:03,"$1,204.56",N,buyer_0536,$829.39,Y,refund_req_301918,agent_022,  Approved  ,56,purchase_101918,LUXURY,item_not_as_described
06/16/2026 08:05,$151.92,N,buyer_0579,$85.11,N,refund_req_300083,agent_005,Rejected,58,purchase_100083,BEAUTY,allergic_reaction
04/02/2026 15:04,"$1,005.27",N,buyer_8002,$996.52,N,refund_req_304611,agent_802,Approved,30,purchase_104611,  BEAUTY  ,allergic_reaction
06/15/2026 21:21,$202.97,N,buyer_0517,$95.40,N,refund_req_300928,agent_003,Approved,39,purchase_100928,CLOTHING,item_not_as_described
06/20/2026 21:05,$719.37,N,buyer_9002,$359.90,Y,refund_req_304138,agent_029,Approved,38,purchase_104138,APPLIANCES,damaged_item
06/15/2026 14:06,$102.70,N,buyer_9001,$100.81,Y,refund_req_304249,agent_007,Approved,38,purchase_104249,HOME,missing_part
05/20/2026 14:02,$215.85,N,buyer_0032,$105.63,N,refund_req_300633,agent_018,Approved,62,purchase_100633,CLOTHING,changed_mind
04/16/2026 04:30,$43.22,N,buyer_0469,$17.02,Y,refund_req_302159,agent_003,Approved,47,purchase_102159,CLOTHING,wrong_size
06/08/2026 04:12,$85.55,N,buyer_0031,$34.59,Y,refund_req_302021,agent_022,Approved,55,purchase_102021,BOOKS,damaged_item
05/22/2026 13:44,$153.31,N,buyer_0600,$47.86,Y,refund_req_301799,agent_026,Rejected,59,purchase_101799,CLOTHING,wrong_size
05/30/2026 17:48,"$1,697.46",Y,buyer_0130,"$1,497.25",Y,refund_req_303915,agent_022,Approved,7,purchase_103915,APPLIANCES,not_working
05/07/2026 02:53,$979.88,N,buyer_0228,$741.28,Y,refund_req_301874,agent_028,Approved,92,purchase_101874,SPORTS,wrong_size
06/09/2026 13:26,$649.40,N,buyer_0531,$423.67,Y,refund_req_303742,agent_101,Approved,4,purchase_103742,FASHION,wrong_size
05/03/2026 23:41,"$1,248.34",N,buyer_0180,$752.51,N,refund_req_300070,agent_006,Approved,,purchase_100070,HOME,damaged_item
05/26/2026 13:22,"$1,156.67",N,buyer_0355,$387.49,N,refund_req_302962,agent_003,Approved,36,purchase_102962,HOME,item_not_as_described
04/08/2026 15:23,$814.40,N,buyer_0042,$232.96,Y,refund_req_302606,agent_028,Approved,52,purchase_102606,ELECTRONICS,damaged_item
06/11/2026 21:59,$78.66,N,buyer_0341,$54.70,Y,refund_req_302024,agent_003, Approved ,63,purchase_102024,  SPORTS  ,item_not_as_described
05/30/2026 22:42,"$2,902.41",N,buyer_0222,"$1,440.85",Y,refund_req_302437,agent_022,Approved,70,purchase_102437,LUXURY,item_not_as_described
05/04/2026 02:47,$53.67,N,buyer_0208,$18.36,Y,refund_req_300658,agent_029,Approved,46,purchase_100658,beauty,allergic_reaction
05/12/2026 09:34,$595.88,N,buyer_0348,$230.74,Y,refund_req_302917,agent_014,Rejected,58,purchase_102917,FASHION,wrong_size
04/06/2026 00:11,"$1,084.32",N,buyer_0063,"$1,084.32",Y,refund_req_303330,agent_029,Approved,47,purchase_103330,FASHION,changed_mind
05/22/2026 15:44,"$1,810.70",N,buyer_0023,"$1,279.47",Y,refund_req_302161,agent_030,Approved,,purchase_102161,LUXURY,damaged_item
04/23/2026 22:07,$90.87,N,buyer_0245,$34.91,Y,refund_req_302778,agent_015,Approved,38,purchase_102778,SPORTS,damaged_item
05/16/2026 14:25,"$1,202.20",N,buyer_0298,$650.00,N,refund_req_300288,agent_010,Approved,70,purchase_100288,ELECTRONICS,  damaged_item  
04/25/2026 03:41,$193.27,N,buyer_0205,$103.40,Y,refund_req_300550,agent_011,Approved,70,purchase_100550,FASHION,wrong_size
04/25/2026 18:56,"$1,106.75",N,buyer_0290,$775.63,Y,refund_req_300321,agent_024,Approved,92,purchase_100321,FASHION,changed_mind
06/19/2026 10:02,$83.90,N,buyer_0590,$54.97,Y,refund_req_302046,agent_001,Approved,79,purchase_102046,HOME,missing_part
04/24/2026 19:29,"$1,647.96",Y,buyer_0518,"$1,117.32",N,refund_req_304507,agent_703,Approved,5,purchase_104507,ELECTRONICS,item_not_as_described
04/05/2026 11:12,$143.47,N,buyer_0504,$85.38,N,refund_req_302698,agent_014,Approved,42,purchase_102698,HOME,missing_part
05/27/2026 00:22,$408.47,N,buyer_9008,$330.32,N,refund_req_304160,agent_020,Approved,54,purchase_104160,Home,
05/23/2026 17:19,"$1,355.10",N,buyer_0077,"$1,239.55",N,refund_req_303035,agent_016,Approved,15,purchase_103035,Appliances,not_working
06/02/2026 00:33,$790.23,Y,buyer_0112,$308.61,Y,refund_req_300702,agent_021,Approved,74,purchase_100702,LUXURY,changed_mind
05/26/2026 03:14,$916.33,Y,buyer_0066,$723.68,Y,refund_req_304039,agent_016,Approved,6,purchase_104039,Appliances,missing_part
04/20/2026 23:39,$68.42,N,buyer_0593,$57.55,,refund_req_300802,agent_003,Rejected,33,purchase_100802,BEAUTY,changed_mind
04/17/2026 12:23,"$1,045.37",N,buyer_0020,$263.95,Y,refund_req_302443,agent_022,Approved,61,purchase_102443,CLOTHING,item_not_as_described
06/12/2026 19:42,$38.18,N,buyer_0442,$24.93,N,refund_req_302546,agent_020,Approved,83,purchase_102546,BOOKS,damaged_item
05/14/2026 06:52,$938.63,N,buyer_0088,$638.47,N,refund_req_300090,agent_027,Rejected,73,purchase_100090,CLOTHING,item_not_as_described
04/19/2026 21:05,$191.98,N,buyer_0158,$101.90,N,refund_req_300062,agent_021,Approved,114,purchase_100062, CLOTHING ,changed_mind
05/09/2026 12:55,$639.61,N,buyer_0155,$487.77,Y,refund_req_301691,agent_016,Approved,103,purchase_101691,FASHION,wrong_size
04/25/2026 16:26,$143.78,N,buyer_0244,$79.43,,refund_req_301781,agent_029,Rejected,45,purchase_101781,SPORTS,wrong_size
05/12/2026 14:12,$208.93,N,buyer_0221,$140.69,N,refund_req_301378,agent_015,Rejected,30,purchase_101378,CLOTHING,wrong_size
05/26/2026 05:38,$547.02,N,buyer_0503,$394.87,,refund_req_301286,agent_014,Approved,45,purchase_101286,ELECTRONICS,damaged_item
06/12/2026 01:36,$61.13,N,buyer_0485,$51.31,N,refund_req_304377,agent_702,Approved,13,purchase_104377,SPORTS,  item_not_as_described  
05/10/2026 03:10,"$2,609.74",N,buyer_0531,"$2,452.91",N,refund_req_303587,agent_102,Approved,1,purchase_103587,LUXURY,item_not_as_described
04/02/2026 19:26,$171.00,N,buyer_0176,$70.65,N,refund_req_301345,agent_022,Approved,68,purchase_101345,CLOTHING,item_not_as_described
06/02/2026 16:33,$211.65,N,buyer_0478,$129.34,N,refund_req_304393,agent_703,Approved,13,purchase_104393,SPORTS,wrong_size
06/11/2026 00:46,"$1,103.60",N,buyer_0003,"$1,103.60",Y,refund_req_303491,agent_022,Approved,57,purchase_103491,APPLIANCES,missing_part
06/12/2026 08:25,"$1,205.07",N,buyer_0598,$613.70,Y,refund_req_301695,agent_018,Approved,61,purchase_101695,appliances,damaged_item
05/30/2026 10:58,"$2,296.86",Y,buyer_0156,"$1,690.84",Y,refund_req_304009,agent_007,Approved,33,purchase_104009,LUXURY,changed_mind
06/18/2026 04:44,"$1,130.87",N,buyer_0551,$643.38,Y,refund_req_300666,agent_025,Approved,75,purchase_100666,APPLIANCES,damaged_item
04/10/2026 09:15,$560.29,N,buyer_0044,$350.18,N,refund_req_300483,agent_011,Approved,51,purchase_100483,ELECTRONICS,damaged_item
04/17/2026 14:50,$585.70,Y,buyer_0121,$349.09,Y,refund_req_302733,agent_001,APPROVED,46,purchase_102733, HOME ,
05/11/2026 19:48,$243.37,N,buyer_0547,$150.67,Y,refund_req_300829,agent_002,Approved,76,purchase_100829,APPLIANCES,damaged_item
05/02/2026 22:49,$484.25,N,buyer_0398,$386.86,N,refund_req_301714,agent_009,Rejected,50,purchase_101714,LUXURY,damaged_item
05/22/2026 03:29,$13.79,Y,buyer_0047,$3.29,N,refund_req_301504,agent_005,rejected,42,purchase_101504,BOOKS,changed_mind
05/03/2026 09:28,$208.44,N,buyer_0496,$56.30,N,refund_req_300529,agent_025, Rejected ,82,purchase_100529,ELECTRONICS,not_working
05/21/2026 17:28,"$1,783.64",Y,buyer_0385,"$1,160.65",Y,refund_req_304025,agent_018,Approved,27,purchase_104025,ELECTRONICS,damaged_item
04/26/2026 03:26,"$1,356.58",N,buyer_0457,$596.37,Y,refund_req_300765,agent_005,Rejected,62,purchase_100765,APPLIANCES,not_working
04/21/2026 18:50,$131.35,N,buyer_0142,$70.99,N,refund_req_300416,agent_028,Approved,96,purchase_100416,BEAUTY,allergic_reaction
05/31/2026 11:09,"$1,576.15",N,buyer_0189,$952.88,N,refund_req_302790,agent_004, Approved ,108,purchase_102790,ELECTRONICS,damaged_item
06/05/2026 15:12,"$1,043.84",N,buyer_0403,$854.10,Y,refund_req_303674,agent_101,Approved,2,purchase_103674,LUXURY,damaged_item
06/03/2026 14:26,"$1,529.37",N,buyer_0268,"$1,529.37",Y,refund_req_303487,agent_030,Approved,41,purchase_103487,APPLIANCES,not_working
04/25/2026 09:01,$352.44,N,buyer_0439,$202.22,Y,refund_req_304467,agent_702,Approved,9,purchase_104467,SPORTS,
04/24/2026 00:04,"$1,049.32",Y,buyer_0126,"$1,036.32",Y,refund_req_304083,agent_025,Approved,31,purchase_104083,ELECTRONICS,not_working
06/13/2026 21:28,"$1,004.12",N,buyer_0210,"$1,004.12",Y,refund_req_303324,agent_006,Approved,16,purchase_103324,FASHION,item_not_as_described
05/26/2026 22:30,$121.75,N,buyer_0325,$78.81,Y,refund_req_301971,agent_015,Approved,90,purchase_101971,FASHION,changed_mind
05/30/2026 08:40,$53.64,N,buyer_9006,$27.43,Y,refund_req_304318,agent_024,Approved,39,purchase_104318,HOME,missing_part
05/19/2026 04:58,$249.22,N,buyer_0369,$69.00,Y,refund_req_300160,agent_009,Approved,59,purchase_100160,ELECTRONICS,missing_accessory
05/28/2026 13:20,"$1,070.57",Y,buyer_8001,"$1,003.27",N,refund_req_304790,agent_801,Approved,15,purchase_104790,SPORTS,damaged_item
04/30/2026 08:07,$56.07,N,buyer_0352,$11.83,Y,refund_req_302221,agent_013,Approved,60,purchase_102221,BOOKS,changed_mind
05/25/2026 16:19,"$1,132.25",Y,buyer_0111,$834.08,N,refund_req_303107,agent_001,Approved,40,purchase_103107,LUXURY,
05/23/2026 23:31,"$1,167.70",Y,buyer_0064,"$1,028.37",N,refund_req_303895,agent_005,Approved,21,purchase_103895,LUXURY,
05/03/2026 14:44,$206.29,N,buyer_0523,$88.34,N,refund_req_300101,agent_017,Rejected,44,purchase_100101,CLOTHING,wrong_size
05/11/2026 15:46,$133.43,N,buyer_0562,$48.49,Y,refund_req_301492,agent_019,Approved,54,purchase_101492,  BEAUTY  ,allergic_reaction
05/31/2026 02:48,$358.88,Y,buyer_0265,$199.29,Y,refund_req_301434,agent_023,Approved,89,purchase_101434,HOME,item_not_as_described
04/07/2026 06:31,"$1,564.89",N,buyer_0082,"$1,227.60",N,refund_req_303189,agent_001,Approved,,purchase_103189,ELECTRONICS,not_working
06/13/2026 14:24,"$2,886.82",N,buyer_0130,"$2,198.27",N,refund_req_301258,agent_007,Approved,62,purchase_101258,Luxury,item_not_as_described
05/12/2026 16:59,"$1,558.93",N,buyer_0555,$818.00,Y,refund_req_302656,agent_029,  Approved  ,59,purchase_102656,ELECTRONICS,damaged_item
04/28/2026 15:55,$25.40,N,buyer_0130,$10.58,Y,refund_req_302480,agent_002,APPROVED,80,purchase_102480,BOOKS,changed_mind
05/07/2026 07:17,$601.36,N,buyer_0582,$495.64,N,refund_req_300891,agent_019,Approved,43,purchase_100891,APPLIANCES,not_working
04/02/2026 12:55,$580.42,N,buyer_0038,$241.34,N,refund_req_300066,agent_016,Approved,98,purchase_100066,HOME,
04/18/2026 16:55,"$1,207.06",N,buyer_0216,$253.71,Y,refund_req_302113,agent_020,Approved,42,purchase_102113,APPLIANCES,damaged_item
04/18/2026 01:31,$63.78,N,buyer_0533,$42.48,N,refund_req_300163,agent_028,Approved,82,purchase_100163,BOOKS,damaged_item
04/20/2026 19:46,"$1,673.45",N,buyer_0265,$941.64,Y,refund_req_300199,agent_004, Rejected ,,purchase_100199,ELECTRONICS,missing_accessory
04/24/2026 15:21,"$1,089.90",N,buyer_8002,$844.66,Y,refund_req_304782,agent_802,Approved,19,purchase_104782,FASHION,  item_not_as_described  
06/08/2026 06:40,"$1,136.82",N,buyer_0297,"$1,136.82",N,refund_req_303302,agent_101,Approved,38,purchase_103302,FASHION, changed_mind 
06/21/2026 00:55,$117.45,N,buyer_0309,$36.26,,refund_req_300192,agent_009,Approved,53,purchase_100192,Home,damaged_item
05/15/2026 10:12,"$2,824.24",N,buyer_0100,"$2,824.24",Y,refund_req_303391,agent_103,Approved,25,purchase_103391,LUXURY,changed_mind
04/05/2026 10:29,$340.46,N,buyer_0504,$163.53,Y,refund_req_300476,agent_021,Approved,57,purchase_100476,HOME,missing_part
05/04/2026 17:14,$474.44,N,buyer_0562,$353.91,N,refund_req_303589,agent_103,Approved,1,purchase_103589,ELECTRONICS,item_not_as_described
05/24/2026 10:28,"$2,086.27",N,buyer_0498,"$1,524.93",N,refund_req_301483,agent_003,Approved,41,purchase_101483,ELECTRONICS,item_not_as_described
05/07/2026 17:38,$257.88,N,buyer_0164,$108.13,N,refund_req_300718,agent_027,Approved,71,purchase_100718,SPORTS,damaged_item
04/16/2026 22:22,$341.17,N,buyer_0137,$268.04,,refund_req_300746,agent_002,Approved,75,purchase_100746,SPORTS,
05/21/2026 00:46,$128.54,N,buyer_0027,$65.53,Y,refund_req_300419,agent_008,Approved,35,purchase_100419,BEAUTY,changed_mind
05/02/2026 01:27,"$1,635.39",N,buyer_9007,"$1,200.79",N,refund_req_304151,agent_005,approved,62,purchase_104151,ELECTRONICS,damaged_item
06/12/2026 21:26,$224.19,N,buyer_0256,$169.84,Y,refund_req_300741,agent_011,Approved,77,purchase_100741,CLOTHING,changed_mind
05/13/2026 00:15,$640.36,Y,buyer_0235,$388.83,N,refund_req_300374,agent_010,Approved,61,purchase_100374,APPLIANCES,not_working
05/08/2026 09:20,"$1,313.99",N,buyer_0453,"$1,313.99",N,refund_req_303381,agent_001,Approved,10,purchase_103381,ELECTRONICS,item_not_as_described
05/10/2026 18:14,$599.59,N,buyer_0265,$229.30,N,refund_req_301252,agent_023,Rejected,101,purchase_101252,HOME, item_not_as_described 
06/08/2026 12:20,"$1,611.46",N,buyer_0461,$492.04,N,refund_req_302688,agent_001,Rejected,39,purchase_102688,ELECTRONICS,not_working
05/22/2026 20:02,"$1,364.08",N,buyer_0134,$824.71,Y,refund_req_302731,agent_029,Approved,45,purchase_102731,ELECTRONICS,damaged_item
04/21/2026 04:55,$13.19,N,buyer_0245,$10.93,Y,refund_req_300391,agent_025,Rejected,59,purchase_100391,BOOKS,changed_mind
05/24/2026 20:28,$638.32,N,buyer_0027,$197.12,N,refund_req_302489,agent_027,Rejected,83,purchase_102489,FASHION, changed_mind 
05/04/2026 02:45,$446.66,N,buyer_0343,$373.50,N,refund_req_301968,agent_024, Rejected ,94,purchase_101968,HOME,missing_part
04/24/2026 08:35,"$1,246.78",N,buyer_0133,$339.95,N,refund_req_301617,agent_024,Approved,47,purchase_101617,APPLIANCES,not_working
04/18/2026 01:44,$207.76,N,buyer_0076,$87.16,Y,refund_req_301311,agent_005,Approved,77,purchase_101311,FASHION,wrong_size
05/25/2026 23:01,$101.83,N,buyer_0080,$59.30,Y,refund_req_300613,agent_015,Approved,108,purchase_100613,BEAUTY,damaged_item
05/26/2026 22:30,"$1,059.41",N,buyer_0130,"$1,059.41",Y,refund_req_303540,agent_030,Approved,39,purchase_103540,ELECTRONICS,item_not_as_described
05/29/2026 22:08,$26.42,N,buyer_0241,$8.70,Y,refund_req_300029,agent_003,Approved,37,purchase_100029,BOOKS,damaged_item
06/13/2026 11:11,$157.72,N,buyer_0587,$42.77,N,refund_req_301388,agent_027,Approved,,purchase_101388,CLOTHING,wrong_size
04/23/2026 04:40,$54.36,N,buyer_0021,$27.60,N,refund_req_300039,agent_007,Approved,68,purchase_100039,BEAUTY,damaged_item
06/13/2026 13:31,"$1,033.58",Y,buyer_9903,$957.03,N,refund_req_304973,agent_901,Approved,6,purchase_104973,APPLIANCES,missing_part
05/11/2026 08:35,$953.85,N,buyer_0524,$889.40,N,refund_req_304396,agent_703,Approved,16,purchase_104396,BOOKS,changed_mind
05/07/2026 20:39,$910.99,N,buyer_0100,$910.99,N,refund_req_303512,agent_014,Approved,10,purchase_103512,FASHION,item_not_as_described
04/20/2026 18:09,$134.00,N,buyer_0348,$44.44,N,refund_req_301988,agent_029,Rejected,60,purchase_101988,FASHION,changed_mind
04/11/2026 12:20,$380.81,N,buyer_0366,$110.29,Y,refund_req_300874,agent_012,Approved,73,purchase_100874,FASHION,
05/10/2026 02:02,$29.36,N,buyer_0545,$24.89,N,refund_req_302734,agent_022,Rejected,48,purchase_102734,CLOTHING,  wrong_size  
04/01/2026 08:13,$59.86,N,buyer_0319,$46.95,N,refund_req_301328,agent_019,REJECTED,57,purchase_101328,BEAUTY,allergic_reaction
05/06/2026 22:53,"$1,573.76",N,buyer_0509,$335.76,N,refund_req_301174,agent_015,Approved,31,purchase_101174,electronics,not_working
06/12/2026 09:24,$414.80,N,buyer_0129,$108.15,,refund_req_300135,agent_009,Approved,65,purchase_100135,FASHION,item_not_as_described
05/25/2026 20:27,$568.91,N,buyer_0291,$171.38,Y,refund_req_302091,agent_028,Rejected,76,purchase_102091,APPLIANCES,damaged_item
04/19/2026 05:45,$144.74,N,buyer_0238,$94.88,N,refund_req_300237,agent_002,Approved,105,purchase_100237,CLOTHING,
05/23/2026 09:32,$243.84,N,buyer_0050,$225.65,N,refund_req_303624,agent_103,Approved,2,purchase_103624,HOME,missing_part
04/06/2026 07:37,$76.63,N,buyer_0466,$38.13,Y,refund_req_300495,agent_030,Approved,49,purchase_100495,BEAUTY,damaged_item
04/28/2026 01:09,$216.65,N,buyer_0506,$59.66,Y,refund_req_302557,agent_006,Approved,82,purchase_102557,CLOTHING,
06/14/2026 15:54,$99.11,N,buyer_0091,$50.20,Y,refund_req_302752,agent_016,Approved,98,purchase_102752,CLOTHING,item_not_as_described
06/02/2026 02:08,$940.70,N,buyer_0367,$469.83,Y,refund_req_301758,agent_002,Approved,74,purchase_101758,HOME,damaged_item
06/04/2026 08:46,$65.73,N,buyer_9008,$42.51,Y,refund_req_304208,agent_013,Approved,19,purchase_104208,BEAUTY,damaged_item
06/09/2026 21:33,"$1,179.25",Y,buyer_9903,"$1,002.90",N,refund_req_304917,agent_901,Approved,5,purchase_104917,Appliances,missing_part
05/28/2026 02:22,"$1,571.61",N,buyer_0287,"$1,219.56",Y,refund_req_302209,agent_010,Approved,64,purchase_102209,LUXURY,item_not_as_described
06/09/2026 07:46,$105.21,N,buyer_0417,$21.07,N,refund_req_301428,agent_027,Rejected,63,purchase_101428,BEAUTY,allergic_reaction
04/07/2026 08:37,"$1,955.23",N,buyer_0178,$519.28,N,refund_req_300597,agent_005,Approved,111,purchase_100597,LUXURY,changed_mind
05/27/2026 20:09,$121.83,N,buyer_0529,$87.63,Y,refund_req_302073,agent_012,Rejected,61,purchase_102073, CLOTHING ,item_not_as_described
05/04/2026 22:55,$52.11,N,buyer_0252,$41.17,Y,refund_req_302050,agent_025,Approved,33,purchase_102050,BOOKS,changed_mind
04/13/2026 23:34,"$1,888.94",Y,buyer_0546,"$1,763.29",Y,refund_req_303928,agent_017, Approved ,10,purchase_103928,LUXURY,damaged_item
05/25/2026 10:37,$16.03,N,buyer_0320,$8.25,N,refund_req_302776,agent_002, Rejected ,46,purchase_102776,BEAUTY,  damaged_item  
06/06/2026 07:43,$264.05,N,buyer_0434,$252.53,Y,refund_req_304376,agent_701,Approved,32,purchase_104376,SPORTS,wrong_size
06/09/2026 08:23,"$1,488.77",N,buyer_0099,"$1,488.77",Y,refund_req_303422,agent_007,Approved,27,purchase_103422,APPLIANCES,missing_part
04/15/2026 08:41,"$1,178.34",N,buyer_0098,$838.40,,refund_req_303693,agent_101,Approved,2,purchase_103693,APPLIANCES,damaged_item
05/29/2026 01:50,"$1,715.10",Y,buyer_0507,"$1,288.24",N,refund_req_304435,agent_703,Approved,26,purchase_104435,  LUXURY  ,damaged_item
04/07/2026 02:37,"$1,249.03",N,buyer_9003,$889.78,N,refund_req_304355,agent_030,Approved,,purchase_104355,FASHION,changed_mind
05/12/2026 16:04,"$2,695.19",N,buyer_0498,"$1,567.23",N,refund_req_302736,agent_025,Approved,45,purchase_102736,LUXURY,
06/10/2026 04:58,"$1,329.04",N,buyer_0076,"$1,072.20",Y,refund_req_303757,agent_103,Approved,5,purchase_103757,ELECTRONICS,damaged_item
04/26/2026 20:48,$403.94,N,buyer_0220,$99.87,Y,refund_req_302577,agent_023,Approved,41,purchase_102577,SPORTS,damaged_item
04/18/2026 20:49,$949.56,N,buyer_0115,$949.56,,refund_req_303499,agent_011,Approved,21,purchase_103499,FASHION,changed_mind
05/01/2026 21:51,"$2,716.94",N,buyer_0193,"$2,255.15",N,refund_req_301164,agent_005,Rejected,79,purchase_101164,Luxury,item_not_as_described
06/13/2026 16:04,$68.54,N,buyer_0579,$48.72,Y,refund_req_304499,agent_701,Approved,31,purchase_104499,BOOKS,damaged_item
05/28/2026 02:49,$326.45,N,buyer_8001,$299.72,N,refund_req_304724,agent_801,Approved,9,purchase_104724,FASHION,item_not_as_described
05/25/2026 05:48,$134.99,N,buyer_0154,$73.31,Y,refund_req_300117,agent_027,Approved,53,purchase_100117,BEAUTY,damaged_item
04/16/2026 08:22,$926.82,N,buyer_0118,$692.18,N,refund_req_301466,agent_013,Approved,80,purchase_101466,APPLIANCES,missing_part
04/18/2026 17:29,$262.01,N,buyer_0098,$204.46,N,refund_req_301978,agent_001,Approved,82,purchase_101978,home,damaged_item
04/04/2026 09:36,$219.38,N,buyer_8001,$178.09,Y,refund_req_304601,agent_801,approved,11,purchase_104601,SPORTS,wrong_size
05/15/2026 15:28,"$1,708.62",Y,buyer_0158,"$1,708.62",Y,refund_req_303398,agent_027,APPROVED,65,purchase_103398,LUXURY,changed_mind
04/07/2026 04:59,$740.39,N,buyer_0498,$273.79,Y,refund_req_302265,agent_013,Approved,81,purchase_102265,APPLIANCES,not_working
04/17/2026 03:12,$8.92,N,buyer_0555,$5.29,Y,refund_req_303802,agent_101,Approved,5,purchase_103802,BOOKS,damaged_item
04/17/2026 00:33,$109.61,N,buyer_0037,$108.19,N,refund_req_303774,agent_102,Approved,4,purchase_103774,HOME,missing_part
05/10/2026 06:23,"$1,360.93",N,buyer_0157,$620.47,Y,refund_req_301528,agent_030,Approved,65,purchase_101528,Appliances,damaged_item
04/05/2026 15:52,"$2,235.97",N,buyer_0331,"$1,776.94",N,refund_req_303730,agent_102,Approved,1,purchase_103730,LUXURY,damaged_item
05/15/2026 06:59,"$1,591.08",Y,buyer_0274,"$1,449.98",N,refund_req_303258,agent_026,APPROVED,20,purchase_103258, ELECTRONICS ,missing_accessory
05/08/2026 14:13,$306.94,Y,buyer_8002,$249.66,Y,refund_req_304725,agent_802,Approved,22,purchase_104725,FASHION,wrong_size
06/20/2026 07:37,"$1,379.09",Y,buyer_0289,"$1,379.09",N,refund_req_303546,agent_024,Approved,,purchase_103546,ELECTRONICS,missing_accessory
04/23/2026 08:22,$45.34,N,buyer_0391,$16.53,N,refund_req_301841,agent_011,Rejected,42,purchase_101841,BEAUTY, damaged_item 
04/05/2026 20:00,$132.11,N,buyer_0114,$79.03,N,refund_req_303649,agent_103,Approved,2,purchase_103649,SPORTS,damaged_item
05/16/2026 11:09,$256.01,Y,buyer_0124,$207.67,Y,refund_req_303620,agent_101,Approved,1,purchase_103620,CLOTHING,item_not_as_described
05/13/2026 05:08,$61.17,N,buyer_0461,$37.88,Y,refund_req_303681,agent_103,Approved,3,purchase_103681,BOOKS,changed_mind
06/14/2026 15:05,$406.50,N,buyer_0533,$289.12,Y,refund_req_302611,agent_006,Rejected,59,purchase_102611,APPLIANCES,missing_part
06/21/2026 03:50,$44.50,N,buyer_0031,$30.25,Y,refund_req_302715,agent_027,Approved,66,purchase_102715,SPORTS,wrong_size
04/30/2026 02:06,"$2,016.43",N,buyer_0019,"$1,452.79",N,refund_req_302701,agent_023,Approved,99,purchase_102701,LUXURY,changed_mind
04/11/2026 16:21,"$1,253.65",N,buyer_0056,$310.84,N,refund_req_300780,agent_012,Rejected,46,purchase_100780,APPLIANCES,
04/05/2026 05:08,$372.16,N,buyer_0504,$266.75,N,refund_req_301151,agent_030,Approved,33,purchase_101151,HOME,damaged_item
04/29/2026 14:27,"$1,036.62",N,buyer_0310,"$1,036.62",N,refund_req_303421,agent_001,Approved,44,purchase_103421,FASHION,wrong_size
05/23/2026 10:18,"$1,545.38",N,buyer_0520,$839.88,Y,refund_req_302321,agent_020,Approved,63,purchase_102321,ELECTRONICS,item_not_as_described
04/10/2026 23:07,$357.02,N,buyer_0348,$115.86,Y,refund_req_300009,agent_024,Approved,50,purchase_100009,APPLIANCES,not_working
05/26/2026 01:00,$225.86,N,buyer_0373,$135.73,Y,refund_req_302154,agent_030,Approved,91,purchase_102154,SPORTS,wrong_size
04/18/2026 18:45,$77.92,N,buyer_0159,$50.16,N,refund_req_302880,agent_024, Approved ,59,purchase_102880,BEAUTY,changed_mind
06/15/2026 20:01,$427.57,N,buyer_0452,$193.22,Y,refund_req_302108,agent_004,Approved,53,purchase_102108, SPORTS ,item_not_as_described
04/25/2026 02:19,"$1,965.22",N,buyer_0474,"$1,320.99",N,refund_req_303086,agent_024,Approved,42,purchase_103086,LUXURY,item_not_as_described
04/07/2026 07:47,$487.02,N,buyer_0411,$100.00,Y,refund_req_302122,agent_009,Approved,94,purchase_102122,FASHION,item_not_as_described
06/03/2026 18:22,$802.04,N,buyer_0172,$727.46,N,refund_req_304425,agent_702,Approved,10,purchase_104425,APPLIANCES,damaged_item
05/12/2026 20:02,$401.71,N,buyer_0245,$272.88,N,refund_req_300504,agent_011,Approved,,purchase_100504,HOME,item_not_as_described
04/28/2026 10:22,$345.99,N,buyer_8003,$319.60,Y,refund_req_304678,agent_803,Approved,12,purchase_104678,FASHION,item_not_as_described
06/20/2026 01:11,"$1,469.99",N,buyer_0549,"$1,058.98",N,refund_req_302517,agent_011,Approved,64,purchase_102517,LUXURY,changed_mind
05/16/2026 14:11,$69.71,N,buyer_0169,$59.11,Y,refund_req_302035,agent_009,Approved,59,purchase_102035,HOME,item_not_as_described
06/14/2026 00:08,$26.69,N,buyer_0033,$9.47,Y,refund_req_300007,agent_003,Approved,69,purchase_100007,BEAUTY,allergic_reaction
04/02/2026 00:34,"$2,260.28",N,buyer_0251,"$1,233.03",N,refund_req_301559,agent_028,Approved,54,purchase_101559,LUXURY,changed_mind
05/29/2026 12:06,$86.04,N,buyer_0505,$38.79,N,refund_req_300864,agent_019,Rejected,61,purchase_100864,CLOTHING,changed_mind
05/16/2026 10:48,"$1,258.88",N,buyer_0106,$966.75,N,refund_req_302225,agent_010,Approved,53,purchase_102225,SPORTS, item_not_as_described 
05/07/2026 09:40,$153.57,N,buyer_0425,$59.92,Y,refund_req_301414,agent_027,Approved,69,purchase_101414,CLOTHING,wrong_size
06/16/2026 23:51,$281.72,N,buyer_0008,$77.89,Y,refund_req_302022,agent_030,Approved,38,purchase_102022,HOME,
05/26/2026 04:28,$134.12,N,buyer_0592,$82.11,Y,refund_req_302187,agent_024,Approved,,purchase_102187,HOME,
04/20/2026 15:05,$925.50,N,buyer_9006,$558.36,Y,refund_req_304254,agent_004,Approved,45,purchase_104254,  FASHION  ,item_not_as_described
05/26/2026 13:15,$247.64,N,buyer_0167,$156.23,N,refund_req_301222,agent_008,Rejected,76,purchase_101222,CLOTHING,wrong_size
04/15/2026 21:43,"$1,544.83",N,buyer_0360,$930.53,Y,refund_req_303773,agent_103,Approved,,purchase_103773,APPLIANCES,not_working
04/06/2026 09:03,$343.34,N,buyer_0084,$80.29,Y,refund_req_300038,agent_027,Rejected,79,purchase_100038,SPORTS,wrong_size
06/11/2026 22:24,$36.12,N,buyer_0352,$20.32,N,refund_req_303652,agent_102,Approved,3,purchase_103652,BOOKS,changed_mind
06/06/2026 19:23,$168.04,N,buyer_9003,$151.41,N,refund_req_304315,agent_017,Approved,17,purchase_104315,HOME,item_not_as_described
05/18/2026 10:18,$79.05,N,buyer_0004,$77.78,Y,refund_req_303621,agent_101,Approved,3,purchase_103621,SPORTS,damaged_item
04/06/2026 10:28,$385.84,N,buyer_0033,$109.27,N,refund_req_301962,agent_006,Approved,72,purchase_101962,SPORTS, damaged_item 
04/01/2026 14:44,"$2,400.18",N,buyer_0558,"$2,400.18",N,refund_req_303501,agent_018,Approved,44,purchase_103501,LUXURY,  damaged_item  
05/10/2026 22:20,$373.10,N,buyer_0592,$294.42,Y,refund_req_301255,agent_030,Approved,38,purchase_101255,FASHION,changed_mind
04/03/2026 09:05,$264.24,N,buyer_0462,$133.46,N,refund_req_303675,agent_101,Approved,1,purchase_103675,SPORTS,item_not_as_described
05/25/2026 12:08,"$1,189.61",Y,buyer_9906,"$1,034.60",N,refund_req_304902,agent_902,Approved,6,purchase_104902,ELECTRONICS,item_not_as_described
06/02/2026 07:40,$76.41,N,buyer_0503,$75.87,Y,refund_req_304561,agent_703,Approved,14,purchase_104561,BEAUTY,changed_mind
06/14/2026 07:04,$126.27,N,buyer_0412,$58.67,N,refund_req_301826,agent_018,Approved,,purchase_101826,  CLOTHING  ,wrong_size
06/03/2026 00:04,$119.17,N,buyer_0165,$91.96,N,refund_req_300561,agent_028,Rejected,,purchase_100561,BEAUTY,allergic_reaction
04/30/2026 08:25,$278.94,N,buyer_0182,$235.22,N,refund_req_303717,agent_103,Approved,,purchase_103717,FASHION,changed_mind
04/08/2026 23:30,$54.63,N,buyer_0439,$42.15,N,refund_req_302287,agent_026,Rejected,68,purchase_102287,BEAUTY,changed_mind
06/07/2026 22:00,$49.81,N,buyer_0286,$18.72,Y,refund_req_301708,agent_008,Rejected,60,purchase_101708,BOOKS,wrong_item_received
05/23/2026 05:53,$462.99,N,buyer_0010,$326.88,Y,refund_req_302724,agent_015,Approved,123,purchase_102724,FASHION,wrong_size
05/24/2026 05:49,"$1,782.32",N,buyer_0431,"$1,422.27",,refund_req_303099,agent_020,Approved,24,purchase_103099,APPLIANCES,missing_part
04/15/2026 07:22,"$1,298.67",Y,buyer_0139,"$1,035.18",N,refund_req_303921,agent_012,Approved,19,purchase_103921,APPLIANCES,missing_part
06/09/2026 03:45,$418.34,N,buyer_0380,$147.49,Y,refund_req_301068,agent_014, Approved ,56,purchase_101068,SPORTS,item_not_as_described
06/11/2026 19:03,"$1,761.79",Y,buyer_0366,"$1,367.10",Y,refund_req_304001,agent_023,  Approved  ,30,purchase_104001,APPLIANCES,damaged_item
05/27/2026 07:43,"$1,664.38",Y,buyer_9905,"$1,563.98",N,refund_req_304878,agent_902,Approved,1,purchase_104878,APPLIANCES,missing_part
05/23/2026 09:30,"$1,225.70",N,buyer_9007,$914.33,Y,refund_req_304127,agent_011,Approved,46,purchase_104127,CLOTHING,item_not_as_described
05/07/2026 09:36,"$1,552.28",Y,buyer_9901,"$1,424.86",N,refund_req_304889,agent_901,Approved,4,purchase_104889,APPLIANCES,damaged_item
04/23/2026 14:41,$300.97,N,buyer_0003,$173.30,N,refund_req_301975,agent_021,Approved,77,purchase_101975,FASHION,item_not_as_described
05/29/2026 18:31,$32.83,N,buyer_9008,$27.09,Y,refund_req_304136,agent_102,Approved,9,purchase_104136,BEAUTY,changed_mind
06/02/2026 15:54,$407.57,N,buyer_0580,$337.89,N,refund_req_300336,agent_006,Rejected,,purchase_100336,HOME,missing_part
05/27/2026 00:29,$76.50,N,buyer_0160,$44.63,,refund_req_301219,agent_017,Rejected,28,purchase_101219,BOOKS,wrong_item_received
04/29/2026 23:52,$337.48,N,buyer_0520,$90.49,Y,refund_req_301069,agent_004,Rejected,106,purchase_101069,HOME,missing_part
04/23/2026 18:22,$58.24,Y,buyer_0120,$36.90,N,refund_req_302825,agent_018,Rejected,61,purchase_102825,BOOKS,changed_mind
04/11/2026 22:18,$505.09,N,buyer_0350,$153.36,Y,refund_req_301161,agent_020,Rejected,90,purchase_101161,HOME,damaged_item
04/14/2026 06:56,$185.78,N,buyer_0564,$86.30,N,refund_req_301326,agent_003,Approved,60,purchase_101326,SPORTS,wrong_size
05/18/2026 00:40,"$1,376.89",Y,buyer_0574,"$1,082.71",Y,refund_req_304034,agent_020,Approved,26,purchase_104034,APPLIANCES,not_working
06/05/2026 11:45,"$1,220.14",N,buyer_0310,"$1,060.08",N,refund_req_303267,agent_017,Approved,33,purchase_103267,ELECTRONICS,not_working
05/17/2026 14:42,"$1,034.09",N,buyer_0036,$739.45,N,refund_req_301694,agent_025,Approved,60,purchase_101694,HOME,item_not_as_described
06/16/2026 01:50,"$1,122.55",N,buyer_0069,$627.32,N,refund_req_300266,agent_011,REJECTED,76,purchase_100266,SPORTS,wrong_size
05/25/2026 07:06,$518.65,N,buyer_0227,$127.24,Y,refund_req_301509,agent_008,Approved,81,purchase_101509,  HOME  ,damaged_item
04/26/2026 01:31,$88.65,N,buyer_0086,$46.24,N,refund_req_301112,agent_010,Rejected,55,purchase_101112,BOOKS,wrong_item_received
05/29/2026 02:00,"$1,274.25",N,buyer_8001,"$1,078.02",N,refund_req_304718,agent_801,Approved,14,purchase_104718,FASHION,item_not_as_described
05/23/2026 13:30,$12.34,N,buyer_0007,$8.52,Y,refund_req_301073,agent_028,Approved,91,purchase_101073,BOOKS,wrong_item_received
04/12/2026 09:11,$45.15,N,buyer_0454,$13.48,Y,refund_req_302500,agent_024,Rejected,39,purchase_102500,BOOKS, changed_mind 
05/22/2026 20:13,$936.01,N,buyer_0475,$809.21,N,refund_req_304414,agent_703,Approved,17,purchase_104414,FASHION,changed_mind
04/24/2026 23:18,$36.53,N,buyer_0349,$23.06,Y,refund_req_302014,agent_004,APPROVED,,purchase_102014,BOOKS,changed_mind
05/04/2026 17:13,"$1,182.01",N,buyer_0498,"$1,182.01",N,refund_req_303408,agent_001,Approved,37,purchase_103408,FASHION,
04/16/2026 20:17,"$1,555.60",N,buyer_0541,"$1,109.33",N,refund_req_303037,agent_029,Approved,44,purchase_103037,APPLIANCES,damaged_item
06/05/2026 12:21,"$1,107.75",N,buyer_0134,$332.04,Y,refund_req_302684,agent_002,Approved,69,purchase_102684,APPLIANCES,damaged_item
05/07/2026 08:03,$911.74,N,buyer_0276,$565.96,N,refund_req_301471,agent_014,REJECTED,55,purchase_101471,APPLIANCES,not_working
05/18/2026 18:31,$298.51,N,buyer_0116,$192.17,N,refund_req_300558,agent_012,Rejected,82,purchase_100558,FASHION,wrong_size
04/30/2026 21:43,$242.96,N,buyer_0264,$51.90,Y,refund_req_301100,agent_013,Rejected,100,purchase_101100,HOME,  missing_part  
06/04/2026 21:40,$58.51,N,buyer_0401,$22.08,N,refund_req_302508,agent_020,Rejected,83,purchase_102508,SPORTS,wrong_size
04/15/2026 11:11,"$1,960.37",N,buyer_0568,"$1,960.37",,refund_req_303456,agent_026,Approved,30,purchase_103456,ELECTRONICS,damaged_item
06/15/2026 21:27,"$1,009.16",N,buyer_0179,"$1,009.16",N,refund_req_303311,agent_012,Approved,,purchase_103311,FASHION,changed_mind
06/11/2026 11:37,$95.92,Y,buyer_0394,$26.70,Y,refund_req_301745,agent_022,Approved,71,purchase_101745,BEAUTY,allergic_reaction
05/24/2026 17:11,$155.64,N,buyer_0406,$92.85,N,refund_req_301012,agent_025,Approved,74,purchase_101012,BEAUTY,damaged_item
05/29/2026 20:56,$368.10,N,buyer_0188,$269.84,Y,refund_req_300908,agent_024,Approved,58,purchase_100908,HOME,
05/04/2026 19:37,$125.25,N,buyer_0476,$52.44,Y,refund_req_300044,agent_025,Approved,75,purchase_100044,BEAUTY,damaged_item
04/03/2026 16:44,$301.94,Y,buyer_0294,$223.50,N,refund_req_300116,agent_002,Rejected,51,purchase_100116,HOME,item_not_as_described
04/24/2026 16:39,"$2,165.91",N,buyer_0041,"$1,758.47",,refund_req_301773,agent_029,Approved,52,purchase_101773,LUXURY,item_not_as_described
06/05/2026 07:28,$38.93,N,buyer_0139,$32.94,Y,refund_req_303643,agent_103,Approved,1,purchase_103643,BOOKS,damaged_item
05/16/2026 20:22,"$2,973.89",N,buyer_0198,"$1,166.42",,refund_req_302233,agent_029,Approved,64,purchase_102233,LUXURY,item_not_as_described
04/18/2026 16:55,$991.59,N,buyer_0339,$957.12,N,refund_req_304539,agent_702,Approved,26,purchase_104539,HOME,damaged_item
04/08/2026 00:40,$154.05,N,buyer_0572,$59.67,Y,refund_req_300851,agent_020,Rejected,55,purchase_100851,SPORTS,wrong_size
05/07/2026 20:19,"$1,432.76",N,buyer_0201,$381.23,N,refund_req_301406,agent_003,Approved,36,purchase_101406,LUXURY,changed_mind
04/02/2026 08:21,$250.81,N,buyer_0518,$211.79,N,refund_req_301306,agent_003,Approved,66,purchase_101306,clothing,changed_mind
05/17/2026 07:49,"$2,484.22",Y,buyer_9901,"$2,379.71",N,refund_req_304947,agent_901,Approved,5,purchase_104947,LUXURY,damaged_item
05/01/2026 23:46,$119.28,N,buyer_0266,$65.47,Y,refund_req_302393,agent_026,Rejected,66,purchase_102393,HOME,damaged_item
04/20/2026 07:31,$42.45,N,buyer_9007,$27.65,N,refund_req_304295,agent_103,Approved,69,purchase_104295,  BEAUTY  ,damaged_item
05/22/2026 11:56,$55.93,N,buyer_0333,$22.28,Y,refund_req_301651,agent_018,Rejected,46,purchase_101651,BOOKS,changed_mind
05/06/2026 21:04,"$1,147.67",N,buyer_0153,$412.89,Y,refund_req_300245,agent_015,Approved,38,purchase_100245,SPORTS,item_not_as_described
05/30/2026 09:22,$35.31,N,buyer_0560,$23.13,N,refund_req_303632,agent_101,Approved,3,purchase_103632,SPORTS,damaged_item
05/23/2026 20:19,$210.93,N,buyer_0287,$110.13,Y,refund_req_302857,agent_001,Approved,30,purchase_102857,HOME,missing_part
05/30/2026 12:15,$427.31,N,buyer_0056,$278.20,Y,refund_req_302275,agent_025,APPROVED,53,purchase_102275,SPORTS,wrong_size
05/22/2026 06:02,"$1,781.64",N,buyer_0288,"$1,781.64",N,refund_req_303520,agent_021,Approved,17,purchase_103520,LUXURY,item_not_as_described
06/15/2026 04:58,$67.79,N,buyer_0459,$50.42,Y,refund_req_302165,agent_022,Approved,63,purchase_102165,BOOKS,changed_mind
05/13/2026 06:42,$264.27,N,buyer_0362,$204.64,Y,refund_req_301101,agent_027,Approved,,purchase_101101,HOME,missing_part
05/12/2026 03:16,"$1,420.04",Y,buyer_0592,$934.55,N,refund_req_303148,agent_001,Approved,19,purchase_103148,APPLIANCES,damaged_item
04/05/2026 21:33,$603.02,N,buyer_0092,$410.14,Y,refund_req_300155,agent_030,Rejected,55,purchase_100155,ELECTRONICS,damaged_item
04/17/2026 09:35,$196.33,Y,buyer_0178,$110.24,Y,refund_req_301594,agent_029, Approved ,40,purchase_101594,Clothing,wrong_size
05/02/2026 19:05,$309.68,N,buyer_0205,$255.31,Y,refund_req_301271,agent_019,Approved,55,purchase_101271,SPORTS,damaged_item
05/20/2026 10:33,$9.17,N,buyer_9007,$4.85,Y,refund_req_304199,agent_008,Approved,62,purchase_104199,BOOKS,wrong_item_received
06/21/2026 07:05,"$2,074.90",N,buyer_0378,"$1,664.56",N,refund_req_300696,agent_021,Rejected,90,purchase_100696,LUXURY,item_not_as_described
05/19/2026 06:58,"$1,895.65",N,buyer_0513,"$1,895.65",Y,refund_req_303443,agent_015,Approved,17,purchase_103443,electronics,not_working
05/15/2026 20:39,"$1,612.92",Y,buyer_0192,"$1,072.70",Y,refund_req_304104,agent_004,Approved,6,purchase_104104,ELECTRONICS,missing_accessory
06/02/2026 13:02,$183.88,N,buyer_0462,$124.53,Y,refund_req_302747,agent_025,Approved,33,purchase_102747,HOME,damaged_item
05/20/2026 19:00,$427.96,N,buyer_0121,$275.50,N,refund_req_303610,agent_101,Approved,4,purchase_103610,FASHION,wrong_size
05/31/2026 17:35,"$1,060.87",N,buyer_9003,$645.69,Y,refund_req_304139,agent_015,Approved,24,purchase_104139,ELECTRONICS,item_not_as_described
05/07/2026 17:54,"$1,482.90",N,buyer_0482,"$1,182.56",N,refund_req_303151,agent_002, Approved ,37,purchase_103151,APPLIANCES,
04/17/2026 02:34,$26.19,N,buyer_0126,$7.65,Y,refund_req_301304,agent_029,Approved,52,purchase_101304, BOOKS ,changed_mind
04/26/2026 14:55,"$1,371.74",N,buyer_0579,$960.11,Y,refund_req_301334,agent_006,Approved,,purchase_101334,ELECTRONICS,missing_accessory
04/08/2026 15:26,"$1,068.39",N,buyer_9004,"$1,033.00",N,refund_req_304308,agent_019,Approved,,purchase_104308,ELECTRONICS,not_working
04/05/2026 12:11,$89.56,N,buyer_0328,$48.08,N,refund_req_302283,agent_023,Approved,89,purchase_102283,BOOKS,damaged_item
04/24/2026 14:22,$217.50,Y,buyer_0083,$208.34,Y,refund_req_303793,agent_102,Approved,4,purchase_103793,HOME,damaged_item
05/11/2026 08:35,$953.85,N,buyer_0524,$889.40,N,refund_req_304396,agent_703,Approved,16,purchase_104396,BOOKS,changed_mind
04/24/2026 10:56,$223.16,N,buyer_0360,$165.91,N,refund_req_300954,agent_018,Approved,45,purchase_100954,SPORTS,wrong_size
05/14/2026 14:33,"$2,051.95",Y,buyer_0387,$910.08,Y,refund_req_300680,agent_002,Approved,42,purchase_100680,ELECTRONICS,item_not_as_described
05/26/2026 09:32,$96.00,N,buyer_8003,$61.49,N,refund_req_304684,agent_803,Approved,21,purchase_104684,SPORTS,damaged_item
06/16/2026 04:52,$98.02,N,buyer_0392,$29.41,N,refund_req_301920,agent_014,Rejected,73,purchase_101920,CLOTHING,changed_mind
05/20/2026 00:16,$307.14,N,buyer_0256,$90.70,N,refund_req_301109,agent_023,Approved,98,purchase_101109,SPORTS,
04/05/2026 05:26,"$1,519.60",N,buyer_0546,"$1,519.60",N,refund_req_303382,agent_022,Approved,14,purchase_103382,APPLIANCES,missing_part
05/20/2026 18:09,$70.09,Y,buyer_0529,$27.68,N,refund_req_302302,agent_028,Approved,44,purchase_102302,FASHION,wrong_size
05/23/2026 00:12,$964.75,N,buyer_0549,$964.75,Y,refund_req_303379,agent_029,Approved,12,purchase_103379,FASHION,changed_mind
04/27/2026 09:17,$65.67,N,buyer_0165,$19.42,Y,refund_req_301953,agent_015,Approved,122,purchase_101953,BOOKS,damaged_item
05/30/2026 11:32,$581.91,N,buyer_9004,$535.56,Y,refund_req_304156,agent_029,Approved,36,purchase_104156,FASHION,item_not_as_described
05/03/2026 22:54,$755.10,N,buyer_0289,$640.87,N,refund_req_304424,agent_701,Approved,10,purchase_104424,APPLIANCES,
04/03/2026 00:46,"$1,344.48",Y,buyer_9904,"$1,374.74",N,refund_req_304944,agent_902,Approved,7,purchase_104944, APPLIANCES ,not_working
06/19/2026 18:27,$44.22,N,buyer_0288,$17.05,N,refund_req_301538,agent_029,Approved,76,purchase_101538,BEAUTY,allergic_reaction
05/12/2026 02:46,$472.24,N,buyer_0107,$217.71,Y,refund_req_300397,agent_029,Approved,45,purchase_100397,APPLIANCES,missing_part
05/25/2026 16:06,"$1,222.37",N,buyer_0326,$754.03,Y,refund_req_302260,agent_012,Approved,75,purchase_102260,APPLIANCES,  damaged_item  
06/16/2026 23:20,"$1,376.29",N,buyer_0538,$404.79,Y,refund_req_301765,agent_022,Approved,65,purchase_101765,ELECTRONICS,not_working
04/13/2026 06:55,$67.92,N,buyer_0056,$15.31,Y,refund_req_302234,agent_028,Approved,92,purchase_102234,BEAUTY,allergic_reaction
05/08/2026 07:43,$133.46,N,buyer_0291,$104.55,Y,refund_req_301783,agent_011,Approved,72,purchase_101783,BEAUTY,changed_mind
06/06/2026 07:42,"$1,478.90",N,buyer_0015,"$1,478.90",Y,refund_req_303310,agent_026,Approved,32,purchase_103310,ELECTRONICS,not_working
04/12/2026 23:31,"$1,091.90",N,buyer_0227,"$1,091.90",N,refund_req_303462,agent_029,Approved,63,purchase_103462,APPLIANCES,
04/22/2026 01:17,$96.80,N,buyer_0399,$61.83,N,refund_req_300542,agent_010,Rejected,74,purchase_100542,HOME,item_not_as_described
05/29/2026 13:11,$544.09,N,buyer_0401,$284.21,N,refund_req_302564,agent_016,Approved,123,purchase_102564,FASHION,changed_mind
04/09/2026 00:44,$533.17,N,buyer_0242,$143.65,Y,refund_req_300557,agent_026,Approved,74,purchase_100557,APPLIANCES,damaged_item
04/04/2026 16:35,$74.15,Y,buyer_0236,$35.50,Y,refund_req_302848,agent_004,Approved,78,purchase_102848,BOOKS,changed_mind
05/06/2026 18:54,$443.36,N,buyer_0163,$370.77,,refund_req_300986,agent_006,Approved,76,purchase_100986,sports,wrong_size
05/17/2026 11:23,$245.37,N,buyer_0502,$93.69,,refund_req_300081,agent_027, Approved ,,purchase_100081,CLOTHING,changed_mind
04/28/2026 05:15,$41.24,N,buyer_0103,$26.32,N,refund_req_303737,agent_102,approved,1,purchase_103737,BOOKS,changed_mind
05/07/2026 22:39,"$1,379.18",Y,buyer_0262,$964.31,N,refund_req_303894,agent_027,Approved,27,purchase_103894,ELECTRONICS,item_not_as_described
05/12/2026 21:41,$68.54,N,buyer_0457,$44.85,N,refund_req_301060,agent_009,Approved,92,purchase_101060,BEAUTY,allergic_reaction
06/09/2026 08:57,$128.18,N,buyer_0309,$73.91,Y,refund_req_301587,agent_001,Approved,80,purchase_101587,CLOTHING,item_not_as_described
04/10/2026 10:38,"$1,856.99",N,buyer_0371,"$1,336.17",N,refund_req_301562,agent_002,Rejected,75,purchase_101562,LUXURY,changed_mind
06/19/2026 17:55,"$1,179.82",N,buyer_0425,"$1,179.82",N,refund_req_303303,agent_028,Approved,30,purchase_103303,  ELECTRONICS  ,not_working
04/18/2026 09:04,$145.66,N,buyer_0047,$48.93,Y,refund_req_301278,agent_008,Approved,63,purchase_101278,HOME,item_not_as_described
05/20/2026 07:33,$81.35,N,buyer_0427,$48.95,Y,refund_req_302237,agent_002,Rejected,89,purchase_102237,HOME,missing_part
05/10/2026 00:52,"$1,373.03",N,buyer_0445,$742.27,N,refund_req_302621,agent_014,Rejected,55,purchase_102621,APPLIANCES,damaged_item
05/13/2026 07:03,$235.70,N,buyer_0534,$84.62,N,refund_req_302766,agent_023,Rejected,,purchase_102766,SPORTS,damaged_item
05/09/2026 00:23,$374.35,N,buyer_0019,$189.33,,refund_req_301876,agent_005,Approved,75,purchase_101876,HOME,missing_part
04/06/2026 06:38,"$1,720.64",N,buyer_0328,"$1,579.23",N,refund_req_303250,agent_002,Approved,30,purchase_103250,LUXURY,  damaged_item  
05/12/2026 00:12,"$1,223.07",Y,buyer_0414,$813.32,N,refund_req_303852,agent_012,Approved,27,purchase_103852,APPLIANCES,damaged_item
04/15/2026 09:19,$38.60,N,buyer_0108,$10.91,Y,refund_req_300935,agent_030,Approved,89,purchase_100935,CLOTHING,wrong_size
05/28/2026 14:59,$36.11,N,buyer_0446,$18.97,,refund_req_302587,agent_028,Rejected,,purchase_102587,BOOKS,changed_mind
06/17/2026 09:00,"$1,126.53",N,buyer_0352,$674.91,Y,refund_req_300819,agent_004,Approved,60,purchase_100819,ELECTRONICS,missing_accessory
05/30/2026 11:19,$310.12,N,buyer_0203,$169.56,N,refund_req_300448,agent_011,Rejected,42,purchase_100448,SPORTS,damaged_item
05/21/2026 13:32,$143.75,N,buyer_9007,$121.75,Y,refund_req_304335,agent_023,Approved,44,purchase_104335,BEAUTY,changed_mind
04/02/2026 06:06,"$2,804.05",N,buyer_0594,"$2,391.90",Y,refund_req_303658,agent_103,Approved,3,purchase_103658,LUXURY,
06/05/2026 20:17,$123.04,N,buyer_0031,$66.50,N,refund_req_300230,agent_025,Approved,53,purchase_100230,Clothing,item_not_as_described
06/06/2026 12:10,$183.55,N,buyer_0214,$73.95,,refund_req_300384,agent_017,Approved,96,purchase_100384,CLOTHING,
04/11/2026 07:02,"$1,373.95",N,buyer_0501,$854.94,N,refund_req_302882,agent_001,Approved,39,purchase_102882,APPLIANCES,damaged_item
05/01/2026 23:20,$451.51,N,buyer_0301,$346.47,,refund_req_303720,agent_103,Approved,1,purchase_103720,ELECTRONICS,item_not_as_described
05/29/2026 20:18,"$1,810.75",N,buyer_0241,"$1,316.32",N,refund_req_302912,agent_005,Rejected,54,purchase_102912,ELECTRONICS,item_not_as_described
05/03/2026 23:27,$325.76,N,buyer_0050,$259.08,N,refund_req_301201,agent_012,Approved,70,purchase_101201,APPLIANCES,not_working
04/12/2026 08:50,"$1,498.83",N,buyer_0100,$713.25,Y,refund_req_304416,agent_702,Approved,29,purchase_104416,APPLIANCES,damaged_item
05/07/2026 14:58,$126.96,N,buyer_0388,$85.75,N,refund_req_303679,agent_102,Approved,2,purchase_103679,BEAUTY,damaged_item
06/12/2026 04:55,"$1,295.28",N,buyer_0053,$264.01,N,refund_req_302144,agent_011,  Rejected  ,68,purchase_102144,SPORTS,item_not_as_described
06/03/2026 01:15,$901.26,N,buyer_0564,$190.26,N,refund_req_301754,agent_010,Approved,48,purchase_101754,BEAUTY,damaged_item
04/18/2026 00:15,$260.37,N,buyer_0198,$68.66,N,refund_req_300612,agent_019,Approved,70,purchase_100612,FASHION,wrong_size
04/28/2026 16:44,"$1,061.59",Y,buyer_0476,"$1,061.59",N,refund_req_303313,agent_030,Approved,51,purchase_103313,ELECTRONICS,damaged_item
06/06/2026 00:38,"$1,086.17",N,buyer_0285,$786.85,N,refund_req_301183,agent_012,Rejected,67,purchase_101183,ELECTRONICS,missing_accessory
04/23/2026 06:11,$604.28,N,buyer_0428,$180.54,N,refund_req_302239,agent_005,Approved,91,purchase_102239,FASHION,changed_mind
04/29/2026 19:31,$164.68,N,buyer_0478,$71.97,Y,refund_req_301742,agent_028,Approved,67,purchase_101742,SPORTS,wrong_size
04/22/2026 09:13,"$1,477.23",Y,buyer_9903,"$1,387.26",N,refund_req_304965,agent_901,Approved,3,purchase_104965,APPLIANCES,
06/17/2026 07:07,$574.04,N,buyer_0040,$414.75,Y,refund_req_304587,agent_702,Approved,30,purchase_104587,APPLIANCES,damaged_item
05/30/2026 06:12,"$1,616.98",N,buyer_0437,"$1,357.41",N,refund_req_302841,agent_018,Rejected,62,purchase_102841,LUXURY,
04/14/2026 17:05,"$1,902.85",Y,buyer_9906,"$1,902.09",N,refund_req_304948,agent_902,Approved,5,purchase_104948,ELECTRONICS,not_working
05/22/2026 03:47,$230.05,N,buyer_0003,$134.11,Y,refund_req_302923,agent_015,Approved,74,purchase_102923,SPORTS,item_not_as_described
05/16/2026 18:46,$226.65,N,buyer_0457,$71.89,Y,refund_req_301701,agent_010,Rejected,79,purchase_101701, SPORTS ,wrong_size
05/29/2026 14:15,"$2,784.95",N,buyer_0494,"$1,791.91",N,refund_req_302516,agent_004,Rejected,46,purchase_102516,LUXURY,item_not_as_described
05/25/2026 23:17,$600.22,N,buyer_0248,$284.17,N,refund_req_301491,agent_025,Approved,71,purchase_101491,FASHION,item_not_as_described
05/09/2026 14:56,"$1,602.41",Y,buyer_0168,"$1,417.34",N,refund_req_303870,agent_020,Approved,21,purchase_103870,LUXURY,damaged_item
06/07/2026 06:39,"$1,031.95",N,buyer_0360,$532.71,Y,refund_req_300846,agent_016,Approved,82,purchase_100846, LUXURY ,changed_mind
06/14/2026 00:14,$30.60,N,buyer_0103,$16.89,Y,refund_req_302272,agent_007,Approved,66,purchase_102272,BOOKS,wrong_item_received
04/02/2026 10:20,$19.60,N,buyer_0266,$11.22,Y,refund_req_301716,agent_023,rejected,71,purchase_101716,BOOKS, wrong_item_received 
04/16/2026 23:59,$75.35,N,buyer_0273,$23.20,N,refund_req_300055,agent_030,Approved,89,purchase_100055,HOME,item_not_as_described
05/01/2026 21:03,"$1,230.41",N,buyer_9004,$811.28,Y,refund_req_304300,agent_028,Approved,38,purchase_104300,CLOTHING,wrong_size
06/11/2026 14:09,"$1,301.09",Y,buyer_0364,"$1,192.70",N,refund_req_304097,agent_015,  Approved  ,7,purchase_104097,luxury,changed_mind
04/23/2026 16:58,$54.01,N,buyer_0413,$33.33,Y,refund_req_300941,agent_020,Approved,75,purchase_100941,BOOKS,wrong_item_received
04/12/2026 06:21,"$1,690.82",N,buyer_0098,$940.91,,refund_req_300373,agent_004,Approved,55,purchase_100373,APPLIANCES,
05/13/2026 22:05,$937.49,N,buyer_0076,$937.49,Y,refund_req_303449,agent_024,Approved,62,purchase_103449,ELECTRONICS,not_working
04/28/2026 23:21,"$2,102.69",N,buyer_0157,"$1,066.19",Y,refund_req_302401,agent_005,Approved,68,purchase_102401,LUXURY,
04/14/2026 06:38,"$2,152.82",N,buyer_0328,$613.17,Y,refund_req_301979,agent_002,Rejected,44,purchase_101979,ELECTRONICS,item_not_as_described
04/21/2026 15:48,"$1,636.82",N,buyer_0173,"$1,454.75",N,refund_req_303085,agent_028,Approved,10,purchase_103085,  ELECTRONICS  , missing_accessory 
04/06/2026 04:26,"$1,102.10",N,buyer_9004,"$1,020.00",N,refund_req_304204,agent_028,Approved,56,purchase_104204,LUXURY,damaged_item
05/01/2026 17:39,$304.77,N,buyer_0102,$219.33,Y,refund_req_301268,agent_023,Rejected,51,purchase_101268,SPORTS,item_not_as_described
04/21/2026 23:01,"$2,065.75",N,buyer_0359,"$1,421.35",N,refund_req_303020,agent_014,Approved,40,purchase_103020,  LUXURY  ,item_not_as_described
06/09/2026 17:54,$594.49,N,buyer_0514,$168.66,Y,refund_req_301913,agent_025,  Approved  ,45,purchase_101913,FASHION,item_not_as_described
04/13/2026 14:58,"$1,222.17",Y,buyer_9904,"$1,155.62",N,refund_req_304936,agent_902,Approved,6,purchase_104936,  LUXURY  ,changed_mind
06/14/2026 12:10,"$1,019.86",N,buyer_0438,$735.88,Y,refund_req_302638,agent_013,Approved,86,purchase_102638,SPORTS, damaged_item 
05/04/2026 16:30,$45.06,N,buyer_0238,$19.40,Y,refund_req_302467,agent_010,Approved,85,purchase_102467,BOOKS,wrong_item_received
05/18/2026 01:06,"$2,084.99",Y,buyer_9904,"$2,047.23",N,refund_req_304836,agent_902, Approved ,6,purchase_104836,ELECTRONICS,damaged_item
06/09/2026 02:01,$528.63,N,buyer_0504,$165.85,Y,refund_req_301407,agent_009,Approved,66,purchase_101407,FASHION,item_not_as_described
05/16/2026 08:15,$583.71,N,buyer_0364,$162.69,Y,refund_req_302039,agent_027,Approved,87,purchase_102039, HOME ,damaged_item
04/17/2026 02:04,$955.54,N,buyer_0220,$839.14,N,refund_req_303232,agent_015,Approved,21,purchase_103232,APPLIANCES,damaged_item
06/07/2026 09:01,$628.68,Y,buyer_9007,$360.85,N,refund_req_304255,agent_015,Approved,26,purchase_104255,FASHION,changed_mind
06/03/2026 23:29,"$2,094.44",N,buyer_0088,"$1,739.23",N,refund_req_302268,agent_006,Rejected,39,purchase_102268,ELECTRONICS,damaged_item
05/08/2026 18:42,$293.17,N,buyer_8001,$192.50,Y,refund_req_304619,agent_801,Approved,15,purchase_104619,FASHION,changed_mind
06/12/2026 23:23,"$1,446.29",N,buyer_0132,$901.88,N,refund_req_303102,agent_026,Approved,35,purchase_103102,APPLIANCES,
05/24/2026 12:30,"$1,260.52",N,buyer_0347,$483.55,Y,refund_req_301871,agent_020,Approved,83,purchase_101871,home,damaged_item
06/09/2026 19:38,"$1,179.57",N,buyer_8003,"$1,117.16",Y,refund_req_304627,agent_803,Approved,20,purchase_104627,FASHION,item_not_as_described
06/13/2026 21:59,$386.52,N,buyer_8002,$279.70,Y,refund_req_304755,agent_802,Approved,29,purchase_104755,SPORTS,damaged_item
05/19/2026 17:16,"$1,746.00",N,buyer_0151,$971.53,,refund_req_304427,agent_701,Approved,6,purchase_104427,ELECTRONICS,missing_accessory
06/02/2026 15:00,"$1,299.56",Y,buyer_0341,"$1,299.56",N,refund_req_303510,agent_006,Approved,25,purchase_103510,FASHION, changed_mind 
04/04/2026 06:59,"$1,530.09",N,buyer_0267,"$1,530.09",N,refund_req_303425,agent_024,Approved,15,purchase_103425,ELECTRONICS,not_working
04/10/2026 06:52,"$2,716.66",N,buyer_0211,"$1,260.73",,refund_req_302323,agent_002,Approved,97,purchase_102323,luxury,damaged_item
04/13/2026 14:30,$411.26,N,buyer_0591,$166.02,N,refund_req_302831,agent_023,Rejected,50,purchase_102831,SPORTS,
06/16/2026 18:53,"$1,108.26",N,buyer_8001,$755.23,N,refund_req_304652,agent_801,Approved,21,purchase_104652,BEAUTY,damaged_item
04/11/2026 20:12,"$1,555.39",N,buyer_0449,"$1,146.09",Y,refund_req_302931,agent_018,Rejected,51,purchase_102931,APPLIANCES,missing_part
04/19/2026 06:03,$160.28,N,buyer_0590,$33.14,N,refund_req_301671,agent_004,Rejected,75,purchase_101671,CLOTHING,item_not_as_described
06/17/2026 22:51,$293.71,N,buyer_0533,$156.33,Y,refund_req_303731,agent_101,Approved,5,purchase_103731,ELECTRONICS,item_not_as_described
04/13/2026 08:42,$330.51,N,buyer_0225,$139.11,Y,refund_req_300652,agent_006,Approved,54,purchase_100652,SPORTS,wrong_size
04/24/2026 01:29,$755.53,N,buyer_0237,$288.83,Y,refund_req_302189,agent_027,Approved,81,purchase_102189,ELECTRONICS,not_working
06/09/2026 11:02,"$1,258.64",Y,buyer_0046,"$1,019.96",Y,refund_req_304114,agent_007,Approved,35,purchase_104114,LUXURY,damaged_item
05/02/2026 22:23,$400.13,N,buyer_0281,$303.48,Y,refund_req_303833,agent_102,Approved,3,purchase_103833,HOME,missing_part
05/12/2026 00:22,$66.13,N,buyer_0480,$34.40,Y,refund_req_302289,agent_002,Approved,69,purchase_102289,BEAUTY,damaged_item
04/06/2026 13:00,"$2,980.22",N,buyer_0174,"$1,273.29",Y,refund_req_301861,agent_007,Approved,,purchase_101861,LUXURY,damaged_item
04/11/2026 20:37,"$1,373.76",Y,buyer_0157,"$1,373.76",N,refund_req_303384,agent_003,Approved,28,purchase_103384,APPLIANCES,damaged_item
04/18/2026 07:32,"$2,464.20",Y,buyer_0409,"$2,210.71",Y,refund_req_304118,agent_019,Approved,13,purchase_104118,LUXURY,damaged_item
04/17/2026 15:02,$69.17,N,buyer_0162,$50.77,Y,refund_req_302664,agent_013,Approved,94,purchase_102664,BOOKS,damaged_item
04/09/2026 05:24,$267.59,Y,buyer_0410,$186.89,N,refund_req_303664,agent_101,Approved,4,purchase_103664,HOME,item_not_as_described
04/25/2026 18:02,$412.38,N,buyer_0454,$271.35,N,refund_req_300315,agent_007,Approved,57,purchase_100315,SPORTS,item_not_as_described
05/08/2026 07:46,"$1,210.78",N,buyer_0219,"$1,210.78",Y,refund_req_303289,agent_015,Approved,51,purchase_103289,FASHION, changed_mind 
06/05/2026 00:52,"$1,252.79",N,buyer_0594,"$1,252.79",N,refund_req_303537,agent_016,Approved,57,purchase_103537,FASHION,wrong_size
06/20/2026 20:53,"$1,498.58",N,buyer_0400,"$1,291.18",N,refund_req_303170,agent_008,Approved,40,purchase_103170,APPLIANCES,not_working
04/10/2026 20:40,"$1,185.95",Y,buyer_0559,$316.81,N,refund_req_301780,agent_002,Rejected,64,purchase_101780,HOME,item_not_as_described
06/09/2026 18:54,$317.63,N,buyer_0453,$129.42,Y,refund_req_302968,agent_006,Approved,66,purchase_102968,HOME,item_not_as_described
05/10/2026 12:51,$192.19,Y,buyer_0239,$141.44,N,refund_req_302612,agent_002,Rejected,115,purchase_102612,CLOTHING,wrong_size
05/18/2026 12:32,"$2,128.72",N,buyer_0598,"$1,613.62",N,refund_req_302220,agent_024,Rejected,36,purchase_102220,LUXURY,item_not_as_described
05/09/2026 08:24,$62.65,N,buyer_0029,$46.30,,refund_req_301501,agent_021,Approved,71,purchase_101501,BOOKS,damaged_item
05/15/2026 20:16,"$1,355.04",N,buyer_0421,"$1,355.04",N,refund_req_303440,agent_028,Approved,63,purchase_103440,LUXURY,damaged_item
04/23/2026 10:41,"$2,719.46",Y,buyer_9904,"$2,584.17",N,refund_req_304924,agent_902,Approved,3,purchase_104924,LUXURY,item_not_as_described
04/15/2026 06:28,"$1,082.40",N,buyer_0259,"$1,082.40",Y,refund_req_303296,agent_012,Approved,,purchase_103296,FASHION,changed_mind
05/30/2026 06:27,$165.21,N,buyer_0320,$40.08,Y,refund_req_300545,agent_021,Approved,48,purchase_100545,BEAUTY,allergic_reaction
04/30/2026 21:59,"$1,038.81",N,buyer_0426,$790.42,N,refund_req_303131,agent_006,Approved,28,purchase_103131,APPLIANCES,damaged_item
04/01/2026 09:53,$88.82,N,buyer_0166,$45.48,Y,refund_req_302411,agent_012,Approved,52,purchase_102411,BOOKS,changed_mind
06/11/2026 10:01,$119.45,N,buyer_0360,$50.27,,refund_req_301076,agent_008,Rejected,27,purchase_101076,BEAUTY,allergic_reaction
05/08/2026 13:07,$968.93,N,buyer_0369,$604.40,N,refund_req_300898,agent_011,Approved,39,purchase_100898,ELECTRONICS,not_working
04/28/2026 19:59,$81.57,Y,buyer_8001,$49.57,Y,refund_req_304787,agent_801, Approved ,5,purchase_104787,FASHION,item_not_as_described
06/20/2026 00:34,$116.87,N,buyer_0408,$112.85,N,refund_req_304428,agent_702,Approved,38,purchase_104428,BEAUTY,
05/04/2026 21:48,$106.72,N,buyer_0327,$56.47,Y,refund_req_301443,agent_025,Approved,47,purchase_101443,SPORTS,wrong_size
05/03/2026 20:17,$59.93,N,buyer_0381,$44.17,Y,refund_req_300398,agent_028,Approved,94,purchase_100398,BOOKS,changed_mind
05/11/2026 23:41,"$1,900.28",N,buyer_0238,"$1,306.21",,refund_req_303163,agent_028,Approved,12,purchase_103163,LUXURY,damaged_item
05/02/2026 11:30,"$1,170.36",N,buyer_0329,"$1,170.36",N,refund_req_303340,agent_018,Approved,43,purchase_103340,FASHION,wrong_size
06/08/2026 08:03,$409.90,N,buyer_0171,$258.47,N,refund_req_302254,agent_019,  Approved  ,53,purchase_102254,HOME,damaged_item
06/04/2026 09:42,$119.66,N,buyer_0339,$31.95,Y,refund_req_302070,agent_027,Approved,60,purchase_102070,BEAUTY,damaged_item
06/13/2026 10:21,$924.34,N,buyer_0412,$924.34,N,refund_req_303509,agent_102,  Approved  ,,purchase_103509,FASHION,wrong_size
05/20/2026 10:30,"$1,532.14",N,buyer_0545,$443.45,Y,refund_req_301877,agent_028,Approved,61,purchase_101877,ELECTRONICS,item_not_as_described
05/29/2026 08:07,$232.07,N,buyer_0440,$194.87,Y,refund_req_302099,agent_005,Rejected,,purchase_102099,HOME,missing_part
06/09/2026 00:53,"$1,438.08",Y,buyer_0118,"$1,412.73",N,refund_req_303878,agent_021,Approved,,purchase_103878,ELECTRONICS,not_working
05/30/2026 14:06,$167.57,N,buyer_0482,$51.75,N,refund_req_300656,agent_026,Approved,70,purchase_100656,CLOTHING,item_not_as_described
04/26/2026 10:35,$45.94,N,buyer_0168,$9.95,Y,refund_req_300040,agent_025,APPROVED,69,purchase_100040,CLOTHING,changed_mind
06/16/2026 12:38,$16.12,N,buyer_0110,$7.37,N,refund_req_300193,agent_015,Rejected,82,purchase_100193,BEAUTY,damaged_item
06/18/2026 19:25,$410.02,N,buyer_0398,$163.55,N,refund_req_302761,agent_010,Rejected,75,purchase_102761,HOME,item_not_as_described
06/20/2026 18:47,"$1,045.34",Y,buyer_9905,"$1,009.48",,refund_req_304918,agent_902,Approved,9,purchase_104918,ELECTRONICS,missing_accessory
04/07/2026 14:04,$170.06,Y,buyer_0446,$116.57,Y,refund_req_300323,agent_018,Approved,44,purchase_100323,Beauty,damaged_item
05/02/2026 05:45,$456.99,N,buyer_0583,$297.34,N,refund_req_301386,agent_017,Rejected,49,purchase_101386,  FASHION  ,item_not_as_described
05/08/2026 15:32,$108.95,N,buyer_0571,$46.09,Y,refund_req_304476,agent_702,Approved,22,purchase_104476,CLOTHING,wrong_size
06/10/2026 18:54,$246.57,N,buyer_0541,$52.79,Y,refund_req_302771,agent_019,Approved,63,purchase_102771,CLOTHING,wrong_size
06/04/2026 02:02,$309.09,N,buyer_0251,$173.51,N,refund_req_301269,agent_026,Rejected,77,purchase_101269,SPORTS,item_not_as_described
04/29/2026 18:04,"$1,285.75",N,buyer_0168,$870.38,N,refund_req_303134,agent_101,Approved,36,purchase_103134,APPLIANCES,not_working
05/26/2026 11:25,$45.18,N,buyer_0520,$30.64,Y,refund_req_300915,agent_006,Approved,40,purchase_100915,BOOKS,changed_mind
05/26/2026 22:39,$353.32,N,buyer_0513,$139.09,N,refund_req_301982,agent_006,Approved,70,purchase_101982,SPORTS,wrong_size
06/11/2026 08:10,$73.08,N,buyer_0592,$53.01,Y,refund_req_301774,agent_013,Approved,61,purchase_101774,SPORTS,damaged_item
05/20/2026 01:29,$21.71,N,buyer_0537,$8.95,Y,refund_req_300977,agent_030,Approved,45,purchase_100977,BEAUTY,
05/09/2026 16:54,$66.79,N,buyer_0063,$48.04,N,refund_req_301137,agent_010,Approved,39,purchase_101137,CLOTHING,changed_mind
04/29/2026 08:48,$56.88,N,buyer_0111,$28.78,N,refund_req_300022,agent_026,Approved,51,purchase_100022, HOME ,missing_part
06/08/2026 18:06,"$1,517.44",Y,buyer_9904,"$1,579.69",N,refund_req_304804,agent_902,Approved,8,purchase_104804,APPLIANCES,damaged_item
05/18/2026 02:54,"$2,128.56",N,buyer_0445,"$1,650.07",N,refund_req_303254,agent_011,Approved,8,purchase_103254,ELECTRONICS,not_working
04/23/2026 18:23,$135.08,N,buyer_0135,$54.37,N,refund_req_300527,agent_004,Approved,79,purchase_100527,CLOTHING,item_not_as_described
06/10/2026 18:51,$952.58,N,buyer_9001,$753.97,N,refund_req_304153,agent_018,Approved,23,purchase_104153,SPORTS,item_not_as_described
05/17/2026 03:45,$245.05,N,buyer_0545,$133.51,Y,refund_req_303703,agent_101,Approved,4,purchase_103703,CLOTHING, changed_mind 
04/08/2026 22:57,$68.10,N,buyer_8002,$65.03,N,refund_req_304779,agent_802,Approved,19,purchase_104779,SPORTS,wrong_size
05/29/2026 10:49,"$1,161.82",N,buyer_0454,"$1,161.82",N,refund_req_303432,agent_008,Approved,43,purchase_103432,APPLIANCES,not_working
05/29/2026 06:46,"$1,609.35",N,buyer_0346,"$1,075.08",N,refund_req_300618,agent_029,Approved,71,purchase_100618,LUXURY,damaged_item
04/22/2026 18:58,$373.75,N,buyer_0571,$151.90,Y,refund_req_301096,agent_010,Approved,78,purchase_101096,FASHION,item_not_as_described
05/15/2026 17:41,$172.13,N,buyer_0410,$92.65,Y,refund_req_302377,agent_002,Approved,73,purchase_102377,BEAUTY,changed_mind
05/15/2026 22:07,"$2,616.43",Y,buyer_9903,"$2,483.81",N,refund_req_304849,agent_901,Approved,4,purchase_104849,LUXURY, damaged_item 
06/21/2026 00:46,$632.77,N,buyer_8003,$448.03,N,refund_req_304636,agent_803,Approved,6,purchase_104636, FASHION ,item_not_as_described
04/07/2026 02:30,$59.84,N,buyer_0529,$45.50,Y,refund_req_302390,agent_030,Rejected,88,purchase_102390,CLOTHING,wrong_size
04/07/2026 09:12,$537.89,N,buyer_0015,$333.33,Y,refund_req_301692,agent_010,Approved,78,purchase_101692,HOME,damaged_item
05/18/2026 05:05,"$1,374.53",N,buyer_0373,$747.31,N,refund_req_302774,agent_002,Approved,93,purchase_102774,ELECTRONICS,missing_accessory
05/26/2026 13:48,"$2,945.54",N,buyer_0204,"$2,945.54",N,refund_req_303346,agent_027,Approved,19,purchase_103346,LUXURY,changed_mind
04/04/2026 03:47,"$1,108.44",N,buyer_0005,$775.11,Y,refund_req_301711,agent_020,Approved,40,purchase_101711,CLOTHING,changed_mind
06/13/2026 18:12,$317.80,N,buyer_8003,$280.85,Y,refund_req_304774,agent_803, Approved ,25,purchase_104774,FASHION,changed_mind
04/14/2026 12:32,$236.59,Y,buyer_0317,$200.13,Y,refund_req_303765,agent_102,Approved,2,purchase_103765,HOME,missing_part
05/20/2026 09:40,"$1,070.63",Y,buyer_9905,$997.04,N,refund_req_304852,agent_902,Approved,6,purchase_104852,ELECTRONICS,damaged_item
06/10/2026 00:13,$999.76,N,buyer_0039,$778.07,,refund_req_301656,agent_030,Rejected,94,purchase_101656,APPLIANCES,damaged_item
05/03/2026 20:07,$414.85,N,buyer_0049,$221.41,Y,refund_req_300585,agent_019,  Approved  ,79,purchase_100585,SPORTS,damaged_item
05/26/2026 18:13,"$2,938.17",Y,buyer_9901,"$2,856.04",N,refund_req_304859,agent_901,Approved,6,purchase_104859,LUXURY,damaged_item
04/06/2026 12:22,"$1,689.08",N,buyer_0234,"$1,568.50",N,refund_req_303092,agent_020,Approved,29,purchase_103092,LUXURY,changed_mind
04/13/2026 00:46,"$2,748.36",Y,buyer_0111,"$1,873.27",Y,refund_req_301340,agent_018,Approved,50,purchase_101340,LUXURY,item_not_as_described
05/18/2026 00:52,$40.94,N,buyer_0110,$30.25,N,refund_req_302156,agent_013,Rejected,,purchase_102156,BOOKS,wrong_item_received
04/28/2026 11:46,$184.50,N,buyer_0503,$101.37,N,refund_req_300985,agent_018,Approved,53,purchase_100985,SPORTS,wrong_size
05/12/2026 00:22,$52.10,N,buyer_0286,$43.37,,refund_req_300150,agent_008,Approved,55,purchase_100150,BEAUTY,allergic_reaction
05/12/2026 08:32,$128.14,N,buyer_0087,$96.90,Y,refund_req_302139,agent_030,Approved,46,purchase_102139,BEAUTY,damaged_item
06/09/2026 09:48,"$1,941.96",Y,buyer_0398,"$1,381.41",N,refund_req_303937,agent_101,APPROVED,5,purchase_103937,ELECTRONICS,damaged_item
06/20/2026 07:13,$84.69,N,buyer_0453,$23.76,Y,refund_req_300793,agent_025,Approved,78,purchase_100793,SPORTS,damaged_item
04/07/2026 10:48,"$2,126.12",N,buyer_0565,"$1,973.83",N,refund_req_303063,agent_011,Approved,45,purchase_103063,ELECTRONICS,missing_accessory
05/05/2026 20:25,"$2,032.26",Y,buyer_9902,"$1,761.77",N,refund_req_304943,agent_901,Approved,3,purchase_104943,ELECTRONICS, damaged_item 
05/11/2026 06:44,$223.15,N,buyer_0448,$53.03,Y,refund_req_300228,agent_010,Approved,42,purchase_100228,CLOTHING,changed_mind
04/01/2026 17:34,$942.02,N,buyer_0320,$448.67,N,refund_req_302219,agent_003,Approved,64,purchase_102219,APPLIANCES,missing_part
05/21/2026 04:48,$42.63,N,buyer_8001,$41.28,N,refund_req_304682,agent_801,Approved,21,purchase_104682,SPORTS,
06/13/2026 07:03,$929.51,N,buyer_0354,$876.52,N,refund_req_303277,agent_014,Approved,40,purchase_103277,ELECTRONICS,not_working
04/16/2026 19:15,"$2,125.79",N,buyer_0019,$988.84,N,refund_req_302450,agent_011,Approved,49,purchase_102450,ELECTRONICS,not_working
05/22/2026 04:55,$45.74,N,buyer_0583,$26.28,Y,refund_req_300672,agent_030,Rejected,71,purchase_100672,BOOKS,damaged_item
04/28/2026 21:31,"$1,080.19",N,buyer_0450,$697.53,N,refund_req_302686,agent_002,Rejected,108,purchase_102686,FASHION,item_not_as_described
06/04/2026 14:49,"$1,028.24",Y,buyer_0407,"$1,028.24",N,refund_req_303281,agent_017,Approved,30,purchase_103281,FASHION,wrong_size
06/16/2026 15:04,"$1,118.71",N,buyer_0234,"$1,118.71",N,refund_req_303436,agent_015,Approved,19,purchase_103436,Electronics,not_working
05/01/2026 23:41,"$1,397.40",N,buyer_0094,"$1,164.25",Y,refund_req_301194,agent_006,Rejected,52,purchase_101194,ELECTRONICS,damaged_item
05/03/2026 06:48,$912.50,Y,buyer_0315,$617.98,N,refund_req_303893,agent_005,Approved,35,purchase_103893,APPLIANCES,not_working
05/16/2026 06:42,"$1,037.98",N,buyer_0481,$582.23,N,refund_req_302501,agent_002,Approved,60,purchase_102501,ELECTRONICS,not_working
06/04/2026 03:25,$636.71,N,buyer_8001,$534.76,Y,refund_req_304673,agent_801,Approved,17,purchase_104673,FASHION, changed_mind 
04/17/2026 22:04,$240.80,N,buyer_9006,$134.50,Y,refund_req_304174,agent_020,Approved,56,purchase_104174,SPORTS,item_not_as_described
05/01/2026 04:43,"$1,291.00",N,buyer_0009,$883.09,N,refund_req_300073,agent_009,Approved,58,purchase_100073,APPLIANCES,damaged_item
04/09/2026 23:52,$75.75,N,buyer_0080,$48.30,Y,refund_req_300233,agent_027,Approved,63,purchase_100233,SPORTS,item_not_as_described
06/16/2026 21:19,$136.32,N,buyer_0160,$125.49,Y,refund_req_304454,agent_701,Approved,31,purchase_104454,CLOTHING,changed_mind
04/08/2026 22:45,$29.50,Y,buyer_0242,$19.70,Y,refund_req_302356,agent_015,Approved,108,purchase_102356,SPORTS,item_not_as_described
04/27/2026 09:43,$497.98,N,buyer_0592,$102.90,N,refund_req_301521,agent_012,Approved,77,purchase_101521,APPLIANCES,not_working
05/07/2026 17:03,$97.10,N,buyer_9006,$85.74,N,refund_req_304358,agent_012,Approved,60,purchase_104358,HOME,damaged_item
05/29/2026 09:41,$639.34,N,buyer_0242,$357.60,N,refund_req_301601,agent_002,Rejected,50,purchase_101601,FASHION,
04/25/2026 10:57,$139.20,N,buyer_8003,$117.53,Y,refund_req_304669,agent_803,Approved,22,purchase_104669,SPORTS,wrong_size
06/12/2026 04:51,$756.18,N,buyer_0439,$584.72,Y,refund_req_302178,agent_021,Approved,48,purchase_102178,ELECTRONICS,missing_accessory
05/26/2026 07:53,$60.22,Y,buyer_0023,$34.39,Y,refund_req_301825,agent_028,Approved,95,purchase_101825,BOOKS,  damaged_item  
06/03/2026 16:21,"$1,348.41",N,buyer_0186,"$1,348.41",N,refund_req_303347,agent_005,Approved,50,purchase_103347,ELECTRONICS,
06/05/2026 22:13,"$1,603.76",Y,buyer_9906,"$1,632.48",N,refund_req_304974,agent_902,Approved,3,purchase_104974,ELECTRONICS,damaged_item
04/21/2026 14:47,$193.39,N,buyer_0573,$87.81,N,refund_req_301590,agent_027,Approved,86,purchase_101590,HOME,item_not_as_described
05/18/2026 00:24,$726.64,N,buyer_0052,$449.25,N,refund_req_303777,agent_102,Approved,5,purchase_103777,APPLIANCES,not_working
05/02/2026 12:40,"$1,210.83",N,buyer_0473,$720.32,Y,refund_req_302567,agent_028,Approved,101,purchase_102567,APPLIANCES,damaged_item
05/25/2026 04:26,$335.47,Y,buyer_0420,$282.55,N,refund_req_304372,agent_703,Approved,8,purchase_104372,FASHION,item_not_as_described
05/03/2026 02:57,"$2,048.32",Y,buyer_9904,"$1,994.79",N,refund_req_304990,agent_902,Approved,7,purchase_104990,LUXURY,item_not_as_described
04/16/2026 17:08,"$1,284.30",N,buyer_0045,$955.61,N,refund_req_303779,agent_101,Approved,2,purchase_103779,APPLIANCES,not_working
04/02/2026 01:47,$85.64,N,buyer_0152,$70.62,Y,refund_req_302665,agent_023,Approved,42,purchase_102665,CLOTHING,item_not_as_described
06/04/2026 05:06,$100.23,N,buyer_0230,$54.29,Y,refund_req_302699,agent_003,Approved,49,purchase_102699,CLOTHING,item_not_as_described
05/11/2026 08:10,"$2,485.06",Y,buyer_9906,"$2,251.79",N,refund_req_304958,agent_902,Approved,6,purchase_104958,LUXURY,damaged_item
05/02/2026 07:02,"$1,691.84",Y,buyer_0414,"$1,447.88",Y,refund_req_303871,agent_009,Approved,11,purchase_103871,LUXURY,damaged_item
05/26/2026 14:44,$177.84,N,buyer_8001,$160.10,Y,refund_req_304700,agent_801,Approved,24,purchase_104700,BEAUTY,changed_mind
04/01/2026 21:51,$15.36,N,buyer_0357,$10.56,Y,refund_req_303782,agent_101,Approved,5,purchase_103782,BEAUTY,allergic_reaction
04/22/2026 12:43,"$1,579.74",N,buyer_0060,$915.17,N,refund_req_301366,agent_014,Approved,60,purchase_101366,APPLIANCES,missing_part
04/22/2026 10:54,$24.56,N,buyer_0142,$20.39,Y,refund_req_300602,agent_011,Rejected,69,purchase_100602,BOOKS,damaged_item
05/23/2026 15:11,"$1,606.93",N,buyer_0345,"$1,606.93",N,refund_req_303548,agent_023,Approved,63,purchase_103548,LUXURY,damaged_item
05/26/2026 14:07,"$1,440.05",Y,buyer_0007,$303.67,Y,refund_req_300181,agent_001,Approved,80,purchase_100181,LUXURY,changed_mind
04/08/2026 11:52,$55.37,N,buyer_0007,$13.49,Y,refund_req_301782,agent_006,Approved,60,purchase_101782,BEAUTY,changed_mind
04/30/2026 07:30,$794.29,N,buyer_0083,$199.33,N,refund_req_302129,agent_026,Rejected,57,purchase_102129,ELECTRONICS,  missing_accessory  
04/13/2026 07:53,$143.21,N,buyer_9002,$111.96,Y,refund_req_304322,agent_005,Approved,28,purchase_104322,CLOTHING,wrong_size
04/25/2026 20:48,"$1,277.29",Y,buyer_9906,"$1,116.55",N,refund_req_304950,agent_902,Approved,7,purchase_104950,ELECTRONICS,not_working
05/27/2026 09:28,$484.01,N,buyer_0016,$219.03,Y,refund_req_302029,agent_014,Approved,64,purchase_102029,FASHION,changed_mind
04/03/2026 17:23,$358.27,N,buyer_0055,$246.44,Y,refund_req_300621,agent_019,Approved,54,purchase_100621,FASHION,item_not_as_described
04/10/2026 05:19,"$1,230.33",N,buyer_0265,"$1,017.46",N,refund_req_303230,agent_103,Approved,45,purchase_103230,APPLIANCES,missing_part
04/26/2026 14:09,$445.06,N,buyer_0096,$131.88,Y,refund_req_301234,agent_014,Rejected,58,purchase_101234,SPORTS,item_not_as_described
04/02/2026 17:19,$260.49,N,buyer_0515,$172.88,Y,refund_req_303585,agent_102,Approved,3,purchase_103585,APPLIANCES,damaged_item
04/27/2026 11:40,"$2,344.71",Y,buyer_0018,"$1,732.65",N,refund_req_303904,agent_002,Approved,14,purchase_103904,LUXURY,item_not_as_described
05/24/2026 08:47,$45.02,N,buyer_0299,$22.68,Y,refund_req_300984,agent_010,Approved,66,purchase_100984,BOOKS,changed_mind
05/04/2026 09:46,"$2,198.72",Y,buyer_0325,"$1,816.25",N,refund_req_303900,agent_018,Approved,12,purchase_103900,LUXURY,item_not_as_described
05/21/2026 07:33,$152.47,N,buyer_9008,$143.73,,refund_req_304304,agent_025,Approved,,purchase_104304,CLOTHING,changed_mind
05/14/2026 20:05,$45.74,N,buyer_0431,$27.41,N,refund_req_301945,agent_002,Rejected,65,purchase_101945,BOOKS,wrong_item_received
04/24/2026 17:42,$140.66,N,buyer_0519,$100.13,N,refund_req_303677,agent_101,Approved,1,purchase_103677,CLOTHING,changed_mind
05/20/2026 04:06,"$1,249.52",N,buyer_0301,$564.74,Y,refund_req_304536,agent_702,Approved,9,purchase_104536,CLOTHING,changed_mind
06/02/2026 19:58,$386.82,N,buyer_0395,$338.54,Y,refund_req_304439,agent_701,Approved,22,purchase_104439,HOME,damaged_item
06/12/2026 00:44,"$1,098.10",N,buyer_0378,"$1,098.10",N,refund_req_303336,agent_010,Approved,30,purchase_103336,APPLIANCES,damaged_item
04/25/2026 16:32,$173.14,N,buyer_0205,$96.69,N,refund_req_300821,agent_016,Approved,91,purchase_100821,SPORTS,
05/11/2026 11:08,"$1,631.26",N,buyer_0399,$921.12,N,refund_req_304552,agent_703,Approved,24,purchase_104552,ELECTRONICS,not_working
06/16/2026 05:59,"$1,190.34",N,buyer_0153,$793.19,N,refund_req_303021,agent_009,Approved,30,purchase_103021,APPLIANCES,not_working
04/12/2026 03:29,$793.61,N,buyer_0234,$501.75,N,refund_req_303810,agent_101,Approved,5,purchase_103810,LUXURY,changed_mind
06/04/2026 01:08,"$1,581.21",Y,buyer_0105,"$1,457.63",N,refund_req_303850,agent_001,Approved,4,purchase_103850,ELECTRONICS,item_not_as_described
06/09/2026 12:30,$187.30,Y,buyer_0169,$97.89,N,refund_req_300507,agent_004,Rejected,89,purchase_100507,clothing,item_not_as_described
06/07/2026 01:20,"$2,832.89",N,buyer_0054,"$2,651.06",N,refund_req_303097,agent_022,Approved,33,purchase_103097,LUXURY,changed_mind
04/06/2026 12:48,$369.32,N,buyer_0087,$284.14,N,refund_req_301032,agent_008,Approved,44,purchase_101032, SPORTS ,item_not_as_described
06/14/2026 16:27,$183.94,Y,buyer_0289,$109.58,Y,refund_req_302515,agent_028,Approved,46,purchase_102515,clothing,changed_mind
05/09/2026 04:34,"$1,156.39",N,buyer_8003,$886.74,Y,refund_req_304714,agent_803,Approved,6,purchase_104714,FASHION,changed_mind
05/21/2026 12:04,$190.08,N,buyer_0570,$141.16,Y,refund_req_301147,agent_009,Approved,55,purchase_101147,SPORTS,wrong_size
04/23/2026 19:36,$53.78,N,buyer_0456,$42.96,N,refund_req_302452,agent_015,Approved,78,purchase_102452,BEAUTY,changed_mind
05/05/2026 06:54,"$2,434.94",N,buyer_0541,"$1,869.89",Y,refund_req_302539,agent_008,Approved,83,purchase_102539,LUXURY,changed_mind
05/02/2026 19:09,$42.54,N,buyer_0250,$30.43,N,refund_req_301878,agent_024,Rejected,46,purchase_101878,BOOKS,wrong_item_received
05/04/2026 05:51,$173.94,N,buyer_0507,$82.46,N,refund_req_301054,agent_028,Approved,59,purchase_101054,BEAUTY,damaged_item
05/16/2026 13:55,$54.79,N,buyer_0103,$29.96,N,refund_req_300248,agent_006,Rejected,62,purchase_100248, BEAUTY ,allergic_reaction
04/20/2026 05:53,"$1,024.44",N,buyer_0162,$535.92,Y,refund_req_301182,agent_021,Approved,54,purchase_101182,APPLIANCES,damaged_item
06/04/2026 00:32,"$1,525.46",N,buyer_0416,$877.98,N,refund_req_303584,agent_101,Approved,3,purchase_103584,APPLIANCES,missing_part
05/05/2026 12:37,"$1,542.48",N,buyer_0316,"$1,357.33",N,refund_req_303025,agent_013,Approved,26,purchase_103025,APPLIANCES,damaged_item
05/22/2026 15:14,$501.96,N,buyer_0491,$215.04,Y,refund_req_301247,agent_007,Approved,,purchase_101247,FASHION,changed_mind
04/14/2026 22:56,$167.62,N,buyer_0229,$100.91,Y,refund_req_302386,agent_010,Approved,,purchase_102386,CLOTHING,item_not_as_described
05/28/2026 12:46,$701.98,N,buyer_0378,$148.07,Y,refund_req_301332,agent_024,Approved,38,purchase_101332,ELECTRONICS,  missing_accessory  
06/17/2026 00:49,"$1,233.02",Y,buyer_0054,$806.79,N,refund_req_302837,agent_027,Rejected,81,purchase_102837,  SPORTS  ,wrong_size
05/22/2026 08:20,$980.06,N,buyer_0253,$532.29,N,refund_req_301852,agent_029,Approved,31,purchase_101852,SPORTS,  wrong_size  
05/11/2026 22:29,$383.72,N,buyer_0437,$195.40,Y,refund_req_303789,agent_103,Approved,2,purchase_103789,HOME,item_not_as_described
04/09/2026 22:49,"$1,560.93",N,buyer_0521,$319.55,Y,refund_req_301031,agent_009,Approved,61,purchase_101031, LUXURY ,item_not_as_described
04/17/2026 10:27,"$1,443.63",N,buyer_0251,"$1,134.23",Y,refund_req_302424,agent_021,Approved,61,purchase_102424,LUXURY,  changed_mind  
05/09/2026 02:51,$279.09,N,buyer_0170,$159.73,N,refund_req_301319,agent_019,Rejected,67,purchase_101319,SPORTS,item_not_as_described
05/20/2026 00:20,$485.66,N,buyer_9003,$399.42,N,refund_req_304147,agent_027,Approved,22,purchase_104147,HOME,missing_part
05/27/2026 21:02,$70.46,N,buyer_0518,$60.79,Y,refund_req_303593,agent_102,Approved,1,purchase_103593,HOME,damaged_item
04/21/2026 17:03,"$1,113.29",Y,buyer_8003,"$1,101.93",N,refund_req_304777,agent_803,Approved,17,purchase_104777,SPORTS,damaged_item
04/02/2026 07:53,"$1,262.18",Y,buyer_9903,"$1,311.97",,refund_req_304989,agent_901,Approved,1,purchase_104989,ELECTRONICS,
04/12/2026 02:03,$363.66,N,buyer_0306,$283.16,Y,refund_req_300743,agent_011,Approved,49,purchase_100743, LUXURY ,item_not_as_described
04/13/2026 21:05,$396.17,N,buyer_0461,$182.25,N,refund_req_300988,agent_027,Approved,81,purchase_100988,SPORTS,damaged_item
05/04/2026 09:00,$159.33,Y,buyer_0377,$129.45,N,refund_req_302583,agent_018,Approved,52,purchase_102583,BEAUTY,damaged_item
04/06/2026 19:24,"$1,140.83",N,buyer_0597,"$1,140.83",Y,refund_req_303448,agent_008,Approved,26,purchase_103448,FASHION,changed_mind
04/06/2026 06:19,"$1,266.65",Y,buyer_0102,"$1,181.27",N,refund_req_303967,agent_020,Approved,10,purchase_103967,APPLIANCES,not_working
05/01/2026 11:49,$236.14,N,buyer_0306,$109.70,Y,refund_req_300555,agent_011,Approved,45,purchase_100555, CLOTHING ,wrong_size
06/12/2026 04:33,"$1,408.72",Y,buyer_0204,"$1,135.42",N,refund_req_303911,agent_103, Approved ,8,purchase_103911,LUXURY,item_not_as_described
04/20/2026 07:43,$99.65,N,buyer_0461,$67.86,Y,refund_req_300409,agent_010,Approved,78,purchase_100409,CLOTHING,changed_mind
04/17/2026 10:30,"$1,105.94",N,buyer_0064,"$1,105.94",Y,refund_req_303467,agent_009,Approved,28,purchase_103467,APPLIANCES,missing_part
05/24/2026 19:41,"$1,641.01",N,buyer_9006,"$1,022.05",N,refund_req_304326,agent_015,APPROVED,64,purchase_104326,APPLIANCES,missing_part
06/07/2026 23:37,"$2,388.97",N,buyer_0193,$596.29,Y,refund_req_301600,agent_008,Approved,31,purchase_101600,Luxury,item_not_as_described
06/06/2026 05:36,$145.75,N,buyer_0447,$66.64,Y,refund_req_300100,agent_008,Approved,28,purchase_100100,CLOTHING,changed_mind
04/19/2026 11:21,"$2,748.13",N,buyer_0026,$824.85,,refund_req_300442,agent_017,Approved,67,purchase_100442,  LUXURY  , damaged_item 
04/17/2026 16:51,"$2,307.86",N,buyer_0566,"$1,469.91",Y,refund_req_300636,agent_006,Approved,42,purchase_100636,LUXURY,damaged_item
04/18/2026 14:48,$229.12,N,buyer_0597,$114.44,N,refund_req_301118,agent_005,Rejected,47,purchase_101118, CLOTHING ,wrong_size
06/16/2026 01:25,"$1,675.39",N,buyer_0432,$620.32,Y,refund_req_302160,agent_018,Approved,64,purchase_102160,APPLIANCES, damaged_item 
04/29/2026 20:54,"$2,168.80",N,buyer_0341,"$1,695.47",N,refund_req_303255,agent_016,Approved,15,purchase_103255,ELECTRONICS,item_not_as_described
06/02/2026 12:15,$103.25,Y,buyer_0510,$54.59,N,refund_req_301554,agent_013,Approved,32,purchase_101554,HOME,missing_part
04/10/2026 04:25,$47.44,N,buyer_0588,$27.87,Y,refund_req_300453,agent_024, Approved ,60,purchase_100453,CLOTHING,changed_mind
05/04/2026 03:56,"$2,718.37",Y,buyer_9905,"$2,504.68",N,refund_req_304962,agent_902,Approved,9,purchase_104962,LUXURY,changed_mind
04/03/2026 15:04,"$2,163.74",N,buyer_0048,$827.07,N,refund_req_300185,agent_009,Approved,62,purchase_100185,LUXURY,item_not_as_described
04/20/2026 10:38,$51.12,N,buyer_0434,$20.49,N,refund_req_300109,agent_003,Rejected,41,purchase_100109,FASHION,changed_mind
06/17/2026 12:40,$235.61,N,buyer_0374,$157.65,Y,refund_req_304475,agent_701,Approved,28,purchase_104475,CLOTHING,wrong_size
05/08/2026 20:15,"$1,030.16",N,buyer_0394,$597.65,Y,refund_req_304468,agent_703,Approved,22,purchase_104468,ELECTRONICS,item_not_as_described
04/19/2026 13:46,$229.34,N,buyer_0497,$153.07,N,refund_req_301551,agent_019,Rejected,58,purchase_101551,HOME,item_not_as_described
04/10/2026 01:16,$114.07,N,buyer_0309,$31.79,N,refund_req_300041,agent_004,Rejected,83,purchase_100041,BEAUTY,damaged_item
04/22/2026 07:43,"$2,406.60",Y,buyer_0267,"$1,286.76",Y,refund_req_301228,agent_020,Approved,83,purchase_101228,LUXURY,
06/18/2026 12:45,$70.27,N,buyer_0314,$44.94,Y,refund_req_301186,agent_012,Approved,86,purchase_101186,BEAUTY,changed_mind
06/14/2026 19:15,"$1,022.82",N,buyer_0171,$573.54,N,refund_req_301281,agent_008,Approved,82,purchase_101281,APPLIANCES,
06/17/2026 10:32,$47.74,N,buyer_0331,$26.17,Y,refund_req_301949,agent_021, Approved ,112,purchase_101949,BEAUTY,damaged_item
04/03/2026 12:13,"$1,074.91",N,buyer_0322,$407.79,Y,refund_req_301139,agent_025,Approved,44,purchase_101139,LUXURY,item_not_as_described
04/28/2026 14:58,$117.90,N,buyer_0533,$41.50,Y,refund_req_301591,agent_005,Approved,53,purchase_101591,BEAUTY,damaged_item
06/05/2026 23:52,"$1,687.09",Y,buyer_9904,"$1,547.61",N,refund_req_304922,agent_902,Approved,2,purchase_104922,APPLIANCES,not_working
06/10/2026 10:54,$41.30,N,buyer_0383,$31.74,Y,refund_req_300327,agent_010,Approved,73,purchase_100327,HOME,item_not_as_described
06/16/2026 01:37,$355.41,Y,buyer_0258,$160.77,N,refund_req_301447,agent_027,Approved,68,purchase_101447,FASHION,item_not_as_described
05/16/2026 12:53,$127.00,N,buyer_0369,$72.21,N,refund_req_304413,agent_702,approved,10,purchase_104413,HOME,damaged_item
04/02/2026 03:06,"$1,294.57",N,buyer_0597,$599.03,Y,refund_req_300456,agent_003,Approved,36,purchase_100456,BOOKS,damaged_item
06/05/2026 00:24,"$1,630.05",Y,buyer_9902,"$1,514.08",,refund_req_304869,agent_901,Approved,1,purchase_104869,LUXURY,damaged_item
06/12/2026 12:40,"$1,698.57",N,buyer_0345,$927.62,Y,refund_req_301272,agent_028,Approved,37,purchase_101272,ELECTRONICS,not_working
05/08/2026 20:40,$44.30,N,buyer_0038,$28.71,Y,refund_req_302172,agent_019,  Rejected  ,65,purchase_102172,SPORTS,item_not_as_described
04/26/2026 21:18,"$1,411.22",Y,buyer_0411,"$1,411.22",,refund_req_303326,agent_022,Approved,35,purchase_103326,ELECTRONICS,damaged_item
06/13/2026 15:49,$645.24,N,buyer_0020,$245.74,Y,refund_req_302200,agent_011,Approved,63,purchase_102200,FASHION,changed_mind
06/17/2026 17:55,$37.45,Y,buyer_0321,$23.63,Y,refund_req_302119,agent_017,Approved,91,purchase_102119,SPORTS,damaged_item
05/19/2026 09:26,"$1,445.09",N,buyer_0273,$954.55,N,refund_req_301056,agent_022,Approved,87,purchase_101056,APPLIANCES,damaged_item
04/21/2026 03:09,"$1,532.68",N,buyer_0504,$980.48,N,refund_req_303836,agent_101, Approved ,1,purchase_103836,ELECTRONICS,  not_working  
05/04/2026 18:56,$133.52,N,buyer_0361,$82.99,N,refund_req_304432,agent_703,  Approved  ,17,purchase_104432,  BEAUTY  ,changed_mind
04/26/2026 21:34,"$1,004.92",Y,buyer_0001,$843.63,Y,refund_req_303918,agent_101,Approved,7,purchase_103918,ELECTRONICS,not_working
05/21/2026 23:43,"$1,991.51",N,buyer_0128,$626.01,N,refund_req_301355,agent_022, Rejected ,78,purchase_101355,ELECTRONICS,missing_accessory
05/26/2026 17:58,$256.06,N,buyer_0139,$100.97,Y,refund_req_302758,agent_029,Rejected,48,purchase_102758,SPORTS,wrong_size
04/11/2026 11:31,"$2,970.44",N,buyer_0591,$824.35,Y,refund_req_302595,agent_024,Approved,76,purchase_102595,LUXURY,changed_mind
05/20/2026 22:38,"$1,712.48",N,buyer_0483,"$1,130.07",Y,refund_req_302292,agent_008,Rejected,57,purchase_102292,APPLIANCES,missing_part
05/20/2026 04:11,"$1,135.04",N,buyer_0361,$890.96,Y,refund_req_302812,agent_016,Approved,64,purchase_102812,BOOKS,damaged_item
04/15/2026 01:58,$496.49,N,buyer_8001,$373.60,,refund_req_304622,agent_801,Approved,24,purchase_104622, ELECTRONICS ,missing_accessory
05/18/2026 19:18,$532.75,N,buyer_0216,$160.91,N,refund_req_300925,agent_017,Approved,46,purchase_100925,ELECTRONICS,damaged_item
05/25/2026 22:32,"$2,146.86",N,buyer_9001,"$1,967.86",N,refund_req_304281,agent_026,Approved,45,purchase_104281,ELECTRONICS,missing_accessory
05/15/2026 04:15,$130.05,N,buyer_0438,$30.77,Y,refund_req_300721,agent_013,approved,96,purchase_100721,HOME,damaged_item
06/10/2026 10:08,"$1,215.70",Y,buyer_0444,"$1,188.83",N,refund_req_304093,agent_101,Approved,21,purchase_104093,ELECTRONICS,item_not_as_described
05/30/2026 05:40,$186.73,Y,buyer_0528,$143.83,Y,refund_req_300215,agent_013,Approved,42,purchase_100215,CLOTHING,item_not_as_described
04/01/2026 18:37,$58.99,N,buyer_0514,$18.42,Y,refund_req_300953,agent_027, Approved ,,purchase_100953,BEAUTY,changed_mind
05/16/2026 18:03,$252.39,N,buyer_0055,$52.25,N,refund_req_300463,agent_020,Approved,93,purchase_100463,SPORTS,item_not_as_described
04/24/2026 23:29,$227.99,N,buyer_0267,$63.08,Y,refund_req_300904,agent_020,Approved,65,purchase_100904,HOME,damaged_item
04/20/2026 03:17,$52.78,N,buyer_0005,$27.96,Y,refund_req_300513,agent_005,Rejected,113,purchase_100513,BOOKS,damaged_item
04/01/2026 22:34,$570.03,N,buyer_0502,$266.59,Y,refund_req_301276,agent_030,Approved,68,purchase_101276,ELECTRONICS,damaged_item
04/18/2026 04:39,"$1,920.38",N,buyer_0188,"$1,112.52",N,refund_req_301173,agent_010,Approved,47,purchase_101173,Electronics,  not_working  
05/10/2026 19:06,$219.75,N,buyer_8003,$204.98,Y,refund_req_304633,agent_803,Approved,,purchase_104633,ELECTRONICS,item_not_as_described
04/10/2026 16:37,$40.11,N,buyer_0509,$26.72,N,refund_req_301188,agent_006,Rejected,76,purchase_101188,BOOKS,damaged_item
04/08/2026 17:31,$406.42,N,buyer_0465,$302.22,Y,refund_req_300887,agent_021,approved,54,purchase_100887,LUXURY,changed_mind
04/16/2026 23:36,$351.31,N,buyer_0441,$284.35,Y,refund_req_301322,agent_025,Approved,49,purchase_101322,HOME,item_not_as_described
05/21/2026 19:01,$913.97,Y,buyer_0402,$725.99,N,refund_req_304037,agent_021,Approved,6,purchase_104037,Appliances,damaged_item
06/05/2026 23:54,"$2,135.61",Y,buyer_0052,"$1,670.06",N,refund_req_303860,agent_028,Approved,11,purchase_103860,LUXURY,
04/22/2026 02:51,$142.63,N,buyer_0032,$32.27,,refund_req_302901,agent_023,Rejected,48,purchase_102901,  SPORTS  ,
05/07/2026 22:25,$504.07,N,buyer_0331,$285.04,N,refund_req_300311,agent_023,Approved,,purchase_100311,FASHION,
06/03/2026 00:46,"$1,846.91",Y,buyer_0228,"$1,608.49",Y,refund_req_303948,agent_025,Approved,23,purchase_103948,ELECTRONICS,damaged_item
04/10/2026 16:10,$48.75,N,buyer_0028,$45.56,,refund_req_303680,agent_102,Approved,,purchase_103680,SPORTS,item_not_as_described
05/02/2026 07:07,$110.94,N,buyer_0310,$23.92,Y,refund_req_302958,agent_001,Approved,39,purchase_102958,SPORTS,wrong_size
06/17/2026 09:22,$45.99,N,buyer_0213,$34.68,Y,refund_req_300240,agent_025,Approved,68,purchase_100240,BOOKS,  damaged_item  
06/18/2026 10:10,"$1,053.62",N,buyer_0400,$876.48,N,refund_req_301351,agent_015,Approved,36,purchase_101351,APPLIANCES,damaged_item
06/16/2026 10:33,"$1,910.52",N,buyer_0274,"$1,180.80",N,refund_req_303274,agent_026,Approved,28,purchase_103274,ELECTRONICS, missing_accessory 
06/12/2026 00:50,$66.80,N,buyer_0563,$66.21,Y,refund_req_303669,agent_101,Approved,5,purchase_103669,BOOKS,changed_mind
05/31/2026 08:09,$92.10,N,buyer_0592,$43.99,N,refund_req_302334,agent_016,Approved,40,purchase_102334,CLOTHING,item_not_as_described
04/18/2026 10:13,$312.05,N,buyer_0401,$116.63,N,refund_req_301227,agent_029,Approved,41,purchase_101227,HOME,damaged_item
04/27/2026 14:49,$436.29,Y,buyer_0030,$277.79,Y,refund_req_301148,agent_015,Rejected,40,purchase_101148,SPORTS,wrong_size
05/10/2026 06:50,"$2,479.34",N,buyer_9005,"$2,445.61",N,refund_req_304173,agent_103,Approved,,purchase_104173,LUXURY,changed_mind
05/04/2026 14:40,$392.90,N,buyer_0266,$310.04,Y,refund_req_304510,agent_703,Approved,25,purchase_104510,SPORTS,wrong_size
06/19/2026 03:14,"$1,381.83",Y,buyer_0539,"$1,166.52",N,refund_req_304033,agent_103,Approved,17,purchase_104033,ELECTRONICS,damaged_item
04/22/2026 04:24,$63.91,N,buyer_0321,$33.42,N,refund_req_301607,agent_003,Approved,46,purchase_101607,BOOKS,damaged_item
04/26/2026 17:30,$520.30,N,buyer_0170,$180.58,,refund_req_301047,agent_004,rejected,90,purchase_101047,HOME,item_not_as_described
04/10/2026 17:17,$187.60,N,buyer_0547,$47.93,N,refund_req_302288,agent_005,Approved,40,purchase_102288,HOME,damaged_item
06/16/2026 05:39,$427.34,N,buyer_0550,$108.69,N,refund_req_300227,agent_003,Approved,58,purchase_100227,  Appliances  ,not_working
05/17/2026 20:23,$984.62,N,buyer_0102,$654.99,N,refund_req_303280,agent_017,Approved,44,purchase_103280,APPLIANCES,not_working
05/26/2026 02:47,"$1,365.35",N,buyer_0018,$887.02,Y,refund_req_300046,agent_015,Approved,71,purchase_100046,LUXURY,changed_mind
04/17/2026 00:37,"$1,677.00",Y,buyer_9905,"$1,628.92",N,refund_req_304854,agent_902,Approved,2,purchase_104854,APPLIANCES,damaged_item
06/05/2026 15:57,"$2,583.52",N,buyer_0304,"$1,915.87",Y,refund_req_301921,agent_030,Approved,,purchase_101921,LUXURY,
04/25/2026 06:24,"$1,103.26",N,buyer_0074,"$1,103.26",Y,refund_req_303413,agent_029,Approved,12,purchase_103413,ELECTRONICS,damaged_item
05/09/2026 11:15,$295.46,N,buyer_0139,$176.98,N,refund_req_303746,agent_101,Approved,2,purchase_103746,Electronics,item_not_as_described
05/26/2026 07:58,$227.62,N,buyer_0191,$151.34,N,refund_req_303838,agent_102, Approved ,5,purchase_103838,FASHION,wrong_size
04/16/2026 18:42,$473.68,Y,buyer_0419,$310.85,N,refund_req_302640,agent_026,Rejected,56,purchase_102640,FASHION,wrong_size
05/08/2026 23:22,"$1,252.67",N,buyer_0008,"$1,044.76",N,refund_req_301675,agent_023,Rejected,119,purchase_101675,ELECTRONICS,item_not_as_described
04/30/2026 11:45,"$1,981.76",N,buyer_0528,"$1,325.62",N,refund_req_300493,agent_016,rejected,81,purchase_100493,ELECTRONICS,damaged_item
04/10/2026 14:53,$932.65,N,buyer_0170,$766.14,N,refund_req_303150,agent_028,Approved,28,purchase_103150,APPLIANCES,missing_part
04/27/2026 09:54,$742.75,N,buyer_0490,$541.46,N,refund_req_301593,agent_005, Approved ,87,purchase_101593, APPLIANCES ,  not_working  
05/30/2026 13:11,$623.02,N,buyer_0299,$253.38,Y,refund_req_302106,agent_015,Approved,88,purchase_102106,ELECTRONICS,missing_accessory
06/06/2026 00:05,"$1,655.50",Y,buyer_9904,"$1,449.93",N,refund_req_304850,agent_902,Approved,2,purchase_104850,ELECTRONICS,not_working
06/05/2026 06:55,"$1,514.68",Y,buyer_0183,"$1,310.88",N,refund_req_303198,agent_011,Approved,19,purchase_103198,LUXURY,item_not_as_described
05/13/2026 07:44,"$1,905.63",Y,buyer_0129,"$1,299.77",N,refund_req_303950,agent_103,Approved,9,purchase_103950,ELECTRONICS,not_working
06/06/2026 20:59,"$2,094.18",N,buyer_0153,$534.79,Y,refund_req_300051,agent_005,Approved,68,purchase_100051,ELECTRONICS,item_not_as_described
04/24/2026 17:23,"$1,497.86",N,buyer_0173,"$1,004.88",Y,refund_req_300244,agent_002,Approved,68,purchase_100244,LUXURY,changed_mind
05/27/2026 11:15,$219.80,N,buyer_0245,$161.35,Y,refund_req_300641,agent_016,Approved,119,purchase_100641,CLOTHING,wrong_size
06/03/2026 23:09,"$1,194.79",N,buyer_0443,"$1,194.79",Y,refund_req_303314,agent_016,Approved,40,purchase_103314,APPLIANCES,damaged_item
05/15/2026 05:54,"$1,199.56",Y,buyer_0042,$789.49,Y,refund_req_304109,agent_029,Approved,35,purchase_104109,APPLIANCES,damaged_item
05/28/2026 05:37,$67.00,N,buyer_0346,$21.37,N,refund_req_301499,agent_004,Rejected,69,purchase_101499,BOOKS,changed_mind
05/22/2026 11:56,$55.93,N,buyer_0333,$22.28,Y,refund_req_301651,agent_018,Rejected,46,purchase_101651,BOOKS,changed_mind
04/05/2026 15:04,$47.63,N,buyer_0383,$39.12,Y,refund_req_300657,agent_023,Approved,112,purchase_100657,BOOKS,changed_mind
04/20/2026 04:31,"$1,240.94",N,buyer_0405,$503.02,Y,refund_req_300715,agent_004,Rejected,94,purchase_100715,BEAUTY,allergic_reaction
06/09/2026 08:35,$598.62,N,buyer_9006,$462.97,N,refund_req_304190,agent_020,Approved,70,purchase_104190,HOME,item_not_as_described
06/18/2026 21:19,$563.29,N,buyer_0078,$436.76,N,refund_req_303749,agent_103,Approved,2,purchase_103749,  HOME  ,damaged_item
06/13/2026 23:22,"$1,611.45",N,buyer_0166,$647.77,Y,refund_req_301442,agent_009,Approved,25,purchase_101442,APPLIANCES,damaged_item
05/30/2026 14:43,"$1,955.58",Y,buyer_9906,"$1,788.26",N,refund_req_304856,agent_902,Approved,3,purchase_104856,LUXURY,item_not_as_described
05/22/2026 19:51,$49.58,N,buyer_0388,$35.65,Y,refund_req_303606,agent_102,Approved,5,purchase_103606,CLOTHING,wrong_size
05/29/2026 11:02,$247.40,N,buyer_0466,$100.52,N,refund_req_302946,agent_012,Rejected,69,purchase_102946,SPORTS,item_not_as_described
04/28/2026 16:26,$90.07,N,buyer_0137,$75.91,N,refund_req_300161,agent_008,Approved,75,purchase_100161,BEAUTY,damaged_item
06/17/2026 14:39,$245.95,N,buyer_0439,$125.31,Y,refund_req_300708,agent_012,Approved,55,purchase_100708,CLOTHING,wrong_size
06/17/2026 10:19,"$1,277.15",Y,buyer_9905,"$1,114.25",N,refund_req_304816,agent_902,Approved,4,purchase_104816,ELECTRONICS,damaged_item
05/12/2026 04:35,$128.55,N,buyer_0019,$116.25,Y,refund_req_303690,agent_103,Approved,1,purchase_103690,HOME,damaged_item
06/16/2026 15:04,"$1,366.94",N,buyer_0099,$806.40,Y,refund_req_302372,agent_024,Approved,69,purchase_102372,APPLIANCES,missing_part
04/27/2026 00:02,$433.14,Y,buyer_0083,$332.14,Y,refund_req_301114,agent_022,Rejected,69,purchase_101114,LUXURY,damaged_item
05/26/2026 11:36,$105.20,N,buyer_0255,$65.28,,refund_req_300198,agent_004,Approved,78,purchase_100198,CLOTHING,item_not_as_described
05/01/2026 19:50,"$2,132.47",N,buyer_0326,$732.68,N,refund_req_300254,agent_006,Approved,42,purchase_100254,ELECTRONICS,damaged_item
06/04/2026 02:33,$101.80,Y,buyer_0457,$79.82,Y,refund_req_300428,agent_024,Rejected,66,purchase_100428,SPORTS,damaged_item
05/25/2026 17:40,$576.27,N,buyer_0383,$460.30,N,refund_req_302193,agent_026,Rejected,75,purchase_102193,FASHION,wrong_size
04/07/2026 12:48,$475.88,N,buyer_0103,$416.24,Y,refund_req_303572,agent_102,Approved,5,purchase_103572,APPLIANCES,missing_part
05/19/2026 20:17,"$2,729.26",N,buyer_0458,"$1,646.22",N,refund_req_303178,agent_020,Approved,42,purchase_103178,  LUXURY  ,damaged_item
05/07/2026 12:10,$901.89,N,buyer_9003,$531.72,N,refund_req_304211,agent_010,Approved,37,purchase_104211,APPLIANCES,not_working
04/05/2026 15:32,$510.77,N,buyer_0543,$343.13,N,refund_req_302618,agent_017,Approved,,purchase_102618,APPLIANCES,
05/05/2026 23:52,$453.94,N,buyer_0265,$203.23,Y,refund_req_302608,agent_025,Approved,33,purchase_102608,LUXURY,changed_mind
04/05/2026 11:12,$187.64,N,buyer_0361,$138.30,N,refund_req_302953,agent_029,Rejected,32,purchase_102953,SPORTS,damaged_item
06/08/2026 14:39,$49.13,N,buyer_0286,$36.61,Y,refund_req_300912,agent_022,Rejected,79,purchase_100912,BEAUTY,allergic_reaction
04/05/2026 00:14,"$1,013.28",Y,buyer_9904,"$1,022.19",N,refund_req_304830,agent_902,Approved,7,purchase_104830,LUXURY,damaged_item
06/14/2026 09:06,"$1,182.46",N,buyer_0217,$836.67,Y,refund_req_300899,agent_004,Approved,84,purchase_100899,ELECTRONICS,missing_accessory
05/01/2026 04:47,$43.21,N,buyer_0411,$17.03,Y,refund_req_302303,agent_026,Rejected,80,purchase_102303,BOOKS,wrong_item_received
05/03/2026 08:16,"$2,240.19",Y,buyer_9901,"$1,997.00",N,refund_req_304895,agent_901,Approved,1,purchase_104895,LUXURY,damaged_item
04/13/2026 06:46,$379.06,N,buyer_0400,$241.66,N,refund_req_300596,agent_024,Approved,53,purchase_100596,SPORTS,wrong_size
05/26/2026 01:46,$42.30,N,buyer_0256,$21.05,Y,refund_req_300736,agent_023,Approved,73,purchase_100736,BOOKS,damaged_item
05/05/2026 14:29,"$1,525.94",Y,buyer_0213,"$1,475.57",Y,refund_req_304069,agent_004,Approved,,purchase_104069,APPLIANCES,damaged_item
05/31/2026 14:27,"$1,042.77",N,buyer_0046,$496.22,N,refund_req_302802,agent_012,Approved,77,purchase_102802,HOME,
04/18/2026 14:13,$775.46,N,buyer_0380,$618.78,N,refund_req_301497,agent_013,Approved,41,purchase_101497,ELECTRONICS,damaged_item
05/11/2026 03:56,"$1,047.93",Y,buyer_9004,$655.91,N,refund_req_304148,agent_025,Approved,57,purchase_104148, BOOKS ,changed_mind
06/19/2026 03:54,"$1,161.33",N,buyer_0257,$929.33,N,refund_req_302948,agent_014,Approved,79,purchase_102948,FASHION,wrong_size
04/03/2026 23:18,$970.87,N,buyer_0112,$856.69,Y,refund_req_303811,agent_102,Approved,2,purchase_103811,ELECTRONICS,missing_accessory
05/24/2026 10:21,$213.34,N,buyer_0397,$167.23,Y,refund_req_303714,agent_102,Approved,5,purchase_103714,SPORTS,item_not_as_described
05/26/2026 07:24,$33.06,N,buyer_0592,$22.47,Y,refund_req_300665,agent_005,Approved,93,purchase_100665,BOOKS,damaged_item
05/19/2026 02:50,"$2,376.05",N,buyer_9003,"$1,758.38",N,refund_req_304171,agent_003,Approved,16,purchase_104171,LUXURY,changed_mind
05/05/2026 17:39,$11.75,N,buyer_0239,$3.27,Y,refund_req_301569,agent_006,Approved,62,purchase_101569,BOOKS,damaged_item
06/11/2026 00:41,"$1,899.52",N,buyer_0024,"$1,702.84",N,refund_req_303279,agent_009,Approved,25,purchase_103279,ELECTRONICS,item_not_as_described
05/28/2026 16:06,"$1,743.52",N,buyer_0559,"$1,380.92",N,refund_req_301098,agent_019,Rejected,67,purchase_101098,ELECTRONICS,missing_accessory
05/04/2026 17:00,"$1,850.63",N,buyer_0251,"$1,850.63",N,refund_req_303353,agent_024,Approved,,purchase_103353,LUXURY,item_not_as_described
04/29/2026 01:25,"$1,611.39",N,buyer_0351,"$1,182.02",Y,refund_req_302995,agent_028,Approved,56,purchase_102995,APPLIANCES,damaged_item
05/06/2026 13:41,"$2,463.34",N,buyer_0339,"$1,653.33",Y,refund_req_302126,agent_020,Approved,,purchase_102126,LUXURY,damaged_item
04/02/2026 18:17,$157.84,N,buyer_0116,$90.86,N,refund_req_301751,agent_023,Approved,41,purchase_101751,BEAUTY,changed_mind
04/12/2026 22:54,$856.66,N,buyer_0415,$235.46,Y,refund_req_300099,agent_019,Approved,66,purchase_100099,APPLIANCES,
05/19/2026 08:09,"$1,265.31",N,buyer_0028,$664.55,N,refund_req_302312,agent_023,Rejected,70,purchase_102312,LUXURY,changed_mind
04/21/2026 17:37,$26.88,N,buyer_0149,$21.59,Y,refund_req_301750,agent_027,Approved,54,purchase_101750,SPORTS,item_not_as_described
05/30/2026 03:49,$162.47,N,buyer_0500,$105.46,Y,refund_req_301425,agent_006,Approved,87,purchase_101425,BEAUTY,damaged_item
04/05/2026 10:55,$549.61,N,buyer_0052,$373.00,Y,refund_req_302261,agent_030,Rejected,,purchase_102261,ELECTRONICS,not_working
04/17/2026 16:55,"$1,180.47",Y,buyer_0588,$799.46,,refund_req_304105,agent_019,Approved,8,purchase_104105,APPLIANCES,missing_part
05/23/2026 05:29,"$2,633.79",Y,buyer_0538,"$2,487.14",N,refund_req_304035,agent_014,Approved,12,purchase_104035,LUXURY,item_not_as_described
06/16/2026 03:19,"$1,215.30",N,buyer_0098,$264.63,Y,refund_req_301977,agent_010,Approved,59,purchase_101977,HOME,missing_part
05/03/2026 01:24,$422.89,N,buyer_0447,$270.09,N,refund_req_303807,agent_102,approved,3,purchase_103807,SPORTS,item_not_as_described
05/08/2026 16:26,$18.02,N,buyer_0316,$12.09,Y,refund_req_301381,agent_018,Approved,65,purchase_101381,BOOKS,damaged_item
05/27/2026 21:37,$985.58,Y,buyer_0014,$657.24,N,refund_req_304106,agent_027,Approved,6,purchase_104106,ELECTRONICS,damaged_item
05/21/2026 00:35,"$1,600.66",Y,buyer_0165,"$1,600.66",,refund_req_303485,agent_010,Approved,31,purchase_103485,APPLIANCES,not_working
06/01/2026 11:48,"$1,117.63",N,buyer_0590,$593.69,Y,refund_req_303711,agent_101,Approved,1,purchase_103711,APPLIANCES,missing_part
05/29/2026 16:39,$424.90,N,buyer_0294,$316.79,Y,refund_req_302211,agent_022,Rejected,73,purchase_102211,SPORTS,damaged_item
04/25/2026 19:10,$487.27,N,buyer_0093,$255.93,,refund_req_302224,agent_019,Approved,,purchase_102224,  FASHION  ,changed_mind
05/22/2026 14:29,"$1,755.42",N,buyer_9006,"$1,420.25",N,refund_req_304222,agent_029,Approved,53,purchase_104222,ELECTRONICS,item_not_as_described
06/06/2026 17:27,"$1,781.43",N,buyer_0280,$465.71,N,refund_req_302691,agent_002,Approved,84,purchase_102691,APPLIANCES,damaged_item
06/19/2026 00:29,"$1,872.49",N,buyer_0007,$656.18,Y,refund_req_300180,agent_025,Approved,63,purchase_100180,ELECTRONICS,item_not_as_described
04/15/2026 22:04,"$2,684.54",Y,buyer_0411,"$1,866.21",N,refund_req_303960,agent_012,Approved,25,purchase_103960,LUXURY,damaged_item
05/29/2026 09:40,$959.53,N,buyer_0280,$733.25,N,refund_req_303013,agent_005,Approved,13,purchase_103013,APPLIANCES,damaged_item
04/04/2026 16:01,$72.84,N,buyer_0166,$35.02,N,refund_req_302853,agent_013,APPROVED,34,purchase_102853,  FASHION  ,item_not_as_described
05/05/2026 18:17,$23.95,N,buyer_0021,$16.04,Y,refund_req_302031,agent_008,Approved,42,purchase_102031,BOOKS,changed_mind
06/01/2026 14:32,$419.05,N,buyer_9001,$237.01,Y,refund_req_304289,agent_007,Approved,45,purchase_104289,HOME,item_not_as_described
05/14/2026 13:07,$33.33,N,buyer_0536,$15.13,Y,refund_req_302666,agent_024,Approved,38,purchase_102666,BOOKS,damaged_item
06/18/2026 08:35,$582.74,N,buyer_0046,$250.55,N,refund_req_301928,agent_021,Approved,79,purchase_101928,HOME,damaged_item
05/08/2026 17:52,"$1,506.05",N,buyer_0023,$944.82,N,refund_req_300863,agent_005,Approved,101,purchase_100863,  APPLIANCES  ,missing_part
04/17/2026 11:03,$404.20,N,buyer_0380,$91.64,Y,refund_req_300572,agent_013,Approved,90,purchase_100572,sports,damaged_item
05/24/2026 09:26,$379.31,N,buyer_0387,$103.59,Y,refund_req_302486,agent_019,Rejected,54,purchase_102486,HOME,missing_part
06/13/2026 07:53,$965.24,N,buyer_0066,$351.74,N,refund_req_301618,agent_023,Approved,103,purchase_101618,SPORTS,
05/18/2026 14:35,"$1,474.36",N,buyer_0357,"$1,035.40",N,refund_req_303231,agent_002,Approved,29,purchase_103231,APPLIANCES, missing_part 
05/08/2026 11:08,$153.97,N,buyer_0017,$77.22,Y,refund_req_302007,agent_030,Rejected,44,purchase_102007,SPORTS,item_not_as_described
04/15/2026 07:31,$157.91,N,buyer_0067,$50.99,Y,refund_req_302231,agent_018,APPROVED,50,purchase_102231, BEAUTY ,allergic_reaction
05/21/2026 03:10,$212.74,N,buyer_0296,$104.91,Y,refund_req_300207,agent_016,Approved,,purchase_100207,HOME,damaged_item
06/16/2026 14:57,$524.92,N,buyer_0084,$273.01,Y,refund_req_302645,agent_015,Approved,45,purchase_102645,FASHION,item_not_as_described
04/09/2026 05:32,"$2,562.74",N,buyer_0599,"$2,562.74",N,refund_req_303400,agent_102,Approved,45,purchase_103400,LUXURY,changed_mind
06/11/2026 08:33,$349.61,N,buyer_0327,$207.40,N,refund_req_301885,agent_002,Rejected,56,purchase_101885,HOME,damaged_item
06/20/2026 16:06,$497.36,N,buyer_0201,$355.04,N,refund_req_301353,agent_019,approved,54,purchase_101353,FASHION,wrong_size
04/22/2026 17:25,$402.20,N,buyer_0306,$306.23,Y,refund_req_300385,agent_016,Approved,41,purchase_100385,SPORTS,item_not_as_described
05/30/2026 00:19,"$1,055.26",N,buyer_0235,$717.80,N,refund_req_301343,agent_011,Approved,44,purchase_101343,ELECTRONICS,item_not_as_described
04/15/2026 05:13,"$1,979.17",N,buyer_0313,"$1,654.60",Y,refund_req_301726,agent_029,Approved,24,purchase_101726,ELECTRONICS,
05/12/2026 13:20,$67.80,N,buyer_0315,$36.93,Y,refund_req_301011,agent_007,Approved,54,purchase_101011,BEAUTY,changed_mind
05/08/2026 18:11,"$2,212.38",N,buyer_0598,"$1,379.48",N,refund_req_303088,agent_022,Approved,33,purchase_103088,LUXURY,changed_mind
05/14/2026 22:48,"$1,564.56",Y,buyer_0236,"$1,361.41",N,refund_req_303055,agent_007,Approved,23,purchase_103055,LUXURY,
04/22/2026 03:51,$951.19,Y,buyer_0265,$619.47,Y,refund_req_300522,agent_028,Approved,57,purchase_100522,APPLIANCES,missing_part
05/30/2026 22:56,"$1,948.79",Y,buyer_0382,$836.01,Y,refund_req_304415,agent_701,Approved,9,purchase_104415,ELECTRONICS,missing_accessory
05/22/2026 09:13,$547.84,N,buyer_0077,$359.31,Y,refund_req_303771,agent_101,Approved,2,purchase_103771,FASHION,changed_mind
06/01/2026 22:22,"$1,088.72",Y,buyer_0246,$612.32,Y,refund_req_302212,agent_025,Approved,79,purchase_102212,ELECTRONICS,damaged_item
06/10/2026 17:29,$617.67,N,buyer_0589,$608.12,Y,refund_req_303700,agent_103,Approved,2,purchase_103700,APPLIANCES,  missing_part  
04/07/2026 21:52,"$1,146.06",N,buyer_0468,$531.20,Y,refund_req_301974,agent_018,Approved,69,purchase_101974,CLOTHING,wrong_size
05/04/2026 11:49,$924.92,N,buyer_0259,$924.92,Y,refund_req_303489,agent_010,Approved,40,purchase_103489, LUXURY ,item_not_as_described
04/05/2026 23:10,"$1,143.89",N,buyer_0005,$808.61,N,refund_req_303234,agent_007,Approved,25,purchase_103234,APPLIANCES,not_working
04/17/2026 14:04,$49.61,N,buyer_0547,$32.71,Y,refund_req_302455,agent_026,Rejected,56,purchase_102455,BOOKS,changed_mind
04/18/2026 01:03,$468.64,N,buyer_0329,$307.31,N,refund_req_304466,agent_701,Approved,14,purchase_104466,  HOME  ,missing_part
06/15/2026 02:55,"$1,110.75",N,buyer_0059,$687.59,Y,refund_req_300104,agent_002,Rejected,100,purchase_100104,LUXURY,damaged_item
06/05/2026 09:00,$163.00,N,buyer_0210,$95.72,Y,refund_req_303759,agent_102,Approved,4,purchase_103759,CLOTHING, item_not_as_described 
04/24/2026 05:01,"$1,543.42",Y,buyer_9903,"$1,380.98",N,refund_req_304873,agent_901,Approved,5,purchase_104873,APPLIANCES,not_working
05/01/2026 11:16,$515.17,N,buyer_0340,$336.50,N,refund_req_300259,agent_004,Rejected,74,purchase_100259,ELECTRONICS,
04/27/2026 06:28,"$1,189.58",N,buyer_9001,$812.74,,refund_req_304257,agent_027,Approved,23,purchase_104257,HOME,item_not_as_described
05/05/2026 15:05,$969.80,Y,buyer_0393,$664.86,N,refund_req_304021,agent_102,Approved,33,purchase_104021,APPLIANCES,not_working
04/30/2026 08:14,$64.40,N,buyer_0481,$33.47,Y,refund_req_300377,agent_010,Rejected,77,purchase_100377,BOOKS,damaged_item
06/05/2026 13:04,"$1,772.18",N,buyer_0135,"$1,179.84",N,refund_req_303101,agent_022,Approved,,purchase_103101,LUXURY,changed_mind
06/18/2026 06:02,$954.09,N,buyer_0101,$377.16,N,refund_req_300270,agent_028,Rejected,77,purchase_100270,LUXURY,changed_mind
05/30/2026 02:21,$928.37,Y,buyer_0001,$830.57,Y,refund_req_303976,agent_103,Approved,16,purchase_103976,LUXURY,item_not_as_described
04/17/2026 18:55,"$1,786.24",N,buyer_0545,"$1,352.30",Y,refund_req_301352,agent_016,Approved,59,purchase_101352,LUXURY,changed_mind
04/19/2026 16:33,$827.93,N,buyer_0511,$597.57,N,refund_req_302032,agent_025,Rejected,71,purchase_102032,LUXURY,damaged_item
06/09/2026 14:56,$125.49,N,buyer_0567,$38.68,Y,refund_req_301380,agent_008,Approved,78,purchase_101380,SPORTS,wrong_size
06/11/2026 14:01,$195.19,N,buyer_0447,$43.77,N,refund_req_302191,agent_013,Approved,62,purchase_102191,FASHION,changed_mind
06/07/2026 13:05,"$2,555.99",N,buyer_0502,"$1,739.06",Y,refund_req_302932,agent_023,  Approved  ,53,purchase_102932,LUXURY,damaged_item
05/18/2026 01:21,$180.38,N,buyer_0300,$62.80,N,refund_req_300999,agent_005,Rejected,73,purchase_100999,HOME,damaged_item
05/04/2026 17:07,"$2,605.71",N,buyer_0136,"$2,605.71",,refund_req_303547,agent_030,Approved,41,purchase_103547,LUXURY,changed_mind
04/19/2026 02:23,$37.42,N,buyer_0492,$14.91,Y,refund_req_300332,agent_029,Approved,40,purchase_100332,BOOKS,changed_mind
05/11/2026 17:45,$422.26,N,buyer_0573,$148.45,,refund_req_302487,agent_029,Approved,26,purchase_102487,ELECTRONICS,damaged_item
06/01/2026 03:32,$70.03,N,buyer_0555,$24.36,Y,refund_req_300263,agent_026,Approved,71,purchase_100263,BOOKS,changed_mind
04/26/2026 13:16,$296.96,N,buyer_0180,$146.95,Y,refund_req_300693,agent_018,Approved,70,purchase_100693,HOME,damaged_item
04/13/2026 05:18,"$2,642.79",N,buyer_0569,"$1,236.51",Y,refund_req_301488,agent_014,Approved,67,purchase_101488,LUXURY,changed_mind
06/16/2026 16:00,"$1,828.91",N,buyer_0234,$673.74,N,refund_req_300896,agent_018,Approved,42,purchase_100896,Electronics,  missing_accessory  
05/07/2026 05:09,"$1,344.83",N,buyer_0506,$684.80,Y,refund_req_300429,agent_020,Approved,110,purchase_100429,ELECTRONICS,  not_working  
06/18/2026 07:46,$51.34,Y,buyer_0321,$43.68,Y,refund_req_303612,agent_102,approved,5,purchase_103612,SPORTS, item_not_as_described 
05/07/2026 08:50,$274.26,N,buyer_0395,$101.12,N,refund_req_302114,agent_029,Rejected,,purchase_102114, HOME ,damaged_item
04/14/2026 15:37,$136.10,N,buyer_0269,$42.52,N,refund_req_302277,agent_027,Rejected,54,purchase_102277,CLOTHING,item_not_as_described
06/16/2026 01:32,$286.12,N,buyer_8002,$185.79,N,refund_req_304728,agent_802,Approved,10,purchase_104728,SPORTS,item_not_as_described
04/12/2026 16:20,"$2,858.93",Y,buyer_9905,"$2,475.29",N,refund_req_304872,agent_902,Approved,9,purchase_104872,LUXURY,item_not_as_described
06/14/2026 19:08,"$1,008.35",N,buyer_0387,$962.38,N,refund_req_304391,agent_701,Approved,33,purchase_104391,clothing,item_not_as_described
05/04/2026 00:03,"$1,242.70",N,buyer_0052,"$1,242.70",Y,refund_req_303291,agent_030,Approved,57,purchase_103291,FASHION,changed_mind
04/15/2026 10:10,$35.29,N,buyer_0497,$17.08,Y,refund_req_304594,agent_703,Approved,24,purchase_104594,CLOTHING,changed_mind
05/11/2026 14:10,$450.38,N,buyer_0306,$335.74,Y,refund_req_303662,agent_103,Approved,1,purchase_103662,HOME,item_not_as_described
05/21/2026 06:33,$101.62,N,buyer_0548,$75.89,Y,refund_req_300480,agent_012,Approved,39,purchase_100480,CLOTHING,wrong_size
05/16/2026 18:47,$218.64,N,buyer_0538,$120.72,N,refund_req_302571,agent_005,Rejected,75,purchase_102571,HOME,item_not_as_described
05/13/2026 04:13,$408.65,N,buyer_0066,$406.57,Y,refund_req_303818,agent_102,Approved,5,purchase_103818,SPORTS,item_not_as_described
04/08/2026 17:11,"$1,069.72",N,buyer_0305,$490.92,N,refund_req_302336,agent_012,Approved,41,purchase_102336,LUXURY,damaged_item
06/18/2026 02:24,$163.96,N,buyer_0488,$126.34,N,refund_req_300345,agent_006,Approved,46,purchase_100345,CLOTHING,  wrong_size  
05/31/2026 01:06,$354.46,N,buyer_0553,$155.18,N,refund_req_300334,agent_018,Approved,48,purchase_100334,SPORTS,item_not_as_described
04/09/2026 08:38,"$1,275.22",N,buyer_0572,$262.71,Y,refund_req_302447,agent_027,Approved,54,purchase_102447,APPLIANCES,damaged_item
04/10/2026 14:15,"$1,630.52",N,buyer_0396,"$1,630.52",N,refund_req_303323,agent_020,Approved,53,purchase_103323,APPLIANCES,
06/02/2026 20:26,$265.22,N,buyer_9006,$177.15,Y,refund_req_304270,agent_002,Approved,17,purchase_104270,FASHION,wrong_size
06/21/2026 00:37,$809.82,N,buyer_0483,$544.73,N,refund_req_301956,agent_028,Approved,34,purchase_101956,APPLIANCES, damaged_item 
04/12/2026 23:49,$372.46,N,buyer_0414,$170.52,Y,refund_req_300722,agent_005,Approved,88,purchase_100722,APPLIANCES,not_working
04/21/2026 11:25,"$2,401.62",N,buyer_0315,"$1,101.83",N,refund_req_300350,agent_009,Approved,79,purchase_100350,LUXURY,
06/13/2026 03:16,$201.57,N,buyer_0217,$80.82,Y,refund_req_300786,agent_003,  Approved  ,38,purchase_100786,CLOTHING,wrong_size
06/16/2026 09:38,$194.51,Y,buyer_0391,$166.22,N,refund_req_303723,agent_103,Approved,4,purchase_103723,CLOTHING,item_not_as_described
05/03/2026 05:49,$222.87,N,buyer_0414,$167.28,N,refund_req_301985,agent_013,Approved,78,purchase_101985,HOME,missing_part
04/27/2026 03:05,"$1,181.66",Y,buyer_0244,$990.56,N,refund_req_303981,agent_027,Approved,28,purchase_103981,ELECTRONICS,missing_accessory
04/09/2026 19:12,$336.81,N,buyer_0269,$215.80,N,refund_req_303724,agent_102,Approved,5,purchase_103724,SPORTS,wrong_size
04/28/2026 05:54,$201.74,N,buyer_0243,$121.62,Y,refund_req_300686,agent_010,Approved,63,purchase_100686,CLOTHING,changed_mind
05/09/2026 02:54,"$1,661.35",N,buyer_0007,$779.89,N,refund_req_300519,agent_003,Approved,57,purchase_100519,APPLIANCES,not_working
04/09/2026 20:04,$931.59,N,buyer_0542,$791.12,N,refund_req_304473,agent_702,Approved,,purchase_104473, CLOTHING ,wrong_size
06/08/2026 17:32,"$1,458.41",N,buyer_0566,$386.73,Y,refund_req_302297,agent_007,Approved,51,purchase_102297,ELECTRONICS,item_not_as_described
06/07/2026 18:12,$396.20,N,buyer_0542,$312.90,Y,refund_req_301665,agent_010,Approved,76,purchase_101665,HOME,damaged_item
04/11/2026 22:19,$56.58,N,buyer_0559,$12.38,Y,refund_req_300950,agent_016,Rejected,56,purchase_100950,HOME,item_not_as_described
05/17/2026 14:26,"$1,680.25",Y,buyer_9905,"$1,734.37",,refund_req_304982,agent_902,Approved,4,purchase_104982,ELECTRONICS,not_working
05/20/2026 12:26,$434.35,N,buyer_0114,$345.13,N,refund_req_302345,agent_023,Approved,58,purchase_102345,SPORTS,wrong_size
05/06/2026 19:12,"$2,269.37",Y,buyer_0521,"$1,623.70",N,refund_req_303987,agent_011,Approved,10,purchase_103987,LUXURY,damaged_item
05/24/2026 13:06,$13.65,N,buyer_0465,$6.09,,refund_req_300344,agent_030,Approved,97,purchase_100344,BOOKS,changed_mind
06/08/2026 03:26,"$1,395.62",N,buyer_0473,"$1,087.43",,refund_req_303569,agent_101,Approved,5,purchase_103569,LUXURY,damaged_item
04/19/2026 06:01,$104.84,N,buyer_0104,$29.23,Y,refund_req_302989,agent_028,Approved,32,purchase_102989,BEAUTY,damaged_item
06/02/2026 22:57,$156.83,N,buyer_0435,$124.79,Y,refund_req_304565,agent_701,Approved,13,purchase_104565,CLOTHING,changed_mind
04/15/2026 14:22,$540.11,N,buyer_0170,$379.94,Y,refund_req_302636,agent_026,Approved,48,purchase_102636, APPLIANCES ,
06/09/2026 13:42,"$1,000.13",N,buyer_0122,$588.99,N,refund_req_301275,agent_020,Rejected,75,purchase_101275,BEAUTY,allergic_reaction
05/09/2026 15:54,"$1,180.49",N,buyer_0316,"$1,180.49",Y,refund_req_303559,agent_013,Approved,,purchase_103559,ELECTRONICS,not_working
06/14/2026 16:42,$810.56,N,buyer_0077,$432.84,Y,refund_req_300316,agent_006,Approved,48,purchase_100316,LUXURY,damaged_item
04/09/2026 11:58,"$1,458.61",N,buyer_0033,$685.00,N,refund_req_301410,agent_001,Approved,76,purchase_101410,  LUXURY  ,damaged_item
06/09/2026 08:36,$210.26,N,buyer_0533,$69.65,N,refund_req_300540,agent_022,Rejected,79,purchase_100540,CLOTHING,changed_mind
05/14/2026 14:25,$143.70,N,buyer_0262,$57.66,Y,refund_req_304407,agent_702,Approved,26,purchase_104407,BEAUTY,  allergic_reaction  
06/07/2026 09:07,$197.35,N,buyer_0179,$124.02,Y,refund_req_300466,agent_020,Approved,,purchase_100466,CLOTHING,item_not_as_described
05/26/2026 00:19,"$1,272.77",N,buyer_0055,$606.57,Y,refund_req_301445,agent_030,Rejected,90,purchase_101445,BEAUTY,allergic_reaction
06/19/2026 12:57,$55.60,N,buyer_0218,$53.21,Y,refund_req_303622,agent_102,Approved,4,purchase_103622,BOOKS,wrong_item_received
05/31/2026 12:27,$516.78,Y,buyer_0104,$323.64,Y,refund_req_301992,agent_003,Approved,46,purchase_101992,Fashion,wrong_size
06/17/2026 16:57,$178.09,N,buyer_0045,$42.41,N,refund_req_301882,agent_019,Rejected,44,purchase_101882,  BEAUTY  ,allergic_reaction
05/31/2026 09:12,$670.75,N,buyer_8002,$587.62,Y,refund_req_304776,agent_802,Approved,19,purchase_104776,ELECTRONICS,missing_accessory
04/23/2026 12:24,$559.37,N,buyer_0210,$161.77,Y,refund_req_300097,agent_001,Approved,55,purchase_100097,ELECTRONICS,not_working
04/04/2026 21:48,$132.34,N,buyer_0336,$109.77,Y,refund_req_300241,agent_027,Approved,49,purchase_100241,BEAUTY,damaged_item
05/15/2026 22:28,"$1,828.45",N,buyer_0257,$883.18,Y,refund_req_300946,agent_023,Approved,123,purchase_100946,Luxury,changed_mind
05/15/2026 16:49,$21.81,Y,buyer_0218,$11.58,Y,refund_req_303641,agent_101,Approved,5,purchase_103641,BEAUTY,damaged_item
05/21/2026 15:33,$259.10,N,buyer_0182,$92.36,Y,refund_req_302038,agent_030,Approved,33,purchase_102038,FASHION,item_not_as_described
06/12/2026 15:28,"$1,695.42",N,buyer_0083,"$1,461.75",Y,refund_req_304589,agent_701,Approved,16,purchase_104589,  ELECTRONICS  ,missing_accessory
04/18/2026 12:17,$175.59,N,buyer_0068,$61.15,Y,refund_req_302350,agent_001,Approved,72,purchase_102350,  SPORTS  ,wrong_size
06/02/2026 06:26,$87.82,N,buyer_0130,$35.50,N,refund_req_300883,agent_002,Approved,91,purchase_100883,CLOTHING,changed_mind
05/17/2026 06:43,$165.17,Y,buyer_0086,$85.58,Y,refund_req_303660,agent_102,Approved,,purchase_103660,CLOTHING,wrong_size
06/15/2026 05:48,"$2,554.30",Y,buyer_0023,"$1,731.54",Y,refund_req_304058,agent_024,Approved,,purchase_104058,LUXURY,changed_mind
04/19/2026 07:11,$21.83,N,buyer_0324,$8.81,N,refund_req_300331,agent_026,Rejected,60,purchase_100331,BOOKS,changed_mind
04/23/2026 03:38,$82.07,N,buyer_0090,$33.10,Y,refund_req_300737,agent_010,Approved,44,purchase_100737,BEAUTY,changed_mind
04/04/2026 09:42,"$1,230.60",N,buyer_0232,$261.13,Y,refund_req_302349,agent_025,Approved,64,purchase_102349,ELECTRONICS,item_not_as_described
06/18/2026 12:11,$255.93,N,buyer_0358,$120.60,Y,refund_req_300849,agent_009,Rejected,65,purchase_100849,HOME,damaged_item
04/24/2026 21:13,"$1,039.12",Y,buyer_9905,$990.45,N,refund_req_304810,agent_902,Approved,3,purchase_104810,ELECTRONICS,missing_accessory
04/14/2026 18:02,"$1,768.45",N,buyer_0535,$774.61,N,refund_req_301320,agent_003,Approved,69,purchase_101320,LUXURY,item_not_as_described
05/09/2026 18:49,$149.59,N,buyer_0581,$130.43,N,refund_req_304542,agent_702,Approved,9,purchase_104542,CLOTHING,wrong_size
04/11/2026 04:21,$144.41,N,buyer_0076,$51.19,Y,refund_req_302485,agent_024,Approved,88,purchase_102485,HOME,item_not_as_described
04/25/2026 02:37,$38.12,N,buyer_0509,$27.38,Y,refund_req_300124,agent_006,Approved,76,purchase_100124,BOOKS,damaged_item
06/05/2026 03:14,$352.65,N,buyer_0103,$219.25,Y,refund_req_304405,agent_703,Approved,28,purchase_104405,SPORTS,item_not_as_described
05/08/2026 06:59,"$1,334.99",N,buyer_0347,"$1,178.02",,refund_req_303004,agent_006,Approved,9,purchase_103004,APPLIANCES,
05/21/2026 03:11,$946.79,N,buyer_0195,$610.73,N,refund_req_300759,agent_026,Rejected,69,purchase_100759,ELECTRONICS,damaged_item
06/19/2026 23:23,$333.69,N,buyer_9006,$294.63,N,refund_req_304302,agent_007,Approved,32,purchase_104302,HOME,missing_part
06/03/2026 21:35,"$2,529.03",Y,buyer_9901,"$2,372.90",N,refund_req_304913,agent_901, Approved ,6,purchase_104913,LUXURY,changed_mind
05/30/2026 11:39,$828.33,N,buyer_0526,$202.62,N,refund_req_300837,agent_015,Approved,,purchase_100837,APPLIANCES,missing_part
04/20/2026 13:32,$254.40,N,buyer_0104,$173.02,Y,refund_req_300110,agent_028,Approved,72,purchase_100110,SPORTS,item_not_as_described
05/11/2026 05:25,$977.60,Y,buyer_0428,$871.80,Y,refund_req_303998,agent_004,  Approved  ,33,purchase_103998,LUXURY,item_not_as_described
05/22/2026 22:33,$164.94,N,buyer_0045,$103.63,Y,refund_req_300086,agent_020,Approved,101,purchase_100086,Beauty,allergic_reaction
04/03/2026 19:44,$215.05,N,buyer_0221,$134.61,N,refund_req_302720,agent_009,Approved,65,purchase_102720,SPORTS,item_not_as_described
05/23/2026 02:05,$515.83,N,buyer_0088,$213.63,N,refund_req_302885,agent_014,Approved,50,purchase_102885,HOME,missing_part
06/13/2026 05:02,"$1,588.29",N,buyer_0407,"$1,043.09",N,refund_req_303065,agent_028,Approved,45,purchase_103065,LUXURY,changed_mind
04/04/2026 09:46,"$2,114.98",N,buyer_0200,"$2,114.98",Y,refund_req_303433,agent_013,Approved,19,purchase_103433,LUXURY,damaged_item
06/18/2026 11:15,$96.22,N,buyer_8001,$94.69,Y,refund_req_304634,agent_801,Approved,16,purchase_104634,BEAUTY,allergic_reaction
04/21/2026 15:03,"$2,588.57",N,buyer_0381,"$1,905.58",N,refund_req_302730,agent_021,Approved,90,purchase_102730,LUXURY,item_not_as_described
06/08/2026 01:22,$430.36,N,buyer_0015,$321.29,Y,refund_req_303830,agent_101,Approved,3,purchase_103830,APPLIANCES,damaged_item
05/19/2026 21:10,"$2,949.05",Y,buyer_0330,"$1,047.57",N,refund_req_300065,agent_030,Approved,,purchase_100065,LUXURY,changed_mind
05/09/2026 17:01,"$1,943.59",N,buyer_0258,"$1,011.04",Y,refund_req_301008,agent_001,Approved,69,purchase_101008,LUXURY,damaged_item
04/16/2026 01:22,"$1,595.09",Y,buyer_9905,"$1,379.40",,refund_req_304870,agent_902,Approved,4,purchase_104870,APPLIANCES,missing_part
06/10/2026 21:16,$91.34,N,buyer_0531,$29.74,Y,refund_req_301080,agent_019,Approved,85,purchase_101080,HOME,  missing_part  
04/04/2026 02:35,"$1,632.89",N,buyer_0590,$913.04,N,refund_req_302027,agent_020,Rejected,79,purchase_102027,  APPLIANCES  ,damaged_item
06/20/2026 15:48,$200.96,N,buyer_0142,$61.42,Y,refund_req_301519,agent_017,Approved,42,purchase_101519,CLOTHING,  item_not_as_described  
04/10/2026 08:04,$567.84,N,buyer_0067,$467.95,N,refund_req_302594,agent_005,Rejected,75,purchase_102594,FASHION,item_not_as_described
05/11/2026 01:17,$253.82,N,buyer_0433,$183.54,N,refund_req_301436,agent_018,Approved,68,purchase_101436,SPORTS,damaged_item
04/07/2026 06:37,"$1,486.38",N,buyer_0086,$530.84,Y,refund_req_301093,agent_006,Approved,87,purchase_101093,  APPLIANCES  ,not_working
04/29/2026 03:34,$313.46,N,buyer_0270,$199.96,Y,refund_req_300359,agent_023,Rejected,83,purchase_100359,ELECTRONICS,damaged_item
05/16/2026 13:19,$109.86,N,buyer_0195,$74.49,Y,refund_req_300360,agent_006,Rejected,77,purchase_100360,SPORTS,wrong_size
04/23/2026 14:07,$877.26,N,buyer_9002,$541.43,N,refund_req_304250,agent_002,Approved,65,purchase_104250,APPLIANCES,damaged_item
04/23/2026 02:47,$65.87,N,buyer_0348,$33.29,Y,refund_req_302535,agent_007,Approved,53,purchase_102535,BOOKS,damaged_item
05/02/2026 05:45,$729.37,N,buyer_0029,$419.32,N,refund_req_301567,agent_022,Approved,67,purchase_101567,APPLIANCES,missing_part
04/28/2026 14:36,"$1,183.04",Y,buyer_0045,$858.92,Y,refund_req_303932,agent_026,Approved,24,purchase_103932,APPLIANCES,
04/06/2026 14:30,$761.44,N,buyer_8003,$538.05,Y,refund_req_304606,agent_803,Approved,22,purchase_104606,ELECTRONICS,item_not_as_described
06/15/2026 09:04,$246.85,N,buyer_0059,$180.63,Y,refund_req_302383,agent_009,Approved,59,purchase_102383,HOME,damaged_item
06/05/2026 01:30,$39.35,N,buyer_0510,$12.46,Y,refund_req_300660,agent_026,Approved,55,purchase_100660,BOOKS,damaged_item
04/25/2026 06:50,$87.10,N,buyer_0373,$38.07,,refund_req_302291,agent_026,Rejected,58,purchase_102291,BEAUTY,allergic_reaction
04/27/2026 12:47,"$1,550.11",Y,buyer_9905,"$1,465.43",N,refund_req_304832,agent_902,Approved,1,purchase_104832,LUXURY,item_not_as_described
04/17/2026 07:42,$732.52,N,buyer_0427,$207.03,Y,refund_req_300614,agent_024,Approved,68,purchase_100614,LUXURY,damaged_item
06/03/2026 13:37,$617.01,N,buyer_0442,$614.42,Y,refund_req_303785,agent_103,Approved,5,purchase_103785,FASHION,changed_mind
05/02/2026 11:08,"$1,411.80",Y,buyer_0490,"$1,386.39",N,refund_req_303880,agent_021,Approved,29,purchase_103880,ELECTRONICS,missing_accessory
06/14/2026 08:49,$599.41,N,buyer_0303,$126.09,Y,refund_req_300500,agent_012,Approved,84,purchase_100500, HOME ,missing_part
05/03/2026 21:48,"$1,566.14",N,buyer_0027,"$1,486.54",N,refund_req_303040,agent_021,Approved,16,purchase_103040,APPLIANCES,missing_part
05/03/2026 02:28,$100.98,N,buyer_0456,$80.47,Y,refund_req_301629,agent_015,Approved,95,purchase_101629,HOME,item_not_as_described
04/08/2026 10:50,$385.94,N,buyer_0057,$120.75,Y,refund_req_302420,agent_020,Rejected,54,purchase_102420,HOME,
06/07/2026 16:54,$83.58,N,buyer_0373,$56.10,Y,refund_req_303678,agent_103,Approved,3,purchase_103678,FASHION,changed_mind
05/01/2026 03:09,"$1,205.98",N,buyer_0184,$663.40,Y,refund_req_301831,agent_020,Approved,,purchase_101831,APPLIANCES,missing_part
05/30/2026 01:53,$85.83,N,buyer_0249,$41.57,Y,refund_req_301264,agent_007,Approved,48,purchase_101264,BOOKS,wrong_item_received
05/01/2026 10:58,$458.02,N,buyer_0316,$266.45,Y,refund_req_301829,agent_027, Approved ,81,purchase_101829, APPLIANCES ,missing_part
04/04/2026 01:36,"$1,407.53",Y,buyer_9901,"$1,202.12",N,refund_req_304999,agent_901,Approved,5,purchase_104999,APPLIANCES,damaged_item
04/03/2026 18:00,"$1,717.67",N,buyer_0595,"$1,271.96",N,refund_req_303224,agent_014,Approved,41,purchase_103224,APPLIANCES,not_working
06/12/2026 00:55,$204.78,N,buyer_0534,$49.07,N,refund_req_300171,agent_022,Rejected,72,purchase_100171,HOME,damaged_item
06/16/2026 21:52,$506.17,Y,buyer_0581,$263.57,N,refund_req_300933,agent_017,Approved,98,purchase_100933,LUXURY,
04/13/2026 01:06,$165.03,Y,buyer_0270,$59.67,Y,refund_req_302395,agent_030,Approved,91,purchase_102395,CLOTHING,wrong_size
04/21/2026 09:25,$914.67,N,buyer_0079,$502.23,,refund_req_302862,agent_022,Approved,85,purchase_102862,LUXURY,damaged_item
04/30/2026 00:39,"$1,383.46",N,buyer_0361,"$1,078.50",N,refund_req_300035,agent_001,  Rejected  ,66,purchase_100035,LUXURY,damaged_item
06/13/2026 01:52,"$1,646.51",N,buyer_0148,"$1,434.97",N,refund_req_303273,agent_029,Approved,30,purchase_103273,APPLIANCES,missing_part
06/06/2026 00:39,$603.45,N,buyer_0396,$526.88,Y,refund_req_303607,agent_102,Approved,4,purchase_103607,FASHION,wrong_size
04/27/2026 04:32,$384.86,N,buyer_0328,$219.01,,refund_req_302435,agent_020,Approved,113,purchase_102435,HOME,item_not_as_described
06/07/2026 07:40,$424.59,N,buyer_0044,$299.64,Y,refund_req_301312,agent_014,Approved,43,purchase_101312,  FASHION  ,changed_mind
06/17/2026 08:16,"$1,338.21",Y,buyer_0534,"$1,228.86",N,refund_req_303872,agent_025, Approved ,29,purchase_103872,APPLIANCES,damaged_item
06/02/2026 10:11,$223.10,N,buyer_0312,$164.51,Y,refund_req_301912,agent_023,rejected,102,purchase_101912,FASHION,changed_mind
06/11/2026 16:50,$74.35,N,buyer_0402,$51.64,Y,refund_req_302313,agent_003,Approved,57,purchase_102313,BOOKS,wrong_item_received
05/04/2026 07:01,"$1,134.06",N,buyer_9003,$768.83,N,refund_req_304323,agent_002,Approved,36,purchase_104323,Beauty,allergic_reaction
05/08/2026 00:48,"$1,271.87",N,buyer_0041,"$1,271.87",Y,refund_req_303434,agent_026,Approved,51,purchase_103434,LUXURY,changed_mind
05/21/2026 07:02,$49.85,N,buyer_0512,$24.08,N,refund_req_300969,agent_005,Approved,79,purchase_100969,BEAUTY,
06/05/2026 12:11,"$1,817.88",N,buyer_0409,$956.48,N,refund_req_304569,agent_702,  Approved  ,28,purchase_104569,LUXURY,damaged_item
04/07/2026 04:10,$241.34,N,buyer_0312,$127.29,Y,refund_req_303762,agent_103,Approved,2,purchase_103762,CLOTHING,wrong_size
04/13/2026 00:49,$512.61,N,buyer_0103,$376.95,N,refund_req_301555,agent_013,Approved,54,purchase_101555, HOME ,item_not_as_described
06/14/2026 17:27,$20.78,N,buyer_0564,$6.71,N,refund_req_301189,agent_013,Rejected,101,purchase_101189,CLOTHING,changed_mind
04/12/2026 10:54,$368.61,N,buyer_9006,$186.08,N,refund_req_304262,agent_021,Approved,63,purchase_104262, SPORTS ,item_not_as_described
05/10/2026 14:51,$277.84,N,buyer_0382,$188.99,Y,refund_req_303657,agent_101,Approved,5,purchase_103657,APPLIANCES,damaged_item
04/02/2026 21:09,"$1,875.47",N,buyer_0257,"$1,219.32",N,refund_req_303081,agent_002,Approved,35,purchase_103081,LUXURY,item_not_as_described
05/19/2026 13:47,"$1,065.52",N,buyer_0395,$752.75,N,refund_req_300191,agent_028,Rejected,45,purchase_100191,BOOKS,wrong_item_received
05/18/2026 05:04,"$1,628.35",N,buyer_9006,"$1,514.06",N,refund_req_304310,agent_102,Approved,51,purchase_104310,APPLIANCES,not_working
05/12/2026 05:15,$49.34,N,buyer_8001,$38.20,Y,refund_req_304694,agent_801, Approved ,25,purchase_104694,FASHION,wrong_size
05/16/2026 14:16,"$1,057.87",N,buyer_0537,"$1,057.87",Y,refund_req_303430,agent_002,Approved,,purchase_103430,FASHION,wrong_size
05/13/2026 20:06,$123.83,N,buyer_0276,$29.68,Y,refund_req_301791,agent_029,Approved,78,purchase_101791,FASHION,  changed_mind  
05/14/2026 18:11,$173.92,N,buyer_0271,$47.88,Y,refund_req_301316,agent_017,Approved,50,purchase_101316,BEAUTY,changed_mind
06/08/2026 15:22,$95.27,N,buyer_0170,$79.61,N,refund_req_303603,agent_101,Approved,1,purchase_103603,fashion,changed_mind
04/05/2026 15:01,"$1,667.95",N,buyer_0339,"$1,640.06",Y,refund_req_304420,agent_703,Approved,20,purchase_104420,APPLIANCES,not_working
04/18/2026 01:44,$33.49,N,buyer_0591,$19.54,Y,refund_req_300714,agent_013,Approved,77,purchase_100714,BOOKS,damaged_item
05/12/2026 13:45,"$1,297.96",N,buyer_8001,"$1,236.52",Y,refund_req_304703,agent_801,Approved,13,purchase_104703,ELECTRONICS,damaged_item
04/25/2026 12:29,"$1,204.11",N,buyer_0436,$425.39,N,refund_req_302954,agent_011,  Approved  ,55,purchase_102954,APPLIANCES,not_working
04/12/2026 01:13,$788.78,N,buyer_0586,$401.61,Y,refund_req_300105,agent_015,APPROVED,70,purchase_100105,ELECTRONICS,not_working
06/03/2026 18:44,$146.68,N,buyer_0018,$106.18,Y,refund_req_303766,agent_102,Approved,2,purchase_103766,CLOTHING,changed_mind
06/05/2026 15:26,"$2,292.07",N,buyer_9004,"$1,200.64",N,refund_req_304268,agent_014,Approved,38,purchase_104268,LUXURY,item_not_as_described
06/02/2026 23:43,$186.43,N,buyer_0201,$138.27,Y,refund_req_300178,agent_005,Approved,102,purchase_100178,SPORTS,item_not_as_described
04/27/2026 03:23,$829.22,N,buyer_0276,$181.24,N,refund_req_300963,agent_014,Approved,74,purchase_100963,APPLIANCES,missing_part
05/13/2026 18:12,$40.29,N,buyer_0255,$10.64,Y,refund_req_301221,agent_029,Approved,59,purchase_101221,BEAUTY,changed_mind
04/28/2026 06:26,"$1,646.53",Y,buyer_0083,"$1,532.52",N,refund_req_303991,agent_002,Approved,22,purchase_103991,LUXURY,damaged_item
05/30/2026 21:00,$207.08,N,buyer_0108,$96.62,Y,refund_req_300675,agent_025,Approved,28,purchase_100675,CLOTHING,wrong_size
04/12/2026 12:58,$207.77,N,buyer_0011,$165.81,N,refund_req_300530,agent_010,Approved,40,purchase_100530,CLOTHING,wrong_size
04/17/2026 09:01,"$1,430.42",Y,buyer_0337,"$1,165.90",N,refund_req_303869,agent_006,Approved,11,purchase_103869,APPLIANCES,
05/20/2026 21:04,$37.24,N,buyer_0256,$27.70,Y,refund_req_302820,agent_005,Approved,75,purchase_102820,HOME,item_not_as_described
04/24/2026 07:41,$143.30,Y,buyer_0420,$96.02,Y,refund_req_302481,agent_016,Approved,106,purchase_102481,HOME,missing_part
04/03/2026 02:00,$76.05,N,buyer_8001,$64.93,N,refund_req_304628,agent_801,Approved,13,purchase_104628,SPORTS,damaged_item
04/15/2026 12:01,$112.66,N,buyer_0061,$83.32,N,refund_req_302650,agent_030,Rejected,54,purchase_102650,BEAUTY,damaged_item
04/28/2026 08:45,"$2,022.88",N,buyer_0254,"$1,183.16",Y,refund_req_301821,agent_008,Approved,66,purchase_101821,Electronics,item_not_as_described
06/02/2026 05:37,"$2,197.77",N,buyer_0107,"$1,106.37",Y,refund_req_303578,agent_102,Approved,5,purchase_103578, ELECTRONICS ,item_not_as_described
04/29/2026 02:48,$357.84,N,buyer_0473,$233.71,Y,refund_req_302588,agent_010,Approved,65,purchase_102588,SPORTS,damaged_item
04/05/2026 01:25,"$1,537.75",N,buyer_0347,$601.59,,refund_req_302740,agent_004,Approved,77,purchase_102740,APPLIANCES,not_working
05/24/2026 12:58,$250.04,N,buyer_0360,$86.03,N,refund_req_302779,agent_014,Approved,42,purchase_102779,  APPLIANCES  ,damaged_item
04/10/2026 17:10,"$1,568.51",N,buyer_0394,"$1,234.85",N,refund_req_303041,agent_016,Approved,11,purchase_103041,APPLIANCES,not_working
05/01/2026 05:54,$107.62,N,buyer_8003,$88.87,Y,refund_req_304792,agent_803,Approved,7,purchase_104792,BEAUTY,allergic_reaction
04/30/2026 07:36,$616.64,N,buyer_0037,$336.61,N,refund_req_300841,agent_029,Approved,29,purchase_100841,ELECTRONICS,item_not_as_described
05/15/2026 00:56,$506.03,N,buyer_0143,$355.61,Y,refund_req_302924,agent_014,Rejected,54,purchase_102924,HOME,item_not_as_described
04/19/2026 02:23,$37.42,N,buyer_0492,$14.91,Y,refund_req_300332,agent_029,Approved,40,purchase_100332,BOOKS,changed_mind
05/05/2026 08:55,$174.44,N,buyer_0408,$92.32,N,refund_req_302579,agent_024,Approved,40,purchase_102579,HOME,damaged_item
05/19/2026 18:36,$974.02,N,buyer_0133,$755.00,N,refund_req_303058,agent_006,Approved,16,purchase_103058,ELECTRONICS, item_not_as_described 
05/06/2026 03:17,"$1,428.72",N,buyer_0339,$613.57,Y,refund_req_301572,agent_009,Approved,71,purchase_101572,  ELECTRONICS  ,not_working
05/28/2026 15:46,$179.66,N,buyer_0465,$102.30,Y,refund_req_302908,agent_018,Approved,69,purchase_102908,CLOTHING,wrong_size
04/15/2026 05:20,$45.21,N,buyer_0301,$37.07,Y,refund_req_300002,agent_004,Rejected,100,purchase_100002,BOOKS,changed_mind
05/19/2026 18:37,"$1,604.81",N,buyer_0427,"$1,218.41",N,refund_req_303076,agent_030,Approved,37,purchase_103076,APPLIANCES,damaged_item
04/26/2026 07:41,$495.26,N,buyer_9004,$333.67,N,refund_req_304324,agent_012,Approved,40,purchase_104324,LUXURY,changed_mind
04/06/2026 20:22,$80.64,N,buyer_0183,$21.85,Y,refund_req_301485,agent_001,Rejected,75,purchase_101485,BOOKS,wrong_item_received
06/08/2026 18:34,$59.29,N,buyer_8003,$56.34,Y,refund_req_304780,agent_803,Approved,23,purchase_104780,SPORTS,wrong_size
04/15/2026 10:39,"$1,902.18",N,buyer_0122,$556.45,Y,refund_req_300528,agent_024,Approved,62,purchase_100528,ELECTRONICS,damaged_item
06/01/2026 22:35,"$1,147.62",Y,buyer_9903,"$1,031.44",N,refund_req_304863,agent_901,Approved,4,purchase_104863,ELECTRONICS,damaged_item
04/09/2026 22:42,"$1,568.74",N,buyer_0578,$714.51,N,refund_req_301537,agent_012,Rejected,88,purchase_101537,APPLIANCES,missing_part
04/29/2026 15:07,"$1,293.84",N,buyer_0449,"$1,293.84",N,refund_req_303502,agent_018,Approved,16,purchase_103502,FASHION,item_not_as_described
04/26/2026 15:07,"$1,141.45",N,buyer_0529,$473.75,N,refund_req_304572,agent_702,Approved,7,purchase_104572,HOME,missing_part
04/04/2026 02:51,"$1,016.25",N,buyer_0234,$714.27,N,refund_req_300880,agent_010,Rejected,86,purchase_100880,LUXURY,changed_mind
06/17/2026 23:36,$464.88,N,buyer_0328,$200.39,Y,refund_req_302945,agent_016,Approved,92,purchase_102945,FASHION,wrong_size
04/13/2026 18:21,$524.65,N,buyer_0365,$290.49,Y,refund_req_304590,agent_702,Approved,14,purchase_104590,HOME,missing_part
06/08/2026 09:31,"$1,357.99",N,buyer_0054,$478.85,,refund_req_302096,agent_019,Approved,62,purchase_102096,ELECTRONICS,not_working
05/04/2026 17:07,$88.24,N,buyer_0237,$62.21,Y,refund_req_302896,agent_002,  Approved  ,108,purchase_102896,BOOKS,changed_mind
06/14/2026 17:14,$20.25,N,buyer_0236,$6.02,N,refund_req_302668,agent_020,Rejected,58,purchase_102668,BOOKS,wrong_item_received
06/14/2026 18:44,"$1,029.90",N,buyer_0240,"$1,029.90",N,refund_req_303470,agent_017,Approved,,purchase_103470,FASHION,wrong_size
05/24/2026 16:58,"$1,115.09",N,buyer_0121,$754.06,N,refund_req_303561,agent_103,Approved,3,purchase_103561,APPLIANCES,not_working
05/29/2026 18:07,"$1,777.59",Y,buyer_9903,"$1,680.02",N,refund_req_304905,agent_901,approved,6,purchase_104905,ELECTRONICS,item_not_as_described
04/03/2026 06:47,$531.79,N,buyer_0358,$234.09,N,refund_req_300016,agent_030,Approved,100,purchase_100016,HOME,item_not_as_described
04/20/2026 19:12,"$1,128.16",Y,buyer_0358,$979.79,N,refund_req_303902,agent_028,Approved,32,purchase_103902,LUXURY,damaged_item
04/23/2026 08:00,$205.71,N,buyer_0453,$55.63,Y,refund_req_302822,agent_002,Approved,51,purchase_102822,CLOTHING,
05/05/2026 11:21,$211.56,N,buyer_0242,$113.67,N,refund_req_302574,agent_023,approved,99,purchase_102574,SPORTS,damaged_item
05/08/2026 02:16,"$1,097.88",N,buyer_0425,$635.39,Y,refund_req_300267,agent_004,Rejected,48,purchase_100267,APPLIANCES,not_working
04/08/2026 15:10,$110.79,N,buyer_8001,$74.81,Y,refund_req_304655,agent_801,Approved,,purchase_104655,SPORTS,damaged_item
04/20/2026 21:19,"$2,835.57",N,buyer_0157,"$2,835.57",Y,refund_req_303480,agent_101,Approved,56,purchase_103480,LUXURY,damaged_item
06/12/2026 22:06,$49.10,N,buyer_0161,$28.47,Y,refund_req_302911,agent_028,Rejected,65,purchase_102911, CLOTHING ,wrong_size
06/06/2026 08:27,$35.65,N,buyer_9002,$27.99,N,refund_req_304186,agent_014,Approved,34,purchase_104186,SPORTS,wrong_size
05/27/2026 21:20,"$1,141.52",Y,buyer_0069,$318.11,Y,refund_req_300861,agent_004,Approved,100,purchase_100861,BEAUTY,damaged_item
04/24/2026 07:45,$55.26,N,buyer_0394,$34.62,N,refund_req_300030,agent_023,Approved,66,purchase_100030,BEAUTY,allergic_reaction
06/20/2026 00:03,$349.11,N,buyer_0485,$212.04,Y,refund_req_302502,agent_019,Approved,54,purchase_102502,SPORTS,wrong_size
05/05/2026 14:21,"$1,690.82",N,buyer_0089,"$1,530.49",Y,refund_req_303813,agent_101,Approved,2,purchase_103813,APPLIANCES,missing_part
04/15/2026 06:46,$102.22,N,buyer_0564,$47.52,,refund_req_301317,agent_016,Approved,46,purchase_101317,BEAUTY,
05/15/2026 14:25,"$1,566.45",N,buyer_0407,"$1,423.69",N,refund_req_303219,agent_009,Approved,42,purchase_103219,APPLIANCES,not_working
06/04/2026 09:23,"$1,303.22",N,buyer_0316,"$1,303.22",Y,refund_req_303389,agent_025,Approved,57,purchase_103389,ELECTRONICS,damaged_item
05/21/2026 18:26,$969.32,Y,buyer_0380,$956.80,Y,refund_req_304563,agent_702,Approved,32,purchase_104563,BEAUTY,allergic_reaction
05/20/2026 21:45,"$1,004.25",Y,buyer_9901,$977.25,N,refund_req_304879,agent_901,Approved,6,purchase_104879,APPLIANCES,not_working
04/01/2026 09:30,$447.20,N,buyer_0581,$314.23,N,refund_req_300231,agent_016,Rejected,105,purchase_100231,ELECTRONICS,not_working
06/21/2026 07:21,$52.49,N,buyer_0111,$15.54,N,refund_req_302785,agent_005,Approved,82,purchase_102785,BEAUTY,damaged_item
06/17/2026 05:27,"$1,650.57",N,buyer_0151,$545.40,N,refund_req_302257,agent_011,Rejected,58,purchase_102257,LUXURY,changed_mind
04/14/2026 23:29,$573.06,N,buyer_9002,$482.08,N,refund_req_304290,agent_006,Approved,21,purchase_104290,FASHION,wrong_size
04/17/2026 17:08,$132.93,N,buyer_0531,$101.49,,refund_req_300820,agent_001,Approved,33,purchase_100820,FASHION,changed_mind
05/20/2026 04:02,"$2,141.87",N,buyer_0089,"$1,324.30",Y,refund_req_302581,agent_028,Approved,90,purchase_102581,ELECTRONICS,damaged_item
05/22/2026 18:37,"$2,518.80",Y,buyer_0377,"$2,518.80",Y,refund_req_303438,agent_102,Approved,44,purchase_103438,LUXURY,changed_mind
05/19/2026 14:03,$936.15,N,buyer_0355,$936.15,Y,refund_req_303482,agent_007,Approved,56,purchase_103482,FASHION,changed_mind
04/18/2026 19:46,"$1,145.88",Y,buyer_0293,$819.91,N,refund_req_303994,agent_010,Approved,4,purchase_103994,APPLIANCES,damaged_item
06/15/2026 21:55,"$1,629.76",N,buyer_0334,"$1,353.96",N,refund_req_303136,agent_001,Approved,20,purchase_103136,LUXURY,changed_mind
05/24/2026 10:21,"$2,132.94",Y,buyer_0343,"$2,065.68",N,refund_req_304049,agent_102, Approved ,14,purchase_104049,ELECTRONICS,item_not_as_described
04/04/2026 16:59,$333.89,N,buyer_0129,$223.48,N,refund_req_301763,agent_012,Rejected,81,purchase_101763,HOME,missing_part
04/24/2026 18:01,$13.82,N,buyer_0598,$4.55,Y,refund_req_301862,agent_027,Approved,84,purchase_101862,BOOKS,wrong_item_received
05/06/2026 02:32,$356.81,N,buyer_0551,$202.55,N,refund_req_300209,agent_008,rejected,31,purchase_100209,  SPORTS  ,item_not_as_described
05/06/2026 22:18,$965.42,Y,buyer_0007,$780.25,N,refund_req_303942,agent_008,Approved,31,purchase_103942,APPLIANCES,damaged_item
06/12/2026 09:18,$62.41,N,buyer_0276,$47.69,Y,refund_req_301354,agent_002,Rejected,99,purchase_101354,BOOKS,changed_mind
04/15/2026 04:37,$155.73,N,buyer_0553,$58.89,Y,refund_req_302933,agent_025,Approved,40,purchase_102933,SPORTS,
04/08/2026 05:12,"$1,411.09",Y,buyer_0143,"$1,238.66",N,refund_req_303995,agent_003,Approved,31,purchase_103995,ELECTRONICS,missing_accessory
05/23/2026 10:46,"$1,174.68",N,buyer_0056,"$1,174.68",N,refund_req_303301,agent_016,Approved,29,purchase_103301,LUXURY,item_not_as_described
05/20/2026 20:02,$363.33,N,buyer_0490,$173.62,Y,refund_req_300775,agent_015,Approved,50,purchase_100775,APPLIANCES,damaged_item
06/06/2026 15:00,"$1,123.70",N,buyer_0013,"$1,123.70",N,refund_req_303498,agent_007,Approved,38,purchase_103498,APPLIANCES,missing_part
04/14/2026 19:22,"$1,513.76",N,buyer_0403,$758.13,Y,refund_req_300858,agent_025,Approved,41,purchase_100858,ELECTRONICS,not_working
06/13/2026 11:29,$159.73,Y,buyer_0475,$156.04,N,refund_req_303601,agent_101,Approved,5,purchase_103601,FASHION,changed_mind
06/10/2026 01:44,$54.60,N,buyer_9006,$52.15,N,refund_req_304246,agent_003,Approved,29,purchase_104246,BOOKS,wrong_item_received
04/18/2026 04:58,"$1,009.41",N,buyer_0060,$701.31,N,refund_req_300285,agent_011, Approved ,42,purchase_100285,HOME,missing_part
05/06/2026 10:46,$399.74,N,buyer_0124,$270.90,N,refund_req_301822,agent_016,Approved,122,purchase_101822,APPLIANCES,damaged_item
04/19/2026 16:26,$55.96,N,buyer_0042,$36.22,Y,refund_req_301599,agent_020,Approved,104,purchase_101599,BOOKS,damaged_item
06/06/2026 05:58,"$1,673.16",Y,buyer_0240,"$1,411.29",N,refund_req_304057,agent_013,Approved,32,purchase_104057,APPLIANCES,not_working
04/23/2026 08:26,$198.09,N,buyer_0455,$166.44,N,refund_req_300535,agent_022,Approved,68,purchase_100535,SPORTS,
06/17/2026 02:55,"$1,788.25",N,buyer_0449,$927.31,Y,refund_req_300389,agent_023,APPROVED,73,purchase_100389,LUXURY,  changed_mind  
06/18/2026 07:08,"$1,893.76",N,buyer_0441,"$1,260.24",N,refund_req_301124,agent_020,  Approved  ,,purchase_101124,ELECTRONICS,not_working
05/05/2026 20:25,"$1,136.53",Y,buyer_0374,$768.30,N,refund_req_303031,agent_027,Approved,25,purchase_103031,ELECTRONICS,item_not_as_described
05/26/2026 20:57,$51.24,N,buyer_0236,$27.26,Y,refund_req_302676,agent_012,Approved,67,purchase_102676,BOOKS,damaged_item
06/08/2026 11:55,"$2,441.95",N,buyer_0236,"$1,752.21",Y,refund_req_302506,agent_030,Approved,81,purchase_102506,LUXURY,damaged_item
05/01/2026 04:27,"$1,171.03",N,buyer_0443,$659.90,Y,refund_req_300643,agent_020,Approved,92,purchase_100643,SPORTS,wrong_size
05/23/2026 03:27,"$1,064.72",N,buyer_9007,$825.89,Y,refund_req_304191,agent_102,Approved,14,purchase_104191,SPORTS,item_not_as_described
06/20/2026 20:38,$75.22,N,buyer_0185,$53.95,Y,refund_req_302783,agent_026,Approved,38,purchase_102783,BEAUTY,changed_mind
04/02/2026 12:56,$93.15,N,buyer_0085,$55.65,N,refund_req_302392,agent_014,Rejected,50,purchase_102392,  BEAUTY  ,damaged_item
04/01/2026 12:50,"$1,249.33",N,buyer_8003,$969.99,Y,refund_req_304732,agent_803,Approved,24,purchase_104732,SPORTS,item_not_as_described
04/28/2026 21:29,$90.90,N,buyer_0196,$62.38,N,refund_req_301996,agent_030,Approved,34,purchase_101996,BEAUTY,changed_mind
04/06/2026 15:39,$791.84,N,buyer_0054,$592.95,Y,refund_req_300638,agent_014,Approved,74,purchase_100638,ELECTRONICS,item_not_as_described
05/27/2026 15:05,$938.42,N,buyer_0401,$263.22,Y,refund_req_302628,agent_014,  Rejected  ,42,purchase_102628,CLOTHING,item_not_as_described
04/09/2026 11:31,"$1,170.40",Y,buyer_9906,"$1,077.16",N,refund_req_304840,agent_902,Approved,8,purchase_104840,APPLIANCES,missing_part
06/20/2026 01:53,$965.29,N,buyer_0125,$965.29,N,refund_req_303455,agent_023,Approved,43,purchase_103455,FASHION,changed_mind
05/29/2026 13:20,$296.69,N,buyer_8003,$253.19,N,refund_req_304648,agent_803,Approved,23,purchase_104648,FASHION,wrong_size
05/06/2026 08:39,$189.19,N,buyer_0403,$153.43,,refund_req_301014,agent_019,Approved,72,purchase_101014,APPLIANCES,
06/12/2026 19:01,"$1,484.32",N,buyer_0361,"$1,097.32",N,refund_req_303278,agent_019,Approved,17,purchase_103278,APPLIANCES,not_working
05/08/2026 04:23,"$1,452.49",N,buyer_0446,$640.61,N,refund_req_300352,agent_030,Approved,99,purchase_100352,LUXURY,changed_mind
04/26/2026 04:41,$44.12,N,buyer_0573,$31.17,N,refund_req_302978,agent_006,Approved,80,purchase_102978,HOME,missing_part
04/27/2026 19:36,$316.12,N,buyer_0251,$124.34,Y,refund_req_300137,agent_016,Approved,99,purchase_100137,SPORTS,damaged_item
04/29/2026 19:03,"$1,156.38",N,buyer_0487,$880.26,Y,refund_req_301989,agent_011,Approved,72,purchase_101989,CLOTHING,wrong_size
04/18/2026 22:18,"$2,942.38",N,buyer_0531,"$2,071.46",N,refund_req_303161,agent_020,Approved,28,purchase_103161,LUXURY,damaged_item
04/20/2026 13:45,$966.68,Y,buyer_0146,$927.31,Y,refund_req_304029,agent_025,Approved,34,purchase_104029,ELECTRONICS,damaged_item
04/09/2026 12:55,$460.43,N,buyer_0398,$220.17,Y,refund_req_302053,agent_027,Approved,61,purchase_102053,ELECTRONICS,damaged_item
06/14/2026 20:02,$531.68,N,buyer_0528,$278.22,Y,refund_req_300140,agent_016,Approved,,purchase_100140, HOME ,missing_part
04/16/2026 06:58,$199.49,N,buyer_0181,$162.99,Y,refund_req_302375,agent_016,Rejected,110,purchase_102375,APPLIANCES,not_working
06/06/2026 06:36,$810.67,N,buyer_0417,$587.34,Y,refund_req_303651,agent_101,Approved,4,purchase_103651,ELECTRONICS,item_not_as_described
04/28/2026 00:57,"$1,182.95",N,buyer_0582,$340.94,Y,refund_req_302891,agent_013,Approved,77,purchase_102891,ELECTRONICS,item_not_as_described
04/27/2026 18:07,$239.63,N,buyer_0194,$108.34,Y,refund_req_301585,agent_010,Approved,42,purchase_101585,FASHION,item_not_as_described
05/15/2026 16:45,$62.94,N,buyer_0091,$42.42,Y,refund_req_300255,agent_006,Approved,42,purchase_100255,BOOKS,wrong_item_received
04/24/2026 19:46,$227.70,N,buyer_0358,$127.17,N,refund_req_300734,agent_017,Approved,75,purchase_100734,CLOTHING,wrong_size
05/31/2026 22:52,$216.01,N,buyer_0498,$82.65,Y,refund_req_301805,agent_015,Approved,34,purchase_101805,HOME,missing_part
04/14/2026 06:14,$127.16,N,buyer_0483,$93.65,Y,refund_req_301619,agent_003,Approved,66,purchase_101619,CLOTHING,item_not_as_described
05/01/2026 18:18,$646.02,N,buyer_0058,$227.53,N,refund_req_300170,agent_007,Rejected,,purchase_100170,FASHION,item_not_as_described
04/26/2026 12:27,$95.06,N,buyer_0180,$33.39,Y,refund_req_300250,agent_010,Approved,,purchase_100250,FASHION,wrong_size
04/16/2026 02:09,$340.13,N,buyer_0335,$195.11,N,refund_req_301022,agent_028,Approved,95,purchase_101022,FASHION,item_not_as_described
05/24/2026 02:25,$257.21,N,buyer_0449,$72.04,Y,refund_req_302324,agent_002,Approved,45,purchase_102324,CLOTHING,wrong_size
04/26/2026 14:34,$70.83,N,buyer_0048,$48.49,Y,refund_req_300444,agent_015,Approved,68,purchase_100444,  BOOKS  ,changed_mind
06/20/2026 19:38,$85.61,N,buyer_9008,$78.31,Y,refund_req_304176,agent_009,Approved,49,purchase_104176,HOME,missing_part
05/15/2026 20:51,"$1,887.22",N,buyer_0439,"$1,343.73",N,refund_req_303166,agent_012,Approved,27,purchase_103166,ELECTRONICS,not_working
04/13/2026 17:11,$274.14,N,buyer_0562,$84.75,,refund_req_301203,agent_010,Approved,43,purchase_101203,HOME,item_not_as_described
05/25/2026 20:28,$26.82,N,buyer_0537,$18.91,N,refund_req_300406,agent_018,Approved,66,purchase_100406,BEAUTY,allergic_reaction
04/07/2026 04:47,$491.06,N,buyer_0251,$318.36,Y,refund_req_301004,agent_008,Approved,35,purchase_101004, FASHION ,item_not_as_described
06/15/2026 21:58,"$1,764.02",Y,buyer_0375,"$1,489.33",Y,refund_req_303985,agent_021,Approved,13,purchase_103985,appliances,not_working
05/23/2026 02:13,$312.11,N,buyer_0510,$263.40,Y,refund_req_301630,agent_012,Rejected,81,purchase_101630,SPORTS,damaged_item
05/12/2026 16:59,$87.71,N,buyer_0161,$72.24,Y,refund_req_304455,agent_702,Approved,15,purchase_104455,BOOKS,changed_mind
04/11/2026 23:15,$228.58,N,buyer_0195,$196.60,N,refund_req_304591,agent_703,approved,15,purchase_104591,fashion,item_not_as_described
05/15/2026 16:25,$31.07,N,buyer_9001,$27.64,N,refund_req_304305,agent_102,Approved,31,purchase_104305,SPORTS,wrong_size
05/18/2026 03:01,$937.99,N,buyer_0065,$833.39,Y,refund_req_304491,agent_702,Approved,19,purchase_104491,CLOTHING,changed_mind
04/23/2026 09:01,$455.23,N,buyer_0019,$271.99,Y,refund_req_303770,agent_103,Approved,1,purchase_103770,APPLIANCES,not_working
06/10/2026 17:14,"$2,897.32",Y,buyer_0114,"$2,312.48",N,refund_req_304100,agent_027,Approved,5,purchase_104100,LUXURY,item_not_as_described
04/19/2026 17:47,"$2,968.14",N,buyer_0257,"$1,471.43",Y,refund_req_301099,agent_020,Rejected,68,purchase_101099,LUXURY,damaged_item
06/01/2026 10:54,$299.05,N,buyer_0033,$200.97,N,refund_req_302721,agent_014,Rejected,44,purchase_102721,  HOME  ,missing_part
04/09/2026 12:02,$153.78,N,buyer_0114,$76.36,Y,refund_req_300653,agent_013,Approved,86,purchase_100653,HOME, damaged_item 
05/06/2026 01:11,$522.47,N,buyer_0088,$322.90,Y,refund_req_302826,agent_006,Approved,76,purchase_102826, HOME ,item_not_as_described
04/27/2026 10:01,"$1,529.65",N,buyer_0083,$504.51,Y,refund_req_302213,agent_012,Approved,78,purchase_102213,LUXURY,changed_mind
04/13/2026 14:36,$173.23,Y,buyer_0211,$81.57,N,refund_req_302248,agent_003,Approved,38,purchase_102248,BEAUTY,changed_mind
05/20/2026 11:16,$297.64,N,buyer_0299,$291.89,N,refund_req_303727,agent_103,Approved,4,purchase_103727,APPLIANCES,damaged_item
04/16/2026 05:23,$231.25,N,buyer_0466,$159.62,N,refund_req_301052,agent_018,Rejected,56,purchase_101052,CLOTHING, wrong_size 
05/16/2026 00:59,$814.51,Y,buyer_0132,$502.56,N,refund_req_302025,agent_010,  Rejected  ,53,purchase_102025,LUXURY, item_not_as_described 
04/03/2026 17:59,$161.41,Y,buyer_8001,$108.11,N,refund_req_304781,agent_801,Approved,13,purchase_104781,BEAUTY,changed_mind
04/15/2026 10:26,"$1,628.57",N,buyer_0556,$467.37,Y,refund_req_301609,agent_012,Approved,55,purchase_101609,APPLIANCES,not_working
05/26/2026 19:30,"$1,107.33",N,buyer_0523,$592.32,N,refund_req_304516,agent_703,Approved,16,purchase_104516,BOOKS,wrong_item_received
05/04/2026 06:59,$953.49,N,buyer_0189,$230.40,Y,refund_req_302441,agent_005,Approved,100,purchase_102441,BOOKS,damaged_item
05/20/2026 18:43,$53.72,N,buyer_9007,$31.02,N,refund_req_304215,agent_004,Approved,,purchase_104215,FASHION,  wrong_size  
04/03/2026 21:13,$148.55,N,buyer_0183,$120.24,N,refund_req_303608,agent_101, Approved ,5,purchase_103608,BEAUTY,damaged_item
06/03/2026 02:43,$169.82,N,buyer_0087,$61.58,Y,refund_req_301973,agent_019,Approved,43,purchase_101973,BEAUTY,allergic_reaction
05/26/2026 04:41,"$1,182.35",N,buyer_0208,$459.51,Y,refund_req_302101,agent_016,approved,57,purchase_102101,APPLIANCES,not_working
04/26/2026 20:04,$540.22,N,buyer_0517,$419.02,Y,refund_req_301045,agent_003,Approved,34,purchase_101045,fashion,item_not_as_described
04/23/2026 23:18,$343.09,N,buyer_0314,$147.64,N,refund_req_302898,agent_011,Approved,44,purchase_102898,SPORTS,item_not_as_described
05/03/2026 22:54,"$2,644.78",Y,buyer_9906,"$2,449.99",N,refund_req_304808,agent_902,Approved,2,purchase_104808,LUXURY,changed_mind
06/02/2026 12:35,$243.55,N,buyer_0518,$189.77,Y,refund_req_303760,agent_103,Approved,2,purchase_103760,FASHION,changed_mind
05/21/2026 23:11,"$1,076.85",N,buyer_0539,$969.73,N,refund_req_304478,agent_701,Approved,10,purchase_104478,APPLIANCES,not_working
05/07/2026 01:33,$98.89,N,buyer_0004,$56.51,Y,refund_req_302307,agent_013,Rejected,77,purchase_102307,HOME,
04/07/2026 00:13,"$1,010.20",Y,buyer_0332,$726.39,N,refund_req_303864,agent_011,Approved,5,purchase_103864,ELECTRONICS,missing_accessory
05/27/2026 03:38,"$2,700.07",N,buyer_0300,"$1,738.87",N,refund_req_302199,agent_022,Approved,85,purchase_102199,LUXURY,changed_mind
04/03/2026 01:12,$639.43,N,buyer_0255,$577.40,,refund_req_303738,agent_102,Approved,3,purchase_103738,FASHION,wrong_size
06/19/2026 10:41,"$2,263.38",Y,buyer_9906,"$2,019.63",N,refund_req_304916,agent_902,Approved,5,purchase_104916,LUXURY,changed_mind
05/07/2026 18:01,"$1,471.28",N,buyer_0588,$344.05,N,refund_req_302409,agent_004,APPROVED,70,purchase_102409,LUXURY,item_not_as_described
04/11/2026 17:40,$151.71,N,buyer_0299,$90.06,N,refund_req_301349,agent_017,Rejected,108,purchase_101349,SPORTS,item_not_as_described
04/15/2026 07:09,$116.82,N,buyer_0495,$39.93,N,refund_req_300720,agent_015,Approved,100,purchase_100720,HOME, damaged_item 
05/02/2026 10:15,$67.37,N,buyer_0525,$53.83,Y,refund_req_304545,agent_702,Approved,29,purchase_104545,CLOTHING,item_not_as_described
05/07/2026 12:02,"$1,426.47",Y,buyer_0521,"$1,244.46",Y,refund_req_304005,agent_009,Approved,4,purchase_104005,APPLIANCES,damaged_item
06/11/2026 13:21,"$1,160.65",N,buyer_0304,$807.28,Y,refund_req_301138,agent_005,Approved,88,purchase_101138,BEAUTY,allergic_reaction
05/26/2026 16:01,$780.02,N,buyer_0032,$312.17,N,refund_req_301223,agent_016,Approved,91,purchase_101223,Appliances,damaged_item
04/23/2026 04:24,$617.65,N,buyer_9005,$605.90,Y,refund_req_304349,agent_012,Approved,69,purchase_104349,FASHION,changed_mind
05/01/2026 16:15,$302.46,N,buyer_0167,$109.09,Y,refund_req_302943,agent_008,Approved,,purchase_102943,  ELECTRONICS  ,damaged_item
04/14/2026 03:51,$57.34,N,buyer_0398,$48.28,Y,refund_req_301741,agent_029,Approved,39,purchase_101741,CLOTHING,wrong_size
04/01/2026 10:00,$978.29,N,buyer_0530,$663.70,N,refund_req_303066,agent_010,Approved,36,purchase_103066,ELECTRONICS,missing_accessory
05/27/2026 21:11,"$1,913.25",N,buyer_0196,$442.10,Y,refund_req_300123,agent_025,Approved,49,purchase_100123,ELECTRONICS,missing_accessory
06/02/2026 13:31,$565.25,N,buyer_9002,$555.82,Y,refund_req_304266,agent_029, Approved ,51,purchase_104266,FASHION,changed_mind
06/02/2026 22:42,$774.28,N,buyer_0122,$344.26,Y,refund_req_300541,agent_014,Approved,51,purchase_100541,ELECTRONICS,missing_accessory
04/05/2026 23:21,$44.19,N,buyer_0043,$15.12,Y,refund_req_300210,agent_018,Approved,59,purchase_100210,Books,changed_mind
04/27/2026 20:04,$25.20,N,buyer_0569,$11.42,Y,refund_req_301925,agent_005,Approved,99,purchase_101925,BOOKS,damaged_item
05/15/2026 06:57,$125.44,N,buyer_0590,$125.13,Y,refund_req_304422,agent_702,Approved,31,purchase_104422,HOME,damaged_item
04/18/2026 17:31,"$2,010.34",N,buyer_0592,"$1,753.22",N,refund_req_303167,agent_016,Approved,31,purchase_103167,ELECTRONICS,damaged_item
06/06/2026 18:13,"$1,424.58",N,buyer_0140,"$1,110.94",Y,refund_req_300438,agent_021,approved,51,purchase_100438,ELECTRONICS,item_not_as_described
05/02/2026 16:45,"$1,410.32",Y,buyer_0321,"$1,140.07",N,refund_req_303884,agent_018,APPROVED,21,purchase_103884,APPLIANCES,not_working
05/23/2026 09:50,"$1,994.73",N,buyer_0598,"$1,011.21",Y,refund_req_300283,agent_002,Approved,79,purchase_100283,LUXURY,damaged_item
06/05/2026 00:23,"$2,531.40",N,buyer_0568,"$1,314.35",Y,refund_req_302861,agent_023,Approved,65,purchase_102861,LUXURY,changed_mind
05/31/2026 16:12,"$1,072.23",Y,buyer_9905,$990.06,N,refund_req_304862,agent_902,Approved,1,purchase_104862,APPLIANCES,not_working
06/12/2026 18:00,$956.23,N,buyer_0432,$754.90,N,refund_req_300857,agent_001,Rejected,,purchase_100857,FASHION,changed_mind
04/21/2026 06:41,$322.22,N,buyer_0166,$197.39,Y,refund_req_301557,agent_005,Rejected,,purchase_101557,HOME,
06/18/2026 08:58,$586.40,N,buyer_0321,$461.45,Y,refund_req_304582,agent_703,Approved,12,purchase_104582,Home,item_not_as_described
06/13/2026 15:30,"$1,439.64",Y,buyer_0496,"$1,147.54",N,refund_req_303920,agent_026,Approved,35,purchase_103920,ELECTRONICS,not_working
04/11/2026 03:58,$164.74,N,buyer_8001,$104.53,N,refund_req_304631,agent_801,Approved,14,purchase_104631,SPORTS,wrong_size
04/14/2026 13:47,"$2,705.87",N,buyer_0027,$935.49,N,refund_req_301998,agent_022,Approved,69,purchase_101998,LUXURY,item_not_as_described
04/08/2026 06:27,$171.02,N,buyer_9007,$123.38,N,refund_req_304223,agent_027,Approved,28,purchase_104223,BEAUTY,  allergic_reaction  
05/14/2026 02:50,"$2,293.49",N,buyer_0365,"$2,293.49",Y,refund_req_303387,agent_029,Approved,29,purchase_103387,LUXURY,item_not_as_described
05/17/2026 09:02,"$1,280.70",N,buyer_0240,$689.05,Y,refund_req_301474,agent_017,Approved,35,purchase_101474,ELECTRONICS,item_not_as_described
04/22/2026 22:31,$180.27,N,buyer_0144,$133.36,Y,refund_req_302131,agent_027,Approved,,purchase_102131,CLOTHING,item_not_as_described
05/03/2026 01:56,$316.06,N,buyer_0208,$119.80,Y,refund_req_300671,agent_019,Approved,81,purchase_100671,SPORTS,
06/11/2026 00:57,$54.71,N,buyer_0439,$34.79,Y,refund_req_301563,agent_011,Approved,65,purchase_101563,BOOKS,wrong_item_received
06/11/2026 09:07,"$1,959.88",N,buyer_0116,$882.28,N,refund_req_301839,agent_014,Approved,41,purchase_101839,ELECTRONICS,item_not_as_described
06/18/2026 02:57,$78.64,N,buyer_0100,$38.51,N,refund_req_301715,agent_029,Rejected,65,purchase_101715,CLOTHING,wrong_size
04/26/2026 05:27,$20.63,N,buyer_0015,$14.78,Y,refund_req_301041,agent_006,Approved,60,purchase_101041,BEAUTY,changed_mind
04/30/2026 00:17,$97.59,N,buyer_0406,$63.54,N,refund_req_303576,agent_103,Approved,1,purchase_103576,CLOTHING,changed_mind
06/04/2026 00:20,$73.42,Y,buyer_0317,$16.90,Y,refund_req_302431,agent_003, Approved ,68,purchase_102431,CLOTHING, item_not_as_described 
04/16/2026 11:39,$422.36,N,buyer_0053,$256.73,N,refund_req_300816,agent_022,Rejected,83,purchase_100816,SPORTS,wrong_size
06/20/2026 07:13,"$1,124.73",N,buyer_0411,$489.98,Y,refund_req_300142,agent_002,Approved,76,purchase_100142,BOOKS,damaged_item
05/28/2026 17:10,$933.04,N,buyer_0119,$933.04,Y,refund_req_303478,agent_002,Approved,46,purchase_103478,FASHION,item_not_as_described
04/16/2026 16:08,$74.73,N,buyer_0469,$49.24,Y,refund_req_300205,agent_012,approved,,purchase_100205,BOOKS,wrong_item_received
05/02/2026 08:40,$299.88,N,buyer_0356,$195.23,Y,refund_req_302360,agent_026,Approved,51,purchase_102360,HOME,
05/12/2026 13:51,$347.69,N,buyer_0128,$152.92,Y,refund_req_301204,agent_018,Approved,40,purchase_101204,home,damaged_item
04/29/2026 23:39,$304.49,N,buyer_0147,$134.91,Y,refund_req_301842,agent_026,Approved,46,purchase_101842, SPORTS ,wrong_size
04/11/2026 11:33,"$1,610.91",Y,buyer_0435,"$1,097.47",N,refund_req_303935,agent_019,Approved,25,purchase_103935,APPLIANCES,not_working
06/18/2026 06:49,$192.99,N,buyer_0139,$61.96,Y,refund_req_301747,agent_007,  Rejected  ,69,purchase_101747,SPORTS,  item_not_as_described  
04/13/2026 02:08,"$1,087.51",Y,buyer_9902,"$1,098.89",N,refund_req_304805,agent_901,Approved,6,purchase_104805,ELECTRONICS,item_not_as_described
05/22/2026 20:44,$67.66,N,buyer_0375,$43.92,Y,refund_req_303820,agent_101,Approved,1,purchase_103820,FASHION,changed_mind
05/02/2026 07:06,$39.20,N,buyer_0343,$19.81,Y,refund_req_302623,agent_017,Approved,77,purchase_102623,BEAUTY,damaged_item
05/04/2026 05:25,"$1,140.57",Y,buyer_0249,"$1,140.57",N,refund_req_303521,agent_021,Approved,24,purchase_103521,FASHION,wrong_size
05/31/2026 12:10,"$2,381.85",N,buyer_0392,"$1,579.47",N,refund_req_303153,agent_029,Approved,8,purchase_103153,LUXURY,item_not_as_described
04/28/2026 22:33,$163.66,N,buyer_0330,$74.72,Y,refund_req_301122,agent_028, Rejected ,60,purchase_101122, HOME ,missing_part
05/03/2026 23:17,"$1,257.52",N,buyer_0177,"$1,257.52",,refund_req_303402,agent_003,Approved,,purchase_103402,FASHION,changed_mind
04/01/2026 08:14,$203.81,N,buyer_0138,$161.33,Y,refund_req_300347,agent_014,Approved,53,purchase_100347,CLOTHING,item_not_as_described
04/15/2026 18:44,"$2,385.11",N,buyer_0375,"$2,112.56",N,refund_req_303162,agent_004,Approved,14,purchase_103162,LUXURY,item_not_as_described
05/02/2026 09:56,$15.54,N,buyer_0060,$3.21,,refund_req_300882,agent_014,Approved,41,purchase_100882,BOOKS,changed_mind
05/01/2026 02:28,$98.29,N,buyer_9002,$49.20,N,refund_req_304306,agent_029,Approved,26,purchase_104306,Clothing,changed_mind
04/10/2026 04:40,$33.95,N,buyer_9006,$30.26,Y,refund_req_304334,agent_029,Approved,65,purchase_104334,BOOKS,damaged_item
04/27/2026 21:18,"$1,342.02",N,buyer_0589,"$1,039.55",N,refund_req_303053,agent_002,Approved,42,purchase_103053,electronics,item_not_as_described
04/05/2026 10:32,$441.98,N,buyer_0361,$228.68,N,refund_req_300179,agent_024,Rejected,68,purchase_100179,HOME,item_not_as_described
04/23/2026 20:20,$190.29,N,buyer_0328,$106.09,Y,refund_req_300130,agent_026,Approved,81,purchase_100130,CLOTHING,wrong_size
04/27/2026 21:32,$23.58,N,buyer_0016,$16.08,N,refund_req_300175,agent_010,Rejected,84,purchase_100175,BOOKS,wrong_item_received
04/15/2026 23:45,"$1,963.51",N,buyer_0030,$698.11,Y,refund_req_300061,agent_004,Approved,64,purchase_100061,LUXURY,damaged_item
06/04/2026 17:03,$422.69,Y,buyer_0324,$87.10,Y,refund_req_300015,agent_015,Approved,54,purchase_100015,SPORTS,wrong_size
06/17/2026 20:51,$528.40,N,buyer_0442,$210.84,N,refund_req_301529,agent_015,Rejected,,purchase_101529,ELECTRONICS,item_not_as_described
06/05/2026 09:02,"$1,077.78",N,buyer_0115,$231.26,N,refund_req_301419,agent_029,Rejected,65,purchase_101419,HOME,item_not_as_described
04/21/2026 19:30,$629.24,N,buyer_9001,$533.08,N,refund_req_304169,agent_015,Approved,14,purchase_104169,ELECTRONICS,damaged_item
05/19/2026 18:48,"$1,603.37",N,buyer_0159,$596.88,Y,refund_req_300067,agent_028,  Approved  ,92,purchase_100067,APPLIANCES,not_working
06/20/2026 09:00,$280.32,N,buyer_0431,$101.70,N,refund_req_300870,agent_025,Approved,62,purchase_100870,APPLIANCES,
05/09/2026 12:55,$782.97,N,buyer_0391,$368.47,Y,refund_req_300172,agent_012,Approved,51,purchase_100172,ELECTRONICS,  item_not_as_described  
05/19/2026 11:12,"$1,048.16",Y,buyer_0408,$844.14,N,refund_req_304447,agent_703,Approved,4,purchase_104447,FASHION, changed_mind 
05/24/2026 07:21,$402.26,N,buyer_0280,$256.26,Y,refund_req_302603,agent_008,Approved,79,purchase_102603,FASHION,changed_mind
04/19/2026 20:08,"$1,020.30",N,buyer_0310,$405.93,Y,refund_req_301582,agent_002,Rejected,44,purchase_101582,ELECTRONICS,damaged_item
06/18/2026 13:51,"$2,633.18",N,buyer_0460,"$2,633.18",N,refund_req_303435,agent_103,Approved,43,purchase_103435,LUXURY,damaged_item
06/14/2026 11:06,$36.76,N,buyer_0368,$16.49,Y,refund_req_301703,agent_027,Approved,72,purchase_101703,BOOKS,changed_mind
05/30/2026 07:58,$109.05,N,buyer_0539,$88.97,Y,refund_req_300396,agent_007,Approved,67,purchase_100396,BEAUTY,changed_mind
04/28/2026 13:31,"$1,270.50",N,buyer_0599,$640.34,N,refund_req_302140,agent_005,Approved,97,purchase_102140,APPLIANCES,damaged_item
06/12/2026 03:01,"$1,225.53",N,buyer_0168,$624.71,Y,refund_req_300368,agent_023,Approved,84,purchase_100368,CLOTHING,changed_mind
05/27/2026 04:22,$115.66,N,buyer_0419,$39.55,Y,refund_req_302120,agent_006,Rejected,84,purchase_102120,BEAUTY,allergic_reaction
04/17/2026 09:53,"$1,055.34",N,buyer_0046,$876.37,N,refund_req_302677,agent_023,Approved,123,purchase_102677,APPLIANCES,missing_part
05/09/2026 11:28,$119.05,Y,buyer_0328,$65.55,Y,refund_req_303778,agent_101,Approved,5,purchase_103778,SPORTS,item_not_as_described
05/04/2026 15:45,$521.73,N,buyer_0538,$339.90,Y,refund_req_301143,agent_002,Approved,55,purchase_101143,FASHION,wrong_size
04/28/2026 16:40,"$1,415.63",N,buyer_0091,$638.57,Y,refund_req_301314,agent_029,Rejected,34,purchase_101314,APPLIANCES,missing_part
04/27/2026 22:59,$68.19,N,buyer_9006,$44.46,Y,refund_req_304350,agent_003, Approved ,31,purchase_104350,BOOKS,damaged_item
06/02/2026 00:20,"$1,252.15",N,buyer_0544,$361.98,N,refund_req_301178,agent_019,Rejected,73,purchase_101178,SPORTS,wrong_size
05/29/2026 01:11,"$1,864.23",N,buyer_0272,"$1,010.33",N,refund_req_300085,agent_006,Rejected,44,purchase_100085,ELECTRONICS,missing_accessory
04/19/2026 23:46,"$2,060.04",Y,buyer_0321,"$1,427.59",Y,refund_req_303889,agent_018,Approved,21,purchase_103889,ELECTRONICS,item_not_as_described
05/02/2026 16:35,$81.72,N,buyer_0335,$67.87,Y,refund_req_302675,agent_007,Approved,47,purchase_102675,BOOKS,changed_mind
04/11/2026 09:02,"$1,476.59",N,buyer_0081,$972.96,Y,refund_req_303575,agent_101,Approved,1,purchase_103575,APPLIANCES,missing_part
06/10/2026 11:30,$538.30,N,buyer_0429,$388.02,,refund_req_300113,agent_017,Approved,73,purchase_100113,FASHION,item_not_as_described
05/06/2026 17:24,"$1,968.94",Y,buyer_9903,"$1,692.65",N,refund_req_304933,agent_901,Approved,3,purchase_104933,ELECTRONICS,missing_accessory
06/10/2026 20:11,$968.84,N,buyer_9007,$654.67,Y,refund_req_304239,agent_007,Approved,48,purchase_104239,SPORTS,wrong_size
04/10/2026 05:53,$42.36,N,buyer_9004,$30.38,Y,refund_req_304140,agent_023,Approved,,purchase_104140,CLOTHING,wrong_size
05/13/2026 19:05,"$2,860.74",N,buyer_0477,$839.40,N,refund_req_300449,agent_010,Rejected,83,purchase_100449,LUXURY,
05/07/2026 02:58,$448.29,N,buyer_0398,$248.25,Y,refund_req_304577,agent_701, Approved ,9,purchase_104577,ELECTRONICS,not_working
06/04/2026 13:07,$216.74,N,buyer_0034,$163.25,N,refund_req_302214,agent_026,Rejected,83,purchase_102214,ELECTRONICS,missing_accessory
04/12/2026 16:01,"$1,770.96",N,buyer_0547,$619.08,N,refund_req_300777,agent_018,approved,54,purchase_100777,LUXURY,damaged_item
05/19/2026 04:55,$81.94,N,buyer_0043,$45.91,N,refund_req_302210,agent_023,Rejected,101,purchase_102210,BOOKS,damaged_item
06/15/2026 22:59,$192.88,N,buyer_0509,$114.57,N,refund_req_301413,agent_021,Rejected,,purchase_101413,SPORTS,item_not_as_described
05/02/2026 16:34,$780.84,N,buyer_0316,$455.68,N,refund_req_301402,agent_029,Rejected,34,purchase_101402,APPLIANCES,
04/25/2026 11:15,$60.19,Y,buyer_0233,$58.45,N,refund_req_303695,agent_101,Approved,4,purchase_103695,BOOKS,
06/04/2026 21:07,"$2,761.98",N,buyer_0521,"$1,794.41",N,refund_req_300308,agent_030,Approved,74,purchase_100308,LUXURY,item_not_as_described
06/06/2026 22:35,$88.30,N,buyer_0298,$63.66,N,refund_req_300584,agent_003,APPROVED,48,purchase_100584,FASHION,item_not_as_described
05/03/2026 17:33,$143.81,N,buyer_0207,$116.78,N,refund_req_302325,agent_010,Approved,53,purchase_102325,HOME,damaged_item
05/23/2026 02:13,$423.52,N,buyer_0411,$343.52,N,refund_req_301857,agent_018,Rejected,63,purchase_101857,SPORTS,wrong_size
05/23/2026 03:16,$212.83,N,buyer_0118,$89.14,N,refund_req_301957,agent_024,Rejected,,purchase_101957,SPORTS,wrong_size
04/11/2026 06:07,$252.30,N,buyer_0143,$202.07,Y,refund_req_300458,agent_016,Rejected,41,purchase_100458,HOME,item_not_as_described
05/22/2026 10:52,"$1,649.84",Y,buyer_0533,"$1,273.06",Y,refund_req_304116,agent_002,Approved,29,purchase_104116,ELECTRONICS, missing_accessory 
04/10/2026 18:46,"$1,665.29",Y,buyer_0484,"$1,596.80",N,refund_req_304112,agent_029,Approved,24,purchase_104112,APPLIANCES,damaged_item
05/04/2026 21:57,$570.89,N,buyer_0499,$281.41,Y,refund_req_300701,agent_007,Rejected,57,purchase_100701,HOME,damaged_item
04/18/2026 08:41,"$1,128.08",N,buyer_0491,"$1,128.08",N,refund_req_303307,agent_030,Approved,65,purchase_103307,FASHION,item_not_as_described
05/18/2026 16:55,"$1,634.33",Y,buyer_9906,"$1,498.70",N,refund_req_304910,agent_902,Approved,9,purchase_104910,APPLIANCES,missing_part
04/24/2026 21:17,$758.29,N,buyer_0449,$618.43,Y,refund_req_302960,agent_003,Approved,39,purchase_102960,APPLIANCES,not_working
05/20/2026 16:06,"$1,225.61",N,buyer_0555,$326.76,N,refund_req_300313,agent_007,Rejected,80,purchase_100313,SPORTS,wrong_size
05/04/2026 17:15,$102.64,N,buyer_0363,$56.86,Y,refund_req_301866,agent_018,Approved,68,purchase_101866,CLOTHING,wrong_size
05/20/2026 10:19,$186.89,N,buyer_9006,$157.10,Y,refund_req_304142,agent_029,Approved,56,purchase_104142,CLOTHING,item_not_as_described
